ISO-10303-21;
HEADER;
FILE_DESCRIPTION (( 'STEP AP214' ),
    '1' );
FILE_NAME ('AOD514.STEP',
    '2024-01-31T04:05:17',
    ( '' ),
    ( '' ),
    'SwSTEP 2.0',
    'SolidWorks 2023',
    '' );
FILE_SCHEMA (( 'AUTOMOTIVE_DESIGN' ));
ENDSEC;

DATA;
#1 = FACE_OUTER_BOUND ( 'NONE', #3731, .T. ) ;
#2 = FILL_AREA_STYLE_COLOUR ( '', #3042 ) ;
#3 = AXIS2_PLACEMENT_3D ( 'NONE', #507, #2326, #797 ) ;
#4 =( GEOMETRIC_REPRESENTATION_CONTEXT ( 3 ) GLOBAL_UNCERTAINTY_ASSIGNED_CONTEXT ( ( #865 ) ) GLOBAL_UNIT_ASSIGNED_CONTEXT ( ( #2383, #3058, #3639 ) ) REPRESENTATION_CONTEXT ( 'NONE', 'WORKASPACE' ) );
#5 = PRESENTATION_STYLE_ASSIGNMENT (( #2805 ) ) ;
#6 = DIRECTION ( 'NONE',  ( -0.9945218953682740670, 0.000000000000000000, 0.1045284632676466569 ) ) ;
#7 = VECTOR ( 'NONE', #1917, 1000.000000000000000 ) ;
#8 = UNCERTAINTY_MEASURE_WITH_UNIT (LENGTH_MEASURE( 1.000000000000000082E-05 ), #3379, 'distance_accuracy_value', 'NONE');
#9 = MANIFOLD_SOLID_BREP ( 'Cut-Extrude7', #2762 ) ;
#10 =( NAMED_UNIT ( * ) SI_UNIT ( $, .STERADIAN. ) SOLID_ANGLE_UNIT ( ) );
#11 = SURFACE_STYLE_USAGE ( .BOTH. , #3803 ) ;
#12 = DIRECTION ( 'NONE',  ( 0.000000000000000000, 1.000000000000000000, 0.000000000000000000 ) ) ;
#13 = EDGE_LOOP ( 'NONE', ( #2194, #2029, #1072, #3683 ) ) ;
#14 = CIRCLE ( 'NONE', #2190, 0.2500000000000000000 ) ;
#15 = COLOUR_RGB ( '',0.8039215686274510109, 0.8039215686274510109, 0.8039215686274510109 ) ;
#16 = CARTESIAN_POINT ( 'NONE',  ( -3.175488829414796488, -3.048000000000000043, 0.06627036339013403499 ) ) ;
#17 = EDGE_CURVE ( 'NONE', #2824, #150, #1236, .T. ) ;
#18 = DIRECTION ( 'NONE',  ( -0.1039620511844910056, -0.1039620511844907141, 0.9891328443778555357 ) ) ;
#19 = FACE_OUTER_BOUND ( 'NONE', #110, .T. ) ;
#20 = SURFACE_SIDE_STYLE ('',( #3173 ) ) ;
#21 = PRESENTATION_STYLE_ASSIGNMENT (( #2882 ) ) ;
#22 = EDGE_CURVE ( 'NONE', #1305, #3102, #1416, .T. ) ;
#23 = PRESENTATION_LAYER_ASSIGNMENT (  '', '', ( #223 ) ) ;
#24 = FACE_OUTER_BOUND ( 'NONE', #670, .T. ) ;
#25 = PRESENTATION_STYLE_ASSIGNMENT (( #921 ) ) ;
#26 =( NAMED_UNIT ( * ) PLANE_ANGLE_UNIT ( ) SI_UNIT ( $, .RADIAN. ) );
#27 = VERTEX_POINT ( 'NONE', #2124 ) ;
#28 = ORIENTED_EDGE ( 'NONE', *, *, #4054, .F. ) ;
#29 = DIRECTION ( 'NONE',  ( -1.000000000000000000, -0.000000000000000000, -0.000000000000000000 ) ) ;
#30 = ORIENTED_EDGE ( 'NONE', *, *, #3045, .F. ) ;
#31 = MANIFOLD_SOLID_BREP ( 'Boss-Extrude5', #746 ) ;
#32 = DIRECTION ( 'NONE',  ( 0.000000000000000000, 0.000000000000000000, 1.000000000000000000 ) ) ;
#33 = PRESENTATION_LAYER_ASSIGNMENT (  '', '', ( #1814 ) ) ;
#34 = ORIENTED_EDGE ( 'NONE', *, *, #3953, .T. ) ;
#35 =( NAMED_UNIT ( * ) SI_UNIT ( $, .STERADIAN. ) SOLID_ANGLE_UNIT ( ) );
#36 = VECTOR ( 'NONE', #3615, 1000.000000000000000 ) ;
#37 = DIRECTION ( 'NONE',  ( 0.000000000000000000, 0.000000000000000000, -1.000000000000000000 ) ) ;
#38 = ORIENTED_EDGE ( 'NONE', *, *, #2698, .T. ) ;
#39 =( BOUNDED_CURVE ( )  B_SPLINE_CURVE ( 3, ( #2407, #494, #807, #3066 ),
 .UNSPECIFIED., .F., .F. ) 
 B_SPLINE_CURVE_WITH_KNOTS ( ( 4, 4 ),
 ( 3.141592653589792228, 3.152519070632867404 ),
 .UNSPECIFIED. ) 
 CURVE ( )  GEOMETRIC_REPRESENTATION_ITEM ( )  RATIONAL_B_SPLINE_CURVE ( ( 1.000000000000000000, 0.9999900511422950000, 0.9999900511422950000, 1.000000000000000000 ) ) 
 REPRESENTATION_ITEM ( '' )  );
#40 = ADVANCED_FACE ( 'NONE', ( #2500 ), #3747, .T. ) ;
#41 = AXIS2_PLACEMENT_3D ( 'NONE', #2308, #1624, #1356 ) ;
#42 =( NAMED_UNIT ( * ) SI_UNIT ( $, .STERADIAN. ) SOLID_ANGLE_UNIT ( ) );
#43 = ORIENTED_EDGE ( 'NONE', *, *, #958, .T. ) ;
#44 = ADVANCED_FACE ( 'NONE', ( #395 ), #100, .F. ) ;
#45 = AXIS2_PLACEMENT_3D ( 'NONE', #584, #217, #1142 ) ;
#46 = LINE ( 'NONE', #1359, #1845 ) ;
#47 = ORIENTED_EDGE ( 'NONE', *, *, #2965, .F. ) ;
#48 = CARTESIAN_POINT ( 'NONE',  ( -2.669999999999999929, 3.047999999999999599, -0.6349999999999998979 ) ) ;
#49 = CARTESIAN_POINT ( 'NONE',  ( 1.865999999999999437, -3.048000000000000487, 0.05700000000000002981 ) ) ;
#50 =( NAMED_UNIT ( * ) SI_UNIT ( $, .STERADIAN. ) SOLID_ANGLE_UNIT ( ) );
#51 = VERTEX_POINT ( 'NONE', #1638 ) ;
#52 = FACE_OUTER_BOUND ( 'NONE', #2661, .T. ) ;
#53 =( GEOMETRIC_REPRESENTATION_CONTEXT ( 3 ) GLOBAL_UNCERTAINTY_ASSIGNED_CONTEXT ( ( #2026 ) ) GLOBAL_UNIT_ASSIGNED_CONTEXT ( ( #1191, #2130, #2253 ) ) REPRESENTATION_CONTEXT ( 'NONE', 'WORKASPACE' ) );
#54 =( BOUNDED_CURVE ( )  B_SPLINE_CURVE ( 3, ( #2730, #1757, #3015, #2502 ),
 .UNSPECIFIED., .F., .F. ) 
 B_SPLINE_CURVE_WITH_KNOTS ( ( 4, 4 ),
 ( 1.570796326794894116, 3.141592653589795336 ),
 .UNSPECIFIED. ) 
 CURVE ( )  GEOMETRIC_REPRESENTATION_ITEM ( )  RATIONAL_B_SPLINE_CURVE ( ( 1.000000000000000000, 0.8047378541243639383, 0.8047378541243639383, 1.000000000000000000 ) ) 
 REPRESENTATION_ITEM ( '' )  );
#55 =( GEOMETRIC_REPRESENTATION_CONTEXT ( 3 ) GLOBAL_UNCERTAINTY_ASSIGNED_CONTEXT ( ( #2702 ) ) GLOBAL_UNIT_ASSIGNED_CONTEXT ( ( #1196, #3317, #1107 ) ) REPRESENTATION_CONTEXT ( 'NONE', 'WORKASPACE' ) );
#56 = STYLED_ITEM ( 'NONE', ( #882 ), #1209 ) ;
#57 = FILL_AREA_STYLE_COLOUR ( '', #1607 ) ;
#58 = ORIENTED_EDGE ( 'NONE', *, *, #744, .T. ) ;
#59 = CARTESIAN_POINT ( 'NONE',  ( -3.302000000000000934, 3.047999999999999599, 1.143000000000000016 ) ) ;
#60 = VECTOR ( 'NONE', #3412, 1000.000000000000000 ) ;
#61 = VECTOR ( 'NONE', #3448, 1000.000000000000000 ) ;
#62 =( NAMED_UNIT ( * ) PLANE_ANGLE_UNIT ( ) SI_UNIT ( $, .RADIAN. ) );
#63 = EDGE_CURVE ( 'NONE', #3702, #1739, #1348, .T. ) ;
#64 = SURFACE_STYLE_USAGE ( .BOTH. , #777 ) ;
#65 = STYLED_ITEM ( 'NONE', ( #2466 ), #673 ) ;
#66 = DIRECTION ( 'NONE',  ( 0.000000000000000000, 0.000000000000000000, -1.000000000000000000 ) ) ;
#67 = DIRECTION ( 'NONE',  ( -1.000000000000000000, 0.000000000000000000, 0.000000000000000000 ) ) ;
#68 = VERTEX_POINT ( 'NONE', #1594 ) ;
#69 = COLOUR_RGB ( '',0.2862745098039215508, 0.2862745098039215508, 0.2862745098039215508 ) ;
#70 = FILL_AREA_STYLE ('',( #3558 ) ) ;
#71 = AXIS2_PLACEMENT_3D ( 'NONE', #3302, #189, #2021 ) ;
#72 = ADVANCED_FACE ( 'NONE', ( #3524 ), #3869, .T. ) ;
#73 = CARTESIAN_POINT ( 'NONE',  ( 3.284675731341765381, 2.967979642132033025, -0.5730805973087086391 ) ) ;
#74 = ORIENTED_EDGE ( 'NONE', *, *, #2593, .T. ) ;
#75 =( NAMED_UNIT ( * ) SI_UNIT ( $, .STERADIAN. ) SOLID_ANGLE_UNIT ( ) );
#76 = EDGE_CURVE ( 'NONE', #3315, #1451, #454, .T. ) ;
#77 =( GEOMETRIC_REPRESENTATION_CONTEXT ( 3 ) GLOBAL_UNCERTAINTY_ASSIGNED_CONTEXT ( ( #3459 ) ) GLOBAL_UNIT_ASSIGNED_CONTEXT ( ( #3854, #3231, #2551 ) ) REPRESENTATION_CONTEXT ( 'NONE', 'WORKASPACE' ) );
#78 = CARTESIAN_POINT ( 'NONE',  ( 3.088102213680336217, -3.048000000000000487, 0.05708565997091116090 ) ) ;
#79 = CARTESIAN_POINT ( 'NONE',  ( -3.035813938274058543, -3.047997015335265569, 0.5650283971880581957 ) ) ;
#80 = DIRECTION ( 'NONE',  ( 1.687474198421022341E-15, -1.000000000000000000, 0.000000000000000000 ) ) ;
#81 = ORIENTED_EDGE ( 'NONE', *, *, #3827, .T. ) ;
#82 = DIRECTION ( 'NONE',  ( 0.000000000000000000, 0.000000000000000000, 1.000000000000000000 ) ) ;
#83 = PRESENTATION_LAYER_ASSIGNMENT (  '', '', ( #2975 ) ) ;
#84 = ORIENTED_EDGE ( 'NONE', *, *, #2378, .T. ) ;
#85 = UNCERTAINTY_MEASURE_WITH_UNIT (LENGTH_MEASURE( 1.000000000000000082E-05 ), #1052, 'distance_accuracy_value', 'NONE');
#86 = CIRCLE ( 'NONE', #3116, 0.3048000000000000154 ) ;
#87 = SURFACE_STYLE_USAGE ( .BOTH. , #2934 ) ;
#88 = SURFACE_STYLE_FILL_AREA ( #2973 ) ;
#89 = LINE ( 'NONE', #1960, #3650 ) ;
#90 = LINE ( 'NONE', #760, #3226 ) ;
#91 = ORIENTED_EDGE ( 'NONE', *, *, #22, .F. ) ;
#92 =( NAMED_UNIT ( * ) SI_UNIT ( $, .STERADIAN. ) SOLID_ANGLE_UNIT ( ) );
#93 = EDGE_CURVE ( 'NONE', #1305, #3565, #14, .T. ) ;
#94 = ORIENTED_EDGE ( 'NONE', *, *, #2586, .T. ) ;
#95 =( NAMED_UNIT ( * ) SI_UNIT ( $, .STERADIAN. ) SOLID_ANGLE_UNIT ( ) );
#96 = SURFACE_STYLE_FILL_AREA ( #2924 ) ;
#97 = EDGE_CURVE ( 'NONE', #2123, #280, #518, .T. ) ;
#98 = VERTEX_POINT ( 'NONE', #3952 ) ;
#99 =( NAMED_UNIT ( * ) PLANE_ANGLE_UNIT ( ) SI_UNIT ( $, .RADIAN. ) );
#100 = PLANE ( 'NONE',  #1259 ) ;
#101 = DIRECTION ( 'NONE',  ( 1.000000000000000000, 0.000000000000000000, 0.000000000000000000 ) ) ;
#102 = LINE ( 'NONE', #2953, #123 ) ;
#103 = VECTOR ( 'NONE', #1984, 1000.000000000000000 ) ;
#105 = DIRECTION ( 'NONE',  ( 0.1039620511844910056, -0.1039620511844908390, 0.9891328443778554247 ) ) ;
#104 = CARTESIAN_POINT ( 'NONE',  ( 3.301999999999999602, 2.894972456170418429, -0.5437794060386414996 ) ) ;
#106 = VERTEX_POINT ( 'NONE', #206 ) ;
#107 = STYLED_ITEM ( 'NONE', ( #1987 ), #3409 ) ;
#108 = SURFACE_STYLE_FILL_AREA ( #3519 ) ;
#109 = DIRECTION ( 'NONE',  ( 0.000000000000000000, 0.000000000000000000, 1.000000000000000000 ) ) ;
#110 = EDGE_LOOP ( 'NONE', ( #3765, #889, #30, #1755 ) ) ;
#111 = PLANE ( 'NONE',  #3047 ) ;
#112 = VERTEX_POINT ( 'NONE', #2037 ) ;
#113 = FACE_OUTER_BOUND ( 'NONE', #2266, .T. ) ;
#114 = SURFACE_STYLE_USAGE ( .BOTH. , #2949 ) ;
#115 =( LENGTH_UNIT ( ) NAMED_UNIT ( * ) SI_UNIT ( .MILLI., .METRE. ) );
#116 = ADVANCED_FACE ( 'NONE', ( #810 ), #1453, .T. ) ;
#117 = FACE_OUTER_BOUND ( 'NONE', #2019, .T. ) ;
#118 = CARTESIAN_POINT ( 'NONE',  ( -2.669999999999999929, 3.863038105676656286, -0.6349999999999998979 ) ) ;
#119 = SURFACE_SIDE_STYLE ('',( #2951 ) ) ;
#120 = ORIENTED_EDGE ( 'NONE', *, *, #2137, .T. ) ;
#121 = STYLED_ITEM ( 'NONE', ( #3759 ), #1574 ) ;
#122 = UNCERTAINTY_MEASURE_WITH_UNIT (LENGTH_MEASURE( 1.000000000000000082E-05 ), #3285, 'distance_accuracy_value', 'NONE');
#123 = VECTOR ( 'NONE', #2251, 1000.000000000000000 ) ;
#124 = MECHANICAL_DESIGN_GEOMETRIC_PRESENTATION_REPRESENTATION (  '', ( #732 ), #1633 ) ;
#125 = SURFACE_SIDE_STYLE ('',( #88 ) ) ;
#126 = PRESENTATION_STYLE_ASSIGNMENT (( #2955 ) ) ;
#127 = CARTESIAN_POINT ( 'NONE',  ( 1.865999999999999437, -4.449000000000001620, -0.9228142532412906274 ) ) ;
#128 = ORIENTED_EDGE ( 'NONE', *, *, #2137, .F. ) ;
#129 = FACE_OUTER_BOUND ( 'NONE', #1747, .T. ) ;
#130 = VECTOR ( 'NONE', #3467, 1000.000000000000000 ) ;
#131 = AXIS2_PLACEMENT_3D ( 'NONE', #283, #3711, #2603 ) ;
#132 = CIRCLE ( 'NONE', #3098, 0.1499999999999999667 ) ;
#133 = CARTESIAN_POINT ( 'NONE',  ( 3.209201285973979356, 3.036665110546679536, -0.6073422825566199279 ) ) ;
#134 = VERTEX_POINT ( 'NONE', #3737 ) ;
#135 = SURFACE_STYLE_USAGE ( .BOTH. , #3544 ) ;
#136 =( GEOMETRIC_REPRESENTATION_CONTEXT ( 3 ) GLOBAL_UNCERTAINTY_ASSIGNED_CONTEXT ( ( #1601 ) ) GLOBAL_UNIT_ASSIGNED_CONTEXT ( ( #639, #2421, #2126 ) ) REPRESENTATION_CONTEXT ( 'NONE', 'WORKASPACE' ) );
#137 = DIRECTION ( 'NONE',  ( -0.1045284632676466569, -0.000000000000000000, 0.9945218953682740670 ) ) ;
#138 = EDGE_LOOP ( 'NONE', ( #3771, #3319, #3451, #2487, #3789 ) ) ;
#139 = ORIENTED_EDGE ( 'NONE', *, *, #1540, .F. ) ;
#140 = CARTESIAN_POINT ( 'NONE',  ( 2.989733652697403876, 2.861124669697638900, 1.143000000000000016 ) ) ;
#141 = CARTESIAN_POINT ( 'NONE',  ( 3.301999999999999602, 2.897999999999997911, -1.143000000000000016 ) ) ;
#142 = PRESENTATION_STYLE_ASSIGNMENT (( #830 ) ) ;
#143 = ORIENTED_EDGE ( 'NONE', *, *, #3666, .F. ) ;
#144 = COLOUR_RGB ( '',0.2862745098039215508, 0.2862745098039215508, 0.2862745098039215508 ) ;
#145 = EDGE_CURVE ( 'NONE', #1084, #3797, #3427, .T. ) ;
#146 = FACE_OUTER_BOUND ( 'NONE', #3264, .T. ) ;
#147 = DIRECTION ( 'NONE',  ( -0.000000000000000000, -0.000000000000000000, -1.000000000000000000 ) ) ;
#148 =( NAMED_UNIT ( * ) PLANE_ANGLE_UNIT ( ) SI_UNIT ( $, .RADIAN. ) );
#149 = DIRECTION ( 'NONE',  ( 0.000000000000000000, 0.000000000000000000, 1.000000000000000000 ) ) ;
#150 = VERTEX_POINT ( 'NONE', #1177 ) ;
#151 = ORIENTED_EDGE ( 'NONE', *, *, #3063, .F. ) ;
#152 = VECTOR ( 'NONE', #2752, 1000.000000000000000 ) ;
#153 = CARTESIAN_POINT ( 'NONE',  ( 3.151999999999999247, 3.047999999999999599, -1.143000000000000016 ) ) ;
#154 = PLANE ( 'NONE',  #3088 ) ;
#155 = ORIENTED_EDGE ( 'NONE', *, *, #3918, .F. ) ;
#156 = CARTESIAN_POINT ( 'NONE',  ( 3.138911937002645036, 2.726064063052962450, 1.008679269490146968 ) ) ;
#157 = DIRECTION ( 'NONE',  ( 1.000000000000000000, 0.000000000000000000, 0.000000000000000000 ) ) ;
#158 = ORIENTED_EDGE ( 'NONE', *, *, #3851, .T. ) ;
#159 =( NAMED_UNIT ( * ) SI_UNIT ( $, .STERADIAN. ) SOLID_ANGLE_UNIT ( ) );
#160 = FILL_AREA_STYLE_COLOUR ( '', #1194 ) ;
#161 = PRESENTATION_STYLE_ASSIGNMENT (( #3913 ) ) ;
#162 = DIRECTION ( 'NONE',  ( -1.000000000000000000, -0.000000000000000000, -0.000000000000000000 ) ) ;
#163 = ORIENTED_EDGE ( 'NONE', *, *, #3848, .T. ) ;
#164 = CARTESIAN_POINT ( 'NONE',  ( 3.219507773401531381, 2.806659899451848350, 0.2418611084981950321 ) ) ;
#165 = ORIENTED_EDGE ( 'NONE', *, *, #2969, .F. ) ;
#166 = ORIENTED_EDGE ( 'NONE', *, *, #1564, .F. ) ;
#167 = PRESENTATION_LAYER_ASSIGNMENT (  '', '', ( #3716 ) ) ;
#168 = PRESENTATION_LAYER_ASSIGNMENT (  '', '', ( #2330 ) ) ;
#169 = EDGE_CURVE ( 'NONE', #3102, #3268, #1725, .T. ) ;
#170 = LINE ( 'NONE', #3939, #3611 ) ;
#171 =( LENGTH_UNIT ( ) NAMED_UNIT ( * ) SI_UNIT ( .MILLI., .METRE. ) );
#172 = FACE_OUTER_BOUND ( 'NONE', #1216, .T. ) ;
#173 = CIRCLE ( 'NONE', #3003, 0.5000000000000000000 ) ;
#174 = SURFACE_SIDE_STYLE ('',( #3309 ) ) ;
#175 = STYLED_ITEM ( 'NONE', ( #3491 ), #3525 ) ;
#176 = VECTOR ( 'NONE', #785, 1000.000000000000000 ) ;
#177 =( NAMED_UNIT ( * ) SI_UNIT ( $, .STERADIAN. ) SOLID_ANGLE_UNIT ( ) );
#178 = LINE ( 'NONE', #3283, #2227 ) ;
#179 = LINE ( 'NONE', #2248, #2828 ) ;
#180 = VERTEX_POINT ( 'NONE', #1551 ) ;
#181 =( NAMED_UNIT ( * ) SI_UNIT ( $, .STERADIAN. ) SOLID_ANGLE_UNIT ( ) );
#182 =( LENGTH_UNIT ( ) NAMED_UNIT ( * ) SI_UNIT ( .MILLI., .METRE. ) );
#183 = CYLINDRICAL_SURFACE ( 'NONE', #585, 0.3048000000000000154 ) ;
#184 = ORIENTED_EDGE ( 'NONE', *, *, #3419, .T. ) ;
#185 = DIRECTION ( 'NONE',  ( -0.000000000000000000, -0.000000000000000000, 1.000000000000000000 ) ) ;
#186 =( NAMED_UNIT ( * ) SI_UNIT ( $, .STERADIAN. ) SOLID_ANGLE_UNIT ( ) );
#187 = FILL_AREA_STYLE ('',( #2016 ) ) ;
#188 = LINE ( 'NONE', #164, #2272 ) ;
#189 = DIRECTION ( 'NONE',  ( 0.000000000000000000, -0.8573736432247609507, 0.5146945073570344809 ) ) ;
#190 = EDGE_LOOP ( 'NONE', ( #630, #3653, #2699, #3174 ) ) ;
#191 =( GEOMETRIC_REPRESENTATION_CONTEXT ( 3 ) GLOBAL_UNCERTAINTY_ASSIGNED_CONTEXT ( ( #1988 ) ) GLOBAL_UNIT_ASSIGNED_CONTEXT ( ( #3825, #406, #1944 ) ) REPRESENTATION_CONTEXT ( 'NONE', 'WORKASPACE' ) );
#192 = DIRECTION ( 'NONE',  ( 0.000000000000000000, 0.000000000000000000, -1.000000000000000000 ) ) ;
#193 = SURFACE_SIDE_STYLE ('',( #2044 ) ) ;
#194 = FILL_AREA_STYLE ('',( #258 ) ) ;
#195 = AXIS2_PLACEMENT_3D ( 'NONE', #1956, #3261, #1690 ) ;
#196 = ADVANCED_FACE ( 'NONE', ( #1250 ), #1662, .F. ) ;
#197 = STYLED_ITEM ( 'NONE', ( #1934 ), #1205 ) ;
#198 = ORIENTED_EDGE ( 'NONE', *, *, #2053, .F. ) ;
#199 = DIRECTION ( 'NONE',  ( -1.000000000000000000, 4.098094675116482653E-16, 0.000000000000000000 ) ) ;
#200 = EDGE_CURVE ( 'NONE', #743, #1004, #262, .T. ) ;
#201 = VECTOR ( 'NONE', #2284, 999.9999999999998863 ) ;
#202 =( GEOMETRIC_REPRESENTATION_CONTEXT ( 3 ) GLOBAL_UNCERTAINTY_ASSIGNED_CONTEXT ( ( #1036 ) ) GLOBAL_UNIT_ASSIGNED_CONTEXT ( ( #1754, #3591, #1376 ) ) REPRESENTATION_CONTEXT ( 'NONE', 'WORKASPACE' ) );
#203 = FILL_AREA_STYLE ('',( #823 ) ) ;
#204 = ORIENTED_EDGE ( 'NONE', *, *, #3385, .F. ) ;
#205 = AXIS2_PLACEMENT_3D ( 'NONE', #1009, #1311, #3834 ) ;
#206 = CARTESIAN_POINT ( 'NONE',  ( -2.705999999999999961, -5.002549890653082976, -0.6661787407256279936 ) ) ;
#207 = CARTESIAN_POINT ( 'NONE',  ( 3.302000000000000046, -2.859400642710149931, -1.143000000000000016 ) ) ;
#208 = SURFACE_STYLE_FILL_AREA ( #3335 ) ;
#209 = CARTESIAN_POINT ( 'NONE',  ( 1.919999999999989049, 4.063999999999999169, -0.6349999999999998979 ) ) ;
#210 = DIRECTION ( 'NONE',  ( 1.000000000000000000, 0.000000000000000000, -0.000000000000000000 ) ) ;
#211 = EDGE_LOOP ( 'NONE', ( #1811, #320, #1374, #918 ) ) ;
#212 = LINE ( 'NONE', #1460, #1539 ) ;
#213 = VERTEX_POINT ( 'NONE', #2132 ) ;
#214 = SURFACE_STYLE_USAGE ( .BOTH. , #504 ) ;
#215 = SURFACE_SIDE_STYLE ('',( #1737 ) ) ;
#216 = DIRECTION ( 'NONE',  ( -1.000000000000000000, -0.000000000000000000, -0.000000000000000000 ) ) ;
#217 = DIRECTION ( 'NONE',  ( 1.000000000000000000, 0.000000000000000000, 0.000000000000000000 ) ) ;
#218 = MECHANICAL_DESIGN_GEOMETRIC_PRESENTATION_REPRESENTATION (  '', ( #2630 ), #1264 ) ;
#219 = LINE ( 'NONE', #1465, #3526 ) ;
#220 = EDGE_CURVE ( 'NONE', #502, #393, #355, .T. ) ;
#221 = SURFACE_STYLE_FILL_AREA ( #2429 ) ;
#222 = CARTESIAN_POINT ( 'NONE',  ( -1.866000000000000547, -3.048000000000000487, 0.05700000000000002981 ) ) ;
#223 = STYLED_ITEM ( 'NONE', ( #252 ), #4004 ) ;
#224 = ORIENTED_EDGE ( 'NONE', *, *, #97, .T. ) ;
#225 = SURFACE_STYLE_USAGE ( .BOTH. , #3050 ) ;
#226 = DIRECTION ( 'NONE',  ( -0.000000000000000000, -0.000000000000000000, 1.000000000000000000 ) ) ;
#227 = CARTESIAN_POINT ( 'NONE',  ( -0.4200000000000004285, -3.048000000000000487, 0.05700000000000002981 ) ) ;
#228 = DIRECTION ( 'NONE',  ( 1.000000000000000000, -0.000000000000000000, -0.000000000000000000 ) ) ;
#229 = FILL_AREA_STYLE ('',( #614 ) ) ;
#230 = ORIENTED_EDGE ( 'NONE', *, *, #1050, .T. ) ;
#231 = LINE ( 'NONE', #3979, #1224 ) ;
#232 =( LENGTH_UNIT ( ) NAMED_UNIT ( * ) SI_UNIT ( .MILLI., .METRE. ) );
#233 = DIRECTION ( 'NONE',  ( 0.1039620511844909917, 0.1039620511844908252, -0.9891328443778553137 ) ) ;
#234 = SURFACE_STYLE_USAGE ( .BOTH. , #3983 ) ;
#235 = DIRECTION ( 'NONE',  ( -0.000000000000000000, 0.000000000000000000, 1.000000000000000000 ) ) ;
#236 =( NAMED_UNIT ( * ) PLANE_ANGLE_UNIT ( ) SI_UNIT ( $, .RADIAN. ) );
#237 = MECHANICAL_DESIGN_GEOMETRIC_PRESENTATION_REPRESENTATION (  '', ( #1946 ), #3002 ) ;
#238 = PRESENTATION_LAYER_ASSIGNMENT (  '', '', ( #1162 ) ) ;
#239 = CARTESIAN_POINT ( 'NONE',  ( -2.380133652697403956, -2.242589145371766790, 1.132999999999999785 ) ) ;
#240 = DIRECTION ( 'NONE',  ( 0.000000000000000000, 0.000000000000000000, 1.000000000000000000 ) ) ;
#241 = VECTOR ( 'NONE', #233, 1000.000000000000114 ) ;
#242 =( NAMED_UNIT ( * ) SI_UNIT ( $, .STERADIAN. ) SOLID_ANGLE_UNIT ( ) );
#243 = ORIENTED_EDGE ( 'NONE', *, *, #2778, .F. ) ;
#244 = CARTESIAN_POINT ( 'NONE',  ( -3.152000000000001023, -2.921874917681196671, -1.142999999999999794 ) ) ;
#245 = CARTESIAN_POINT ( 'NONE',  ( -1.866000000000000547, -4.284686821612380569, 0.3223472536785175757 ) ) ;
#246 = ADVANCED_FACE ( 'NONE', ( #1807 ), #1582, .F. ) ;
#247 = CARTESIAN_POINT ( 'NONE',  ( 2.413000000000000700, -1.185000000000000275, -0.6349999999999998979 ) ) ;
#248 = VERTEX_POINT ( 'NONE', #3800 ) ;
#249 = CARTESIAN_POINT ( 'NONE',  ( 2.705999999999999073, -5.002549890653082976, -0.6661787407256279936 ) ) ;
#250 = PRESENTATION_STYLE_ASSIGNMENT (( #876 ) ) ;
#251 = EDGE_CURVE ( 'NONE', #2979, #1767, #1487, .T. ) ;
#252 = PRESENTATION_STYLE_ASSIGNMENT (( #562 ) ) ;
#253 = DIRECTION ( 'NONE',  ( 0.9945218953682740670, 0.000000000000000000, -0.1045284632676466569 ) ) ;
#254 = CARTESIAN_POINT ( 'NONE',  ( -1.866000000000000547, -3.933636599221643770, -0.06432637316074120426 ) ) ;
#255 = PRESENTATION_STYLE_ASSIGNMENT (( #4005 ) ) ;
#256 = PRESENTATION_STYLE_ASSIGNMENT (( #3438 ) ) ;
#257 = ORIENTED_EDGE ( 'NONE', *, *, #1806, .T. ) ;
#258 = FILL_AREA_STYLE_COLOUR ( '', #2015 ) ;
#259 =( GEOMETRIC_REPRESENTATION_CONTEXT ( 3 ) GLOBAL_UNCERTAINTY_ASSIGNED_CONTEXT ( ( #1521 ) ) GLOBAL_UNIT_ASSIGNED_CONTEXT ( ( #414, #3867, #1615 ) ) REPRESENTATION_CONTEXT ( 'NONE', 'WORKASPACE' ) );
#260 = DIRECTION ( 'NONE',  ( 0.000000000000000000, 0.000000000000000000, 1.000000000000000000 ) ) ;
#261 = FILL_AREA_STYLE ('',( #1827 ) ) ;
#262 = LINE ( 'NONE', #222, #1656 ) ;
#263 = MECHANICAL_DESIGN_GEOMETRIC_PRESENTATION_REPRESENTATION (  '', ( #2171 ), #2959 ) ;
#264 = PRESENTATION_LAYER_ASSIGNMENT (  '', '', ( #732 ) ) ;
#265 = ORIENTED_EDGE ( 'NONE', *, *, #3971, .T. ) ;
#266 = DIRECTION ( 'NONE',  ( 0.000000000000000000, 1.000000000000000000, 0.000000000000000000 ) ) ;
#267 = LINE ( 'NONE', #2355, #1189 ) ;
#268 = STYLED_ITEM ( 'NONE', ( #1214 ), #577 ) ;
#269 =( NAMED_UNIT ( * ) SI_UNIT ( $, .STERADIAN. ) SOLID_ANGLE_UNIT ( ) );
#270 = STYLED_ITEM ( 'NONE', ( #3484 ), #762 ) ;
#271 = FILL_AREA_STYLE_COLOUR ( '', #756 ) ;
#272 = VECTOR ( 'NONE', #2754, 1000.000000000000000 ) ;
#273 = ORIENTED_EDGE ( 'NONE', *, *, #2758, .F. ) ;
#274 =( LENGTH_UNIT ( ) NAMED_UNIT ( * ) SI_UNIT ( .MILLI., .METRE. ) );
#275 = ADVANCED_FACE ( 'NONE', ( #2388 ), #2717, .T. ) ;
#276 = MECHANICAL_DESIGN_GEOMETRIC_PRESENTATION_REPRESENTATION (  '', ( #1980 ), #2241 ) ;
#277 = B_SPLINE_CURVE_WITH_KNOTS ( 'NONE', 3,
 ( #3236, #3876, #711, #2054, #402, #380, #2687, #1649, #3842, #1353, #3534, #3514, #2597, #3201, #3821, #1015 ),
 .UNSPECIFIED., .F., .F.,
 ( 4, 3, 3, 3, 3, 4 ),
 ( 0.000000000000000000, 2.269337249712600709E-05, 7.851738558074526403E-05, 0.0001342796759327012559, 0.0001888700134748182928, 0.0002435880579552644342 ),
 .UNSPECIFIED. ) ;
#278 = CYLINDRICAL_SURFACE ( 'NONE', #3755, 0.1499999999999999389 ) ;
#279 = ORIENTED_EDGE ( 'NONE', *, *, #2758, .T. ) ;
#280 = VERTEX_POINT ( 'NONE', #2572 ) ;
#281 = STYLED_ITEM ( 'NONE', ( #21 ), #44 ) ;
#282 = EDGE_CURVE ( 'NONE', #1935, #2013, #2479, .T. ) ;
#283 = CARTESIAN_POINT ( 'NONE',  ( -3.108115471440731525, -2.877169503530812467, -0.1333277682778083173 ) ) ;
#284 = ORIENTED_EDGE ( 'NONE', *, *, #3918, .T. ) ;
#285 = LINE ( 'NONE', #2405, #674 ) ;
#286 = MECHANICAL_DESIGN_GEOMETRIC_PRESENTATION_REPRESENTATION (  '', ( #2052 ), #420 ) ;
#287 = FILL_AREA_STYLE ('',( #927 ) ) ;
#288 = FACE_BOUND ( 'NONE', #2790, .T. ) ;
#289 = ORIENTED_EDGE ( 'NONE', *, *, #2514, .T. ) ;
#290 = CARTESIAN_POINT ( 'NONE',  ( -3.183321798163700311, 3.068830492824499157, -0.8331889004933731302 ) ) ;
#291 = LINE ( 'NONE', #2843, #61 ) ;
#292 = COLOUR_RGB ( '',0.2862745098039215508, 0.2862745098039215508, 0.2862745098039215508 ) ;
#293 = LINE ( 'NONE', #655, #1602 ) ;
#294 = ORIENTED_EDGE ( 'NONE', *, *, #4019, .F. ) ;
#295 = UNCERTAINTY_MEASURE_WITH_UNIT (LENGTH_MEASURE( 1.000000000000000082E-05 ), #2331, 'distance_accuracy_value', 'NONE');
#296 = VERTEX_POINT ( 'NONE', #689 ) ;
#297 = PLANE ( 'NONE',  #3074 ) ;
#298 = SURFACE_STYLE_USAGE ( .BOTH. , #624 ) ;
#299 = SURFACE_STYLE_FILL_AREA ( #3404 ) ;
#300 =( NAMED_UNIT ( * ) SI_UNIT ( $, .STERADIAN. ) SOLID_ANGLE_UNIT ( ) );
#301 = AXIS2_PLACEMENT_3D ( 'NONE', #1225, #3730, #3440 ) ;
#302 = EDGE_CURVE ( 'NONE', #2948, #2156, #102, .T. ) ;
#303 = MECHANICAL_DESIGN_GEOMETRIC_PRESENTATION_REPRESENTATION (  '', ( #3387 ), #366 ) ;
#304 = VECTOR ( 'NONE', #2167, 1000.000000000000227 ) ;
#305 =( LENGTH_UNIT ( ) NAMED_UNIT ( * ) SI_UNIT ( .MILLI., .METRE. ) );
#306 = ORIENTED_EDGE ( 'NONE', *, *, #1167, .T. ) ;
#307 = SURFACE_STYLE_FILL_AREA ( #1792 ) ;
#308 = COLOUR_RGB ( '',0.2862745098039215508, 0.2862745098039215508, 0.2862745098039215508 ) ;
#309 =( NAMED_UNIT ( * ) PLANE_ANGLE_UNIT ( ) SI_UNIT ( $, .RADIAN. ) );
#310 = COLOUR_RGB ( '',0.8039215686274510109, 0.8039215686274510109, 0.8039215686274510109 ) ;
#311 = CARTESIAN_POINT ( 'NONE',  ( 1.865999999999999437, -3.933636599221643770, -0.06432637316074120426 ) ) ;
#312 = ORIENTED_EDGE ( 'NONE', *, *, #2593, .F. ) ;
#313 = DIRECTION ( 'NONE',  ( -1.000000000000000000, -0.000000000000000000, -0.000000000000000000 ) ) ;
#314 = SURFACE_STYLE_FILL_AREA ( #937 ) ;
#315 = FACE_OUTER_BOUND ( 'NONE', #844, .T. ) ;
#316 = CARTESIAN_POINT ( 'NONE',  ( -5.089793721063931464, 3.047999999999999599, -0.6349999999999998979 ) ) ;
#317 = ADVANCED_FACE ( 'NONE', ( #2001 ), #2305, .T. ) ;
#318 =( LENGTH_UNIT ( ) NAMED_UNIT ( * ) SI_UNIT ( .MILLI., .METRE. ) );
#319 = LINE ( 'NONE', #2449, #1240 ) ;
#320 = ORIENTED_EDGE ( 'NONE', *, *, #3014, .F. ) ;
#321 = PLANE ( 'NONE',  #447 ) ;
#322 = EDGE_CURVE ( 'NONE', #615, #773, #3200, .T. ) ;
#323 =( GEOMETRIC_REPRESENTATION_CONTEXT ( 3 ) GLOBAL_UNCERTAINTY_ASSIGNED_CONTEXT ( ( #877 ) ) GLOBAL_UNIT_ASSIGNED_CONTEXT ( ( #2739, #2389, #1405 ) ) REPRESENTATION_CONTEXT ( 'NONE', 'WORKASPACE' ) );
#324 = SURFACE_STYLE_FILL_AREA ( #631 ) ;
#325 = VERTEX_POINT ( 'NONE', #2890 ) ;
#326 = LINE ( 'NONE', #1589, #1682 ) ;
#327 = SURFACE_STYLE_FILL_AREA ( #1248 ) ;
#328 = AXIS2_PLACEMENT_3D ( 'NONE', #59, #995, #422 ) ;
#329 = STYLED_ITEM ( 'NONE', ( #2528 ), #1756 ) ;
#330 = LINE ( 'NONE', #1572, #2642 ) ;
#331 = MECHANICAL_DESIGN_GEOMETRIC_PRESENTATION_REPRESENTATION (  '', ( #1310 ), #3223 ) ;
#332 = CARTESIAN_POINT ( 'NONE',  ( 1.865999999999999437, -4.805645598282936248, -0.5454613549999314248 ) ) ;
#333 = FILL_AREA_STYLE_COLOUR ( '', #3877 ) ;
#334 = MECHANICAL_DESIGN_GEOMETRIC_PRESENTATION_REPRESENTATION (  '', ( #65 ), #595 ) ;
#335 =( GEOMETRIC_REPRESENTATION_CONTEXT ( 3 ) GLOBAL_UNCERTAINTY_ASSIGNED_CONTEXT ( ( #1808 ) ) GLOBAL_UNIT_ASSIGNED_CONTEXT ( ( #2598, #3594, #2268 ) ) REPRESENTATION_CONTEXT ( 'NONE', 'WORKASPACE' ) );
#336 =( NAMED_UNIT ( * ) PLANE_ANGLE_UNIT ( ) SI_UNIT ( $, .RADIAN. ) );
#337 = VERTEX_POINT ( 'NONE', #3874 ) ;
#338 = STYLED_ITEM ( 'NONE', ( #4044 ), #905 ) ;
#339 = ORIENTED_EDGE ( 'NONE', *, *, #251, .T. ) ;
#340 = FACE_OUTER_BOUND ( 'NONE', #2894, .T. ) ;
#341 = DIRECTION ( 'NONE',  ( 0.000000000000000000, 0.000000000000000000, 1.000000000000000000 ) ) ;
#342 = PRESENTATION_LAYER_ASSIGNMENT (  '', '', ( #281 ) ) ;
#343 = ADVANCED_FACE ( 'NONE', ( #3552 ), #1253, .F. ) ;
#344 = CARTESIAN_POINT ( 'NONE',  ( -3.302000000000000490, 2.892022363760335946, -0.5430000000000108074 ) ) ;
#345 = FILL_AREA_STYLE ('',( #3188 ) ) ;
#346 = COLOUR_RGB ( '',0.9607843137254902244, 0.9607843137254902244, 0.9607843137254902244 ) ;
#347 = EDGE_CURVE ( 'NONE', #1004, #51, #3810, .T. ) ;
#348 = DIRECTION ( 'NONE',  ( -1.000000000000000000, -0.000000000000000000, -0.000000000000000000 ) ) ;
#349 = EDGE_LOOP ( 'NONE', ( #2202, #3119, #1742, #3775 ) ) ;
#350 = DIRECTION ( 'NONE',  ( 0.000000000000000000, -0.000000000000000000, -1.000000000000000000 ) ) ;
#351 = CARTESIAN_POINT ( 'NONE',  ( -2.380133652697403956, -2.242589145371766790, 1.132999999999999785 ) ) ;
#352 =( GEOMETRIC_REPRESENTATION_CONTEXT ( 3 ) GLOBAL_UNCERTAINTY_ASSIGNED_CONTEXT ( ( #448 ) ) GLOBAL_UNIT_ASSIGNED_CONTEXT ( ( #115, #2320, #1709 ) ) REPRESENTATION_CONTEXT ( 'NONE', 'WORKASPACE' ) );
#353 = DIRECTION ( 'NONE',  ( 0.000000000000000000, -0.1045284632676467956, 0.9945218953682740670 ) ) ;
#354 = ORIENTED_EDGE ( 'NONE', *, *, #1341, .T. ) ;
#355 = LINE ( 'NONE', #3081, #3965 ) ;
#356 =( GEOMETRIC_REPRESENTATION_CONTEXT ( 3 ) GLOBAL_UNCERTAINTY_ASSIGNED_CONTEXT ( ( #3199 ) ) GLOBAL_UNIT_ASSIGNED_CONTEXT ( ( #3179, #3756, #10 ) ) REPRESENTATION_CONTEXT ( 'NONE', 'WORKASPACE' ) );
#357 = DIRECTION ( 'NONE',  ( 0.000000000000000000, 0.9975640502598207560, 0.06975647374417384694 ) ) ;
#358 = LINE ( 'NONE', #2097, #3152 ) ;
#359 = VERTEX_POINT ( 'NONE', #3469 ) ;
#360 = DIRECTION ( 'NONE',  ( -1.000000000000000000, 0.000000000000000000, -0.000000000000000000 ) ) ;
#361 = UNCERTAINTY_MEASURE_WITH_UNIT (LENGTH_MEASURE( 1.000000000000000082E-05 ), #888, 'distance_accuracy_value', 'NONE');
#362 = DIRECTION ( 'NONE',  ( 1.000000000000000000, 0.000000000000000000, 0.000000000000000000 ) ) ;
#363 = DIRECTION ( 'NONE',  ( 2.891205793294679017E-15, 0.000000000000000000, 1.000000000000000000 ) ) ;
#364 = MECHANICAL_DESIGN_GEOMETRIC_PRESENTATION_REPRESENTATION (  '', ( #1814 ), #2997 ) ;
#365 = CARTESIAN_POINT ( 'NONE',  ( 2.705999999999999073, -5.969000000000002082, -1.242999999999999883 ) ) ;
#366 =( GEOMETRIC_REPRESENTATION_CONTEXT ( 3 ) GLOBAL_UNCERTAINTY_ASSIGNED_CONTEXT ( ( #4069 ) ) GLOBAL_UNIT_ASSIGNED_CONTEXT ( ( #3267, #1985, #3306 ) ) REPRESENTATION_CONTEXT ( 'NONE', 'WORKASPACE' ) );
#367 = MECHANICAL_DESIGN_GEOMETRIC_PRESENTATION_REPRESENTATION (  '', ( #1677 ), #1289 ) ;
#368 = ORIENTED_EDGE ( 'NONE', *, *, #1954, .F. ) ;
#369 = SURFACE_STYLE_FILL_AREA ( #1576 ) ;
#370 = ORIENTED_EDGE ( 'NONE', *, *, #1564, .T. ) ;
#371 = AXIS2_PLACEMENT_3D ( 'NONE', #3359, #2694, #3597 ) ;
#372 = FILL_AREA_STYLE ('',( #989 ) ) ;
#373 = EDGE_CURVE ( 'NONE', #3091, #2050, #3147, .T. ) ;
#374 = PRESENTATION_LAYER_ASSIGNMENT (  '', '', ( #175 ) ) ;
#375 = DIRECTION ( 'NONE',  ( 0.000000000000000000, 0.000000000000000000, -1.000000000000000000 ) ) ;
#376 = CARTESIAN_POINT ( 'NONE',  ( 2.413000000000000700, 3.047999999999999599, -0.6349999999999998979 ) ) ;
#377 = SURFACE_SIDE_STYLE ('',( #1599 ) ) ;
#378 = ORIENTED_EDGE ( 'NONE', *, *, #3419, .F. ) ;
#379 = EDGE_CURVE ( 'NONE', #3862, #2117, #596, .T. ) ;
#380 = CARTESIAN_POINT ( 'NONE',  ( -3.214164541943822950, 3.035607957579659733, -0.6050980740504700028 ) ) ;
#381 = FACE_OUTER_BOUND ( 'NONE', #2509, .T. ) ;
#382 = CARTESIAN_POINT ( 'NONE',  ( -1.866000000000000547, -3.719293188415452978, 0.05700000000000024492 ) ) ;
#383 = ORIENTED_EDGE ( 'NONE', *, *, #2517, .T. ) ;
#384 = FILL_AREA_STYLE_COLOUR ( '', #2729 ) ;
#385 = DIRECTION ( 'NONE',  ( -1.000000000000000000, -0.000000000000000000, -0.000000000000000000 ) ) ;
#386 = PRESENTATION_STYLE_ASSIGNMENT (( #2858 ) ) ;
#387 = ORIENTED_EDGE ( 'NONE', *, *, #3827, .F. ) ;
#388 = LINE ( 'NONE', #632, #2585 ) ;
#389 = MECHANICAL_DESIGN_GEOMETRIC_PRESENTATION_REPRESENTATION (  '', ( #4006 ), #2473 ) ;
#390 = LINE ( 'NONE', #2526, #1340 ) ;
#391 = CIRCLE ( 'NONE', #3734, 0.3048000000000000154 ) ;
#392 = CARTESIAN_POINT ( 'NONE',  ( 2.705999999999999073, -3.933636599221643770, -0.06432637316074120426 ) ) ;
#393 = VERTEX_POINT ( 'NONE', #2588 ) ;
#394 = CARTESIAN_POINT ( 'NONE',  ( -1.866000000000000547, -4.449000000000001620, -0.9228142532412906274 ) ) ;
#395 = FACE_OUTER_BOUND ( 'NONE', #1321, .T. ) ;
#396 = PRESENTATION_LAYER_ASSIGNMENT (  '', '', ( #1112 ) ) ;
#397 = VECTOR ( 'NONE', #1011, 1000.000000000000000 ) ;
#398 = EDGE_CURVE ( 'NONE', #68, #2866, #3291, .T. ) ;
#399 = VERTEX_POINT ( 'NONE', #2012 ) ;
#400 =( GEOMETRIC_REPRESENTATION_CONTEXT ( 3 ) GLOBAL_UNCERTAINTY_ASSIGNED_CONTEXT ( ( #3667 ) ) GLOBAL_UNIT_ASSIGNED_CONTEXT ( ( #724, #2067, #573 ) ) REPRESENTATION_CONTEXT ( 'NONE', 'WORKASPACE' ) );
#401 = AXIS2_PLACEMENT_3D ( 'NONE', #3767, #3406, #610 ) ;
#402 = CARTESIAN_POINT ( 'NONE',  ( -3.197677315644877005, 3.041808354773816170, -0.6120174513885234813 ) ) ;
#403 = CARTESIAN_POINT ( 'NONE',  ( 3.301999999999999602, -2.898000000000000576, -0.5429999999999998161 ) ) ;
#404 = CIRCLE ( 'NONE', #2692, 0.1499999999999999667 ) ;
#405 = DIRECTION ( 'NONE',  ( -0.000000000000000000, -0.000000000000000000, 1.000000000000000000 ) ) ;
#406 =( NAMED_UNIT ( * ) PLANE_ANGLE_UNIT ( ) SI_UNIT ( $, .RADIAN. ) );
#407 = UNCERTAINTY_MEASURE_WITH_UNIT (LENGTH_MEASURE( 1.000000000000000082E-05 ), #3946, 'distance_accuracy_value', 'NONE');
#408 = DIRECTION ( 'NONE',  ( -1.000000000000000000, -0.000000000000000000, -0.000000000000000000 ) ) ;
#409 = PRESENTATION_LAYER_ASSIGNMENT (  '', '', ( #2184 ) ) ;
#410 = ORIENTED_EDGE ( 'NONE', *, *, #1735, .T. ) ;
#411 =( LENGTH_UNIT ( ) NAMED_UNIT ( * ) SI_UNIT ( .MILLI., .METRE. ) );
#412 = CARTESIAN_POINT ( 'NONE',  ( -3.301999999999999602, -4.743286959344088061, -0.5429999999999998161 ) ) ;
#413 = DIRECTION ( 'NONE',  ( 4.098094675116482653E-16, 1.000000000000000000, 0.000000000000000000 ) ) ;
#414 =( LENGTH_UNIT ( ) NAMED_UNIT ( * ) SI_UNIT ( .MILLI., .METRE. ) );
#415 = EDGE_LOOP ( 'NONE', ( #3135, #2140, #1060, #1067 ) ) ;
#416 =( NAMED_UNIT ( * ) SI_UNIT ( $, .STERADIAN. ) SOLID_ANGLE_UNIT ( ) );
#417 = CYLINDRICAL_SURFACE ( 'NONE', #2920, 0.3048000000000000154 ) ;
#418 = DIRECTION ( 'NONE',  ( 0.9659258262890690894, 0.2588190451025180749, -0.000000000000000000 ) ) ;
#419 = DIRECTION ( 'NONE',  ( -1.000000000000000000, -0.000000000000000000, -0.000000000000000000 ) ) ;
#420 =( GEOMETRIC_REPRESENTATION_CONTEXT ( 3 ) GLOBAL_UNCERTAINTY_ASSIGNED_CONTEXT ( ( #2921 ) ) GLOBAL_UNIT_ASSIGNED_CONTEXT ( ( #2910, #812, #3633 ) ) REPRESENTATION_CONTEXT ( 'NONE', 'WORKASPACE' ) );
#421 = VERTEX_POINT ( 'NONE', #1664 ) ;
#422 = DIRECTION ( 'NONE',  ( 0.000000000000000000, -0.000000000000000000, 1.000000000000000000 ) ) ;
#423 = VECTOR ( 'NONE', #2187, 1000.000000000000000 ) ;
#424 = CARTESIAN_POINT ( 'NONE',  ( -1.866000000000000547, -3.856000000000000316, 0.5649999999999999467 ) ) ;
#425 = DIRECTION ( 'NONE',  ( -0.000000000000000000, -0.000000000000000000, -1.000000000000000000 ) ) ;
#426 = FILL_AREA_STYLE ('',( #3278 ) ) ;
#427 = CARTESIAN_POINT ( 'NONE',  ( 1.865999999999999437, -4.284686821612380569, 0.3223472536785179643 ) ) ;
#428 = ORIENTED_EDGE ( 'NONE', *, *, #3550, .T. ) ;
#429 = EDGE_CURVE ( 'NONE', #609, #2170, #475, .T. ) ;
#430 = EDGE_CURVE ( 'NONE', #4046, #710, #730, .T. ) ;
#431 = EDGE_LOOP ( 'NONE', ( #2231, #2796, #294, #636, #38 ) ) ;
#432 = EDGE_CURVE ( 'NONE', #3807, #555, #2983, .T. ) ;
#433 = SURFACE_STYLE_FILL_AREA ( #1950 ) ;
#434 = VERTEX_POINT ( 'NONE', #1634 ) ;
#435 = EDGE_CURVE ( 'NONE', #1084, #2285, #2926, .T. ) ;
#436 = FILL_AREA_STYLE_COLOUR ( '', #671 ) ;
#437 =( GEOMETRIC_REPRESENTATION_CONTEXT ( 3 ) GLOBAL_UNCERTAINTY_ASSIGNED_CONTEXT ( ( #3990 ) ) GLOBAL_UNIT_ASSIGNED_CONTEXT ( ( #498, #62, #186 ) ) REPRESENTATION_CONTEXT ( 'NONE', 'WORKASPACE' ) );
#438 =( GEOMETRIC_REPRESENTATION_CONTEXT ( 3 ) GLOBAL_UNCERTAINTY_ASSIGNED_CONTEXT ( ( #3046 ) ) GLOBAL_UNIT_ASSIGNED_CONTEXT ( ( #3642, #236, #2716 ) ) REPRESENTATION_CONTEXT ( 'NONE', 'WORKASPACE' ) );
#440 = CARTESIAN_POINT ( 'NONE',  ( -2.977552160335398934, -3.048000000000000487, 1.108899157928453283 ) ) ;
#439 = VECTOR ( 'NONE', #2323, 1000.000000000000000 ) ;
#441 = CARTESIAN_POINT ( 'NONE',  ( 3.320676516163040048, -3.033953724532161722, -0.7206951815103570524 ) ) ;
#442 = FILL_AREA_STYLE_COLOUR ( '', #2489 ) ;
#443 = ORIENTED_EDGE ( 'NONE', *, *, #2191, .F. ) ;
#444 = SURFACE_STYLE_FILL_AREA ( #426 ) ;
#445 = FACE_OUTER_BOUND ( 'NONE', #2644, .T. ) ;
#446 = ORIENTED_EDGE ( 'NONE', *, *, #2301, .T. ) ;
#447 = AXIS2_PLACEMENT_3D ( 'NONE', #3182, #1964, #360 ) ;
#448 = UNCERTAINTY_MEASURE_WITH_UNIT (LENGTH_MEASURE( 1.000000000000000082E-05 ), #115, 'distance_accuracy_value', 'NONE');
#449 = EDGE_LOOP ( 'NONE', ( #2271, #627, #273, #969 ) ) ;
#450 = FILL_AREA_STYLE ('',( #2635 ) ) ;
#451 = SURFACE_SIDE_STYLE ('',( #677 ) ) ;
#452 = ADVANCED_FACE ( 'NONE', ( #2317 ), #702, .F. ) ;
#453 = ORIENTED_EDGE ( 'NONE', *, *, #1122, .F. ) ;
#454 = LINE ( 'NONE', #3007, #3549 ) ;
#455 = PLANE ( 'NONE',  #887 ) ;
#456 = SURFACE_STYLE_FILL_AREA ( #2725 ) ;
#457 = LINE ( 'NONE', #3957, #1395 ) ;
#458 = ORIENTED_EDGE ( 'NONE', *, *, #3942, .F. ) ;
#459 = DIRECTION ( 'NONE',  ( 0.000000000000000000, 0.000000000000000000, 1.000000000000000000 ) ) ;
#460 = CARTESIAN_POINT ( 'NONE',  ( 0.4199999999999993738, -3.856000000000000316, 0.5649999999999999467 ) ) ;
#461 = MECHANICAL_DESIGN_GEOMETRIC_PRESENTATION_REPRESENTATION (  '', ( #3151 ), #2166 ) ;
#462 = PRESENTATION_LAYER_ASSIGNMENT (  '', '', ( #1905 ) ) ;
#463 = VECTOR ( 'NONE', #3932, 1000.000000000000000 ) ;
#464 = CIRCLE ( 'NONE', #1707, 0.2500000000000002776 ) ;
#465 = CARTESIAN_POINT ( 'NONE',  ( 0.4199999999999993738, -3.856000000000000316, -0.4167877281606726658 ) ) ;
#466 =( LENGTH_UNIT ( ) NAMED_UNIT ( * ) SI_UNIT ( .MILLI., .METRE. ) );
#467 =( GEOMETRIC_REPRESENTATION_CONTEXT ( 3 ) GLOBAL_UNCERTAINTY_ASSIGNED_CONTEXT ( ( #1441 ) ) GLOBAL_UNIT_ASSIGNED_CONTEXT ( ( #1896, #309, #50 ) ) REPRESENTATION_CONTEXT ( 'NONE', 'WORKASPACE' ) );
#468 = UNCERTAINTY_MEASURE_WITH_UNIT (LENGTH_MEASURE( 1.000000000000000082E-05 ), #1824, 'distance_accuracy_value', 'NONE');
#469 = LINE ( 'NONE', #3620, #2738 ) ;
#470 = ORIENTED_EDGE ( 'NONE', *, *, #3666, .T. ) ;
#471 = FILL_AREA_STYLE_COLOUR ( '', #144 ) ;
#472 = STYLED_ITEM ( 'NONE', ( #1332 ), #976 ) ;
#473 = EDGE_CURVE ( 'NONE', #1149, #1234, #1583, .T. ) ;
#474 = CLOSED_SHELL ( 'NONE', ( #246, #1252, #2451, #1619, #885, #2283, #2780, #1574, #2361, #3373, #2674, #196, #1205, #3434 ) ) ;
#475 = LINE ( 'NONE', #2548, #3288 ) ;
#476 = SURFACE_STYLE_FILL_AREA ( #203 ) ;
#477 = ORIENTED_EDGE ( 'NONE', *, *, #1674, .T. ) ;
#478 = DIRECTION ( 'NONE',  ( 0.000000000000000000, 1.000000000000000000, -0.000000000000000000 ) ) ;
#479 = STYLED_ITEM ( 'NONE', ( #1408 ), #72 ) ;
#480 = EDGE_CURVE ( 'NONE', #1535, #68, #39, .T. ) ;
#481 = DIRECTION ( 'NONE',  ( 1.000000000000000000, 0.000000000000000000, 0.000000000000000000 ) ) ;
#482 = PRESENTATION_LAYER_ASSIGNMENT (  '', '', ( #1204 ) ) ;
#483 = ORIENTED_EDGE ( 'NONE', *, *, #2378, .F. ) ;
#484 = DIRECTION ( 'NONE',  ( -0.000000000000000000, 1.000000000000000000, 1.615094851542735134E-16 ) ) ;
#485 = CARTESIAN_POINT ( 'NONE',  ( -3.302000000000000934, 3.047999999999999599, -1.143000000000000016 ) ) ;
#486 = ORIENTED_EDGE ( 'NONE', *, *, #220, .T. ) ;
#487 = DIRECTION ( 'NONE',  ( 0.000000000000000000, 0.000000000000000000, 1.000000000000000000 ) ) ;
#488 =( NAMED_UNIT ( * ) PLANE_ANGLE_UNIT ( ) SI_UNIT ( $, .RADIAN. ) );
#489 =( BOUNDED_CURVE ( )  B_SPLINE_CURVE ( 3, ( #543, #3999, #3634, #3031 ),
 .UNSPECIFIED., .F., .F. ) 
 B_SPLINE_CURVE_WITH_KNOTS ( ( 4, 4 ),
 ( 3.073889867040852319, 3.141592653589787343 ),
 .UNSPECIFIED. ) 
 CURVE ( )  GEOMETRIC_REPRESENTATION_ITEM ( )  RATIONAL_B_SPLINE_CURVE ( ( 1.000000000000000000, 0.9996180641987706395, 0.9996180641987706395, 1.000000000000000000 ) ) 
 REPRESENTATION_ITEM ( '' )  );
#490 = DIRECTION ( 'NONE',  ( 0.000000000000000000, 0.000000000000000000, -1.000000000000000000 ) ) ;
#491 = ORIENTED_EDGE ( 'NONE', *, *, #435, .T. ) ;
#492 = PRESENTATION_STYLE_ASSIGNMENT (( #2334 ) ) ;
#493 = DIRECTION ( 'NONE',  ( 0.000000000000000000, 0.000000000000000000, 1.000000000000000000 ) ) ;
#494 = CARTESIAN_POINT ( 'NONE',  ( -3.302000000000000934, -2.833558882928200351, -0.5430285536077257280 ) ) ;
#495 = ORIENTED_EDGE ( 'NONE', *, *, #2969, .T. ) ;
#496 = CARTESIAN_POINT ( 'NONE',  ( -3.302000000000000934, 2.897999999999997911, -1.143000000000000016 ) ) ;
#497 =( NAMED_UNIT ( * ) SI_UNIT ( $, .STERADIAN. ) SOLID_ANGLE_UNIT ( ) );
#498 =( LENGTH_UNIT ( ) NAMED_UNIT ( * ) SI_UNIT ( .MILLI., .METRE. ) );
#499 = ORIENTED_EDGE ( 'NONE', *, *, #958, .F. ) ;
#500 = DIRECTION ( 'NONE',  ( -1.000000000000000000, 0.000000000000000000, 0.000000000000000000 ) ) ;
#501 = SURFACE_SIDE_STYLE ('',( #2624 ) ) ;
#502 = VERTEX_POINT ( 'NONE', #3389 ) ;
#503 = ADVANCED_FACE ( 'NONE', ( #1790 ), #1745, .T. ) ;
#504 = SURFACE_SIDE_STYLE ('',( #2103 ) ) ;
#505 = CARTESIAN_POINT ( 'NONE',  ( -2.669999999999999929, 3.047999999999999599, -1.143000000000000016 ) ) ;
#506 = SURFACE_STYLE_USAGE ( .BOTH. , #215 ) ;
#507 = CARTESIAN_POINT ( 'NONE',  ( -2.989733652697403876, -2.852189145371765822, 0.9929999999999999938 ) ) ;
#508 = COLOUR_RGB ( '',0.2862745098039215508, 0.2862745098039215508, 0.2862745098039215508 ) ;
#509 = UNCERTAINTY_MEASURE_WITH_UNIT (LENGTH_MEASURE( 1.000000000000000082E-05 ), #1425, 'distance_accuracy_value', 'NONE');
#510 =( GEOMETRIC_REPRESENTATION_CONTEXT ( 3 ) GLOBAL_UNCERTAINTY_ASSIGNED_CONTEXT ( ( #2522 ) ) GLOBAL_UNIT_ASSIGNED_CONTEXT ( ( #1948, #1894, #1268 ) ) REPRESENTATION_CONTEXT ( 'NONE', 'WORKASPACE' ) );
#511 = DIRECTION ( 'NONE',  ( -1.000000000000000000, -0.000000000000000000, -0.000000000000000000 ) ) ;
#512 =( NAMED_UNIT ( * ) PLANE_ANGLE_UNIT ( ) SI_UNIT ( $, .RADIAN. ) );
#513 = EDGE_LOOP ( 'NONE', ( #1406, #517, #1231, #58 ) ) ;
#514 = PRESENTATION_STYLE_ASSIGNMENT (( #2660 ) ) ;
#515 = ORIENTED_EDGE ( 'NONE', *, *, #3172, .T. ) ;
#516 = DIRECTION ( 'NONE',  ( -1.000000000000000000, 0.000000000000000000, 0.000000000000000000 ) ) ;
#517 = ORIENTED_EDGE ( 'NONE', *, *, #1891, .F. ) ;
#518 = LINE ( 'NONE', #3566, #1000 ) ;
#519 = SURFACE_STYLE_FILL_AREA ( #1134 ) ;
#520 = CARTESIAN_POINT ( 'NONE',  ( 2.413000000000000700, 3.047999999999999599, -0.6349999999999998979 ) ) ;
#521 = ORIENTED_EDGE ( 'NONE', *, *, #1295, .F. ) ;
#522 = CARTESIAN_POINT ( 'NONE',  ( -2.705999999999999961, -3.048000000000000487, 0.05700000000000002981 ) ) ;
#523 = CARTESIAN_POINT ( 'NONE',  ( -3.034718265391110670, -3.048000000000000487, 0.5649999999999999467 ) ) ;
#524 = EDGE_CURVE ( 'NONE', #2095, #2468, #3004, .T. ) ;
#525 = PRESENTATION_STYLE_ASSIGNMENT (( #214 ) ) ;
#526 = FACE_OUTER_BOUND ( 'NONE', #3026, .T. ) ;
#527 = DIRECTION ( 'NONE',  ( 0.000000000000000000, 1.000000000000000000, 0.000000000000000000 ) ) ;
#528 = CARTESIAN_POINT ( 'NONE',  ( 3.184248201459460414, -2.985108607248612600, 0.5773335264549691592 ) ) ;
#529 = COLOUR_RGB ( '',0.8039215686274510109, 0.8039215686274510109, 0.8039215686274510109 ) ;
#530 = DIRECTION ( 'NONE',  ( 0.000000000000000000, 1.000000000000000000, 0.000000000000000000 ) ) ;
#531 = EDGE_CURVE ( 'NONE', #3557, #1451, #3625, .T. ) ;
#532 = SURFACE_SIDE_STYLE ('',( #839 ) ) ;
#533 = SURFACE_STYLE_USAGE ( .BOTH. , #2349 ) ;
#534 = PLANE ( 'NONE',  #3374 ) ;
#535 = PRESENTATION_STYLE_ASSIGNMENT (( #2089 ) ) ;
#536 = UNCERTAINTY_MEASURE_WITH_UNIT (LENGTH_MEASURE( 1.000000000000000082E-05 ), #3785, 'distance_accuracy_value', 'NONE');
#537 = VECTOR ( 'NONE', #3598, 1000.000000000000000 ) ;
#538 = VECTOR ( 'NONE', #147, 1000.000000000000000 ) ;
#539 = STYLED_ITEM ( 'NONE', ( #142 ), #1001 ) ;
#540 = EDGE_LOOP ( 'NONE', ( #224, #3276, #2240, #43 ) ) ;
#541 = FACE_OUTER_BOUND ( 'NONE', #3974, .T. ) ;
#542 = CIRCLE ( 'NONE', #3036, 0.2500000000000000000 ) ;
#543 = CARTESIAN_POINT ( 'NONE',  ( 3.162147661583979641, 3.047656356244778042, -0.6317304480704095671 ) ) ;
#544 = DIRECTION ( 'NONE',  ( 4.098094675116482653E-16, 1.000000000000000000, 0.000000000000000000 ) ) ;
#545 = PRESENTATION_LAYER_ASSIGNMENT (  '', '', ( #479 ) ) ;
#546 = SURFACE_STYLE_FILL_AREA ( #3691 ) ;
#547 = LINE ( 'NONE', #3060, #537 ) ;
#548 = ORIENTED_EDGE ( 'NONE', *, *, #3554, .F. ) ;
#549 =( NAMED_UNIT ( * ) PLANE_ANGLE_UNIT ( ) SI_UNIT ( $, .RADIAN. ) );
#550 = CYLINDRICAL_SURFACE ( 'NONE', #3720, 0.5000000000000000000 ) ;
#551 = FACE_OUTER_BOUND ( 'NONE', #1694, .T. ) ;
#552 = MECHANICAL_DESIGN_GEOMETRIC_PRESENTATION_REPRESENTATION (  '', ( #2440 ), #352 ) ;
#553 = DIRECTION ( 'NONE',  ( -0.9659258262890690894, -0.2588190451025180749, -0.000000000000000000 ) ) ;
#554 = EDGE_CURVE ( 'NONE', #2468, #3637, #1450, .T. ) ;
#555 = VERTEX_POINT ( 'NONE', #3651 ) ;
#556 = DIRECTION ( 'NONE',  ( 1.000000000000000000, 0.000000000000000000, 0.000000000000000000 ) ) ;
#557 = DIRECTION ( 'NONE',  ( 1.000000000000000000, 0.000000000000000000, 0.000000000000000000 ) ) ;
#558 = EDGE_CURVE ( 'NONE', #2808, #1004, #843, .T. ) ;
#559 = DIRECTION ( 'NONE',  ( 0.000000000000000000, -1.000000000000000000, 0.000000000000000000 ) ) ;
#560 = ORIENTED_EDGE ( 'NONE', *, *, #3117, .T. ) ;
#561 = DIRECTION ( 'NONE',  ( -1.000000000000000000, -0.000000000000000000, -0.000000000000000000 ) ) ;
#562 = SURFACE_STYLE_USAGE ( .BOTH. , #2501 ) ;
#563 = DIRECTION ( 'NONE',  ( 0.000000000000000000, 0.000000000000000000, 1.000000000000000000 ) ) ;
#564 = STYLED_ITEM ( 'NONE', ( #4036 ), #2782 ) ;
#565 = LINE ( 'NONE', #2650, #241 ) ;
#566 = AXIS2_PLACEMENT_3D ( 'NONE', #2594, #2303, #3838 ) ;
#567 = CARTESIAN_POINT ( 'NONE',  ( -5.089793721063931464, 3.047999999999999599, -0.6349999999999998979 ) ) ;
#568 = AXIS2_PLACEMENT_3D ( 'NONE', #3341, #3076, #192 ) ;
#569 = CARTESIAN_POINT ( 'NONE',  ( -3.302000000000000934, -2.834102213680333993, -0.5430856599709250609 ) ) ;
#570 = CARTESIAN_POINT ( 'NONE',  ( 2.705999999999999073, -5.019989009089125709, -0.4167877281606726658 ) ) ;
#571 =( NAMED_UNIT ( * ) PLANE_ANGLE_UNIT ( ) SI_UNIT ( $, .RADIAN. ) );
#572 = ADVANCED_FACE ( 'NONE', ( #3048 ), #4032, .F. ) ;
#573 =( NAMED_UNIT ( * ) SI_UNIT ( $, .STERADIAN. ) SOLID_ANGLE_UNIT ( ) );
#574 = ORIENTED_EDGE ( 'NONE', *, *, #1293, .F. ) ;
#575 = DIRECTION ( 'NONE',  ( 0.000000000000000000, 0.000000000000000000, -1.000000000000000000 ) ) ;
#576 = DIRECTION ( 'NONE',  ( -0.1039620511844922129, 0.1039620511844909917, 0.9891328443778553137 ) ) ;
#577 = ADVANCED_FACE ( 'NONE', ( #3489 ), #672, .F. ) ;
#578 = ORIENTED_EDGE ( 'NONE', *, *, #3722, .F. ) ;
#579 =( NAMED_UNIT ( * ) PLANE_ANGLE_UNIT ( ) SI_UNIT ( $, .RADIAN. ) );
#580 = PRESENTATION_STYLE_ASSIGNMENT (( #2399 ) ) ;
#581 = DIRECTION ( 'NONE',  ( 0.000000000000000000, -0.000000000000000000, 1.000000000000000000 ) ) ;
#582 = DIRECTION ( 'NONE',  ( -0.000000000000000000, -0.000000000000000000, 1.000000000000000000 ) ) ;
#583 = CARTESIAN_POINT ( 'NONE',  ( -2.075333652697403775, -2.242589145371766790, 1.132999999999999785 ) ) ;
#584 = CARTESIAN_POINT ( 'NONE',  ( 1.865999999999999437, -5.019989009089125709, -0.4167877281606726658 ) ) ;
#585 = AXIS2_PLACEMENT_3D ( 'NONE', #1892, #608, #912 ) ;
#586 =( NAMED_UNIT ( * ) PLANE_ANGLE_UNIT ( ) SI_UNIT ( $, .RADIAN. ) );
#587 = DIRECTION ( 'NONE',  ( -1.000000000000000000, -0.000000000000000000, -0.000000000000000000 ) ) ;
#588 = VECTOR ( 'NONE', #2664, 1000.000000000000227 ) ;
#589 = VECTOR ( 'NONE', #2645, 1000.000000000000000 ) ;
#590 = CARTESIAN_POINT ( 'NONE',  ( 2.413000000000000700, -1.185000000000000275, -0.6349999999999998979 ) ) ;
#591 = ORIENTED_EDGE ( 'NONE', *, *, #1152, .F. ) ;
#592 = MECHANICAL_DESIGN_GEOMETRIC_PRESENTATION_REPRESENTATION (  '', ( #990 ), #2418 ) ;
#593 =( NAMED_UNIT ( * ) PLANE_ANGLE_UNIT ( ) SI_UNIT ( $, .RADIAN. ) );
#594 = FILL_AREA_STYLE ('',( #2395 ) ) ;
#595 =( GEOMETRIC_REPRESENTATION_CONTEXT ( 3 ) GLOBAL_UNCERTAINTY_ASSIGNED_CONTEXT ( ( #1903 ) ) GLOBAL_UNIT_ASSIGNED_CONTEXT ( ( #942, #1543, #2448 ) ) REPRESENTATION_CONTEXT ( 'NONE', 'WORKASPACE' ) );
#596 = LINE ( 'NONE', #2793, #1635 ) ;
#597 =( NAMED_UNIT ( * ) PLANE_ANGLE_UNIT ( ) SI_UNIT ( $, .RADIAN. ) );
#598 = ORIENTED_EDGE ( 'NONE', *, *, #4054, .T. ) ;
#599 = CARTESIAN_POINT ( 'NONE',  ( -2.989733652697404320, -3.001367429677006982, 1.008679269490146968 ) ) ;
#600 = PRESENTATION_STYLE_ASSIGNMENT (( #3704 ) ) ;
#601 = CARTESIAN_POINT ( 'NONE',  ( 2.669999999999999929, 3.047999999999999599, -0.6349999999999998979 ) ) ;
#602 = PRESENTATION_STYLE_ASSIGNMENT (( #2444 ) ) ;
#603 = ORIENTED_EDGE ( 'NONE', *, *, #2867, .T. ) ;
#604 = FACE_OUTER_BOUND ( 'NONE', #2681, .T. ) ;
#605 = EDGE_CURVE ( 'NONE', #809, #3563, #2152, .T. ) ;
#606 =( LENGTH_UNIT ( ) NAMED_UNIT ( * ) SI_UNIT ( .MILLI., .METRE. ) );
#607 = UNCERTAINTY_MEASURE_WITH_UNIT (LENGTH_MEASURE( 1.000000000000000082E-05 ), #2470, 'distance_accuracy_value', 'NONE');
#608 = DIRECTION ( 'NONE',  ( -0.000000000000000000, -0.000000000000000000, 1.000000000000000000 ) ) ;
#609 = VERTEX_POINT ( 'NONE', #3883 ) ;
#610 = DIRECTION ( 'NONE',  ( 0.000000000000000000, -0.9945218953682740670, -0.1045284632676466569 ) ) ;
#611 = CARTESIAN_POINT ( 'NONE',  ( -3.239867965644037007, -2.921874917681197115, -1.142999999999999794 ) ) ;
#612 = AXIS2_PLACEMENT_3D ( 'NONE', #3769, #2770, #4037 ) ;
#613 = SURFACE_STYLE_FILL_AREA ( #1611 ) ;
#614 = FILL_AREA_STYLE_COLOUR ( '', #292 ) ;
#615 = VERTEX_POINT ( 'NONE', #3499 ) ;
#616 = CARTESIAN_POINT ( 'NONE',  ( -2.684933652697404138, -2.242589145371766790, 1.132999999999999785 ) ) ;
#617 =( NAMED_UNIT ( * ) PLANE_ANGLE_UNIT ( ) SI_UNIT ( $, .RADIAN. ) );
#618 = EDGE_CURVE ( 'NONE', #3315, #134, #1324, .T. ) ;
#619 = DIRECTION ( 'NONE',  ( 0.000000000000000000, -0.1045284632676467956, 0.9945218953682740670 ) ) ;
#620 = EDGE_CURVE ( 'NONE', #4045, #106, #46, .T. ) ;
#621 = CARTESIAN_POINT ( 'NONE',  ( -2.669999999999999929, 3.047999999999999599, -0.6349999999999998979 ) ) ;
#622 = CARTESIAN_POINT ( 'NONE',  ( -3.058559889367015394, -2.921015382041377340, 0.3381621003126956682 ) ) ;
#623 = ORIENTED_EDGE ( 'NONE', *, *, #1864, .T. ) ;
#624 = SURFACE_SIDE_STYLE ('',( #3121 ) ) ;
#625 = EDGE_CURVE ( 'NONE', #726, #2327, #866, .T. ) ;
#626 = CARTESIAN_POINT ( 'NONE',  ( -3.302000000000000934, 2.897999999999999687, 1.143000000000000016 ) ) ;
#627 = ORIENTED_EDGE ( 'NONE', *, *, #17, .F. ) ;
#628 = CIRCLE ( 'NONE', #2940, 0.2500000000000002776 ) ;
#629 = CARTESIAN_POINT ( 'NONE',  ( 3.300600108470736149, 2.918445238137159947, -0.5547796880142973341 ) ) ;
#630 = ORIENTED_EDGE ( 'NONE', *, *, #3820, .T. ) ;
#631 = FILL_AREA_STYLE ('',( #2201 ) ) ;
#632 = CARTESIAN_POINT ( 'NONE',  ( -2.413000000000002476, -1.184999999999999609, -0.6349999999999998979 ) ) ;
#633 = PLANE ( 'NONE',  #3881 ) ;
#634 =( GEOMETRIC_REPRESENTATION_CONTEXT ( 3 ) GLOBAL_UNCERTAINTY_ASSIGNED_CONTEXT ( ( #2872 ) ) GLOBAL_UNIT_ASSIGNED_CONTEXT ( ( #466, #148, #997 ) ) REPRESENTATION_CONTEXT ( 'NONE', 'WORKASPACE' ) );
#635 = SURFACE_STYLE_FILL_AREA ( #2204 ) ;
#636 = ORIENTED_EDGE ( 'NONE', *, *, #3486, .F. ) ;
#637 = FACE_OUTER_BOUND ( 'NONE', #1357, .T. ) ;
#638 = FILL_AREA_STYLE ('',( #3479 ) ) ;
#639 =( LENGTH_UNIT ( ) NAMED_UNIT ( * ) SI_UNIT ( .MILLI., .METRE. ) );
#640 = ORIENTED_EDGE ( 'NONE', *, *, #2196, .F. ) ;
#641 = EDGE_CURVE ( 'NONE', #3589, #3054, #404, .T. ) ;
#642 = CARTESIAN_POINT ( 'NONE',  ( 2.705999999999999073, -3.933636599221643770, -0.06432637316074120426 ) ) ;
#643 = SURFACE_STYLE_USAGE ( .BOTH. , #2814 ) ;
#644 = ORIENTED_EDGE ( 'NONE', *, *, #1834, .T. ) ;
#645 = COLOUR_RGB ( '',0.2862745098039215508, 0.2862745098039215508, 0.2862745098039215508 ) ;
#646 = ADVANCED_FACE ( 'NONE', ( #1609 ), #3830, .F. ) ;
#647 = PRESENTATION_STYLE_ASSIGNMENT (( #1230 ) ) ;
#648 = STYLED_ITEM ( 'NONE', ( #3498 ), #1591 ) ;
#649 = EDGE_LOOP ( 'NONE', ( #483, #3719, #2432, #2274, #3517 ) ) ;
#650 = CARTESIAN_POINT ( 'NONE',  ( 2.705999999999999073, -5.002549890653082976, -0.6661787407256279936 ) ) ;
#651 = CARTESIAN_POINT ( 'NONE',  ( 0.4199999999999993738, -3.048000000000000487, 0.05700000000000002981 ) ) ;
#652 = APPLICATION_CONTEXT ( 'automotive_design' ) ;
#653 = MECHANICAL_DESIGN_GEOMETRIC_PRESENTATION_REPRESENTATION (  '', ( #1112 ), #3600 ) ;
#654 = MECHANICAL_DESIGN_GEOMETRIC_PRESENTATION_REPRESENTATION (  '', ( #56 ), #3224 ) ;
#655 = CARTESIAN_POINT ( 'NONE',  ( -3.302000000000000934, 3.047999999999999599, -1.143000000000000016 ) ) ;
#656 = SURFACE_SIDE_STYLE ('',( #1933 ) ) ;
#657 = AXIS2_PLACEMENT_3D ( 'NONE', #3786, #3770, #916 ) ;
#658 = FACE_OUTER_BOUND ( 'NONE', #2771, .T. ) ;
#659 = VERTEX_POINT ( 'NONE', #642 ) ;
#660 =( NAMED_UNIT ( * ) SI_UNIT ( $, .STERADIAN. ) SOLID_ANGLE_UNIT ( ) );
#661 = AXIS2_PLACEMENT_3D ( 'NONE', #1362, #199, #3623 ) ;
#662 = VECTOR ( 'NONE', #3823, 1000.000000000000000 ) ;
#663 = DIRECTION ( 'NONE',  ( 0.000000000000000000, -1.000000000000000000, 0.000000000000000000 ) ) ;
#664 = FACE_OUTER_BOUND ( 'NONE', #3958, .T. ) ;
#665 = ORIENTED_EDGE ( 'NONE', *, *, #282, .F. ) ;
#666 = COLOUR_RGB ( '',0.2862745098039215508, 0.2862745098039215508, 0.2862745098039215508 ) ;
#667 = SURFACE_SIDE_STYLE ('',( #975 ) ) ;
#668 =( NAMED_UNIT ( * ) PLANE_ANGLE_UNIT ( ) SI_UNIT ( $, .RADIAN. ) );
#669 = LINE ( 'NONE', #1924, #3873 ) ;
#670 = EDGE_LOOP ( 'NONE', ( #1325, #2390, #3868, #2314 ) ) ;
#671 = COLOUR_RGB ( '',0.8039215686274510109, 0.8039215686274510109, 0.8039215686274510109 ) ;
#672 = PLANE ( 'NONE',  #3822 ) ;
#673 = ADVANCED_FACE ( 'NONE', ( #1242 ), #3384, .T. ) ;
#674 = VECTOR ( 'NONE', #3344, 1000.000000000000000 ) ;
#675 = ORIENTED_EDGE ( 'NONE', *, *, #3740, .F. ) ;
#676 = CARTESIAN_POINT ( 'NONE',  ( 3.301999999999999602, -4.743286959344088061, -0.5429999999999998161 ) ) ;
#677 = SURFACE_STYLE_FILL_AREA ( #345 ) ;
#678 =( GEOMETRIC_REPRESENTATION_CONTEXT ( 3 ) GLOBAL_UNCERTAINTY_ASSIGNED_CONTEXT ( ( #3244 ) ) GLOBAL_UNIT_ASSIGNED_CONTEXT ( ( #3590, #1770, #2396 ) ) REPRESENTATION_CONTEXT ( 'NONE', 'WORKASPACE' ) );
#679 = CARTESIAN_POINT ( 'NONE',  ( 2.705999999999999073, -4.842808584740295075, -1.164249024692683765 ) ) ;
#680 = EDGE_CURVE ( 'NONE', #3268, #1986, #1301, .T. ) ;
#681 = ORIENTED_EDGE ( 'NONE', *, *, #2867, .F. ) ;
#682 =( NAMED_UNIT ( * ) PLANE_ANGLE_UNIT ( ) SI_UNIT ( $, .RADIAN. ) );
#683 = DIRECTION ( 'NONE',  ( 0.000000000000000000, 1.000000000000000000, 0.000000000000000000 ) ) ;
#684 = AXIS2_PLACEMENT_3D ( 'NONE', #939, #1881, #3132 ) ;
#685 = DIRECTION ( 'NONE',  ( 0.000000000000000000, 0.000000000000000000, 1.000000000000000000 ) ) ;
#686 = SURFACE_SIDE_STYLE ('',( #3153 ) ) ;
#687 = FILL_AREA_STYLE ('',( #992 ) ) ;
#688 = CARTESIAN_POINT ( 'NONE',  ( -5.089793721063931464, -3.048000000000000487, 0.05699999999999996736 ) ) ;
#689 = CARTESIAN_POINT ( 'NONE',  ( 2.413000000000000700, -1.185000000000000275, -1.143000000000000016 ) ) ;
#690 = CYLINDRICAL_SURFACE ( 'NONE', #799, 0.1499999999999999667 ) ;
#691 = SURFACE_STYLE_USAGE ( .BOTH. , #2289 ) ;
#692 = FACE_OUTER_BOUND ( 'NONE', #4022, .T. ) ;
#693 = UNCERTAINTY_MEASURE_WITH_UNIT (LENGTH_MEASURE( 1.000000000000000082E-05 ), #2732, 'distance_accuracy_value', 'NONE');
#694 = FACE_OUTER_BOUND ( 'NONE', #431, .T. ) ;
#695 = FILL_AREA_STYLE ('',( #1003 ) ) ;
#696 = VECTOR ( 'NONE', #915, 1000.000000000000227 ) ;
#697 = VERTEX_POINT ( 'NONE', #1059 ) ;
#698 = FACE_OUTER_BOUND ( 'NONE', #3764, .T. ) ;
#699 =( NAMED_UNIT ( * ) PLANE_ANGLE_UNIT ( ) SI_UNIT ( $, .RADIAN. ) );
#700 = VECTOR ( 'NONE', #3795, 999.9999999999998863 ) ;
#701 = EDGE_CURVE ( 'NONE', #134, #112, #1041, .T. ) ;
#702 = PLANE ( 'NONE',  #1708 ) ;
#703 = STYLED_ITEM ( 'NONE', ( #3940 ), #2674 ) ;
#704 =( NAMED_UNIT ( * ) PLANE_ANGLE_UNIT ( ) SI_UNIT ( $, .RADIAN. ) );
#705 = ORIENTED_EDGE ( 'NONE', *, *, #430, .T. ) ;
#706 = PRESENTATION_LAYER_ASSIGNMENT (  '', '', ( #1090 ) ) ;
#707 = LINE ( 'NONE', #394, #1968 ) ;
#708 = PRESENTATION_LAYER_ASSIGNMENT (  '', '', ( #1949 ) ) ;
#709 = CARTESIAN_POINT ( 'NONE',  ( 1.865999999999999437, -3.719293188415452978, 0.05700000000000024492 ) ) ;
#710 = VERTEX_POINT ( 'NONE', #382 ) ;
#711 = CARTESIAN_POINT ( 'NONE',  ( -3.175058174409557843, 3.046369689691506899, -0.6238893574825107313 ) ) ;
#712 = PLANE ( 'NONE',  #1378 ) ;
#713 = LINE ( 'NONE', #2575, #3860 ) ;
#714 = LINE ( 'NONE', #3221, #1510 ) ;
#715 = ORIENTED_EDGE ( 'NONE', *, *, #3195, .T. ) ;
#716 =( NAMED_UNIT ( * ) PLANE_ANGLE_UNIT ( ) SI_UNIT ( $, .RADIAN. ) );
#717 = DIRECTION ( 'NONE',  ( 0.000000000000000000, -0.000000000000000000, 1.000000000000000000 ) ) ;
#718 = CARTESIAN_POINT ( 'NONE',  ( 3.224639947388261429, 3.030296448068193094, -0.6005930272366969414 ) ) ;
#719 = DIRECTION ( 'NONE',  ( 1.000000000000000000, 0.000000000000000000, -0.000000000000000000 ) ) ;
#720 = VERTEX_POINT ( 'NONE', #1382 ) ;
#721 = SURFACE_STYLE_FILL_AREA ( #2259 ) ;
#722 =( LENGTH_UNIT ( ) NAMED_UNIT ( * ) SI_UNIT ( .MILLI., .METRE. ) );
#723 = VECTOR ( 'NONE', #3539, 1000.000000000000000 ) ;
#724 =( LENGTH_UNIT ( ) NAMED_UNIT ( * ) SI_UNIT ( .MILLI., .METRE. ) );
#725 = CARTESIAN_POINT ( 'NONE',  ( -2.413000000000000700, 3.048000000000000043, -0.6349999999999998979 ) ) ;
#726 = VERTEX_POINT ( 'NONE', #2956 ) ;
#727 = ORIENTED_EDGE ( 'NONE', *, *, #2085, .T. ) ;
#728 = CARTESIAN_POINT ( 'NONE',  ( -3.302000000000000934, 3.047999999999999599, 1.143000000000000016 ) ) ;
#729 = AXIS2_PLACEMENT_3D ( 'NONE', #952, #3836, #2210 ) ;
#730 = CIRCLE ( 'NONE', #2173, 0.2500000000000002776 ) ;
#731 = CARTESIAN_POINT ( 'NONE',  ( -1.866000000000000547, -3.856000000000000316, 0.5649999999999999467 ) ) ;
#732 = STYLED_ITEM ( 'NONE', ( #5 ), #1252 ) ;
#733 = LINE ( 'NONE', #3233, #2799 ) ;
#734 = VERTEX_POINT ( 'NONE', #127 ) ;
#735 =( LENGTH_UNIT ( ) NAMED_UNIT ( * ) SI_UNIT ( .MILLI., .METRE. ) );
#736 = VECTOR ( 'NONE', #742, 1000.000000000000000 ) ;
#737 =( GEOMETRIC_REPRESENTATION_CONTEXT ( 3 ) GLOBAL_UNCERTAINTY_ASSIGNED_CONTEXT ( ( #1386 ) ) GLOBAL_UNIT_ASSIGNED_CONTEXT ( ( #2994, #2804, #2826 ) ) REPRESENTATION_CONTEXT ( 'NONE', 'WORKASPACE' ) );
#738 = STYLED_ITEM ( 'NONE', ( #2972 ), #1071 ) ;
#739 = CARTESIAN_POINT ( 'NONE',  ( 2.413000000000000700, 3.047999999999999599, -0.6349999999999998979 ) ) ;
#741 = FILL_AREA_STYLE_COLOUR ( '', #833 ) ;
#740 = CARTESIAN_POINT ( 'NONE',  ( -2.413000000000002476, -1.184999999999999609, -1.143000000000000016 ) ) ;
#742 = DIRECTION ( 'NONE',  ( -0.000000000000000000, -0.000000000000000000, -1.000000000000000000 ) ) ;
#743 = VERTEX_POINT ( 'NONE', #2288 ) ;
#744 = EDGE_CURVE ( 'NONE', #98, #2116, #90, .T. ) ;
#745 = CARTESIAN_POINT ( 'NONE',  ( 3.252312824990625906, 3.009522809964597645, -0.5893180793465712108 ) ) ;
#746 = CLOSED_SHELL ( 'NONE', ( #3629, #3748, #1701, #2394 ) ) ;
#747 = ORIENTED_EDGE ( 'NONE', *, *, #347, .F. ) ;
#748 =( LENGTH_UNIT ( ) NAMED_UNIT ( * ) SI_UNIT ( .MILLI., .METRE. ) );
#749 =( GEOMETRIC_REPRESENTATION_CONTEXT ( 3 ) GLOBAL_UNCERTAINTY_ASSIGNED_CONTEXT ( ( #4047 ) ) GLOBAL_UNIT_ASSIGNED_CONTEXT ( ( #2143, #617, #953 ) ) REPRESENTATION_CONTEXT ( 'NONE', 'WORKASPACE' ) );
#750 = FILL_AREA_STYLE ('',( #3588 ) ) ;
#751 = ORIENTED_EDGE ( 'NONE', *, *, #2028, .T. ) ;
#752 = DIRECTION ( 'NONE',  ( 0.000000000000000000, 0.000000000000000000, 1.000000000000000000 ) ) ;
#753 =( GEOMETRIC_REPRESENTATION_CONTEXT ( 3 ) GLOBAL_UNCERTAINTY_ASSIGNED_CONTEXT ( ( #2290 ) ) GLOBAL_UNIT_ASSIGNED_CONTEXT ( ( #748, #3249, #2030 ) ) REPRESENTATION_CONTEXT ( 'NONE', 'WORKASPACE' ) );
#754 =( NAMED_UNIT ( * ) PLANE_ANGLE_UNIT ( ) SI_UNIT ( $, .RADIAN. ) );
#755 = VERTEX_POINT ( 'NONE', #1603 ) ;
#756 = COLOUR_RGB ( '',0.8039215686274510109, 0.8039215686274510109, 0.8039215686274510109 ) ;
#757 = EDGE_CURVE ( 'NONE', #3349, #761, #2003, .T. ) ;
#758 = CYLINDRICAL_SURFACE ( 'NONE', #3033, 0.5000000000000004441 ) ;
#759 = DIRECTION ( 'NONE',  ( 0.1039620511844909778, -0.1039620511844911027, 0.9891328443778552026 ) ) ;
#760 = CARTESIAN_POINT ( 'NONE',  ( 2.705999999999999073, -3.856000000000000316, 0.5649999999999999467 ) ) ;
#761 = VERTEX_POINT ( 'NONE', #998 ) ;
#762 = ADVANCED_FACE ( 'NONE', ( #445 ), #690, .T. ) ;
#763 = DIRECTION ( 'NONE',  ( 0.000000000000000000, 0.000000000000000000, -1.000000000000000000 ) ) ;
#764 = EDGE_LOOP ( 'NONE', ( #3446, #3927, #1292, #3907 ) ) ;
#765 = CARTESIAN_POINT ( 'NONE',  ( -2.380133652697403956, -2.242589145371766790, 1.132999999999999785 ) ) ;
#766 = SURFACE_STYLE_USAGE ( .BOTH. , #2031 ) ;
#767 = CARTESIAN_POINT ( 'NONE',  ( -0.4200000000000004285, -5.019989009089125709, -0.4167877281606726658 ) ) ;
#768 = DIRECTION ( 'NONE',  ( -0.000000000000000000, 1.000000000000000000, -0.000000000000000000 ) ) ;
#769 = ORIENTED_EDGE ( 'NONE', *, *, #473, .T. ) ;
#770 = LINE ( 'NONE', #2987, #588 ) ;
#771 = AXIS2_PLACEMENT_3D ( 'NONE', #1271, #2496, #3190 ) ;
#772 = VECTOR ( 'NONE', #1375, 1000.000000000000114 ) ;
#773 = VERTEX_POINT ( 'NONE', #2270 ) ;
#774 = CARTESIAN_POINT ( 'NONE',  ( -3.152000000000001023, 2.897999999999999687, -1.143000000000000016 ) ) ;
#775 = FILL_AREA_STYLE_COLOUR ( '', #1849 ) ;
#776 = AXIS2_PLACEMENT_3D ( 'NONE', #2368, #2672, #3640 ) ;
#777 = SURFACE_SIDE_STYLE ('',( #1355 ) ) ;
#778 = FILL_AREA_STYLE ('',( #741 ) ) ;
#779 =( NAMED_UNIT ( * ) SI_UNIT ( $, .STERADIAN. ) SOLID_ANGLE_UNIT ( ) );
#780 = ORIENTED_EDGE ( 'NONE', *, *, #3804, .T. ) ;
#781 = EDGE_CURVE ( 'NONE', #3862, #1123, #714, .T. ) ;
#782 = CARTESIAN_POINT ( 'NONE',  ( 3.193737657638183070, 3.043044072227408137, -0.6141024525616527452 ) ) ;
#783 =( NAMED_UNIT ( * ) PLANE_ANGLE_UNIT ( ) SI_UNIT ( $, .RADIAN. ) );
#784 = VERTEX_POINT ( 'NONE', #1652 ) ;
#785 = DIRECTION ( 'NONE',  ( -0.000000000000000000, -1.000000000000000000, -0.000000000000000000 ) ) ;
#786 = ORIENTED_EDGE ( 'NONE', *, *, #3165, .T. ) ;
#787 = LINE ( 'NONE', #1994, #2897 ) ;
#788 = CARTESIAN_POINT ( 'NONE',  ( 2.989733652697403876, 0.000000000000000000, 0.9929999999999999938 ) ) ;
#789 =( GEOMETRIC_REPRESENTATION_CONTEXT ( 3 ) GLOBAL_UNCERTAINTY_ASSIGNED_CONTEXT ( ( #1859 ) ) GLOBAL_UNIT_ASSIGNED_CONTEXT ( ( #1066, #3185, #2960 ) ) REPRESENTATION_CONTEXT ( 'NONE', 'WORKASPACE' ) );
#790 = PRESENTATION_STYLE_ASSIGNMENT (( #1198 ) ) ;
#791 = FACE_OUTER_BOUND ( 'NONE', #1879, .T. ) ;
#792 = SPHERICAL_SURFACE ( 'NONE', #1226, 0.1499999999999999944 ) ;
#793 = FACE_OUTER_BOUND ( 'NONE', #3214, .T. ) ;
#794 = MECHANICAL_DESIGN_GEOMETRIC_PRESENTATION_REPRESENTATION (  '', ( #1499 ), #3345 ) ;
#795 = MECHANICAL_DESIGN_GEOMETRIC_PRESENTATION_REPRESENTATION (  '', ( #1048 ), #3814 ) ;
#796 = SURFACE_STYLE_USAGE ( .BOTH. , #125 ) ;
#797 = DIRECTION ( 'NONE',  ( 0.9945218953682740670, 0.000000000000000000, -0.1045284632676466569 ) ) ;
#798 = PRESENTATION_LAYER_ASSIGNMENT (  '', '', ( #1117 ) ) ;
#799 = AXIS2_PLACEMENT_3D ( 'NONE', #1017, #67, #1320 ) ;
#800 = LINE ( 'NONE', #2403, #1028 ) ;
#801 = SURFACE_STYLE_FILL_AREA ( #1098 ) ;
#802 = ORIENTED_EDGE ( 'NONE', *, *, #2535, .T. ) ;
#803 = SURFACE_STYLE_FILL_AREA ( #1447 ) ;
#804 = COLOUR_RGB ( '',0.2862745098039215508, 0.2862745098039215508, 0.2862745098039215508 ) ;
#805 = COLOUR_RGB ( '',0.8039215686274510109, 0.8039215686274510109, 0.8039215686274510109 ) ;
#806 = EDGE_CURVE ( 'NONE', #3637, #3950, #2576, .T. ) ;
#807 = CARTESIAN_POINT ( 'NONE',  ( -3.302000000000000934, -2.833012559358388138, -0.5430000000000126947 ) ) ;
#808 = SURFACE_STYLE_USAGE ( .BOTH. , #3975 ) ;
#809 = VERTEX_POINT ( 'NONE', #3241 ) ;
#810 = FACE_OUTER_BOUND ( 'NONE', #3697, .T. ) ;
#811 = FILL_AREA_STYLE_COLOUR ( '', #2982 ) ;
#812 =( NAMED_UNIT ( * ) PLANE_ANGLE_UNIT ( ) SI_UNIT ( $, .RADIAN. ) );
#813 = ORIENTED_EDGE ( 'NONE', *, *, #1834, .F. ) ;
#814 = COLOUR_RGB ( '',0.8039215686274510109, 0.8039215686274510109, 0.8039215686274510109 ) ;
#815 = CARTESIAN_POINT ( 'NONE',  ( 2.705999999999999073, -5.969000000000002082, -0.7337595157747623942 ) ) ;
#816 = PRESENTATION_STYLE_ASSIGNMENT (( #3707 ) ) ;
#817 = STYLED_ITEM ( 'NONE', ( #1180 ), #3794 ) ;
#818 = ORIENTED_EDGE ( 'NONE', *, *, #3266, .T. ) ;
#819 = FILL_AREA_STYLE_COLOUR ( '', #346 ) ;
#820 = LINE ( 'NONE', #3313, #3482 ) ;
#821 = UNCERTAINTY_MEASURE_WITH_UNIT (LENGTH_MEASURE( 1.000000000000000082E-05 ), #894, 'distance_accuracy_value', 'NONE');
#822 = DIRECTION ( 'NONE',  ( -0.000000000000000000, -0.000000000000000000, -1.000000000000000000 ) ) ;
#823 = FILL_AREA_STYLE_COLOUR ( '', #1902 ) ;
#824 = VERTEX_POINT ( 'NONE', #427 ) ;
#825 = SURFACE_STYLE_USAGE ( .BOTH. , #2093 ) ;
#826 = EDGE_CURVE ( 'NONE', #248, #3557, #2401, .T. ) ;
#827 = CARTESIAN_POINT ( 'NONE',  ( -2.380133652697403956, -2.242589145371766790, 1.143000000000000016 ) ) ;
#828 = DIRECTION ( 'NONE',  ( 0.000000000000000000, 0.000000000000000000, -1.000000000000000000 ) ) ;
#829 = FACE_OUTER_BOUND ( 'NONE', #3677, .T. ) ;
#830 = SURFACE_STYLE_USAGE ( .BOTH. , #501 ) ;
#831 = CARTESIAN_POINT ( 'NONE',  ( -2.413000000000000700, 3.048000000000000043, -1.143000000000000016 ) ) ;
#832 = EDGE_CURVE ( 'NONE', #1567, #1753, #1118, .T. ) ;
#833 = COLOUR_RGB ( '',0.8039215686274510109, 0.8039215686274510109, 0.8039215686274510109 ) ;
#834 = PRESENTATION_LAYER_ASSIGNMENT (  '', '', ( #1344 ) ) ;
#835 = ADVANCED_FACE ( 'NONE', ( #172 ), #3323, .T. ) ;
#836 = VECTOR ( 'NONE', #2846, 1000.000000000000114 ) ;
#837 = SPHERICAL_SURFACE ( 'NONE', #2802, 0.1499999999999999944 ) ;
#838 = VECTOR ( 'NONE', #3994, 1000.000000000000000 ) ;
#839 = SURFACE_STYLE_FILL_AREA ( #3581 ) ;
#840 = ORIENTED_EDGE ( 'NONE', *, *, #1977, .T. ) ;
#841 = DIRECTION ( 'NONE',  ( 0.000000000000000000, -1.000000000000000000, 0.000000000000000000 ) ) ;
#842 = SURFACE_SIDE_STYLE ('',( #2113 ) ) ;
#843 = LINE ( 'NONE', #2090, #3538 ) ;
#844 = EDGE_LOOP ( 'NONE', ( #1287, #2226, #2889, #2919 ) ) ;
#845 = FILL_AREA_STYLE ('',( #3655 ) ) ;
#846 = DIRECTION ( 'NONE',  ( 0.000000000000000000, -0.000000000000000000, 1.000000000000000000 ) ) ;
#847 = PLANE ( 'NONE',  #1265 ) ;
#848 = ORIENTED_EDGE ( 'NONE', *, *, #1152, .T. ) ;
#849 = LINE ( 'NONE', #3012, #1057 ) ;
#850 = ORIENTED_EDGE ( 'NONE', *, *, #2028, .F. ) ;
#851 = ORIENTED_EDGE ( 'NONE', *, *, #1054, .T. ) ;
#852 =( GEOMETRIC_REPRESENTATION_CONTEXT ( 3 ) GLOBAL_UNCERTAINTY_ASSIGNED_CONTEXT ( ( #3380 ) ) GLOBAL_UNIT_ASSIGNED_CONTEXT ( ( #3626, #3676, #3371 ) ) REPRESENTATION_CONTEXT ( 'NONE', 'WORKASPACE' ) );
#853 = LINE ( 'NONE', #1498, #1782 ) ;
#854 = VECTOR ( 'NONE', #12, 1000.000000000000000 ) ;
#855 = EDGE_CURVE ( 'NONE', #755, #1970, #1738, .T. ) ;
#856 = SURFACE_STYLE_USAGE ( .BOTH. , #3664 ) ;
#857 = DIRECTION ( 'NONE',  ( 1.000000000000000000, 0.000000000000000000, 0.000000000000000000 ) ) ;
#858 = AXIS2_PLACEMENT_3D ( 'NONE', #3841, #3531, #2933 ) ;
#859 = AXIS2_PLACEMENT_3D ( 'NONE', #1172, #2064, #3926 ) ;
#860 = DIRECTION ( 'NONE',  ( -1.000000000000000000, -0.000000000000000000, -0.000000000000000000 ) ) ;
#861 = AXIS2_PLACEMENT_3D ( 'NONE', #1127, #2373, #1809 ) ;
#862 = EDGE_CURVE ( 'NONE', #1234, #1022, #3964, .T. ) ;
#863 = COLOUR_RGB ( '',0.8039215686274510109, 0.8039215686274510109, 0.8039215686274510109 ) ;
#864 =( NAMED_UNIT ( * ) PLANE_ANGLE_UNIT ( ) SI_UNIT ( $, .RADIAN. ) );
#865 = UNCERTAINTY_MEASURE_WITH_UNIT (LENGTH_MEASURE( 1.000000000000000082E-05 ), #2383, 'distance_accuracy_value', 'NONE');
#866 = CIRCLE ( 'NONE', #3160, 0.3048000000000000154 ) ;
#867 = VECTOR ( 'NONE', #563, 1000.000000000000000 ) ;
#868 = CARTESIAN_POINT ( 'NONE',  ( -3.086463259276784665, -3.048000000000000487, 0.05699999999999996736 ) ) ;
#869 = ORIENTED_EDGE ( 'NONE', *, *, #3087, .T. ) ;
#870 = MECHANICAL_DESIGN_GEOMETRIC_PRESENTATION_REPRESENTATION (  '', ( #2111 ), #2686 ) ;
#871 = DIRECTION ( 'NONE',  ( -1.000000000000000000, -0.000000000000000000, -0.000000000000000000 ) ) ;
#872 = SURFACE_SIDE_STYLE ('',( #2744 ) ) ;
#873 = ORIENTED_EDGE ( 'NONE', *, *, #2139, .T. ) ;
#874 = LINE ( 'NONE', #3355, #3388 ) ;
#875 = DIRECTION ( 'NONE',  ( 1.000000000000000000, 0.000000000000000000, -0.000000000000000000 ) ) ;
#876 = SURFACE_STYLE_USAGE ( .BOTH. , #3687 ) ;
#877 = UNCERTAINTY_MEASURE_WITH_UNIT (LENGTH_MEASURE( 1.000000000000000082E-05 ), #2739, 'distance_accuracy_value', 'NONE');
#878 = LINE ( 'NONE', #2693, #867 ) ;
#879 = EDGE_CURVE ( 'NONE', #3864, #734, #547, .T. ) ;
#880 = STYLED_ITEM ( 'NONE', ( #2055 ), #3776 ) ;
#881 = FILL_AREA_STYLE_COLOUR ( '', #2643 ) ;
#882 = PRESENTATION_STYLE_ASSIGNMENT (( #3022 ) ) ;
#883 = CARTESIAN_POINT ( 'NONE',  ( 2.705999999999999073, -5.969000000000002082, -1.242999999999999883 ) ) ;
#884 = DIRECTION ( 'NONE',  ( 0.000000000000000000, 0.5146945073570351470, 0.8573736432247605066 ) ) ;
#885 = ADVANCED_FACE ( 'NONE', ( #3342 ), #2628, .T. ) ;
#886 = VECTOR ( 'NONE', #37, 1000.000000000000000 ) ;
#887 = AXIS2_PLACEMENT_3D ( 'NONE', #901, #1169, #3694 ) ;
#888 =( LENGTH_UNIT ( ) NAMED_UNIT ( * ) SI_UNIT ( .MILLI., .METRE. ) );
#889 = ORIENTED_EDGE ( 'NONE', *, *, #322, .F. ) ;
#890 = SURFACE_STYLE_USAGE ( .BOTH. , #3397 ) ;
#891 = SURFACE_STYLE_USAGE ( .BOTH. , #3057 ) ;
#892 = CARTESIAN_POINT ( 'NONE',  ( -5.089793721063931464, 3.047999999999999599, -0.6349999999999998979 ) ) ;
#893 = MECHANICAL_DESIGN_GEOMETRIC_PRESENTATION_REPRESENTATION (  '', ( #2066 ), #3783 ) ;
#894 =( LENGTH_UNIT ( ) NAMED_UNIT ( * ) SI_UNIT ( .MILLI., .METRE. ) );
#895 =( NAMED_UNIT ( * ) PLANE_ANGLE_UNIT ( ) SI_UNIT ( $, .RADIAN. ) );
#896 = ORIENTED_EDGE ( 'NONE', *, *, #2005, .T. ) ;
#897 = EDGE_LOOP ( 'NONE', ( #3610, #1817, #1147, #3778 ) ) ;
#898 = SURFACE_STYLE_USAGE ( .BOTH. , #3710 ) ;
#899 = AXIS2_PLACEMENT_3D ( 'NONE', #2918, #1040, #2287 ) ;
#900 =( NAMED_UNIT ( * ) SI_UNIT ( $, .STERADIAN. ) SOLID_ANGLE_UNIT ( ) );
#901 = CARTESIAN_POINT ( 'NONE',  ( -2.669999999999999929, 3.863038105676656286, -0.6349999999999998979 ) ) ;
#902 =( GEOMETRIC_REPRESENTATION_CONTEXT ( 3 ) GLOBAL_UNCERTAINTY_ASSIGNED_CONTEXT ( ( #1102 ) ) GLOBAL_UNIT_ASSIGNED_CONTEXT ( ( #4024, #2484, #1260 ) ) REPRESENTATION_CONTEXT ( 'NONE', 'WORKASPACE' ) );
#903 = STYLED_ITEM ( 'NONE', ( #1187 ), #3373 ) ;
#904 = LINE ( 'NONE', #1508, #854 ) ;
#905 = ADVANCED_FACE ( 'NONE', ( #2651 ), #3919, .F. ) ;
#906 = DIRECTION ( 'NONE',  ( 1.000000000000000000, 0.000000000000000000, -0.000000000000000000 ) ) ;
#907 = CARTESIAN_POINT ( 'NONE',  ( 2.705999999999999073, -5.019989009089125709, -0.4167877281606726658 ) ) ;
#908 = UNCERTAINTY_MEASURE_WITH_UNIT (LENGTH_MEASURE( 1.000000000000000082E-05 ), #722, 'distance_accuracy_value', 'NONE');
#909 = MECHANICAL_DESIGN_GEOMETRIC_PRESENTATION_REPRESENTATION (  '', ( #107 ), #3799 ) ;
#910 = COLOUR_RGB ( '',0.2862745098039215508, 0.2862745098039215508, 0.2862745098039215508 ) ;
#911 = ORIENTED_EDGE ( 'NONE', *, *, #2007, .T. ) ;
#912 = DIRECTION ( 'NONE',  ( 1.000000000000000000, 0.000000000000000000, 0.000000000000000000 ) ) ;
#913 = FILL_AREA_STYLE_COLOUR ( '', #310 ) ;
#914 =( NAMED_UNIT ( * ) SI_UNIT ( $, .STERADIAN. ) SOLID_ANGLE_UNIT ( ) );
#915 = DIRECTION ( 'NONE',  ( -0.000000000000000000, 0.9975640502598207560, 0.06975647374417404123 ) ) ;
#916 = DIRECTION ( 'NONE',  ( 1.000000000000000000, 0.000000000000000000, 0.000000000000000000 ) ) ;
#917 = CARTESIAN_POINT ( 'NONE',  ( -1.866000000000000547, -4.805645598282936248, -0.5454613549999314248 ) ) ;
#918 = ORIENTED_EDGE ( 'NONE', *, *, #379, .T. ) ;
#919 = SURFACE_SIDE_STYLE ('',( #314 ) ) ;
#920 = CARTESIAN_POINT ( 'NONE',  ( -1.866000000000000547, -3.933636599221643770, -0.06432637316074120426 ) ) ;
#921 = SURFACE_STYLE_USAGE ( .BOTH. , #3752 ) ;
#922 =( NAMED_UNIT ( * ) SI_UNIT ( $, .STERADIAN. ) SOLID_ANGLE_UNIT ( ) );
#923 = ORIENTED_EDGE ( 'NONE', *, *, #3532, .T. ) ;
#924 = AXIS2_PLACEMENT_3D ( 'NONE', #3863, #1021, #719 ) ;
#925 = ORIENTED_EDGE ( 'NONE', *, *, #1655, .F. ) ;
#926 = DIRECTION ( 'NONE',  ( 0.000000000000000000, 0.000000000000000000, -1.000000000000000000 ) ) ;
#927 = FILL_AREA_STYLE_COLOUR ( '', #2831 ) ;
#928 = ORIENTED_EDGE ( 'NONE', *, *, #1006, .T. ) ;
#929 = LINE ( 'NONE', #2494, #130 ) ;
#930 = PRESENTATION_LAYER_ASSIGNMENT (  '', '', ( #1310 ) ) ;
#931 = VECTOR ( 'NONE', #3270, 1000.000000000000114 ) ;
#932 = AXIS2_PLACEMENT_3D ( 'NONE', #2783, #3138, #1262 ) ;
#933 = DIRECTION ( 'NONE',  ( 0.1039620511844909917, 0.1039620511844908390, 0.9891328443778553137 ) ) ;
#934 = STYLED_ITEM ( 'NONE', ( #525 ), #2213 ) ;
#935 = ORIENTED_EDGE ( 'NONE', *, *, #3460, .T. ) ;
#936 = CARTESIAN_POINT ( 'NONE',  ( -3.152000000000001023, 3.047999999999999599, -0.6349999999999998979 ) ) ;
#937 = FILL_AREA_STYLE ('',( #2476 ) ) ;
#938 = ADVANCED_FACE ( 'NONE', ( #2731 ), #278, .T. ) ;
#939 = CARTESIAN_POINT ( 'NONE',  ( 2.989733652697403876, -2.852189145371765822, 0.9929999999999999938 ) ) ;
#940 =( LENGTH_UNIT ( ) NAMED_UNIT ( * ) SI_UNIT ( .MILLI., .METRE. ) );
#941 = CARTESIAN_POINT ( 'NONE',  ( 2.705999999999999073, -3.856000000000000316, 0.06500000000000000222 ) ) ;
#942 =( LENGTH_UNIT ( ) NAMED_UNIT ( * ) SI_UNIT ( .MILLI., .METRE. ) );
#943 = DIRECTION ( 'NONE',  ( 0.000000000000000000, 0.000000000000000000, -1.000000000000000000 ) ) ;
#944 = VERTEX_POINT ( 'NONE', #1527 ) ;
#945 = ORIENTED_EDGE ( 'NONE', *, *, #855, .F. ) ;
#946 = DIRECTION ( 'NONE',  ( 0.1039620511844909917, -0.1039620511844908252, 0.9891328443778553137 ) ) ;
#947 = CARTESIAN_POINT ( 'NONE',  ( 2.669999999999999929, 3.047999999999999599, -1.143000000000000016 ) ) ;
#948 = FACE_OUTER_BOUND ( 'NONE', #2785, .T. ) ;
#949 = CARTESIAN_POINT ( 'NONE',  ( 2.669999999999999929, 3.863038105676656286, -0.6349999999999998979 ) ) ;
#950 = ORIENTED_EDGE ( 'NONE', *, *, #379, .F. ) ;
#951 = DIRECTION ( 'NONE',  ( 1.000000000000000000, 0.000000000000000000, 0.000000000000000000 ) ) ;
#952 = CARTESIAN_POINT ( 'NONE',  ( 0.4199999999999993738, -3.048000000000000487, 0.5649999999999999467 ) ) ;
#953 =( NAMED_UNIT ( * ) SI_UNIT ( $, .STERADIAN. ) SOLID_ANGLE_UNIT ( ) );
#954 = ADVANCED_FACE ( 'NONE', ( #2775 ), #3118, .F. ) ;
#955 = DIRECTION ( 'NONE',  ( -1.000000000000000000, -2.907131363079803022E-15, 0.000000000000000000 ) ) ;
#956 = DIRECTION ( 'NONE',  ( 0.000000000000000000, 0.9975640502598207560, 0.06975647374417384694 ) ) ;
#957 = ORIENTED_EDGE ( 'NONE', *, *, #4025, .F. ) ;
#958 = EDGE_CURVE ( 'NONE', #3054, #2123, #1579, .T. ) ;
#959 = FILL_AREA_STYLE_COLOUR ( '', #1542 ) ;
#960 =( LENGTH_UNIT ( ) NAMED_UNIT ( * ) SI_UNIT ( .MILLI., .METRE. ) );
#961 = DIRECTION ( 'NONE',  ( 1.000000000000000000, 0.000000000000000000, 0.000000000000000000 ) ) ;
#962 = ORIENTED_EDGE ( 'NONE', *, *, #2497, .T. ) ;
#963 = COLOUR_RGB ( '',0.8039215686274510109, 0.8039215686274510109, 0.8039215686274510109 ) ;
#964 = PRESENTATION_LAYER_ASSIGNMENT (  '', '', ( #1677 ) ) ;
#965 = ORIENTED_EDGE ( 'NONE', *, *, #3168, .T. ) ;
#966 = MECHANICAL_DESIGN_GEOMETRIC_PRESENTATION_REPRESENTATION (  '', ( #3792 ), #2724 ) ;
#967 = MECHANICAL_DESIGN_GEOMETRIC_PRESENTATION_REPRESENTATION (  '', ( #1890 ), #1484 ) ;
#968 = CARTESIAN_POINT ( 'NONE',  ( 1.865999999999999437, -3.048000000000000487, 0.5649999999999999467 ) ) ;
#969 = ORIENTED_EDGE ( 'NONE', *, *, #3638, .T. ) ;
#970 = DIRECTION ( 'NONE',  ( -1.000000000000000000, -0.000000000000000000, -0.000000000000000000 ) ) ;
#971 = LINE ( 'NONE', #621, #1822 ) ;
#972 = DIRECTION ( 'NONE',  ( 0.000000000000000000, -1.000000000000000000, 0.000000000000000000 ) ) ;
#973 = VERTEX_POINT ( 'NONE', #1644 ) ;
#974 = UNCERTAINTY_MEASURE_WITH_UNIT (LENGTH_MEASURE( 1.000000000000000082E-05 ), #960, 'distance_accuracy_value', 'NONE');
#975 = SURFACE_STYLE_FILL_AREA ( #3714 ) ;
#976 = ADVANCED_FACE ( 'NONE', ( #2914 ), #3796, .T. ) ;
#977 = PRESENTATION_STYLE_ASSIGNMENT (( #1299 ) ) ;
#978 = SURFACE_STYLE_USAGE ( .BOTH. , #1693 ) ;
#979 = DIRECTION ( 'NONE',  ( 0.000000000000000000, -0.06975647374417164037, 0.9975640502598210890 ) ) ;
#980 = MECHANICAL_DESIGN_GEOMETRIC_PRESENTATION_REPRESENTATION (  '', ( #3212 ), #323 ) ;
#981 = FILL_AREA_STYLE_COLOUR ( '', #2541 ) ;
#982 = COLOUR_RGB ( '',0.8039215686274510109, 0.8039215686274510109, 0.8039215686274510109 ) ;
#983 = VECTOR ( 'NONE', #3788, 1000.000000000000000 ) ;
#984 = DIRECTION ( 'NONE',  ( -0.000000000000000000, 0.1045284632676467956, -0.9945218953682740670 ) ) ;
#985 = CARTESIAN_POINT ( 'NONE',  ( -2.705999999999999961, -3.048000000000000487, 0.5649999999999999467 ) ) ;
#986 = AXIS2_PLACEMENT_3D ( 'NONE', #2239, #3429, #32 ) ;
#987 = CARTESIAN_POINT ( 'NONE',  ( 2.669999999999999929, 3.047999999999999599, -0.6349999999999998979 ) ) ;
#988 = EDGE_LOOP ( 'NONE', ( #2169, #1837, #2446, #1428, #2398 ) ) ;
#989 = FILL_AREA_STYLE_COLOUR ( '', #2607 ) ;
#990 = STYLED_ITEM ( 'NONE', ( #1931 ), #1957 ) ;
#991 = AXIS2_PLACEMENT_3D ( 'NONE', #2462, #3059, #2060 ) ;
#992 = FILL_AREA_STYLE_COLOUR ( '', #1884 ) ;
#993 = PRESENTATION_LAYER_ASSIGNMENT (  '', '', ( #1980 ) ) ;
#994 = EDGE_LOOP ( 'NONE', ( #204, #1267, #1155, #163 ) ) ;
#995 = DIRECTION ( 'NONE',  ( 0.000000000000000000, 1.000000000000000000, 0.000000000000000000 ) ) ;
#996 = PRESENTATION_STYLE_ASSIGNMENT (( #11 ) ) ;
#997 =( NAMED_UNIT ( * ) SI_UNIT ( $, .STERADIAN. ) SOLID_ANGLE_UNIT ( ) );
#998 = CARTESIAN_POINT ( 'NONE',  ( -0.4200000000000004285, -3.856000000000000316, 0.5649999999999999467 ) ) ;
#999 = CARTESIAN_POINT ( 'NONE',  ( 2.705999999999999073, -3.048000000000000487, 0.05700000000000002981 ) ) ;
#1000 = VECTOR ( 'NONE', #3891, 1000.000000000000000 ) ;
#1001 = ADVANCED_FACE ( 'NONE', ( #664 ), #3661, .F. ) ;
#1002 = COLOUR_RGB ( '',0.8039215686274510109, 0.8039215686274510109, 0.8039215686274510109 ) ;
#1003 = FILL_AREA_STYLE_COLOUR ( '', #2422 ) ;
#1004 = VERTEX_POINT ( 'NONE', #522 ) ;
#1005 =( NAMED_UNIT ( * ) PLANE_ANGLE_UNIT ( ) SI_UNIT ( $, .RADIAN. ) );
#1006 = EDGE_CURVE ( 'NONE', #3107, #2013, #849, .T. ) ;
#1007 = AXIS2_PLACEMENT_3D ( 'NONE', #351, #685, #1937 ) ;
#1008 = CARTESIAN_POINT ( 'NONE',  ( -2.705999999999999961, -3.719293188415452978, 0.05700000000000024492 ) ) ;
#1009 = CARTESIAN_POINT ( 'NONE',  ( -1.866000000000000547, -3.719293188415452978, -0.1930000000000000326 ) ) ;
#1010 = VERTEX_POINT ( 'NONE', #3960 ) ;
#1011 = DIRECTION ( 'NONE',  ( -0.000000000000000000, 1.000000000000000000, 1.615094851542735134E-16 ) ) ;
#1012 = LINE ( 'NONE', #2911, #201 ) ;
#1013 = CARTESIAN_POINT ( 'NONE',  ( -3.302000000000000934, -2.834102213680333993, -0.5430856599709250609 ) ) ;
#1014 = EDGE_LOOP ( 'NONE', ( #139, #1145, #2402, #1227, #2704, #3210 ) ) ;
#1015 = CARTESIAN_POINT ( 'NONE',  ( -3.302000000000000934, 2.897999999999999687, -0.5453375831753398684 ) ) ;
#1016 = CARTESIAN_POINT ( 'NONE',  ( -1.866000000000000547, -3.856000000000000316, 0.06500000000000000222 ) ) ;
#1017 = CARTESIAN_POINT ( 'NONE',  ( -5.089793721063931464, 2.726064063052962450, 0.9929999999999999938 ) ) ;
#1018 = ORIENTED_EDGE ( 'NONE', *, *, #832, .F. ) ;
#1019 = PRESENTATION_STYLE_ASSIGNMENT (( #1322 ) ) ;
#1020 = UNCERTAINTY_MEASURE_WITH_UNIT (LENGTH_MEASURE( 1.000000000000000082E-05 ), #171, 'distance_accuracy_value', 'NONE');
#1021 = DIRECTION ( 'NONE',  ( 0.000000000000000000, 0.000000000000000000, 1.000000000000000000 ) ) ;
#1022 = VERTEX_POINT ( 'NONE', #1092 ) ;
#1023 = FACE_OUTER_BOUND ( 'NONE', #349, .T. ) ;
#1024 = VECTOR ( 'NONE', #385, 1000.000000000000000 ) ;
#1025 = CIRCLE ( 'NONE', #2654, 0.2500000000000002776 ) ;
#1026 = FILL_AREA_STYLE_COLOUR ( '', #1821 ) ;
#1027 = CYLINDRICAL_SURFACE ( 'NONE', #3084, 0.1499999999999999667 ) ;
#1028 = VECTOR ( 'NONE', #1168, 1000.000000000000000 ) ;
#1029 = ORIENTED_EDGE ( 'NONE', *, *, #3973, .T. ) ;
#1030 = VECTOR ( 'NONE', #1671, 1000.000000000000000 ) ;
#1031 = CARTESIAN_POINT ( 'NONE',  ( 3.301999999999999602, -3.048000000000000487, 1.143000000000000016 ) ) ;
#1032 = EDGE_CURVE ( 'NONE', #2656, #1010, #3894, .T. ) ;
#1033 = CARTESIAN_POINT ( 'NONE',  ( -2.989733652697403876, -4.743286959344088061, 0.9929999999999999938 ) ) ;
#1034 = ORIENTED_EDGE ( 'NONE', *, *, #1730, .T. ) ;
#1035 = ORIENTED_EDGE ( 'NONE', *, *, #1418, .T. ) ;
#1036 = UNCERTAINTY_MEASURE_WITH_UNIT (LENGTH_MEASURE( 1.000000000000000082E-05 ), #1754, 'distance_accuracy_value', 'NONE');
#1037 = PRESENTATION_STYLE_ASSIGNMENT (( #87 ) ) ;
#1038 =( LENGTH_UNIT ( ) NAMED_UNIT ( * ) SI_UNIT ( .MILLI., .METRE. ) );
#1040 = DIRECTION ( 'NONE',  ( 1.000000000000000000, 0.000000000000000000, 0.000000000000000000 ) ) ;
#1039 = DIRECTION ( 'NONE',  ( 0.000000000000000000, -0.5146945073570351470, -0.8573736432247605066 ) ) ;
#1041 = LINE ( 'NONE', #3805, #3096 ) ;
#1042 = ORIENTED_EDGE ( 'NONE', *, *, #282, .T. ) ;
#1043 = CARTESIAN_POINT ( 'NONE',  ( -1.866000000000000547, -5.969000000000002082, -1.242999999999999883 ) ) ;
#1044 = VERTEX_POINT ( 'NONE', #460 ) ;
#1045 = MECHANICAL_DESIGN_GEOMETRIC_PRESENTATION_REPRESENTATION (  '', ( #2532 ), #789 ) ;
#1046 = PRESENTATION_LAYER_ASSIGNMENT (  '', '', ( #648 ) ) ;
#1047 = DIRECTION ( 'NONE',  ( 0.000000000000000000, 0.000000000000000000, -1.000000000000000000 ) ) ;
#1048 = STYLED_ITEM ( 'NONE', ( #2554 ), #317 ) ;
#1049 = FILL_AREA_STYLE_COLOUR ( '', #2369 ) ;
#1050 = EDGE_CURVE ( 'NONE', #1605, #1688, #2343, .T. ) ;
#1051 = CARTESIAN_POINT ( 'NONE',  ( 2.705999999999999073, -5.969000000000002082, -0.7337595157747623942 ) ) ;
#1052 =( LENGTH_UNIT ( ) NAMED_UNIT ( * ) SI_UNIT ( .MILLI., .METRE. ) );
#1053 = COLOUR_RGB ( '',0.8039215686274510109, 0.8039215686274510109, 0.8039215686274510109 ) ;
#1054 = EDGE_CURVE ( 'NONE', #3879, #3091, #1461, .T. ) ;
#1055 = VECTOR ( 'NONE', #2059, 1000.000000000000000 ) ;
#1056 = DIRECTION ( 'NONE',  ( 1.000000000000000000, -0.000000000000000000, 0.000000000000000000 ) ) ;
#1057 = VECTOR ( 'NONE', #1435, 1000.000000000000000 ) ;
#1058 = CARTESIAN_POINT ( 'NONE',  ( 3.301999999999999602, 2.889152126050316571, -0.5429999999999998161 ) ) ;
#1059 = CARTESIAN_POINT ( 'NONE',  ( 2.705999999999999073, -4.284686821612380569, 0.3223472536785179643 ) ) ;
#1060 = ORIENTED_EDGE ( 'NONE', *, *, #93, .F. ) ;
#1061 = VECTOR ( 'NONE', #348, 1000.000000000000000 ) ;
#1062 = UNCERTAINTY_MEASURE_WITH_UNIT (LENGTH_MEASURE( 1.000000000000000082E-05 ), #1419, 'distance_accuracy_value', 'NONE');
#1063 = DIRECTION ( 'NONE',  ( -0.000000000000000000, -1.000000000000000000, -0.000000000000000000 ) ) ;
#1064 =( BOUNDED_CURVE ( )  B_SPLINE_CURVE ( 3, ( #3849, #3832, #2564, #1610 ),
 .UNSPECIFIED., .F., .F. ) 
 B_SPLINE_CURVE_WITH_KNOTS ( ( 4, 4 ),
 ( 6.272258890136511944, 6.283185307179586232 ),
 .UNSPECIFIED. ) 
 CURVE ( )  GEOMETRIC_REPRESENTATION_ITEM ( )  RATIONAL_B_SPLINE_CURVE ( ( 1.000000000000000000, 0.9999900511422950000, 0.9999900511422950000, 1.000000000000000000 ) ) 
 REPRESENTATION_ITEM ( '' )  );
#1065 = PRESENTATION_LAYER_ASSIGNMENT (  '', '', ( #2307 ) ) ;
#1066 =( LENGTH_UNIT ( ) NAMED_UNIT ( * ) SI_UNIT ( .MILLI., .METRE. ) );
#1067 = ORIENTED_EDGE ( 'NONE', *, *, #22, .T. ) ;
#1068 = SURFACE_SIDE_STYLE ('',( #2792 ) ) ;
#1069 = ORIENTED_EDGE ( 'NONE', *, *, #1783, .F. ) ;
#1070 = DIRECTION ( 'NONE',  ( -1.000000000000000000, -0.000000000000000000, -0.000000000000000000 ) ) ;
#1071 = ADVANCED_FACE ( 'NONE', ( #793 ), #3259, .F. ) ;
#1072 = ORIENTED_EDGE ( 'NONE', *, *, #2817, .F. ) ;
#1073 = EDGE_CURVE ( 'NONE', #2986, #4045, #542, .T. ) ;
#1075 = FACE_OUTER_BOUND ( 'NONE', #2225, .T. ) ;
#1074 = LINE ( 'NONE', #3239, #2335 ) ;
#1076 = ORIENTED_EDGE ( 'NONE', *, *, #2257, .F. ) ;
#1077 = SURFACE_STYLE_FILL_AREA ( #1520 ) ;
#1078 = DIRECTION ( 'NONE',  ( -1.000000000000000000, -0.000000000000000000, -0.000000000000000000 ) ) ;
#1079 = CARTESIAN_POINT ( 'NONE',  ( -2.669999999999999929, 3.047999999999999599, -0.6349999999999998979 ) ) ;
#1080 = EDGE_LOOP ( 'NONE', ( #2107, #851, #1850, #3551, #166, #3857, #1797, #574, #2491, #47 ) ) ;
#1081 = FACE_OUTER_BOUND ( 'NONE', #649, .T. ) ;
#1082 = DIRECTION ( 'NONE',  ( 1.000000000000000000, 0.000000000000000000, 0.000000000000000000 ) ) ;
#1083 = PRESENTATION_LAYER_ASSIGNMENT (  '', '', ( #2008 ) ) ;
#1084 = VERTEX_POINT ( 'NONE', #1217 ) ;
#1085 = SURFACE_SIDE_STYLE ('',( #3910 ) ) ;
#1086 =( NAMED_UNIT ( * ) PLANE_ANGLE_UNIT ( ) SI_UNIT ( $, .RADIAN. ) );
#1087 =( LENGTH_UNIT ( ) NAMED_UNIT ( * ) SI_UNIT ( .MILLI., .METRE. ) );
#1088 = SURFACE_STYLE_USAGE ( .BOTH. , #3299 ) ;
#1089 = MECHANICAL_DESIGN_GEOMETRIC_PRESENTATION_REPRESENTATION (  '', ( #3511 ), #438 ) ;
#1090 = STYLED_ITEM ( 'NONE', ( #2346 ), #3368 ) ;
#1091 =( NAMED_UNIT ( * ) SI_UNIT ( $, .STERADIAN. ) SOLID_ANGLE_UNIT ( ) );
#1092 = CARTESIAN_POINT ( 'NONE',  ( -3.152000000000001023, -2.982463259276783685, -0.5665404363826145318 ) ) ;
#1093 = FILL_AREA_STYLE ('',( #2100 ) ) ;
#1094 =( GEOMETRIC_REPRESENTATION_CONTEXT ( 3 ) GLOBAL_UNCERTAINTY_ASSIGNED_CONTEXT ( ( #693 ) ) GLOBAL_UNIT_ASSIGNED_CONTEXT ( ( #2732, #1825, #1439 ) ) REPRESENTATION_CONTEXT ( 'NONE', 'WORKASPACE' ) );
#1095 = PLANE ( 'NONE',  #371 ) ;
#1096 = ORIENTED_EDGE ( 'NONE', *, *, #1730, .F. ) ;
#1097 = EDGE_CURVE ( 'NONE', #359, #2499, #3718, .T. ) ;
#1098 = FILL_AREA_STYLE ('',( #1399 ) ) ;
#1099 = CARTESIAN_POINT ( 'NONE',  ( 2.413000000000000700, -1.185000000000000275, -0.6349999999999998979 ) ) ;
#1100 = ORIENTED_EDGE ( 'NONE', *, *, #3020, .T. ) ;
#1101 = CARTESIAN_POINT ( 'NONE',  ( -3.152821715694758886, -2.898000000000000576, -0.5586792694901469014 ) ) ;
#1102 = UNCERTAINTY_MEASURE_WITH_UNIT (LENGTH_MEASURE( 1.000000000000000082E-05 ), #4024, 'distance_accuracy_value', 'NONE');
#1103 = ADVANCED_FACE ( 'NONE', ( #2165 ), #4063, .F. ) ;
#1104 = FILL_AREA_STYLE ('',( #3370 ) ) ;
#1105 = MECHANICAL_DESIGN_GEOMETRIC_PRESENTATION_REPRESENTATION (  '', ( #2172 ), #2883 ) ;
#1106 = ORIENTED_EDGE ( 'NONE', *, *, #3361, .F. ) ;
#1107 =( NAMED_UNIT ( * ) SI_UNIT ( $, .STERADIAN. ) SOLID_ANGLE_UNIT ( ) );
#1108 = PRESENTATION_LAYER_ASSIGNMENT (  '', '', ( #2032 ) ) ;
#1109 = CARTESIAN_POINT ( 'NONE',  ( 2.705999999999999073, -4.449000000000001620, -0.9228142532412906274 ) ) ;
#1110 = ORIENTED_EDGE ( 'NONE', *, *, #1547, .F. ) ;
#1111 = DIRECTION ( 'NONE',  ( 0.1039620511844912970, -0.1039620511844909917, 0.9891328443778553137 ) ) ;
#1112 = STYLED_ITEM ( 'NONE', ( #2629 ), #1701 ) ;
#1113 = COLOUR_RGB ( '',0.8039215686274510109, 0.8039215686274510109, 0.8039215686274510109 ) ;
#1114 = LINE ( 'NONE', #465, #1975 ) ;
#1115 =( LENGTH_UNIT ( ) NAMED_UNIT ( * ) SI_UNIT ( .MILLI., .METRE. ) );
#1116 = STYLED_ITEM ( 'NONE', ( #2639 ), #452 ) ;
#1117 = STYLED_ITEM ( 'NONE', ( #1130 ), #1932 ) ;
#1118 = CIRCLE ( 'NONE', #3, 0.1499999999999999389 ) ;
#1119 = COLOUR_RGB ( '',0.8039215686274510109, 0.8039215686274510109, 0.8039215686274510109 ) ;
#1120 =( NAMED_UNIT ( * ) SI_UNIT ( $, .STERADIAN. ) SOLID_ANGLE_UNIT ( ) );
#1121 = DIRECTION ( 'NONE',  ( 0.000000000000000000, 0.000000000000000000, -1.000000000000000000 ) ) ;
#1122 = EDGE_CURVE ( 'NONE', #2117, #1746, #2862, .T. ) ;
#1123 = VERTEX_POINT ( 'NONE', #2847 ) ;
#1124 = DIRECTION ( 'NONE',  ( 0.000000000000000000, 0.000000000000000000, 1.000000000000000000 ) ) ;
#1125 = COLOUR_RGB ( '',0.2862745098039215508, 0.2862745098039215508, 0.2862745098039215508 ) ;
#1126 = VECTOR ( 'NONE', #561, 1000.000000000000000 ) ;
#1127 = CARTESIAN_POINT ( 'NONE',  ( 2.989733652697403876, -2.852189145371765822, 0.9929999999999999938 ) ) ;
#1128 = EDGE_CURVE ( 'NONE', #659, #3895, #2027, .T. ) ;
#1129 = ORIENTED_EDGE ( 'NONE', *, *, #3599, .T. ) ;
#1130 = PRESENTATION_STYLE_ASSIGNMENT (( #2684 ) ) ;
#1131 = DIRECTION ( 'NONE',  ( -1.000000000000000000, -0.000000000000000000, -0.000000000000000000 ) ) ;
#1132 = PRESENTATION_LAYER_ASSIGNMENT (  '', '', ( #1455 ) ) ;
#1133 = PRESENTATION_STYLE_ASSIGNMENT (( #3955 ) ) ;
#1134 = FILL_AREA_STYLE ('',( #2688 ) ) ;
#1135 = CARTESIAN_POINT ( 'NONE',  ( -2.380133652697403956, -2.242589145371766790, 1.132999999999999785 ) ) ;
#1136 = ORIENTED_EDGE ( 'NONE', *, *, #2312, .T. ) ;
#1137 = SURFACE_SIDE_STYLE ('',( #3959 ) ) ;
#1138 = DIRECTION ( 'NONE',  ( 0.1045284632676466569, -0.000000000000000000, 0.9945218953682740670 ) ) ;
#1139 = PRESENTATION_LAYER_ASSIGNMENT (  '', '', ( #3897 ) ) ;
#1140 = FILL_AREA_STYLE ('',( #3981 ) ) ;
#1141 = DIRECTION ( 'NONE',  ( -0.1039620511844909778, 0.1039620511844911166, -0.9891328443778552026 ) ) ;
#1142 = DIRECTION ( 'NONE',  ( 0.000000000000000000, 0.000000000000000000, -1.000000000000000000 ) ) ;
#1143 =( GEOMETRIC_REPRESENTATION_CONTEXT ( 3 ) GLOBAL_UNCERTAINTY_ASSIGNED_CONTEXT ( ( #974 ) ) GLOBAL_UNIT_ASSIGNED_CONTEXT ( ( #960, #668, #2891 ) ) REPRESENTATION_CONTEXT ( 'NONE', 'WORKASPACE' ) );
#1144 = FILL_AREA_STYLE_COLOUR ( '', #1113 ) ;
#1145 = ORIENTED_EDGE ( 'NONE', *, *, #1277, .T. ) ;
#1146 = UNCERTAINTY_MEASURE_WITH_UNIT (LENGTH_MEASURE( 1.000000000000000082E-05 ), #2260, 'distance_accuracy_value', 'NONE');
#1147 = ORIENTED_EDGE ( 'NONE', *, *, #302, .T. ) ;
#1148 = CARTESIAN_POINT ( 'NONE',  ( 0.000000000000000000, -2.852189145371765822, 0.9929999999999999938 ) ) ;
#1149 = VERTEX_POINT ( 'NONE', #3852 ) ;
#1150 = FILL_AREA_STYLE_COLOUR ( '', #2174 ) ;
#1151 = CARTESIAN_POINT ( 'NONE',  ( 2.705999999999999073, -5.969000000000002082, -1.242999999999999883 ) ) ;
#1152 = EDGE_CURVE ( 'NONE', #399, #2148, #1383, .T. ) ;
#1153 =( NAMED_UNIT ( * ) SI_UNIT ( $, .STERADIAN. ) SOLID_ANGLE_UNIT ( ) );
#1154 = CARTESIAN_POINT ( 'NONE',  ( 3.151999999999999247, 2.897999999999999687, -1.143000000000000016 ) ) ;
#1155 = ORIENTED_EDGE ( 'NONE', *, *, #2965, .T. ) ;
#1156 = FILL_AREA_STYLE ('',( #3055 ) ) ;
#1157 =( GEOMETRIC_REPRESENTATION_CONTEXT ( 3 ) GLOBAL_UNCERTAINTY_ASSIGNED_CONTEXT ( ( #4031 ) ) GLOBAL_UNIT_ASSIGNED_CONTEXT ( ( #3112, #3209, #2206 ) ) REPRESENTATION_CONTEXT ( 'NONE', 'WORKASPACE' ) );
#1158 = CARTESIAN_POINT ( 'NONE',  ( 3.086463259276783333, -3.048000000000000487, 0.05699999999999996736 ) ) ;
#1159 = SURFACE_STYLE_FILL_AREA ( #1093 ) ;
#1160 = ADVANCED_FACE ( 'NONE', ( #658 ), #2906, .T. ) ;
#1161 = VECTOR ( 'NONE', #559, 1000.000000000000000 ) ;
#1162 = STYLED_ITEM ( 'NONE', ( #25 ), #2840 ) ;
#1163 = CARTESIAN_POINT ( 'NONE',  ( -0.6895849350376394016, -3.856000000000000316, -1.242999999999999883 ) ) ;
#1164 =( NAMED_UNIT ( * ) PLANE_ANGLE_UNIT ( ) SI_UNIT ( $, .RADIAN. ) );
#1165 =( NAMED_UNIT ( * ) SI_UNIT ( $, .STERADIAN. ) SOLID_ANGLE_UNIT ( ) );
#1166 = MECHANICAL_DESIGN_GEOMETRIC_PRESENTATION_REPRESENTATION (  '', ( #2942 ), #2014 ) ;
#1167 = EDGE_CURVE ( 'NONE', #659, #2474, #464, .T. ) ;
#1168 = DIRECTION ( 'NONE',  ( -0.000000000000000000, -0.000000000000000000, -1.000000000000000000 ) ) ;
#1169 = DIRECTION ( 'NONE',  ( 0.2588190451025180749, -0.9659258262890690894, 0.000000000000000000 ) ) ;
#1170 =( LENGTH_UNIT ( ) NAMED_UNIT ( * ) SI_UNIT ( .MILLI., .METRE. ) );
#1171 = CYLINDRICAL_SURFACE ( 'NONE', #1238, 0.2499999999999999445 ) ;
#1172 = CARTESIAN_POINT ( 'NONE',  ( -2.413000000000002476, -1.184999999999999609, -0.6349999999999998979 ) ) ;
#1173 = DIRECTION ( 'NONE',  ( -0.000000000000000000, 1.000000000000000000, -0.000000000000000000 ) ) ;
#1174 = ORIENTED_EDGE ( 'NONE', *, *, #1469, .F. ) ;
#1175 = PRESENTATION_STYLE_ASSIGNMENT (( #225 ) ) ;
#1176 = FACE_OUTER_BOUND ( 'NONE', #1993, .T. ) ;
#1177 = CARTESIAN_POINT ( 'NONE',  ( 1.865999999999999437, -4.842808584740295075, -1.164249024692683765 ) ) ;
#1178 = CARTESIAN_POINT ( 'NONE',  ( 3.239867965644035674, -2.921874917681195338, -1.143000000000000016 ) ) ;
#1179 = SURFACE_STYLE_FILL_AREA ( #594 ) ;
#1180 = PRESENTATION_STYLE_ASSIGNMENT (( #3998 ) ) ;
#1181 = DIRECTION ( 'NONE',  ( 0.000000000000000000, 0.000000000000000000, -1.000000000000000000 ) ) ;
#1182 = EDGE_LOOP ( 'NONE', ( #896, #950, #3023, #2837 ) ) ;
#1183 =( NAMED_UNIT ( * ) SI_UNIT ( $, .STERADIAN. ) SOLID_ANGLE_UNIT ( ) );
#1184 = CARTESIAN_POINT ( 'NONE',  ( -1.866000000000000547, -5.019989009089125709, -0.4167877281606726658 ) ) ;
#1185 = EDGE_CURVE ( 'NONE', #2292, #213, #3470, .T. ) ;
#1186 = CARTESIAN_POINT ( 'NONE',  ( 0.4199999999999993738, -3.856000000000000316, 0.01631136535407506569 ) ) ;
#1187 = PRESENTATION_STYLE_ASSIGNMENT (( #856 ) ) ;
#1188 = EDGE_CURVE ( 'NONE', #3798, #1970, #2527, .T. ) ;
#1189 = VECTOR ( 'NONE', #2136, 1000.000000000000000 ) ;
#1190 = VECTOR ( 'NONE', #3453, 1000.000000000000000 ) ;
#1191 =( LENGTH_UNIT ( ) NAMED_UNIT ( * ) SI_UNIT ( .MILLI., .METRE. ) );
#1192 = DIRECTION ( 'NONE',  ( 0.000000000000000000, 0.000000000000000000, 1.000000000000000000 ) ) ;
#1193 = CARTESIAN_POINT ( 'NONE',  ( 2.705999999999999073, -4.284686821612380569, 0.3223472536785175757 ) ) ;
#1194 = COLOUR_RGB ( '',0.8039215686274510109, 0.8039215686274510109, 0.8039215686274510109 ) ;
#1195 = DIRECTION ( 'NONE',  ( -0.000000000000000000, 1.000000000000000000, 1.615094851542735134E-16 ) ) ;
#1196 =( LENGTH_UNIT ( ) NAMED_UNIT ( * ) SI_UNIT ( .MILLI., .METRE. ) );
#1197 = DIRECTION ( 'NONE',  ( 0.000000000000000000, -0.5146945073570351470, -0.8573736432247605066 ) ) ;
#1198 = SURFACE_STYLE_USAGE ( .BOTH. , #3682 ) ;
#1199 = CARTESIAN_POINT ( 'NONE',  ( 3.088102213680336217, -3.048000000000000487, 0.05708565997091116090 ) ) ;
#1200 = EDGE_LOOP ( 'NONE', ( #3504, #387, #2228, #3198 ) ) ;
#1201 = CARTESIAN_POINT ( 'NONE',  ( 1.865999999999999437, -5.969000000000002082, -1.242999999999999883 ) ) ;
#1202 = SURFACE_SIDE_STYLE ('',( #1077 ) ) ;
#1203 =( NAMED_UNIT ( * ) PLANE_ANGLE_UNIT ( ) SI_UNIT ( $, .RADIAN. ) );
#1204 = STYLED_ITEM ( 'NONE', ( #2637 ), #196 ) ;
#1205 = ADVANCED_FACE ( 'NONE', ( #637 ), #3149, .T. ) ;
#1206 = SURFACE_STYLE_FILL_AREA ( #2503 ) ;
#1207 = CARTESIAN_POINT ( 'NONE',  ( -0.4200000000000004285, -3.048000000000000487, 0.05700000000000002981 ) ) ;
#1208 = FILL_AREA_STYLE ('',( #959 ) ) ;
#1209 = ADVANCED_FACE ( 'NONE', ( #551 ), #3343, .T. ) ;
#1210 = SURFACE_SIDE_STYLE ('',( #2128 ) ) ;
#1211 = VERTEX_POINT ( 'NONE', #3967 ) ;
#1212 = AXIS2_PLACEMENT_3D ( 'NONE', #1154, #1712, #3659 ) ;
#1213 =( NAMED_UNIT ( * ) PLANE_ANGLE_UNIT ( ) SI_UNIT ( $, .RADIAN. ) );
#1214 = PRESENTATION_STYLE_ASSIGNMENT (( #2765 ) ) ;
#1215 = ORIENTED_EDGE ( 'NONE', *, *, #3141, .F. ) ;
#1216 = EDGE_LOOP ( 'NONE', ( #840, #1645, #1502, #873 ) ) ;
#1217 = CARTESIAN_POINT ( 'NONE',  ( -3.152000000000001023, -2.921874917681196671, -1.143000000000000016 ) ) ;
#1218 = CARTESIAN_POINT ( 'NONE',  ( 2.413000000000000700, -1.185000000000000275, -1.143000000000000016 ) ) ;
#1219 = LINE ( 'NONE', #601, #2217 ) ;
#1220 = SURFACE_STYLE_FILL_AREA ( #4021 ) ;
#1221 = ORIENTED_EDGE ( 'NONE', *, *, #1674, .F. ) ;
#1222 = ORIENTED_EDGE ( 'NONE', *, *, #1073, .F. ) ;
#1223 = STYLED_ITEM ( 'NONE', ( #1895 ), #2561 ) ;
#1224 = VECTOR ( 'NONE', #2362, 1000.000000000000000 ) ;
#1225 = CARTESIAN_POINT ( 'NONE',  ( -1.866000000000000547, -4.284686821612380569, 0.3223472536785175757 ) ) ;
#1226 = AXIS2_PLACEMENT_3D ( 'NONE', #2691, #4040, #951 ) ;
#1227 = ORIENTED_EDGE ( 'NONE', *, *, #398, .T. ) ;
#1228 = ADVANCED_FACE ( 'NONE', ( #2676 ), #2735, .T. ) ;
#1229 =( GEOMETRIC_REPRESENTATION_CONTEXT ( 3 ) GLOBAL_UNCERTAINTY_ASSIGNED_CONTEXT ( ( #1965 ) ) GLOBAL_UNIT_ASSIGNED_CONTEXT ( ( #2118, #1005, #95 ) ) REPRESENTATION_CONTEXT ( 'NONE', 'WORKASPACE' ) );
#1230 = SURFACE_STYLE_USAGE ( .BOTH. , #2788 ) ;
#1231 = ORIENTED_EDGE ( 'NONE', *, *, #2447, .F. ) ;
#1232 = EDGE_CURVE ( 'NONE', #3567, #2340, #179, .T. ) ;
#1233 =( NAMED_UNIT ( * ) PLANE_ANGLE_UNIT ( ) SI_UNIT ( $, .RADIAN. ) );
#1234 = VERTEX_POINT ( 'NONE', #1938 ) ;
#1235 =( LENGTH_UNIT ( ) NAMED_UNIT ( * ) SI_UNIT ( .MILLI., .METRE. ) );
#1236 = LINE ( 'NONE', #3456, #1126 ) ;
#1237 = LINE ( 'NONE', #3751, #1308 ) ;
#1238 = AXIS2_PLACEMENT_3D ( 'NONE', #3903, #1078, #2998 ) ;
#1239 = UNCERTAINTY_MEASURE_WITH_UNIT (LENGTH_MEASURE( 1.000000000000000082E-05 ), #1871, 'distance_accuracy_value', 'NONE');
#1240 = VECTOR ( 'NONE', #4026, 1000.000000000000000 ) ;
#1241 =( LENGTH_UNIT ( ) NAMED_UNIT ( * ) SI_UNIT ( .MILLI., .METRE. ) );
#1242 = FACE_OUTER_BOUND ( 'NONE', #2386, .T. ) ;
#1243 = CARTESIAN_POINT ( 'NONE',  ( 2.413000000000000700, 3.047999999999999599, -1.143000000000000016 ) ) ;
#1244 = COLOUR_RGB ( '',0.9607843137254902244, 0.9607843137254902244, 0.9607843137254902244 ) ;
#1245 = MECHANICAL_DESIGN_GEOMETRIC_PRESENTATION_REPRESENTATION (  '', ( #3475 ), #467 ) ;
#1246 = ORIENTED_EDGE ( 'NONE', *, *, #862, .T. ) ;
#1247 = LINE ( 'NONE', #2789, #2888 ) ;
#1248 = FILL_AREA_STYLE ('',( #981 ) ) ;
#1249 = VECTOR ( 'NONE', #3018, 1000.000000000000000 ) ;
#1250 = FACE_OUTER_BOUND ( 'NONE', #2069, .T. ) ;
#1251 = PRESENTATION_LAYER_ASSIGNMENT (  '', '', ( #1640 ) ) ;
#1252 = ADVANCED_FACE ( 'NONE', ( #24 ), #1294, .F. ) ;
#1253 = CYLINDRICAL_SURFACE ( 'NONE', #657, 0.3048000000000000154 ) ;
#1254 = SURFACE_SIDE_STYLE ('',( #4077 ) ) ;
#1255 = MECHANICAL_DESIGN_GEOMETRIC_PRESENTATION_REPRESENTATION (  '', ( #1916 ), #2839 ) ;
#1256 =( NAMED_UNIT ( * ) SI_UNIT ( $, .STERADIAN. ) SOLID_ANGLE_UNIT ( ) );
#1257 = FILL_AREA_STYLE ('',( #2 ) ) ;
#1258 = CARTESIAN_POINT ( 'NONE',  ( 3.036357269115276036, -3.047991046094877365, 0.5650851907166247745 ) ) ;
#1259 = AXIS2_PLACEMENT_3D ( 'NONE', #3791, #2909, #350 ) ;
#1260 =( NAMED_UNIT ( * ) SI_UNIT ( $, .STERADIAN. ) SOLID_ANGLE_UNIT ( ) );
#1261 = CARTESIAN_POINT ( 'NONE',  ( -2.989733652697403876, 2.726064063052962450, 0.9929999999999999938 ) ) ;
#1262 = DIRECTION ( 'NONE',  ( 0.000000000000000000, 0.1045284632676465181, 0.9945218953682740670 ) ) ;
#1263 = ORIENTED_EDGE ( 'NONE', *, *, #2154, .F. ) ;
#1264 =( GEOMETRIC_REPRESENTATION_CONTEXT ( 3 ) GLOBAL_UNCERTAINTY_ASSIGNED_CONTEXT ( ( #2006 ) ) GLOBAL_UNIT_ASSIGNED_CONTEXT ( ( #3062, #864, #300 ) ) REPRESENTATION_CONTEXT ( 'NONE', 'WORKASPACE' ) );
#1265 = AXIS2_PLACEMENT_3D ( 'NONE', #209, #3010, #1410 ) ;
#1266 = SURFACE_SIDE_STYLE ('',( #1513 ) ) ;
#1267 = ORIENTED_EDGE ( 'NONE', *, *, #1188, .F. ) ;
#1268 =( NAMED_UNIT ( * ) SI_UNIT ( $, .STERADIAN. ) SOLID_ANGLE_UNIT ( ) );
#1269 = FILL_AREA_STYLE ('',( #1875 ) ) ;
#1270 = AXIS2_PLACEMENT_3D ( 'NONE', #2845, #18, #4061 ) ;
#1271 = CARTESIAN_POINT ( 'NONE',  ( 0.4199999999999993738, -5.019989009089125709, -0.4167877281606726658 ) ) ;
#1272 = FILL_AREA_STYLE ('',( #4076 ) ) ;
#1273 = MECHANICAL_DESIGN_GEOMETRIC_PRESENTATION_REPRESENTATION (  '', ( #2321 ), #1143 ) ;
#1274 = SURFACE_SIDE_STYLE ('',( #369 ) ) ;
#1275 = PLANE ( 'NONE',  #729 ) ;
#1276 = EDGE_CURVE ( 'NONE', #2285, #2310, #1237, .T. ) ;
#1277 = EDGE_CURVE ( 'NONE', #3797, #1535, #1350, .T. ) ;
#1278 =( NAMED_UNIT ( * ) SI_UNIT ( $, .STERADIAN. ) SOLID_ANGLE_UNIT ( ) );
#1279 = UNCERTAINTY_MEASURE_WITH_UNIT (LENGTH_MEASURE( 1.000000000000000082E-05 ), #1115, 'distance_accuracy_value', 'NONE');
#1280 = MECHANICAL_DESIGN_GEOMETRIC_PRESENTATION_REPRESENTATION (  '', ( #2008 ), #437 ) ;
#1281 = PLANE ( 'NONE',  #1560 ) ;
#1282 = ORIENTED_EDGE ( 'NONE', *, *, #1475, .T. ) ;
#1283 = COLOUR_RGB ( '',0.8039215686274510109, 0.8039215686274510109, 0.8039215686274510109 ) ;
#1284 = PRESENTATION_LAYER_ASSIGNMENT (  '', '', ( #2066 ) ) ;
#1285 =( GEOMETRIC_REPRESENTATION_CONTEXT ( 3 ) GLOBAL_UNCERTAINTY_ASSIGNED_CONTEXT ( ( #1766 ) ) GLOBAL_UNIT_ASSIGNED_CONTEXT ( ( #2096, #2646, #1183 ) ) REPRESENTATION_CONTEXT ( 'NONE', 'WORKASPACE' ) );
#1286 = FILL_AREA_STYLE ('',( #4057 ) ) ;
#1287 = ORIENTED_EDGE ( 'NONE', *, *, #2478, .F. ) ;
#1288 = CARTESIAN_POINT ( 'NONE',  ( -2.075333652697403775, -2.242589145371766790, 1.143000000000000016 ) ) ;
#1289 =( GEOMETRIC_REPRESENTATION_CONTEXT ( 3 ) GLOBAL_UNCERTAINTY_ASSIGNED_CONTEXT ( ( #2605 ) ) GLOBAL_UNIT_ASSIGNED_CONTEXT ( ( #1796, #3915, #1091 ) ) REPRESENTATION_CONTEXT ( 'NONE', 'WORKASPACE' ) );
#1290 = VECTOR ( 'NONE', #266, 1000.000000000000000 ) ;
#1291 = FACE_OUTER_BOUND ( 'NONE', #988, .T. ) ;
#1292 = ORIENTED_EDGE ( 'NONE', *, *, #3172, .F. ) ;
#1293 = EDGE_CURVE ( 'NONE', #2156, #325, #1391, .T. ) ;
#1294 = PLANE ( 'NONE',  #3593 ) ;
#1295 = EDGE_CURVE ( 'NONE', #1767, #2961, #2264, .T. ) ;
#1296 = CARTESIAN_POINT ( 'NONE',  ( -3.124794259342080771, 2.726064063052962450, 1.143000000000000016 ) ) ;
#1297 = SURFACE_STYLE_USAGE ( .BOTH. , #1621 ) ;
#1298 = CARTESIAN_POINT ( 'NONE',  ( 2.705999999999999073, -5.002549890653083864, -1.175419224950865482 ) ) ;
#1299 = SURFACE_STYLE_USAGE ( .BOTH. , #1210 ) ;
#1300 = EDGE_CURVE ( 'NONE', #399, #1720, #2622, .T. ) ;
#1301 = LINE ( 'NONE', #3844, #2545 ) ;
#1302 = EDGE_LOOP ( 'NONE', ( #2859, #312, #598, #578 ) ) ;
#1303 = UNCERTAINTY_MEASURE_WITH_UNIT (LENGTH_MEASURE( 1.000000000000000082E-05 ), #1170, 'distance_accuracy_value', 'NONE');
#1304 = AXIS2_PLACEMENT_3D ( 'NONE', #3542, #3562, #763 ) ;
#1305 = VERTEX_POINT ( 'NONE', #1955 ) ;
#1306 = LINE ( 'NONE', #3208, #3993 ) ;
#1307 = AXIS2_PLACEMENT_3D ( 'NONE', #1031, #2036, #82 ) ;
#1308 = VECTOR ( 'NONE', #619, 1000.000000000000000 ) ;
#1309 =( LENGTH_UNIT ( ) NAMED_UNIT ( * ) SI_UNIT ( .MILLI., .METRE. ) );
#1310 = STYLED_ITEM ( 'NONE', ( #514 ), #503 ) ;
#1311 = DIRECTION ( 'NONE',  ( -1.000000000000000000, -0.000000000000000000, -0.000000000000000000 ) ) ;
#1312 = SURFACE_STYLE_FILL_AREA ( #372 ) ;
#1313 = AXIS2_PLACEMENT_3D ( 'NONE', #651, #2182, #3145 ) ;
#1314 = PRESENTATION_LAYER_ASSIGNMENT (  '', '', ( #3227 ) ) ;
#1315 = PRESENTATION_STYLE_ASSIGNMENT (( #2884 ) ) ;
#1316 = CARTESIAN_POINT ( 'NONE',  ( -1.866000000000000547, -4.805645598282936248, -0.5454613549999314248 ) ) ;
#1317 = EDGE_LOOP ( 'NONE', ( #2852, #818, #3490, #2298, #2004, #1415 ) ) ;
#1318 = MECHANICAL_DESIGN_GEOMETRIC_PRESENTATION_REPRESENTATION (  '', ( #3547 ), #3761 ) ;
#1319 = CYLINDRICAL_SURFACE ( 'NONE', #776, 0.1499999999999999389 ) ;
#1320 = DIRECTION ( 'NONE',  ( 0.000000000000000000, 0.000000000000000000, 1.000000000000000000 ) ) ;
#1321 = EDGE_LOOP ( 'NONE', ( #2280, #2776, #3931, #2374 ) ) ;
#1322 = SURFACE_STYLE_USAGE ( .BOTH. , #3806 ) ;
#1323 = ADVANCED_FACE ( 'NONE', ( #791 ), #3300, .T. ) ;
#1324 = LINE ( 'NONE', #1967, #2757 ) ;
#1325 = ORIENTED_EDGE ( 'NONE', *, *, #680, .T. ) ;
#1326 = SURFACE_STYLE_USAGE ( .BOTH. , #2903 ) ;
#1327 = CARTESIAN_POINT ( 'NONE',  ( 2.413000000000000700, -1.185000000000000275, -1.143000000000000016 ) ) ;
#1328 = CARTESIAN_POINT ( 'NONE',  ( 2.989733652697403876, -2.852189145371766266, 0.9929999999999999938 ) ) ;
#1329 = EDGE_LOOP ( 'NONE', ( #1334, #2550, #2761, #3708 ) ) ;
#1330 = EDGE_CURVE ( 'NONE', #2961, #2050, #3193, .T. ) ;
#1331 = VECTOR ( 'NONE', #3354, 1000.000000000000000 ) ;
#1332 = PRESENTATION_STYLE_ASSIGNMENT (( #2850 ) ) ;
#1333 = ORIENTED_EDGE ( 'NONE', *, *, #2821, .T. ) ;
#1334 = ORIENTED_EDGE ( 'NONE', *, *, #558, .T. ) ;
#1335 =( NAMED_UNIT ( * ) SI_UNIT ( $, .STERADIAN. ) SOLID_ANGLE_UNIT ( ) );
#1336 = DIRECTION ( 'NONE',  ( 1.000000000000000000, 0.000000000000000000, 0.000000000000000000 ) ) ;
#1337 = CARTESIAN_POINT ( 'NONE',  ( -0.4200000000000004285, -3.856000000000000316, -0.4167877281606726658 ) ) ;
#1338 = EDGE_LOOP ( 'NONE', ( #3413, #3709, #521, #2221 ) ) ;
#1339 = UNCERTAINTY_MEASURE_WITH_UNIT (LENGTH_MEASURE( 1.000000000000000082E-05 ), #2715, 'distance_accuracy_value', 'NONE');
#1340 = VECTOR ( 'NONE', #984, 1000.000000000000000 ) ;
#1341 = EDGE_CURVE ( 'NONE', #3864, #659, #3908, .T. ) ;
#1342 = ORIENTED_EDGE ( 'NONE', *, *, #3191, .T. ) ;
#1343 = CARTESIAN_POINT ( 'NONE',  ( -3.058559889367015838, -3.070193666346618055, 0.3538413698028427534 ) ) ;
#1344 = STYLED_ITEM ( 'NONE', ( #2214 ), #2943 ) ;
#1345 = ADVANCED_FACE ( 'NONE', ( #3273 ), #1027, .T. ) ;
#1346 = ORIENTED_EDGE ( 'NONE', *, *, #429, .F. ) ;
#1347 = FILL_AREA_STYLE_COLOUR ( '', #1367 ) ;
#1348 = LINE ( 'NONE', #2282, #2247 ) ;
#1349 = MANIFOLD_SOLID_BREP ( 'LPattern1[2]', #2552 ) ;
#1350 = LINE ( 'NONE', #1997, #3601 ) ;
#1351 = FACE_OUTER_BOUND ( 'NONE', #1014, .T. ) ;
#1352 =( NAMED_UNIT ( * ) PLANE_ANGLE_UNIT ( ) SI_UNIT ( $, .RADIAN. ) );
#1353 = CARTESIAN_POINT ( 'NONE',  ( -3.268621494663932037, 2.992336774284213519, -0.5819958899866493063 ) ) ;
#1354 = CARTESIAN_POINT ( 'NONE',  ( 2.669999999999999929, 3.047999999999999599, -0.6349999999999998979 ) ) ;
#1355 = SURFACE_STYLE_FILL_AREA ( #2647 ) ;
#1356 = DIRECTION ( 'NONE',  ( 0.000000000000000000, 0.000000000000000000, -1.000000000000000000 ) ) ;
#1357 = EDGE_LOOP ( 'NONE', ( #2322, #2414, #727, #279, #2245, #354, #306, #1689, #2595, #477, #3968, #158 ) ) ;
#1358 = PLANE ( 'NONE',  #2477 ) ;
#1359 = CARTESIAN_POINT ( 'NONE',  ( -1.866000000000000547, -5.002549890653082976, -0.6661787407256279936 ) ) ;
#1360 = ORIENTED_EDGE ( 'NONE', *, *, #1540, .T. ) ;
#1361 = FILL_AREA_STYLE ('',( #471 ) ) ;
#1362 = CARTESIAN_POINT ( 'NONE',  ( -2.413000000000000700, 3.048000000000000043, -0.6349999999999998979 ) ) ;
#1363 = CIRCLE ( 'NONE', #3468, 0.1499999999999999667 ) ;
#1364 = ADVANCED_FACE ( 'NONE', ( #2049 ), #183, .F. ) ;
#1365 = ORIENTED_EDGE ( 'NONE', *, *, #1566, .T. ) ;
#1366 =( LENGTH_UNIT ( ) NAMED_UNIT ( * ) SI_UNIT ( .MILLI., .METRE. ) );
#1367 = COLOUR_RGB ( '',0.2862745098039215508, 0.2862745098039215508, 0.2862745098039215508 ) ;
#1368 = VECTOR ( 'NONE', #418, 1000.000000000000000 ) ;
#1369 = EDGE_CURVE ( 'NONE', #2050, #755, #1247, .T. ) ;
#1370 =( GEOMETRIC_REPRESENTATION_CONTEXT ( 3 ) GLOBAL_UNCERTAINTY_ASSIGNED_CONTEXT ( ( #1239 ) ) GLOBAL_UNIT_ASSIGNED_CONTEXT ( ( #1871, #2857, #3166 ) ) REPRESENTATION_CONTEXT ( 'NONE', 'WORKASPACE' ) );
#1371 = PLANE ( 'NONE',  #612 ) ;
#1372 = PLANE ( 'NONE',  #4055 ) ;
#1373 = STYLED_ITEM ( 'NONE', ( #2544 ), #2011 ) ;
#1374 = ORIENTED_EDGE ( 'NONE', *, *, #781, .F. ) ;
#1375 = DIRECTION ( 'NONE',  ( -0.000000000000000000, -0.9975640502598207560, -0.06975647374417384694 ) ) ;
#1376 =( NAMED_UNIT ( * ) SI_UNIT ( $, .STERADIAN. ) SOLID_ANGLE_UNIT ( ) );
#1377 = PRESENTATION_LAYER_ASSIGNMENT (  '', '', ( #3749 ) ) ;
#1378 = AXIS2_PLACEMENT_3D ( 'NONE', #1691, #2954, #1959 ) ;
#1379 = PRESENTATION_STYLE_ASSIGNMENT (( #796 ) ) ;
#1380 = PRESENTATION_LAYER_ASSIGNMENT (  '', '', ( #338 ) ) ;
#1381 =( NAMED_UNIT ( * ) PLANE_ANGLE_UNIT ( ) SI_UNIT ( $, .RADIAN. ) );
#1382 = CARTESIAN_POINT ( 'NONE',  ( -3.138911937002645036, 2.726064063052962450, 1.008679269490146968 ) ) ;
#1383 = CIRCLE ( 'NONE', #2490, 0.1499999999999999667 ) ;
#1384 = SURFACE_STYLE_USAGE ( .BOTH. , #1202 ) ;
#1385 = ORIENTED_EDGE ( 'NONE', *, *, #757, .F. ) ;
#1386 = UNCERTAINTY_MEASURE_WITH_UNIT (LENGTH_MEASURE( 1.000000000000000082E-05 ), #2994, 'distance_accuracy_value', 'NONE');
#1387 = FILL_AREA_STYLE_COLOUR ( '', #1971 ) ;
#1388 = ORIENTED_EDGE ( 'NONE', *, *, #2944, .T. ) ;
#1389 = DIRECTION ( 'NONE',  ( -1.000000000000000000, -0.000000000000000000, -0.000000000000000000 ) ) ;
#1390 = EDGE_CURVE ( 'NONE', #2866, #3126, #2205, .T. ) ;
#1391 = LINE ( 'NONE', #3527, #589 ) ;
#1392 = CIRCLE ( 'NONE', #1928, 0.1499999999999999389 ) ;
#1393 = CARTESIAN_POINT ( 'NONE',  ( -3.301999999999999602, -2.898000000000000576, -0.5429999999999998161 ) ) ;
#1394 = ADVANCED_FACE ( 'NONE', ( #288, #3125 ), #3167, .T. ) ;
#1395 = VECTOR ( 'NONE', #481, 1000.000000000000000 ) ;
#1396 = FACE_OUTER_BOUND ( 'NONE', #2756, .T. ) ;
#1397 = PRESENTATION_LAYER_ASSIGNMENT (  '', '', ( #2321 ) ) ;
#1398 = UNCERTAINTY_MEASURE_WITH_UNIT (LENGTH_MEASURE( 1.000000000000000082E-05 ), #3421, 'distance_accuracy_value', 'NONE');
#1399 = FILL_AREA_STYLE_COLOUR ( '', #3407 ) ;
#1400 = DIRECTION ( 'NONE',  ( -1.000000000000000000, -0.000000000000000000, -0.000000000000000000 ) ) ;
#1401 = ORIENTED_EDGE ( 'NONE', *, *, #3820, .F. ) ;
#1402 = CARTESIAN_POINT ( 'NONE',  ( -2.380133652697403956, -2.242589145371766790, 1.143000000000000016 ) ) ;
#1403 = AXIS2_PLACEMENT_3D ( 'NONE', #1585, #3099, #4066 ) ;
#1404 = CARTESIAN_POINT ( 'NONE',  ( -3.087012559358389030, -3.048000000000000487, 0.05700000000000150085 ) ) ;
#1405 =( NAMED_UNIT ( * ) SI_UNIT ( $, .STERADIAN. ) SOLID_ANGLE_UNIT ( ) );
#1406 = ORIENTED_EDGE ( 'NONE', *, *, #1927, .T. ) ;
#1407 = CARTESIAN_POINT ( 'NONE',  ( 0.000000000000000000, 0.000000000000000000, -1.143000000000000016 ) ) ;
#1408 = PRESENTATION_STYLE_ASSIGNMENT (( #2392 ) ) ;
#1409 = VECTOR ( 'NONE', #3352, 1000.000000000000000 ) ;
#1410 = DIRECTION ( 'NONE',  ( 0.000000000000000000, 0.000000000000000000, -1.000000000000000000 ) ) ;
#1411 =( GEOMETRIC_REPRESENTATION_CONTEXT ( 3 ) GLOBAL_UNCERTAINTY_ASSIGNED_CONTEXT ( ( #1339 ) ) GLOBAL_UNIT_ASSIGNED_CONTEXT ( ( #2715, #1760, #2061 ) ) REPRESENTATION_CONTEXT ( 'NONE', 'WORKASPACE' ) );
#1412 = CARTESIAN_POINT ( 'NONE',  ( 2.705999999999999073, -3.048000000000000487, 0.05700000000000002981 ) ) ;
#1413 = ORIENTED_EDGE ( 'NONE', *, *, #1418, .F. ) ;
#1414 = CARTESIAN_POINT ( 'NONE',  ( 1.919999999999989271, 4.063999999999999169, -0.6349999999999998979 ) ) ;
#1415 = ORIENTED_EDGE ( 'NONE', *, *, #2922, .T. ) ;
#1416 = LINE ( 'NONE', #2460, #1648 ) ;
#1417 = PRESENTATION_LAYER_ASSIGNMENT (  '', '', ( #1890 ) ) ;
#1418 = EDGE_CURVE ( 'NONE', #134, #2745, #1630, .T. ) ;
#1419 =( LENGTH_UNIT ( ) NAMED_UNIT ( * ) SI_UNIT ( .MILLI., .METRE. ) );
#1420 = DIRECTION ( 'NONE',  ( 0.000000000000000000, -0.000000000000000000, 1.000000000000000000 ) ) ;
#1421 = EDGE_CURVE ( 'NONE', #4058, #2808, #3146, .T. ) ;
#1422 = CARTESIAN_POINT ( 'NONE',  ( -2.705999999999999961, -5.969000000000002082, -1.242999999999999883 ) ) ;
#1423 =( NAMED_UNIT ( * ) PLANE_ANGLE_UNIT ( ) SI_UNIT ( $, .RADIAN. ) );
#1424 = ORIENTED_EDGE ( 'NONE', *, *, #3071, .T. ) ;
#1425 =( LENGTH_UNIT ( ) NAMED_UNIT ( * ) SI_UNIT ( .MILLI., .METRE. ) );
#1426 = STYLED_ITEM ( 'NONE', ( #2279 ), #1345 ) ;
#1427 = FILL_AREA_STYLE_COLOUR ( '', #2351 ) ;
#1428 = ORIENTED_EDGE ( 'NONE', *, *, #3065, .F. ) ;
#1429 = DIRECTION ( 'NONE',  ( 0.000000000000000000, 0.000000000000000000, -1.000000000000000000 ) ) ;
#1430 = CARTESIAN_POINT ( 'NONE',  ( 2.705999999999999073, -5.019989009089125709, -0.4167877281606726658 ) ) ;
#1431 = SURFACE_STYLE_FILL_AREA ( #187 ) ;
#1432 = ORIENTED_EDGE ( 'NONE', *, *, #879, .F. ) ;
#1433 =( GEOMETRIC_REPRESENTATION_CONTEXT ( 3 ) GLOBAL_UNCERTAINTY_ASSIGNED_CONTEXT ( ( #3619 ) ) GLOBAL_UNIT_ASSIGNED_CONTEXT ( ( #3366, #1352, #1335 ) ) REPRESENTATION_CONTEXT ( 'NONE', 'WORKASPACE' ) );
#1434 = CARTESIAN_POINT ( 'NONE',  ( -2.684933652697404138, -2.242589145371766790, 1.132999999999999785 ) ) ;
#1435 = DIRECTION ( 'NONE',  ( 0.000000000000000000, 0.000000000000000000, 1.000000000000000000 ) ) ;
#1436 = AXIS2_PLACEMENT_3D ( 'NONE', #3686, #1820, #875 ) ;
#1437 = VECTOR ( 'NONE', #2737, 1000.000000000000000 ) ;
#1438 = CARTESIAN_POINT ( 'NONE',  ( -2.989733652697403876, 2.726064063052962450, 1.143000000000000016 ) ) ;
#1439 =( NAMED_UNIT ( * ) SI_UNIT ( $, .STERADIAN. ) SOLID_ANGLE_UNIT ( ) );
#1440 = VECTOR ( 'NONE', #1650, 1000.000000000000000 ) ;
#1441 = UNCERTAINTY_MEASURE_WITH_UNIT (LENGTH_MEASURE( 1.000000000000000082E-05 ), #1896, 'distance_accuracy_value', 'NONE');
#1442 = COLOUR_RGB ( '',0.2862745098039215508, 0.2862745098039215508, 0.2862745098039215508 ) ;
#1443 = AXIS2_PLACEMENT_3D ( 'NONE', #3305, #2627, #3572 ) ;
#1444 = SURFACE_STYLE_USAGE ( .BOTH. , #3021 ) ;
#1445 =( NAMED_UNIT ( * ) PLANE_ANGLE_UNIT ( ) SI_UNIT ( $, .RADIAN. ) );
#1446 = ORIENTED_EDGE ( 'NONE', *, *, #1277, .F. ) ;
#1447 = FILL_AREA_STYLE ('',( #819 ) ) ;
#1448 = PRESENTATION_LAYER_ASSIGNMENT (  '', '', ( #539 ) ) ;
#1449 = EDGE_CURVE ( 'NONE', #280, #1753, #1363, .T. ) ;
#1450 = LINE ( 'NONE', #2703, #3028 ) ;
#1451 = VERTEX_POINT ( 'NONE', #1422 ) ;
#1452 = ORIENTED_EDGE ( 'NONE', *, *, #806, .F. ) ;
#1453 = PLANE ( 'NONE',  #3363 ) ;
#1454 = ADVANCED_FACE ( 'NONE', ( #2655 ), #1171, .F. ) ;
#1455 = STYLED_ITEM ( 'NONE', ( #250 ), #40 ) ;
#1456 =( LENGTH_UNIT ( ) NAMED_UNIT ( * ) SI_UNIT ( .MILLI., .METRE. ) );
#1457 = SURFACE_STYLE_USAGE ( .BOTH. , #3956 ) ;
#1458 = FILL_AREA_STYLE ('',( #160 ) ) ;
#1459 = DIRECTION ( 'NONE',  ( 0.000000000000000000, 1.000000000000000000, 0.000000000000000000 ) ) ;
#1460 = CARTESIAN_POINT ( 'NONE',  ( 0.4199999999999993738, -3.048000000000000487, 0.05700000000000002981 ) ) ;
#1461 = LINE ( 'NONE', #2080, #2366 ) ;
#1462 = ORIENTED_EDGE ( 'NONE', *, *, #2304, .T. ) ;
#1463 = PRESENTATION_LAYER_ASSIGNMENT (  '', '', ( #880 ) ) ;
#1464 = AXIS2_PLACEMENT_3D ( 'NONE', #2726, #1459, #2989 ) ;
#1465 = CARTESIAN_POINT ( 'NONE',  ( 0.4199999999999993738, -3.048000000000000487, 0.05700000000000002981 ) ) ;
#1466 = PRESENTATION_STYLE_ASSIGNMENT (( #533 ) ) ;
#1467 = SURFACE_SIDE_STYLE ('',( #221 ) ) ;
#1468 = DIRECTION ( 'NONE',  ( 0.000000000000000000, 0.000000000000000000, -1.000000000000000000 ) ) ;
#1469 = EDGE_CURVE ( 'NONE', #1631, #2506, #219, .T. ) ;
#1470 = DIRECTION ( 'NONE',  ( -0.000000000000000000, -1.000000000000000000, -0.000000000000000000 ) ) ;
#1471 = DIRECTION ( 'NONE',  ( 0.000000000000000000, 0.000000000000000000, 1.000000000000000000 ) ) ;
#1472 = LINE ( 'NONE', #2791, #1290 ) ;
#1473 = CARTESIAN_POINT ( 'NONE',  ( -3.152000000000001023, 3.047999999999999599, 1.143000000000000016 ) ) ;
#1474 = FILL_AREA_STYLE_COLOUR ( '', #3262 ) ;
#1475 = EDGE_CURVE ( 'NONE', #3292, #555, #178, .T. ) ;
#1476 = ORIENTED_EDGE ( 'NONE', *, *, #641, .T. ) ;
#1477 = CARTESIAN_POINT ( 'NONE',  ( 3.236463259276784576, -2.898000000000000576, 0.08054043638260037496 ) ) ;
#1478 = COLOUR_RGB ( '',0.2862745098039215508, 0.2862745098039215508, 0.2862745098039215508 ) ;
#1479 = CARTESIAN_POINT ( 'NONE',  ( -2.989733652697403876, 2.726064063052962450, 0.9929999999999999938 ) ) ;
#1480 = DIRECTION ( 'NONE',  ( 0.000000000000000000, 0.1045284632676464903, -0.9945218953682740670 ) ) ;
#1481 = LINE ( 'NONE', #2809, #2523 ) ;
#1482 = PRESENTATION_LAYER_ASSIGNMENT (  '', '', ( #2942 ) ) ;
#1483 = DIRECTION ( 'NONE',  ( 1.000000000000000000, -0.000000000000000000, -0.000000000000000000 ) ) ;
#1484 =( GEOMETRIC_REPRESENTATION_CONTEXT ( 3 ) GLOBAL_UNCERTAINTY_ASSIGNED_CONTEXT ( ( #3206 ) ) GLOBAL_UNIT_ASSIGNED_CONTEXT ( ( #4074, #2433, #1812 ) ) REPRESENTATION_CONTEXT ( 'NONE', 'WORKASPACE' ) );
#1485 = SURFACE_STYLE_FILL_AREA ( #261 ) ;
#1486 = LINE ( 'NONE', #3647, #3696 ) ;
#1487 = LINE ( 'NONE', #2736, #1706 ) ;
#1488 = PRESENTATION_STYLE_ASSIGNMENT (( #1515 ) ) ;
#1489 = FILL_AREA_STYLE ('',( #1150 ) ) ;
#1490 = EDGE_CURVE ( 'NONE', #2474, #3000, #469, .T. ) ;
#1491 = CARTESIAN_POINT ( 'NONE',  ( 1.865999999999999437, -3.048000000000000487, 0.5649999999999999467 ) ) ;
#1492 =( NAMED_UNIT ( * ) SI_UNIT ( $, .STERADIAN. ) SOLID_ANGLE_UNIT ( ) );
#1493 = LINE ( 'NONE', #2437, #3314 ) ;
#1494 = ORIENTED_EDGE ( 'NONE', *, *, #3500, .F. ) ;
#1495 = DIRECTION ( 'NONE',  ( 0.000000000000000000, 0.000000000000000000, -1.000000000000000000 ) ) ;
#1496 = ADVANCED_FACE ( 'NONE', ( #2977 ), #154, .F. ) ;
#1497 = LINE ( 'NONE', #892, #152 ) ;
#1498 = CARTESIAN_POINT ( 'NONE',  ( -2.705999999999999961, -5.969000000000002082, -0.7337595157747623942 ) ) ;
#1499 = STYLED_ITEM ( 'NONE', ( #1019 ), #1619 ) ;
#1500 = CARTESIAN_POINT ( 'NONE',  ( -3.219507773401531381, 2.806659899451848350, 0.2418611084981950321 ) ) ;
#1501 = FILL_AREA_STYLE_COLOUR ( '', #666 ) ;
#1502 = ORIENTED_EDGE ( 'NONE', *, *, #1330, .F. ) ;
#1503 = PLANE ( 'NONE',  #45 ) ;
#1504 = MECHANICAL_DESIGN_GEOMETRIC_PRESENTATION_REPRESENTATION (  '', ( #2827 ), #55 ) ;
#1505 =( NAMED_UNIT ( * ) PLANE_ANGLE_UNIT ( ) SI_UNIT ( $, .RADIAN. ) );
#1506 = PRESENTATION_LAYER_ASSIGNMENT (  '', '', ( #268 ) ) ;
#1507 = AXIS2_PLACEMENT_3D ( 'NONE', #1402, #3001, #157 ) ;
#1508 = CARTESIAN_POINT ( 'NONE',  ( -3.302000000000000934, -3.048000000000000487, -1.143000000000000016 ) ) ;
#1509 = UNCERTAINTY_MEASURE_WITH_UNIT (LENGTH_MEASURE( 1.000000000000000082E-05 ), #3187, 'distance_accuracy_value', 'NONE');
#1510 = VECTOR ( 'NONE', #405, 1000.000000000000000 ) ;
#1511 = STYLED_ITEM ( 'NONE', ( #161 ), #2394 ) ;
#1512 =( NAMED_UNIT ( * ) PLANE_ANGLE_UNIT ( ) SI_UNIT ( $, .RADIAN. ) );
#1513 = SURFACE_STYLE_FILL_AREA ( #1286 ) ;
#1514 = MECHANICAL_DESIGN_GEOMETRIC_PRESENTATION_REPRESENTATION (  '', ( #338 ), #3298 ) ;
#1515 = SURFACE_STYLE_USAGE ( .BOTH. , #2720 ) ;
#1516 = FILL_AREA_STYLE ('',( #4035 ) ) ;
#1517 = DIRECTION ( 'NONE',  ( 0.000000000000000000, 0.000000000000000000, 1.000000000000000000 ) ) ;
#1518 = CYLINDRICAL_SURFACE ( 'NONE', #3569, 0.1499999999999999389 ) ;
#1519 = EDGE_LOOP ( 'NONE', ( #2370, #1676, #2559, #2188 ) ) ;
#1520 = FILL_AREA_STYLE ('',( #2728 ) ) ;
#1521 = UNCERTAINTY_MEASURE_WITH_UNIT (LENGTH_MEASURE( 1.000000000000000082E-05 ), #414, 'distance_accuracy_value', 'NONE');
#1522 = AXIS2_PLACEMENT_3D ( 'NONE', #2183, #2411, #3680 ) ;
#1523 = DIRECTION ( 'NONE',  ( 2.891205793294679017E-15, -1.000000000000000000, 0.000000000000000000 ) ) ;
#1524 = EDGE_CURVE ( 'NONE', #2474, #3862, #319, .T. ) ;
#1525 = DIRECTION ( 'NONE',  ( 0.000000000000000000, -0.000000000000000000, -1.000000000000000000 ) ) ;
#1526 = CIRCLE ( 'NONE', #1726, 0.1499999999999999667 ) ;
#1527 = CARTESIAN_POINT ( 'NONE',  ( 0.4199999999999993738, -3.856000000000000316, 0.01631136535407506569 ) ) ;
#1528 = LINE ( 'NONE', #2198, #1700 ) ;
#1529 = ORIENTED_EDGE ( 'NONE', *, *, #17, .T. ) ;
#1530 = MECHANICAL_DESIGN_GEOMETRIC_PRESENTATION_REPRESENTATION (  '', ( #1734 ), #2058 ) ;
#1531 = PRODUCT_DEFINITION_FORMATION_WITH_SPECIFIED_SOURCE ( 'ANY', '', #3809, .NOT_KNOWN. ) ;
#1532 = ORIENTED_EDGE ( 'NONE', *, *, #2161, .T. ) ;
#1533 = FACE_OUTER_BOUND ( 'NONE', #3936, .T. ) ;
#1534 = CARTESIAN_POINT ( 'NONE',  ( 3.087558882928202131, -3.048000000000000487, 0.05702855360771146020 ) ) ;
#1535 = VERTEX_POINT ( 'NONE', #569 ) ;
#1536 = DIRECTION ( 'NONE',  ( 0.000000000000000000, 0.06975647374417386082, -0.9975640502598208670 ) ) ;
#1537 = DIRECTION ( 'NONE',  ( -0.000000000000000000, -1.000000000000000000, -0.000000000000000000 ) ) ;
#1538 = FILL_AREA_STYLE ('',( #1865 ) ) ;
#1539 = VECTOR ( 'NONE', #484, 1000.000000000000000 ) ;
#1540 = EDGE_CURVE ( 'NONE', #3797, #1888, #904, .T. ) ;
#1542 = COLOUR_RGB ( '',0.8039215686274510109, 0.8039215686274510109, 0.8039215686274510109 ) ;
#1541 = DIRECTION ( 'NONE',  ( -1.347951312663287111E-16, -1.000000000000000000, 0.000000000000000000 ) ) ;
#1543 =( NAMED_UNIT ( * ) PLANE_ANGLE_UNIT ( ) SI_UNIT ( $, .RADIAN. ) );
#1544 = AXIS2_PLACEMENT_3D ( 'NONE', #1016, #2269, #1651 ) ;
#1545 = FILL_AREA_STYLE ('',( #2760 ) ) ;
#1546 = CARTESIAN_POINT ( 'NONE',  ( -2.705999999999999961, -5.002549890653083864, -1.175419224950865482 ) ) ;
#1547 = EDGE_CURVE ( 'NONE', #1795, #1549, #1528, .T. ) ;
#1548 = PRESENTATION_LAYER_ASSIGNMENT (  '', '', ( #903 ) ) ;
#1549 = VERTEX_POINT ( 'NONE', #2784 ) ;
#1550 = SURFACE_SIDE_STYLE ('',( #327 ) ) ;
#1551 = CARTESIAN_POINT ( 'NONE',  ( -2.705999999999999961, -3.856000000000000316, 0.5649999999999999467 ) ) ;
#1552 = SURFACE_STYLE_USAGE ( .BOTH. , #2879 ) ;
#1553 = FILL_AREA_STYLE ('',( #271 ) ) ;
#1554 = ORIENTED_EDGE ( 'NONE', *, *, #3425, .T. ) ;
#1555 = FILL_AREA_STYLE_COLOUR ( '', #508 ) ;
#1556 = CARTESIAN_POINT ( 'NONE',  ( -2.705999999999999961, -3.933636599221643770, -0.06432637316074120426 ) ) ;
#1557 =( NAMED_UNIT ( * ) SI_UNIT ( $, .STERADIAN. ) SOLID_ANGLE_UNIT ( ) );
#1558 = DIRECTION ( 'NONE',  ( 0.000000000000000000, -0.9945218953682740670, -0.1045284632676464903 ) ) ;
#1559 = ORIENTED_EDGE ( 'NONE', *, *, #1962, .F. ) ;
#1560 = AXIS2_PLACEMENT_3D ( 'NONE', #1627, #979, #2230 ) ;
#1561 = DIRECTION ( 'NONE',  ( 0.000000000000000000, 0.000000000000000000, -1.000000000000000000 ) ) ;
#1562 = ORIENTED_EDGE ( 'NONE', *, *, #2475, .T. ) ;
#1563 = AXIS2_PLACEMENT_3D ( 'NONE', #3995, #2070, #1748 ) ;
#1564 = EDGE_CURVE ( 'NONE', #3567, #2979, #2734, .T. ) ;
#1565 = CARTESIAN_POINT ( 'NONE',  ( 3.292866340054938501, 2.952450911660617017, -0.5676224904252687997 ) ) ;
#1566 = EDGE_CURVE ( 'NONE', #2327, #726, #391, .T. ) ;
#1567 = VERTEX_POINT ( 'NONE', #2467 ) ;
#1568 = CARTESIAN_POINT ( 'NONE',  ( -3.236941986628697698, -2.985867965644035671, 0.07598564988228455330 ) ) ;
#1569 = STYLED_ITEM ( 'NONE', ( #2384 ), #885 ) ;
#1570 = VECTOR ( 'NONE', #425, 1000.000000000000000 ) ;
#1571 = PRESENTATION_LAYER_ASSIGNMENT (  '', '', ( #1914 ) ) ;
#1572 = CARTESIAN_POINT ( 'NONE',  ( -3.320676516163040048, -3.033953724532160834, -0.7206951815103570524 ) ) ;
#1573 = PRESENTATION_LAYER_ASSIGNMENT (  '', '', ( #1916 ) ) ;
#1574 = ADVANCED_FACE ( 'NONE', ( #2220 ), #4067, .F. ) ;
#1575 = LINE ( 'NONE', #3703, #836 ) ;
#1576 = FILL_AREA_STYLE ('',( #333 ) ) ;
#1577 = SURFACE_STYLE_FILL_AREA ( #1919 ) ;
#1578 = CARTESIAN_POINT ( 'NONE',  ( -3.301999999999999602, 2.889152126050316571, -0.5429999999999998161 ) ) ;
#1579 = LINE ( 'NONE', #1296, #3954 ) ;
#1580 = ORIENTED_EDGE ( 'NONE', *, *, #2110, .F. ) ;
#1581 = ORIENTED_EDGE ( 'NONE', *, *, #832, .T. ) ;
#1582 = CYLINDRICAL_SURFACE ( 'NONE', #2356, 0.2499999999999999445 ) ;
#1583 =( BOUNDED_CURVE ( )  B_SPLINE_CURVE ( 3, ( #2115, #3609, #1404, #868 ),
 .UNSPECIFIED., .F., .F. ) 
 B_SPLINE_CURVE_WITH_KNOTS ( ( 4, 4 ),
 ( -8.881784197001252323E-16, 0.01092641704307440072 ),
 .UNSPECIFIED. ) 
 CURVE ( )  GEOMETRIC_REPRESENTATION_ITEM ( )  RATIONAL_B_SPLINE_CURVE ( ( 1.000000000000000000, 0.9999900511422950000, 0.9999900511422950000, 1.000000000000000000 ) ) 
 REPRESENTATION_ITEM ( '' )  );
#1584 = MECHANICAL_DESIGN_GEOMETRIC_PRESENTATION_REPRESENTATION (  '', ( #2313 ), #3941 ) ;
#1585 = CARTESIAN_POINT ( 'NONE',  ( 2.948537808016656214, -2.810993300691016827, 1.384952280292224058 ) ) ;
#1586 = DIRECTION ( 'NONE',  ( 0.000000000000000000, -0.000000000000000000, 1.000000000000000000 ) ) ;
#1587 = COLOUR_RGB ( '',0.8039215686274510109, 0.8039215686274510109, 0.8039215686274510109 ) ;
#1588 = SURFACE_SIDE_STYLE ('',( #324 ) ) ;
#1589 = CARTESIAN_POINT ( 'NONE',  ( -2.669999999999999929, 3.047999999999999599, -1.143000000000000016 ) ) ;
#1590 =( GEOMETRIC_REPRESENTATION_CONTEXT ( 3 ) GLOBAL_UNCERTAINTY_ASSIGNED_CONTEXT ( ( #1303 ) ) GLOBAL_UNIT_ASSIGNED_CONTEXT ( ( #1170, #4007, #2781 ) ) REPRESENTATION_CONTEXT ( 'NONE', 'WORKASPACE' ) );
#1591 = ADVANCED_FACE ( 'NONE', ( #2537 ), #1358, .F. ) ;
#1592 = ORIENTED_EDGE ( 'NONE', *, *, #145, .F. ) ;
#1593 = CARTESIAN_POINT ( 'NONE',  ( -0.4200000000000004285, -3.719293188415452978, 0.05700000000000024492 ) ) ;
#1594 = CARTESIAN_POINT ( 'NONE',  ( -3.301999999999999602, -2.832463259276784662, -0.5429999999999998161 ) ) ;
#1595 = EDGE_CURVE ( 'NONE', #2340, #1767, #2560, .T. ) ;
#1596 = DIRECTION ( 'NONE',  ( 0.000000000000000000, -0.000000000000000000, -1.000000000000000000 ) ) ;
#1597 = FILL_AREA_STYLE_COLOUR ( '', #2099 ) ;
#1598 =( NAMED_UNIT ( * ) PLANE_ANGLE_UNIT ( ) SI_UNIT ( $, .RADIAN. ) );
#1599 = SURFACE_STYLE_FILL_AREA ( #1940 ) ;
#1600 =( NAMED_UNIT ( * ) SI_UNIT ( $, .STERADIAN. ) SOLID_ANGLE_UNIT ( ) );
#1601 = UNCERTAINTY_MEASURE_WITH_UNIT (LENGTH_MEASURE( 1.000000000000000082E-05 ), #639, 'distance_accuracy_value', 'NONE');
#1602 = VECTOR ( 'NONE', #2185, 1000.000000000000000 ) ;
#1603 = CARTESIAN_POINT ( 'NONE',  ( 2.669999999999999929, 3.863038105676656286, -1.143000000000000016 ) ) ;
#1604 = DIRECTION ( 'NONE',  ( 0.000000000000000000, -1.615094851542735134E-16, 1.000000000000000000 ) ) ;
#1605 = VERTEX_POINT ( 'NONE', #2871 ) ;
#1606 = MECHANICAL_DESIGN_GEOMETRIC_PRESENTATION_REPRESENTATION (  '', ( #1511 ), #1613 ) ;
#1607 = COLOUR_RGB ( '',0.8039215686274510109, 0.8039215686274510109, 0.8039215686274510109 ) ;
#1608 = VECTOR ( 'NONE', #1483, 1000.000000000000000 ) ;
#1609 = FACE_OUTER_BOUND ( 'NONE', #3543, .T. ) ;
#1610 = CARTESIAN_POINT ( 'NONE',  ( 3.301999999999999602, -2.834102213680335325, -0.5430856599709136256 ) ) ;
#1611 = FILL_AREA_STYLE ('',( #2902 ) ) ;
#1612 = SURFACE_STYLE_USAGE ( .BOTH. , #656 ) ;
#1613 =( GEOMETRIC_REPRESENTATION_CONTEXT ( 3 ) GLOBAL_UNCERTAINTY_ASSIGNED_CONTEXT ( ( #1889 ) ) GLOBAL_UNIT_ASSIGNED_CONTEXT ( ( #1711, #2666, #2359 ) ) REPRESENTATION_CONTEXT ( 'NONE', 'WORKASPACE' ) );
#1614 = CARTESIAN_POINT ( 'NONE',  ( 1.865999999999999437, -5.969000000000002082, -1.242999999999999883 ) ) ;
#1615 =( NAMED_UNIT ( * ) SI_UNIT ( $, .STERADIAN. ) SOLID_ANGLE_UNIT ( ) );
#1616 = ORIENTED_EDGE ( 'NONE', *, *, #3851, .F. ) ;
#1617 = FILL_AREA_STYLE_COLOUR ( '', #529 ) ;
#1618 = SURFACE_SIDE_STYLE ('',( #2930 ) ) ;
#1619 = ADVANCED_FACE ( 'NONE', ( #2311 ), #1281, .F. ) ;
#1620 = PRODUCT_DEFINITION_CONTEXT ( 'detailed design', #1789, 'design' ) ;
#1621 = SURFACE_SIDE_STYLE ('',( #3215 ) ) ;
#1622 = FILL_AREA_STYLE_COLOUR ( '', #3713 ) ;
#1623 = AXIS2_PLACEMENT_3D ( 'NONE', #3247, #1969, #1658 ) ;
#1624 = DIRECTION ( 'NONE',  ( 1.000000000000000000, 0.000000000000000000, 0.000000000000000000 ) ) ;
#1625 =( NAMED_UNIT ( * ) SI_UNIT ( $, .STERADIAN. ) SOLID_ANGLE_UNIT ( ) );
#1626 = ORIENTED_EDGE ( 'NONE', *, *, #3245, .F. ) ;
#1627 = CARTESIAN_POINT ( 'NONE',  ( 2.705999999999999073, -5.002549890653083864, -1.175419224950865482 ) ) ;
#1628 =( NAMED_UNIT ( * ) PLANE_ANGLE_UNIT ( ) SI_UNIT ( $, .RADIAN. ) );
#1629 = UNCERTAINTY_MEASURE_WITH_UNIT (LENGTH_MEASURE( 1.000000000000000082E-05 ), #2197, 'distance_accuracy_value', 'NONE');
#1630 = CIRCLE ( 'NONE', #1623, 0.5000000000000004441 ) ;
#1631 = VERTEX_POINT ( 'NONE', #3485 ) ;
#1632 = DIRECTION ( 'NONE',  ( -0.000000000000000000, -0.000000000000000000, 1.000000000000000000 ) ) ;
#1633 =( GEOMETRIC_REPRESENTATION_CONTEXT ( 3 ) GLOBAL_UNCERTAINTY_ASSIGNED_CONTEXT ( ( #2144 ) ) GLOBAL_UNIT_ASSIGNED_CONTEXT ( ( #2212, #3773, #2885 ) ) REPRESENTATION_CONTEXT ( 'NONE', 'WORKASPACE' ) );
#1634 = CARTESIAN_POINT ( 'NONE',  ( 3.301999999999999602, -2.771048675746669687, -1.143000000000000016 ) ) ;
#1635 = VECTOR ( 'NONE', #4059, 1000.000000000000000 ) ;
#1636 =( NAMED_UNIT ( * ) SI_UNIT ( $, .STERADIAN. ) SOLID_ANGLE_UNIT ( ) );
#1637 = ORIENTED_EDGE ( 'NONE', *, *, #2053, .T. ) ;
#1638 = CARTESIAN_POINT ( 'NONE',  ( -2.705999999999999961, -3.048000000000000487, 0.5649999999999999467 ) ) ;
#1639 = STYLED_ITEM ( 'NONE', ( #3307 ), #835 ) ;
#1640 = STYLED_ITEM ( 'NONE', ( #996 ), #2361 ) ;
#1641 = DIRECTION ( 'NONE',  ( -1.000000000000000000, -0.000000000000000000, -0.000000000000000000 ) ) ;
#1642 = SURFACE_SIDE_STYLE ('',( #3213 ) ) ;
#1643 = CARTESIAN_POINT ( 'NONE',  ( -1.919999999999987272, 4.063999999999999169, -1.143000000000000016 ) ) ;
#1644 = CARTESIAN_POINT ( 'NONE',  ( -1.866000000000000547, -4.284686821612380569, 0.3223472536785179643 ) ) ;
#1645 = ORIENTED_EDGE ( 'NONE', *, *, #373, .T. ) ;
#1646 = MECHANICAL_DESIGN_GEOMETRIC_PRESENTATION_REPRESENTATION (  '', ( #1914 ), #136 ) ;
#1647 = ORIENTED_EDGE ( 'NONE', *, *, #3425, .F. ) ;
#1648 = VECTOR ( 'NONE', #3724, 1000.000000000000000 ) ;
#1649 = CARTESIAN_POINT ( 'NONE',  ( -3.243892772675656566, 3.017814543547325368, -0.5928357081122946903 ) ) ;
#1650 = DIRECTION ( 'NONE',  ( 0.1045284632676466569, 0.000000000000000000, -0.9945218953682740670 ) ) ;
#1651 = DIRECTION ( 'NONE',  ( 0.000000000000000000, 0.000000000000000000, -1.000000000000000000 ) ) ;
#1652 = CARTESIAN_POINT ( 'NONE',  ( -1.866000000000000547, -3.048000000000000487, 0.5649999999999999467 ) ) ;
#1653 = ORIENTED_EDGE ( 'NONE', *, *, #1421, .F. ) ;
#1654 =( GEOMETRIC_REPRESENTATION_CONTEXT ( 3 ) GLOBAL_UNCERTAINTY_ASSIGNED_CONTEXT ( ( #3019 ) ) GLOBAL_UNIT_ASSIGNED_CONTEXT ( ( #3933, #1086, #3977 ) ) REPRESENTATION_CONTEXT ( 'NONE', 'WORKASPACE' ) );
#1655 = EDGE_CURVE ( 'NONE', #3950, #773, #669, .T. ) ;
#1656 = VECTOR ( 'NONE', #2229, 1000.000000000000000 ) ;
#1657 = CARTESIAN_POINT ( 'NONE',  ( 3.177283950564422810, 3.046630018693437858, -0.6219654985538976000 ) ) ;
#1658 = DIRECTION ( 'NONE',  ( 0.000000000000000000, 0.000000000000000000, -1.000000000000000000 ) ) ;
#1659 = ORIENTED_EDGE ( 'NONE', *, *, #3463, .F. ) ;
#1660 = CARTESIAN_POINT ( 'NONE',  ( -1.866000000000000547, -5.002549890653083864, -1.175419224950865482 ) ) ;
#1661 = LINE ( 'NONE', #49, #2964 ) ;
#1662 = PLANE ( 'NONE',  #2555 ) ;
#1663 = MECHANICAL_DESIGN_GEOMETRIC_PRESENTATION_REPRESENTATION (  '', ( #880 ), #678 ) ;
#1664 = CARTESIAN_POINT ( 'NONE',  ( -2.075333652697403775, -2.242589145371766790, 1.132999999999999785 ) ) ;
#1665 = ORIENTED_EDGE ( 'NONE', *, *, #3117, .F. ) ;
#1666 =( GEOMETRIC_REPRESENTATION_CONTEXT ( 3 ) GLOBAL_UNCERTAINTY_ASSIGNED_CONTEXT ( ( #361 ) ) GLOBAL_UNIT_ASSIGNED_CONTEXT ( ( #888, #597, #2207 ) ) REPRESENTATION_CONTEXT ( 'NONE', 'WORKASPACE' ) );
#1667 = FACE_OUTER_BOUND ( 'NONE', #1338, .T. ) ;
#1668 = CARTESIAN_POINT ( 'NONE',  ( -2.684933652697404138, -2.242589145371766790, 1.132999999999999785 ) ) ;
#1669 = DIRECTION ( 'NONE',  ( -1.000000000000000000, 0.000000000000000000, -0.000000000000000000 ) ) ;
#1670 = CARTESIAN_POINT ( 'NONE',  ( -1.866000000000000547, -4.449000000000001620, -0.9228142532412906274 ) ) ;
#1671 = DIRECTION ( 'NONE',  ( -1.000000000000000000, -0.000000000000000000, -0.000000000000000000 ) ) ;
#1672 = DIRECTION ( 'NONE',  ( -1.000000000000000000, -0.000000000000000000, -0.000000000000000000 ) ) ;
#1673 = FILL_AREA_STYLE_COLOUR ( '', #3529 ) ;
#1674 = EDGE_CURVE ( 'NONE', #1123, #98, #358, .T. ) ;
#1675 = CARTESIAN_POINT ( 'NONE',  ( 3.162147661583979641, 3.047656356244778042, -0.6317304480704095671 ) ) ;
#1676 = ORIENTED_EDGE ( 'NONE', *, *, #1781, .F. ) ;
#1677 = STYLED_ITEM ( 'NONE', ( #3636 ), #3093 ) ;
#1678 =( NAMED_UNIT ( * ) SI_UNIT ( $, .STERADIAN. ) SOLID_ANGLE_UNIT ( ) );
#1679 = CARTESIAN_POINT ( 'NONE',  ( -3.036357269115274704, -3.047991046094876921, 0.5650851907166248855 ) ) ;
#1680 = ORIENTED_EDGE ( 'NONE', *, *, #2844, .T. ) ;
#1681 = SURFACE_STYLE_FILL_AREA ( #3350 ) ;
#1682 = VECTOR ( 'NONE', #2842, 1000.000000000000000 ) ;
#1683 = SURFACE_SIDE_STYLE ('',( #1996 ) ) ;
#1684 =( NAMED_UNIT ( * ) PLANE_ANGLE_UNIT ( ) SI_UNIT ( $, .RADIAN. ) );
#1685 = FILL_AREA_STYLE ('',( #1733 ) ) ;
#1686 = CARTESIAN_POINT ( 'NONE',  ( -3.239867965644036563, -2.982941986628697695, -0.5619856498822948243 ) ) ;
#1687 = FILL_AREA_STYLE ('',( #442 ) ) ;
#1688 = VERTEX_POINT ( 'NONE', #831 ) ;
#1689 = ORIENTED_EDGE ( 'NONE', *, *, #1524, .T. ) ;
#1690 = DIRECTION ( 'NONE',  ( -0.9945218953682740670, 0.000000000000000000, -0.1045284632676466569 ) ) ;
#1691 = CARTESIAN_POINT ( 'NONE',  ( 0.000000000000000000, 0.000000000000000000, -0.6349999999999998979 ) ) ;
#1692 = SURFACE_SIDE_STYLE ('',( #444 ) ) ;
#1693 = SURFACE_SIDE_STYLE ('',( #3556 ) ) ;
#1694 = EDGE_LOOP ( 'NONE', ( #3853, #2542, #1704, #428 ) ) ;
#1695 = LINE ( 'NONE', #249, #3415 ) ;
#1696 = EDGE_LOOP ( 'NONE', ( #3326, #2967, #4015, #935 ) ) ;
#1697 = CARTESIAN_POINT ( 'NONE',  ( 1.865999999999999437, -5.969000000000002082, -0.7337595157747623942 ) ) ;
#1698 = COLOUR_RGB ( '',0.8039215686274510109, 0.8039215686274510109, 0.8039215686274510109 ) ;
#1699 = CARTESIAN_POINT ( 'NONE',  ( 3.175488829414796488, -3.047999999999999154, 0.06627036339012393196 ) ) ;
#1700 = VECTOR ( 'NONE', #1843, 1000.000000000000000 ) ;
#1701 = ADVANCED_FACE ( 'NONE', ( #129 ), #3378, .F. ) ;
#1702 = DIRECTION ( 'NONE',  ( -1.000000000000000000, -0.000000000000000000, -0.000000000000000000 ) ) ;
#1703 = DIRECTION ( 'NONE',  ( 1.000000000000000000, -0.000000000000000000, -0.000000000000000000 ) ) ;
#1704 = ORIENTED_EDGE ( 'NONE', *, *, #1293, .T. ) ;
#1705 = DIRECTION ( 'NONE',  ( -1.000000000000000000, -0.000000000000000000, -0.000000000000000000 ) ) ;
#1706 = VECTOR ( 'NONE', #1468, 1000.000000000000000 ) ;
#1707 = AXIS2_PLACEMENT_3D ( 'NONE', #3582, #1400, #2224 ) ;
#1708 = AXIS2_PLACEMENT_3D ( 'NONE', #2134, #3331, #2680 ) ;
#1709 =( NAMED_UNIT ( * ) SI_UNIT ( $, .STERADIAN. ) SOLID_ANGLE_UNIT ( ) );
#1710 = EDGE_CURVE ( 'NONE', #3565, #3268, #1695, .T. ) ;
#1711 =( LENGTH_UNIT ( ) NAMED_UNIT ( * ) SI_UNIT ( .MILLI., .METRE. ) );
#1712 = DIRECTION ( 'NONE',  ( -0.000000000000000000, -0.000000000000000000, -1.000000000000000000 ) ) ;
#1713 =( GEOMETRIC_REPRESENTATION_CONTEXT ( 3 ) GLOBAL_UNCERTAINTY_ASSIGNED_CONTEXT ( ( #1509 ) ) GLOBAL_UNIT_ASSIGNED_CONTEXT ( ( #3187, #2157, #35 ) ) REPRESENTATION_CONTEXT ( 'NONE', 'WORKASPACE' ) );
#1714 = ORIENTED_EDGE ( 'NONE', *, *, #2475, .F. ) ;
#1715 = SURFACE_STYLE_USAGE ( .BOTH. , #119 ) ;
#1716 = VERTEX_POINT ( 'NONE', #523 ) ;
#1717 =( GEOMETRIC_REPRESENTATION_CONTEXT ( 3 ) GLOBAL_UNCERTAINTY_ASSIGNED_CONTEXT ( ( #536 ) ) GLOBAL_UNIT_ASSIGNED_CONTEXT ( ( #3785, #1381, #3596 ) ) REPRESENTATION_CONTEXT ( 'NONE', 'WORKASPACE' ) );
#1718 =( NAMED_UNIT ( * ) PLANE_ANGLE_UNIT ( ) SI_UNIT ( $, .RADIAN. ) );
#1719 = DIRECTION ( 'NONE',  ( 0.000000000000000000, -0.000000000000000000, 1.000000000000000000 ) ) ;
#1720 = VERTEX_POINT ( 'NONE', #1775 ) ;
#1721 = SURFACE_STYLE_USAGE ( .BOTH. , #20 ) ;
#1722 = VERTEX_POINT ( 'NONE', #1158 ) ;
#1723 = SURFACE_STYLE_USAGE ( .BOTH. , #3885 ) ;
#1724 = DIRECTION ( 'NONE',  ( 1.000000000000000000, -3.038779738999106788E-16, 2.891205793294679411E-15 ) ) ;
#1725 = CIRCLE ( 'NONE', #1522, 0.2500000000000000000 ) ;
#1726 = AXIS2_PLACEMENT_3D ( 'NONE', #2816, #3365, #926 ) ;
#1727 = ORIENTED_EDGE ( 'NONE', *, *, #3063, .T. ) ;
#1728 = LINE ( 'NONE', #3254, #397 ) ;
#1729 = FILL_AREA_STYLE_COLOUR ( '', #3833 ) ;
#1730 = EDGE_CURVE ( 'NONE', #2292, #1044, #3035, .T. ) ;
#1731 = FACE_OUTER_BOUND ( 'NONE', #1329, .T. ) ;
#1732 = ORIENTED_EDGE ( 'NONE', *, *, #1806, .F. ) ;
#1733 = FILL_AREA_STYLE_COLOUR ( '', #3943 ) ;
#1734 = STYLED_ITEM ( 'NONE', ( #2074 ), #4072 ) ;
#1735 = EDGE_CURVE ( 'NONE', #1044, #761, #3472, .T. ) ;
#1736 = CARTESIAN_POINT ( 'NONE',  ( -2.413000000000002476, 3.047999999999999599, -0.6349999999999998979 ) ) ;
#1737 = SURFACE_STYLE_FILL_AREA ( #1801 ) ;
#1738 = LINE ( 'NONE', #2673, #1249 ) ;
#1739 = VERTEX_POINT ( 'NONE', #1593 ) ;
#1740 = SURFACE_STYLE_USAGE ( .BOTH. , #174 ) ;
#1741 = PRESENTATION_STYLE_ASSIGNMENT (( #3043 ) ) ;
#1742 = ORIENTED_EDGE ( 'NONE', *, *, #3978, .T. ) ;
#1743 = PRESENTATION_STYLE_ASSIGNMENT (( #135 ) ) ;
#1744 = CARTESIAN_POINT ( 'NONE',  ( 1.919999999999989271, 4.063999999999999169, -1.143000000000000016 ) ) ;
#1745 = SPHERICAL_SURFACE ( 'NONE', #861, 0.1499999999999999944 ) ;
#1746 = VERTEX_POINT ( 'NONE', #2800 ) ;
#1747 = EDGE_LOOP ( 'NONE', ( #675, #813 ) ) ;
#1748 = DIRECTION ( 'NONE',  ( -0.000000000000000000, 0.000000000000000000, 1.000000000000000000 ) ) ;
#1749 = PRESENTATION_STYLE_ASSIGNMENT (( #114 ) ) ;
#1750 = MECHANICAL_DESIGN_GEOMETRIC_PRESENTATION_REPRESENTATION (  '', ( #1223 ), #2868 ) ;
#1751 = VECTOR ( 'NONE', #860, 1000.000000000000000 ) ;
#1752 = CIRCLE ( 'NONE', #2519, 0.1499999999999999667 ) ;
#1753 = VERTEX_POINT ( 'NONE', #599 ) ;
#1754 =( LENGTH_UNIT ( ) NAMED_UNIT ( * ) SI_UNIT ( .MILLI., .METRE. ) );
#1755 = ORIENTED_EDGE ( 'NONE', *, *, #806, .T. ) ;
#1756 = ADVANCED_FACE ( 'NONE', ( #1 ), #1275, .F. ) ;
#1757 = CARTESIAN_POINT ( 'NONE',  ( 3.239867965644036563, -2.982941986628699027, -0.5619856498822922708 ) ) ;
#1758 = DIRECTION ( 'NONE',  ( 0.000000000000000000, 0.000000000000000000, 1.000000000000000000 ) ) ;
#1759 = ADVANCED_FACE ( 'NONE', ( #52 ), #3455, .F. ) ;
#1760 =( NAMED_UNIT ( * ) PLANE_ANGLE_UNIT ( ) SI_UNIT ( $, .RADIAN. ) );
#1761 = ADVANCED_FACE ( 'NONE', ( #113 ), #3230, .F. ) ;
#1762 = DIRECTION ( 'NONE',  ( 1.000000000000000000, 0.000000000000000000, 0.000000000000000000 ) ) ;
#1763 = ORIENTED_EDGE ( 'NONE', *, *, #2261, .T. ) ;
#1764 = FACE_OUTER_BOUND ( 'NONE', #3260, .T. ) ;
#1765 = PRODUCT_DEFINITION ( 'UNKNOWN', '', #1531, #1620 ) ;
#1766 = UNCERTAINTY_MEASURE_WITH_UNIT (LENGTH_MEASURE( 1.000000000000000082E-05 ), #2096, 'distance_accuracy_value', 'NONE');
#1767 = VERTEX_POINT ( 'NONE', #2616 ) ;
#1768 = MECHANICAL_DESIGN_GEOMETRIC_PRESENTATION_REPRESENTATION (  '', ( #1426 ), #259 ) ;
#1769 = ORIENTED_EDGE ( 'NONE', *, *, #1735, .F. ) ;
#1770 =( NAMED_UNIT ( * ) PLANE_ANGLE_UNIT ( ) SI_UNIT ( $, .RADIAN. ) );
#1771 = CARTESIAN_POINT ( 'NONE',  ( -2.413000000000000700, 3.048000000000000043, -0.6349999999999998979 ) ) ;
#1772 = ORIENTED_EDGE ( 'NONE', *, *, #2892, .T. ) ;
#1773 = LINE ( 'NONE', #1434, #36 ) ;
#1774 =( BOUNDED_CURVE ( )  B_SPLINE_CURVE ( 3, ( #3077, #2777, #528, #1803 ),
 .UNSPECIFIED., .F., .F. ) 
 B_SPLINE_CURVE_WITH_KNOTS ( ( 4, 4 ),
 ( 3.152519070632872733, 4.712388980384687898 ),
 .UNSPECIFIED. ) 
 CURVE ( )  GEOMETRIC_REPRESENTATION_ITEM ( )  RATIONAL_B_SPLINE_CURVE ( ( 1.000000000000000000, 0.8073061876036318196, 0.8073061876036318196, 1.000000000000000000 ) ) 
 REPRESENTATION_ITEM ( '' )  );
#1775 = CARTESIAN_POINT ( 'NONE',  ( 3.184722791630879346, -2.898000000000000576, 0.5728181025976891716 ) ) ;
#1776 =( GEOMETRIC_REPRESENTATION_CONTEXT ( 3 ) GLOBAL_UNCERTAINTY_ASSIGNED_CONTEXT ( ( #1870 ) ) GLOBAL_UNIT_ASSIGNED_CONTEXT ( ( #2864, #1898, #3150 ) ) REPRESENTATION_CONTEXT ( 'NONE', 'WORKASPACE' ) );
#1777 = STYLED_ITEM ( 'NONE', ( #647 ), #572 ) ;
#1778 =( NAMED_UNIT ( * ) SI_UNIT ( $, .STERADIAN. ) SOLID_ANGLE_UNIT ( ) );
#1779 = CARTESIAN_POINT ( 'NONE',  ( 2.705999999999999073, -4.877686821612382317, -0.6654669995627729984 ) ) ;
#1780 =( GEOMETRIC_REPRESENTATION_CONTEXT ( 3 ) GLOBAL_UNCERTAINTY_ASSIGNED_CONTEXT ( ( #2195 ) ) GLOBAL_UNIT_ASSIGNED_CONTEXT ( ( #305, #3780, #2155 ) ) REPRESENTATION_CONTEXT ( 'NONE', 'WORKASPACE' ) );
#1781 = EDGE_CURVE ( 'NONE', #710, #2808, #787, .T. ) ;
#1782 = VECTOR ( 'NONE', #3399, 1000.000000000000114 ) ;
#1783 = EDGE_CURVE ( 'NONE', #2148, #3054, #3295, .T. ) ;
#1784 = PRESENTATION_LAYER_ASSIGNMENT (  '', '', ( #738 ) ) ;
#1785 = DIRECTION ( 'NONE',  ( 2.891205793294679017E-15, 0.000000000000000000, 1.000000000000000000 ) ) ;
#1786 = CARTESIAN_POINT ( 'NONE',  ( -1.866000000000000547, -3.048000000000000487, 0.5649999999999999467 ) ) ;
#1787 = FILL_AREA_STYLE ('',( #3648 ) ) ;
#1788 = EDGE_CURVE ( 'NONE', #710, #743, #1728, .T. ) ;
#1789 = APPLICATION_CONTEXT ( 'automotive_design' ) ;
#1790 = FACE_OUTER_BOUND ( 'NONE', #2928, .T. ) ;
#1791 = ORIENTED_EDGE ( 'NONE', *, *, #3690, .T. ) ;
#1792 = FILL_AREA_STYLE ('',( #913 ) ) ;
#1793 = PRESENTATION_STYLE_ASSIGNMENT (( #825 ) ) ;
#1794 = SURFACE_SIDE_STYLE ('',( #456 ) ) ;
#1795 = VERTEX_POINT ( 'NONE', #3890 ) ;
#1796 =( LENGTH_UNIT ( ) NAMED_UNIT ( * ) SI_UNIT ( .MILLI., .METRE. ) );
#1797 = ORIENTED_EDGE ( 'NONE', *, *, #3978, .F. ) ;
#1798 = CARTESIAN_POINT ( 'NONE',  ( 3.034718265391110670, -3.048000000000000043, 0.5649999999999999467 ) ) ;
#1799 = COLOUR_RGB ( '',0.8039215686274510109, 0.8039215686274510109, 0.8039215686274510109 ) ;
#1800 = CARTESIAN_POINT ( 'NONE',  ( -0.4200000000000004285, -3.048000000000000487, 0.5649999999999999467 ) ) ;
#1801 = FILL_AREA_STYLE ('',( #2995 ) ) ;
#1802 =( NAMED_UNIT ( * ) SI_UNIT ( $, .STERADIAN. ) SOLID_ANGLE_UNIT ( ) );
#1803 = CARTESIAN_POINT ( 'NONE',  ( 3.184722791630879346, -2.898000000000000576, 0.5728181025976891716 ) ) ;
#1804 = VECTOR ( 'NONE', #1181, 1000.000000000000000 ) ;
#1805 =( LENGTH_UNIT ( ) NAMED_UNIT ( * ) SI_UNIT ( .MILLI., .METRE. ) );
#1806 = EDGE_CURVE ( 'NONE', #2745, #2571, #707, .T. ) ;
#1807 = FACE_OUTER_BOUND ( 'NONE', #415, .T. ) ;
#1808 = UNCERTAINTY_MEASURE_WITH_UNIT (LENGTH_MEASURE( 1.000000000000000082E-05 ), #2598, 'distance_accuracy_value', 'NONE');
#1809 = DIRECTION ( 'NONE',  ( 1.000000000000000000, 0.000000000000000000, 0.000000000000000000 ) ) ;
#1810 = EDGE_CURVE ( 'NONE', #3097, #150, #770, .T. ) ;
#1811 = ORIENTED_EDGE ( 'NONE', *, *, #1122, .T. ) ;
#1812 =( NAMED_UNIT ( * ) SI_UNIT ( $, .STERADIAN. ) SOLID_ANGLE_UNIT ( ) );
#1813 = PLANE ( 'NONE',  #1313 ) ;
#1814 = STYLED_ITEM ( 'NONE', ( #2472 ), #2780 ) ;
#1815 = FACE_OUTER_BOUND ( 'NONE', #1999, .T. ) ;
#1816 = LINE ( 'NONE', #247, #423 ) ;
#1817 = ORIENTED_EDGE ( 'NONE', *, *, #3848, .F. ) ;
#1818 = PRESENTATION_LAYER_ASSIGNMENT (  '', '', ( #1223 ) ) ;
#1819 = AXIS2_PLACEMENT_3D ( 'NONE', #3937, #500, #459 ) ;
#1820 = DIRECTION ( 'NONE',  ( 0.000000000000000000, 0.000000000000000000, 1.000000000000000000 ) ) ;
#1821 = COLOUR_RGB ( '',0.2862745098039215508, 0.2862745098039215508, 0.2862745098039215508 ) ;
#1822 = VECTOR ( 'NONE', #3177, 1000.000000000000000 ) ;
#1823 = CARTESIAN_POINT ( 'NONE',  ( -0.4200000000000004285, -3.856000000000000316, 0.01631136535407506569 ) ) ;
#1824 =( LENGTH_UNIT ( ) NAMED_UNIT ( * ) SI_UNIT ( .MILLI., .METRE. ) );
#1825 =( NAMED_UNIT ( * ) PLANE_ANGLE_UNIT ( ) SI_UNIT ( $, .RADIAN. ) );
#1826 = CIRCLE ( 'NONE', #1544, 0.5000000000000000000 ) ;
#1827 = FILL_AREA_STYLE_COLOUR ( '', #2608 ) ;
#1828 = PRESENTATION_STYLE_ASSIGNMENT (( #2216 ) ) ;
#1829 = SURFACE_SIDE_STYLE ('',( #2048 ) ) ;
#1830 = EDGE_LOOP ( 'NONE', ( #4073, #2318, #1562, #2612 ) ) ;
#1831 = DIRECTION ( 'NONE',  ( -1.000000000000000000, 0.000000000000000000, -0.000000000000000000 ) ) ;
#1832 = CARTESIAN_POINT ( 'NONE',  ( -1.866000000000000547, -5.019989009089125709, -0.4167877281606726658 ) ) ;
#1833 = DIRECTION ( 'NONE',  ( -1.000000000000000000, -0.000000000000000000, -0.000000000000000000 ) ) ;
#1834 = EDGE_CURVE ( 'NONE', #3107, #27, #2749, .T. ) ;
#1835 = CYLINDRICAL_SURFACE ( 'NONE', #3505, 0.2500000000000002776 ) ;
#1836 = PRESENTATION_LAYER_ASSIGNMENT (  '', '', ( #2172 ) ) ;
#1837 = ORIENTED_EDGE ( 'NONE', *, *, #2277, .F. ) ;
#1838 = EDGE_CURVE ( 'NONE', #51, #180, #267, .T. ) ;
#1839 = CARTESIAN_POINT ( 'NONE',  ( -2.989733652697404320, 2.875242347358203610, 1.008679269490146968 ) ) ;
#1840 = ORIENTED_EDGE ( 'NONE', *, *, #1810, .F. ) ;
#1841 = PRESENTATION_LAYER_ASSIGNMENT (  '', '', ( #2171 ) ) ;
#1842 = PRESENTATION_STYLE_ASSIGNMENT (( #298 ) ) ;
#1843 = DIRECTION ( 'NONE',  ( 0.000000000000000000, -0.5146945073570351470, -0.8573736432247605066 ) ) ;
#1844 = LINE ( 'NONE', #1786, #2556 ) ;
#1845 = VECTOR ( 'NONE', #408, 1000.000000000000000 ) ;
#1846 = PRESENTATION_LAYER_ASSIGNMENT (  '', '', ( #934 ) ) ;
#1847 = CARTESIAN_POINT ( 'NONE',  ( 3.301999999999999602, 2.897999999999999687, -0.5453375831753243252 ) ) ;
#1848 = ORIENTED_EDGE ( 'NONE', *, *, #1566, .F. ) ;
#1849 = COLOUR_RGB ( '',0.8039215686274510109, 0.8039215686274510109, 0.8039215686274510109 ) ;
#1850 = ORIENTED_EDGE ( 'NONE', *, *, #1977, .F. ) ;
#1851 = SURFACE_SIDE_STYLE ('',( #635 ) ) ;
#1852 = SURFACE_STYLE_USAGE ( .BOTH. , #2769 ) ;
#1853 = FILL_AREA_STYLE ('',( #2186 ) ) ;
#1854 = ORIENTED_EDGE ( 'NONE', *, *, #1295, .T. ) ;
#1855 =( NAMED_UNIT ( * ) PLANE_ANGLE_UNIT ( ) SI_UNIT ( $, .RADIAN. ) );
#1856 =( NAMED_UNIT ( * ) PLANE_ANGLE_UNIT ( ) SI_UNIT ( $, .RADIAN. ) );
#1857 = SURFACE_STYLE_USAGE ( .BOTH. , #3175 ) ;
#1858 = EDGE_CURVE ( 'NONE', #1211, #399, #2232, .T. ) ;
#1859 = UNCERTAINTY_MEASURE_WITH_UNIT (LENGTH_MEASURE( 1.000000000000000082E-05 ), #1066, 'distance_accuracy_value', 'NONE');
#1860 = DIRECTION ( 'NONE',  ( 0.000000000000000000, 0.000000000000000000, 1.000000000000000000 ) ) ;
#1861 = VECTOR ( 'NONE', #587, 1000.000000000000000 ) ;
#1862 = DIRECTION ( 'NONE',  ( -0.1039620511844910056, -0.1039620511844908668, -0.9891328443778554247 ) ) ;
#1863 = ORIENTED_EDGE ( 'NONE', *, *, #620, .F. ) ;
#1864 = EDGE_CURVE ( 'NONE', #3049, #502, #3391, .T. ) ;
#1865 = FILL_AREA_STYLE_COLOUR ( '', #3271 ) ;
#1866 = UNCERTAINTY_MEASURE_WITH_UNIT (LENGTH_MEASURE( 1.000000000000000082E-05 ), #2988, 'distance_accuracy_value', 'NONE');
#1867 = MECHANICAL_DESIGN_GEOMETRIC_PRESENTATION_REPRESENTATION (  '', ( #2975 ), #2772 ) ;
#1868 =( NAMED_UNIT ( * ) SI_UNIT ( $, .STERADIAN. ) SOLID_ANGLE_UNIT ( ) );
#1869 = PRESENTATION_LAYER_ASSIGNMENT (  '', '', ( #817 ) ) ;
#1870 = UNCERTAINTY_MEASURE_WITH_UNIT (LENGTH_MEASURE( 1.000000000000000082E-05 ), #2864, 'distance_accuracy_value', 'NONE');
#1871 =( LENGTH_UNIT ( ) NAMED_UNIT ( * ) SI_UNIT ( .MILLI., .METRE. ) );
#1872 = CARTESIAN_POINT ( 'NONE',  ( -3.302000000000000934, 2.897999999999999687, -0.5453375831753398684 ) ) ;
#1873 = ORIENTED_EDGE ( 'NONE', *, *, #558, .F. ) ;
#1874 = CARTESIAN_POINT ( 'NONE',  ( -3.184722791630879790, -2.898000000000000576, 0.5728181025976852858 ) ) ;
#1875 = FILL_AREA_STYLE_COLOUR ( '', #2832 ) ;
#1876 = CARTESIAN_POINT ( 'NONE',  ( -3.302000000000001378, -2.859400642710149487, -1.142999999999999794 ) ) ;
#1877 =( NAMED_UNIT ( * ) SI_UNIT ( $, .STERADIAN. ) SOLID_ANGLE_UNIT ( ) );
#1878 = CARTESIAN_POINT ( 'NONE',  ( 3.087012559358389030, -3.048000000000000487, 0.05699999999999801753 ) ) ;
#1879 = EDGE_LOOP ( 'NONE', ( #94, #1580, #378, #2569, #1346 ) ) ;
#1880 = PLANE ( 'NONE',  #2803 ) ;
#1881 = DIRECTION ( 'NONE',  ( -1.000000000000000000, -1.453565681539901590E-14, 0.000000000000000000 ) ) ;
#1882 = CARTESIAN_POINT ( 'NONE',  ( 3.035813938274059431, -3.047997015335265569, 0.5650283971880583067 ) ) ;
#1883 = SURFACE_SIDE_STYLE ('',( #3401 ) ) ;
#1884 = COLOUR_RGB ( '',0.2862745098039215508, 0.2862745098039215508, 0.2862745098039215508 ) ;
#1885 = SURFACE_STYLE_FILL_AREA ( #1208 ) ;
#1886 = AXIS2_PLACEMENT_3D ( 'NONE', #1942, #66, #3202 ) ;
#1887 =( NAMED_UNIT ( * ) PLANE_ANGLE_UNIT ( ) SI_UNIT ( $, .RADIAN. ) );
#1888 = VERTEX_POINT ( 'NONE', #496 ) ;
#1889 = UNCERTAINTY_MEASURE_WITH_UNIT (LENGTH_MEASURE( 1.000000000000000082E-05 ), #1711, 'distance_accuracy_value', 'NONE');
#1890 = STYLED_ITEM ( 'NONE', ( #1488 ), #3461 ) ;
#1891 = EDGE_CURVE ( 'NONE', #697, #824, #3068, .T. ) ;
#1892 = CARTESIAN_POINT ( 'NONE',  ( -2.380133652697403956, -2.242589145371766790, 1.132999999999999785 ) ) ;
#1893 = ORIENTED_EDGE ( 'NONE', *, *, #1128, .F. ) ;
#1894 =( NAMED_UNIT ( * ) PLANE_ANGLE_UNIT ( ) SI_UNIT ( $, .RADIAN. ) );
#1895 = PRESENTATION_STYLE_ASSIGNMENT (( #3111 ) ) ;
#1896 =( LENGTH_UNIT ( ) NAMED_UNIT ( * ) SI_UNIT ( .MILLI., .METRE. ) );
#1897 = PLANE ( 'NONE',  #3056 ) ;
#1898 =( NAMED_UNIT ( * ) PLANE_ANGLE_UNIT ( ) SI_UNIT ( $, .RADIAN. ) );
#1899 = FACE_OUTER_BOUND ( 'NONE', #994, .T. ) ;
#1900 =( NAMED_UNIT ( * ) PLANE_ANGLE_UNIT ( ) SI_UNIT ( $, .RADIAN. ) );
#1901 = ORIENTED_EDGE ( 'NONE', *, *, #2085, .F. ) ;
#1902 = COLOUR_RGB ( '',0.8039215686274510109, 0.8039215686274510109, 0.8039215686274510109 ) ;
#1903 = UNCERTAINTY_MEASURE_WITH_UNIT (LENGTH_MEASURE( 1.000000000000000082E-05 ), #942, 'distance_accuracy_value', 'NONE');
#1904 = ADVANCED_FACE ( 'NONE', ( #1176 ), #3051, .T. ) ;
#1905 = STYLED_ITEM ( 'NONE', ( #535 ), #275 ) ;
#1906 = EDGE_LOOP ( 'NONE', ( #1476, #1069, #591, #368 ) ) ;
#1907 = MECHANICAL_DESIGN_GEOMETRIC_PRESENTATION_REPRESENTATION (  '', ( #329 ), #2416 ) ;
#1908 = MECHANICAL_DESIGN_GEOMETRIC_PRESENTATION_REPRESENTATION (  '', ( #197 ), #3746 ) ;
#1909 = EDGE_CURVE ( 'NONE', #1631, #2292, #3006, .T. ) ;
#1910 = SURFACE_STYLE_FILL_AREA ( #3082 ) ;
#1911 =( GEOMETRIC_REPRESENTATION_CONTEXT ( 3 ) GLOBAL_UNCERTAINTY_ASSIGNED_CONTEXT ( ( #1146 ) ) GLOBAL_UNIT_ASSIGNED_CONTEXT ( ( #2260, #3545, #75 ) ) REPRESENTATION_CONTEXT ( 'NONE', 'WORKASPACE' ) );
#1912 = ORIENTED_EDGE ( 'NONE', *, *, #3176, .T. ) ;
#1913 = EDGE_CURVE ( 'NONE', #1605, #359, #3678, .T. ) ;
#1914 = STYLED_ITEM ( 'NONE', ( #256 ), #954 ) ;
#1915 = DIRECTION ( 'NONE',  ( 4.098094675116482653E-16, 1.000000000000000000, -0.000000000000000000 ) ) ;
#1916 = STYLED_ITEM ( 'NONE', ( #4016 ), #1103 ) ;
#1917 = DIRECTION ( 'NONE',  ( -0.000000000000000000, -0.000000000000000000, 1.000000000000000000 ) ) ;
#1918 = ORIENTED_EDGE ( 'NONE', *, *, #2034, .F. ) ;
#1919 = FILL_AREA_STYLE ('',( #1617 ) ) ;
#1920 = DIRECTION ( 'NONE',  ( -1.000000000000000000, -0.000000000000000000, -0.000000000000000000 ) ) ;
#1921 = ORIENTED_EDGE ( 'NONE', *, *, #2586, .F. ) ;
#1922 = EDGE_LOOP ( 'NONE', ( #2056, #640, #143, #2923 ) ) ;
#1923 = DIRECTION ( 'NONE',  ( 0.000000000000000000, 0.06975647374417386082, -0.9975640502598208670 ) ) ;
#1924 = CARTESIAN_POINT ( 'NONE',  ( 2.413000000000000700, -1.185000000000000275, -1.143000000000000016 ) ) ;
#1925 = ORIENTED_EDGE ( 'NONE', *, *, #1595, .T. ) ;
#1926 = UNCERTAINTY_MEASURE_WITH_UNIT (LENGTH_MEASURE( 1.000000000000000082E-05 ), #1309, 'distance_accuracy_value', 'NONE');
#1927 = EDGE_CURVE ( 'NONE', #2116, #824, #2357, .T. ) ;
#1928 = AXIS2_PLACEMENT_3D ( 'NONE', #3829, #1111, #253 ) ;
#1929 = SURFACE_STYLE_FILL_AREA ( #287 ) ;
#1930 = ORIENTED_EDGE ( 'NONE', *, *, #3014, .T. ) ;
#1931 = PRESENTATION_STYLE_ASSIGNMENT (( #2525 ) ) ;
#1932 = ADVANCED_FACE ( 'NONE', ( #2434 ), #1813, .F. ) ;
#1933 = SURFACE_STYLE_FILL_AREA ( #1272 ) ;
#1934 = PRESENTATION_STYLE_ASSIGNMENT (( #2244 ) ) ;
#1935 = VERTEX_POINT ( 'NONE', #1288 ) ;
#1936 = FILL_AREA_STYLE ('',( #436 ) ) ;
#1937 = DIRECTION ( 'NONE',  ( 1.000000000000000000, 0.000000000000000000, 0.000000000000000000 ) ) ;
#1938 = CARTESIAN_POINT ( 'NONE',  ( -3.086463259276784665, -3.048000000000000487, 0.05699999999999996736 ) ) ;
#1939 = SURFACE_STYLE_FILL_AREA ( #687 ) ;
#1940 = FILL_AREA_STYLE ('',( #3234 ) ) ;
#1941 = FILL_AREA_STYLE ('',( #2286 ) ) ;
#1942 = CARTESIAN_POINT ( 'NONE',  ( -3.152000000000001023, 2.897999999999999687, 1.143000000000000016 ) ) ;
#1943 = ORIENTED_EDGE ( 'NONE', *, *, #826, .F. ) ;
#1944 =( NAMED_UNIT ( * ) SI_UNIT ( $, .STERADIAN. ) SOLID_ANGLE_UNIT ( ) );
#1945 = AXIS2_PLACEMENT_3D ( 'NONE', #3400, #663, #1525 ) ;
#1946 = STYLED_ITEM ( 'NONE', ( #1842 ), #2675 ) ;
#1947 = SURFACE_STYLE_FILL_AREA ( #695 ) ;
#1948 =( LENGTH_UNIT ( ) NAMED_UNIT ( * ) SI_UNIT ( .MILLI., .METRE. ) );
#1949 = STYLED_ITEM ( 'NONE', ( #492 ), #3603 ) ;
#1950 = FILL_AREA_STYLE ('',( #1387 ) ) ;
#1951 = DIRECTION ( 'NONE',  ( 0.000000000000000000, -2.891205793294679017E-15, -1.000000000000000000 ) ) ;
#1952 = VERTEX_POINT ( 'NONE', #365 ) ;
#1953 = CARTESIAN_POINT ( 'NONE',  ( -2.380133652697403956, -2.242589145371766790, 1.132999999999999785 ) ) ;
#1954 = EDGE_CURVE ( 'NONE', #3589, #399, #929, .T. ) ;
#1955 = CARTESIAN_POINT ( 'NONE',  ( 2.705999999999999073, -4.805645598282936248, -0.5454613549999314248 ) ) ;
#1956 = CARTESIAN_POINT ( 'NONE',  ( 3.073299716813339355, 2.809630127168897484, 0.1979220099960080359 ) ) ;
#1957 = ADVANCED_FACE ( 'NONE', ( #3171 ), #3782, .T. ) ;
#1958 = PLANE ( 'NONE',  #2454 ) ;
#1959 = DIRECTION ( 'NONE',  ( 1.000000000000000000, 0.000000000000000000, -0.000000000000000000 ) ) ;
#1960 = CARTESIAN_POINT ( 'NONE',  ( 1.865999999999999437, -4.284686821612380569, 0.3223472536785175757 ) ) ;
#1961 = DIRECTION ( 'NONE',  ( -0.000000000000000000, -0.9975640502598207560, -0.06975647374417384694 ) ) ;
#1962 = EDGE_CURVE ( 'NONE', #2656, #1149, #2733, .T. ) ;
#1963 = DIRECTION ( 'NONE',  ( 0.000000000000000000, -1.000000000000000000, -1.615094851542735134E-16 ) ) ;
#1964 = DIRECTION ( 'NONE',  ( 0.000000000000000000, 0.000000000000000000, -1.000000000000000000 ) ) ;
#1965 = UNCERTAINTY_MEASURE_WITH_UNIT (LENGTH_MEASURE( 1.000000000000000082E-05 ), #2118, 'distance_accuracy_value', 'NONE');
#1966 = MECHANICAL_DESIGN_GEOMETRIC_PRESENTATION_REPRESENTATION (  '', ( #121 ), #53 ) ;
#1967 = CARTESIAN_POINT ( 'NONE',  ( -1.866000000000000547, -5.002549890653083864, -1.175419224950865482 ) ) ;
#1968 = VECTOR ( 'NONE', #1070, 1000.000000000000000 ) ;
#1969 = DIRECTION ( 'NONE',  ( 1.000000000000000000, 0.000000000000000000, 0.000000000000000000 ) ) ;
#1970 = VERTEX_POINT ( 'NONE', #947 ) ;
#1971 = COLOUR_RGB ( '',0.8039215686274510109, 0.8039215686274510109, 0.8039215686274510109 ) ;
#1972 = PRESENTATION_LAYER_ASSIGNMENT (  '', '', ( #990 ) ) ;
#1973 = LINE ( 'NONE', #2861, #886 ) ;
#1974 = EDGE_LOOP ( 'NONE', ( #715, #1893, #3113, #2880 ) ) ;
#1975 = VECTOR ( 'NONE', #1719, 1000.000000000000000 ) ;
#1976 = FILL_AREA_STYLE ('',( #3871 ) ) ;
#1977 = EDGE_CURVE ( 'NONE', #3465, #3091, #291, .T. ) ;
#1978 = CARTESIAN_POINT ( 'NONE',  ( -1.866000000000000547, -3.856000000000000316, 0.06500000000000000222 ) ) ;
#1979 = DIRECTION ( 'NONE',  ( 0.000000000000000000, 0.9945218953682740670, 0.1045284632676467956 ) ) ;
#1980 = STYLED_ITEM ( 'NONE', ( #602 ), #938 ) ;
#1981 = ORIENTED_EDGE ( 'NONE', *, *, #2865, .T. ) ;
#1982 = FILL_AREA_STYLE_COLOUR ( '', #2898 ) ;
#1983 = ADVANCED_FACE ( 'NONE', ( #1533 ), #633, .F. ) ;
#1985 =( NAMED_UNIT ( * ) PLANE_ANGLE_UNIT ( ) SI_UNIT ( $, .RADIAN. ) );
#1984 = DIRECTION ( 'NONE',  ( -1.000000000000000000, 1.347951312663286864E-16, -0.000000000000000000 ) ) ;
#1986 = VERTEX_POINT ( 'NONE', #1697 ) ;
#1987 = PRESENTATION_STYLE_ASSIGNMENT (( #3922 ) ) ;
#1988 = UNCERTAINTY_MEASURE_WITH_UNIT (LENGTH_MEASURE( 1.000000000000000082E-05 ), #3825, 'distance_accuracy_value', 'NONE');
#1989 = ORIENTED_EDGE ( 'NONE', *, *, #1838, .T. ) ;
#1990 = PRESENTATION_STYLE_ASSIGNMENT (( #2315 ) ) ;
#1991 = DIRECTION ( 'NONE',  ( 0.000000000000000000, 0.000000000000000000, -1.000000000000000000 ) ) ;
#1992 = EDGE_LOOP ( 'NONE', ( #446, #410, #1385, #443 ) ) ;
#1993 = EDGE_LOOP ( 'NONE', ( #370, #339, #2065, #3495 ) ) ;
#1994 = CARTESIAN_POINT ( 'NONE',  ( -1.866000000000000547, -3.719293188415452978, 0.05700000000000024492 ) ) ;
#1995 = VECTOR ( 'NONE', #1915, 1000.000000000000000 ) ;
#1996 = SURFACE_STYLE_FILL_AREA ( #1976 ) ;
#1997 = CARTESIAN_POINT ( 'NONE',  ( -3.302000000000000934, -2.835759174535357197, -0.5273207305098528419 ) ) ;
#1998 = SURFACE_STYLE_FILL_AREA ( #3258 ) ;
#1999 = EDGE_LOOP ( 'NONE', ( #3439, #1981, #869, #2347, #1034 ) ) ;
#2000 = ORIENTED_EDGE ( 'NONE', *, *, #3532, .F. ) ;
#2001 = FACE_OUTER_BOUND ( 'NONE', #13, .T. ) ;
#2002 = FACE_OUTER_BOUND ( 'NONE', #138, .T. ) ;
#2003 = LINE ( 'NONE', #1337, #662 ) ;
#2004 = ORIENTED_EDGE ( 'NONE', *, *, #2196, .T. ) ;
#2005 = EDGE_CURVE ( 'NONE', #3000, #2117, #1661, .T. ) ;
#2006 = UNCERTAINTY_MEASURE_WITH_UNIT (LENGTH_MEASURE( 1.000000000000000082E-05 ), #3062, 'distance_accuracy_value', 'NONE');
#2007 = EDGE_CURVE ( 'NONE', #1753, #3248, #3905, .T. ) ;
#2008 = STYLED_ITEM ( 'NONE', ( #1037 ), #2750 ) ;
#2009 = EDGE_LOOP ( 'NONE', ( #1532, #1943, #165, #3405 ) ) ;
#2010 = DIRECTION ( 'NONE',  ( 1.000000000000000000, 0.000000000000000000, 0.000000000000000000 ) ) ;
#2011 = ADVANCED_FACE ( 'NONE', ( #1023 ), #3520, .T. ) ;
#2012 = CARTESIAN_POINT ( 'NONE',  ( 3.138911937002645036, -2.852189145371766266, 1.008679269490146968 ) ) ;
#2013 = VERTEX_POINT ( 'NONE', #2701 ) ;
#2014 =( GEOMETRIC_REPRESENTATION_CONTEXT ( 3 ) GLOBAL_UNCERTAINTY_ASSIGNED_CONTEXT ( ( #1062 ) ) GLOBAL_UNIT_ASSIGNED_CONTEXT ( ( #1419, #2125, #1778 ) ) REPRESENTATION_CONTEXT ( 'NONE', 'WORKASPACE' ) );
#2015 = COLOUR_RGB ( '',0.8039215686274510109, 0.8039215686274510109, 0.8039215686274510109 ) ;
#2016 = FILL_AREA_STYLE_COLOUR ( '', #1799 ) ;
#2017 = LINE ( 'NONE', #3912, #3824 ) ;
#2018 = DIRECTION ( 'NONE',  ( 1.000000000000000000, 0.000000000000000000, 0.000000000000000000 ) ) ;
#2019 = EDGE_LOOP ( 'NONE', ( #1042, #1637 ) ) ;
#2020 = PRESENTATION_STYLE_ASSIGNMENT (( #3568 ) ) ;
#2021 = DIRECTION ( 'NONE',  ( 0.000000000000000000, -0.5146945073570344809, -0.8573736432247609507 ) ) ;
#2022 = ORIENTED_EDGE ( 'NONE', *, *, #2625, .T. ) ;
#2023 = PRESENTATION_STYLE_ASSIGNMENT (( #64 ) ) ;
#2024 = PRODUCT_CONTEXT ( 'NONE', #652, 'mechanical' ) ;
#2025 = ORIENTED_EDGE ( 'NONE', *, *, #3500, .T. ) ;
#2026 = UNCERTAINTY_MEASURE_WITH_UNIT (LENGTH_MEASURE( 1.000000000000000082E-05 ), #1191, 'distance_accuracy_value', 'NONE');
#2027 = LINE ( 'NONE', #392, #1061 ) ;
#2028 = EDGE_CURVE ( 'NONE', #755, #3879, #820, .T. ) ;
#2029 = ORIENTED_EDGE ( 'NONE', *, *, #3996, .T. ) ;
#2030 =( NAMED_UNIT ( * ) SI_UNIT ( $, .STERADIAN. ) SOLID_ANGLE_UNIT ( ) );
#2031 = SURFACE_SIDE_STYLE ('',( #96 ) ) ;
#2032 = STYLED_ITEM ( 'NONE', ( #3348 ), #1364 ) ;
#2033 = VECTOR ( 'NONE', #3443, 1000.000000000000000 ) ;
#2034 = EDGE_CURVE ( 'NONE', #3186, #3054, #2360, .T. ) ;
#2035 = ORIENTED_EDGE ( 'NONE', *, *, #4019, .T. ) ;
#2036 = DIRECTION ( 'NONE',  ( -1.000000000000000000, 0.000000000000000000, 0.000000000000000000 ) ) ;
#2037 = CARTESIAN_POINT ( 'NONE',  ( -2.705999999999999961, -4.842808584740295075, -1.164249024692683765 ) ) ;
#2038 = VECTOR ( 'NONE', #2142, 1000.000000000000000 ) ;
#2039 = STYLED_ITEM ( 'NONE', ( #1466 ), #1228 ) ;
#2040 = COLOUR_RGB ( '',0.2862745098039215508, 0.2862745098039215508, 0.2862745098039215508 ) ;
#2041 = SPHERICAL_SURFACE ( 'NONE', #1464, 0.1499999999999999944 ) ;
#2042 =( GEOMETRIC_REPRESENTATION_CONTEXT ( 3 ) GLOBAL_UNCERTAINTY_ASSIGNED_CONTEXT ( ( #3367 ) ) GLOBAL_UNIT_ASSIGNED_CONTEXT ( ( #1038, #1718, #2043 ) ) REPRESENTATION_CONTEXT ( 'NONE', 'WORKASPACE' ) );
#2043 =( NAMED_UNIT ( * ) SI_UNIT ( $, .STERADIAN. ) SOLID_ANGLE_UNIT ( ) );
#2044 = SURFACE_STYLE_FILL_AREA ( #3039 ) ;
#2045 = CARTESIAN_POINT ( 'NONE',  ( -3.236463259276784576, -2.898000000000000576, 0.08054043638260229010 ) ) ;
#2046 =( GEOMETRIC_REPRESENTATION_CONTEXT ( 3 ) GLOBAL_UNCERTAINTY_ASSIGNED_CONTEXT ( ( #2464 ) ) GLOBAL_UNIT_ASSIGNED_CONTEXT ( ( #3255, #3473, #416 ) ) REPRESENTATION_CONTEXT ( 'NONE', 'WORKASPACE' ) );
#2047 = ORIENTED_EDGE ( 'NONE', *, *, #1185, .F. ) ;
#2048 = SURFACE_STYLE_FILL_AREA ( #1104 ) ;
#2049 = FACE_OUTER_BOUND ( 'NONE', #2863, .T. ) ;
#2050 = VERTEX_POINT ( 'NONE', #1744 ) ;
#2051 = SURFACE_STYLE_FILL_AREA ( #845 ) ;
#2052 = STYLED_ITEM ( 'NONE', ( #1315 ), #3748 ) ;
#2053 = EDGE_CURVE ( 'NONE', #2013, #1935, #2238, .T. ) ;
#2054 = CARTESIAN_POINT ( 'NONE',  ( -3.181651824480336899, 3.045040026200307892, -0.6204286074194326206 ) ) ;
#2055 = PRESENTATION_STYLE_ASSIGNMENT (( #1088 ) ) ;
#2056 = ORIENTED_EDGE ( 'NONE', *, *, #3141, .T. ) ;
#2057 = UNCERTAINTY_MEASURE_WITH_UNIT (LENGTH_MEASURE( 1.000000000000000082E-05 ), #274, 'distance_accuracy_value', 'NONE');
#2058 =( GEOMETRIC_REPRESENTATION_CONTEXT ( 3 ) GLOBAL_UNCERTAINTY_ASSIGNED_CONTEXT ( ( #2518 ) ) GLOBAL_UNIT_ASSIGNED_CONTEXT ( ( #1087, #1233, #1492 ) ) REPRESENTATION_CONTEXT ( 'NONE', 'WORKASPACE' ) );
#2059 = DIRECTION ( 'NONE',  ( -1.000000000000000000, -0.000000000000000000, -0.000000000000000000 ) ) ;
#2060 = DIRECTION ( 'NONE',  ( 0.000000000000000000, 0.000000000000000000, -1.000000000000000000 ) ) ;
#2061 =( NAMED_UNIT ( * ) SI_UNIT ( $, .STERADIAN. ) SOLID_ANGLE_UNIT ( ) );
#2062 = SURFACE_STYLE_FILL_AREA ( #3665 ) ;
#2063 = UNCERTAINTY_MEASURE_WITH_UNIT (LENGTH_MEASURE( 1.000000000000000082E-05 ), #2938, 'distance_accuracy_value', 'NONE');
#2064 = DIRECTION ( 'NONE',  ( -1.347951312663287111E-16, -1.000000000000000000, 0.000000000000000000 ) ) ;
#2065 = ORIENTED_EDGE ( 'NONE', *, *, #1595, .F. ) ;
#2066 = STYLED_ITEM ( 'NONE', ( #2854 ), #2679 ) ;
#2067 =( NAMED_UNIT ( * ) PLANE_ANGLE_UNIT ( ) SI_UNIT ( $, .RADIAN. ) );
#2068 = ORIENTED_EDGE ( 'NONE', *, *, #2005, .F. ) ;
#2069 = EDGE_LOOP ( 'NONE', ( #1912, #91, #1616, #2621 ) ) ;
#2070 = DIRECTION ( 'NONE',  ( -1.000000000000000000, 0.000000000000000000, -0.000000000000000000 ) ) ;
#2071 = COLOUR_RGB ( '',0.2862745098039215508, 0.2862745098039215508, 0.2862745098039215508 ) ;
#2072 = PRESENTATION_LAYER_ASSIGNMENT (  '', '', ( #2393 ) ) ;
#2073 =( LENGTH_UNIT ( ) NAMED_UNIT ( * ) SI_UNIT ( .MILLI., .METRE. ) );
#2074 = PRESENTATION_STYLE_ASSIGNMENT (( #3318 ) ) ;
#2075 = FACE_OUTER_BOUND ( 'NONE', #1974, .T. ) ;
#2077 = DIRECTION ( 'NONE',  ( 0.000000000000000000, 0.000000000000000000, 1.000000000000000000 ) ) ;
#2076 = AXIS2_PLACEMENT_3D ( 'NONE', #3263, #2601, #1336 ) ;
#2078 = DIRECTION ( 'NONE',  ( 0.000000000000000000, 0.000000000000000000, 1.000000000000000000 ) ) ;
#2079 = EDGE_LOOP ( 'NONE', ( #3376, #644, #1680, #198 ) ) ;
#2080 = CARTESIAN_POINT ( 'NONE',  ( 1.144615612366925328, 4.271763620489976709, -0.6349999999999998979 ) ) ;
#2081 =( NAMED_UNIT ( * ) PLANE_ANGLE_UNIT ( ) SI_UNIT ( $, .RADIAN. ) );
#2082 = ADVANCED_FACE ( 'NONE', ( #146 ), #758, .T. ) ;
#2083 = SURFACE_SIDE_STYLE ('',( #2420 ) ) ;
#2084 = FILL_AREA_STYLE_COLOUR ( '', #2296 ) ;
#2085 = EDGE_CURVE ( 'NONE', #2971, #1952, #2345, .T. ) ;
#2086 =( LENGTH_UNIT ( ) NAMED_UNIT ( * ) SI_UNIT ( .MILLI., .METRE. ) );
#2087 = FILL_AREA_STYLE ('',( #1144 ) ) ;
#2088 = DIRECTION ( 'NONE',  ( -0.000000000000000000, -0.000000000000000000, 1.000000000000000000 ) ) ;
#2089 = SURFACE_STYLE_USAGE ( .BOTH. , #842 ) ;
#2090 = CARTESIAN_POINT ( 'NONE',  ( -2.705999999999999961, -3.048000000000000487, 0.05700000000000002981 ) ) ;
#2091 = SURFACE_STYLE_USAGE ( .BOTH. , #3652 ) ;
#2092 = ORIENTED_EDGE ( 'NONE', *, *, #2255, .T. ) ;
#2093 = SURFACE_SIDE_STYLE ('',( #2051 ) ) ;
#2094 = CARTESIAN_POINT ( 'NONE',  ( 3.301999999999999602, -2.771048675746669687, -1.143000000000000016 ) ) ;
#2095 = VERTEX_POINT ( 'NONE', #1736 ) ;
#2096 =( LENGTH_UNIT ( ) NAMED_UNIT ( * ) SI_UNIT ( .MILLI., .METRE. ) );
#2097 = CARTESIAN_POINT ( 'NONE',  ( 2.705999999999999073, -3.048000000000000487, 0.5649999999999999467 ) ) ;
#2098 = VECTOR ( 'NONE', #185, 1000.000000000000000 ) ;
#2100 = FILL_AREA_STYLE_COLOUR ( '', #805 ) ;
#2099 = COLOUR_RGB ( '',0.8039215686274510109, 0.8039215686274510109, 0.8039215686274510109 ) ;
#2101 =( GEOMETRIC_REPRESENTATION_CONTEXT ( 3 ) GLOBAL_UNCERTAINTY_ASSIGNED_CONTEXT ( ( #3649 ) ) GLOBAL_UNIT_ASSIGNED_CONTEXT ( ( #411, #699, #3585 ) ) REPRESENTATION_CONTEXT ( 'NONE', 'WORKASPACE' ) );
#2102 = ADVANCED_FACE ( 'NONE', ( #1396 ), #712, .F. ) ;
#2103 = SURFACE_STYLE_FILL_AREA ( #1140 ) ;
#2104 = LINE ( 'NONE', #1800, #4014 ) ;
#2105 = FILL_AREA_STYLE ('',( #3322 ) ) ;
#2106 = CARTESIAN_POINT ( 'NONE',  ( -1.866000000000000547, -5.969000000000002082, -0.7337595157747623942 ) ) ;
#2107 = ORIENTED_EDGE ( 'NONE', *, *, #2886, .F. ) ;
#2108 = AXIS2_PLACEMENT_3D ( 'NONE', #688, #1979, #353 ) ;
#2109 = FACE_OUTER_BOUND ( 'NONE', #513, .T. ) ;
#2110 = EDGE_CURVE ( 'NONE', #1720, #3049, #3218, .T. ) ;
#2111 = STYLED_ITEM ( 'NONE', ( #2978 ), #1160 ) ;
#2112 = LINE ( 'NONE', #883, #1861 ) ;
#2113 = SURFACE_STYLE_FILL_AREA ( #1787 ) ;
#2114 = MECHANICAL_DESIGN_GEOMETRIC_PRESENTATION_REPRESENTATION (  '', ( #2307 ), #3110 ) ;
#2115 = CARTESIAN_POINT ( 'NONE',  ( -3.088102213680335328, -3.048000000000000487, 0.05708565997091354094 ) ) ;
#2116 = VERTEX_POINT ( 'NONE', #2916 ) ;
#2117 = VERTEX_POINT ( 'NONE', #2574 ) ;
#2118 =( LENGTH_UNIT ( ) NAMED_UNIT ( * ) SI_UNIT ( .MILLI., .METRE. ) );
#2119 =( GEOMETRIC_REPRESENTATION_CONTEXT ( 3 ) GLOBAL_UNCERTAINTY_ASSIGNED_CONTEXT ( ( #509 ) ) GLOBAL_UNIT_ASSIGNED_CONTEXT ( ( #1425, #571, #2763 ) ) REPRESENTATION_CONTEXT ( 'NONE', 'WORKASPACE' ) );
#2120 = LINE ( 'NONE', #1491, #1161 ) ;
#2121 = FILL_AREA_STYLE ('',( #1474 ) ) ;
#2122 = SURFACE_STYLE_USAGE ( .BOTH. , #2794 ) ;
#2123 = VERTEX_POINT ( 'NONE', #1438 ) ;
#2124 = CARTESIAN_POINT ( 'NONE',  ( -2.075333652697403775, -2.242589145371766790, 1.132999999999999785 ) ) ;
#2125 =( NAMED_UNIT ( * ) PLANE_ANGLE_UNIT ( ) SI_UNIT ( $, .RADIAN. ) );
#2126 =( NAMED_UNIT ( * ) SI_UNIT ( $, .STERADIAN. ) SOLID_ANGLE_UNIT ( ) );
#2127 = PRESENTATION_LAYER_ASSIGNMENT (  '', '', ( #3436 ) ) ;
#2128 = SURFACE_STYLE_FILL_AREA ( #3670 ) ;
#2129 = SURFACE_STYLE_FILL_AREA ( #2223 ) ;
#2130 =( NAMED_UNIT ( * ) PLANE_ANGLE_UNIT ( ) SI_UNIT ( $, .RADIAN. ) );
#2131 =( NAMED_UNIT ( * ) PLANE_ANGLE_UNIT ( ) SI_UNIT ( $, .RADIAN. ) );
#2132 = CARTESIAN_POINT ( 'NONE',  ( -0.4200000000000004285, -3.048000000000000487, 0.5649999999999999467 ) ) ;
#2133 = EDGE_CURVE ( 'NONE', #3565, #2971, #3381, .T. ) ;
#2134 = CARTESIAN_POINT ( 'NONE',  ( 0.4199999999999993738, -3.048000000000000487, 0.5649999999999999467 ) ) ;
#2135 = EDGE_LOOP ( 'NONE', ( #2092, #2035, #1215 ) ) ;
#2136 = DIRECTION ( 'NONE',  ( 0.000000000000000000, -1.000000000000000000, 0.000000000000000000 ) ) ;
#2137 = EDGE_CURVE ( 'NONE', #2310, #1722, #2993, .T. ) ;
#2138 = PLANE ( 'NONE',  #771 ) ;
#2140 = ORIENTED_EDGE ( 'NONE', *, *, #1710, .F. ) ;
#2139 = EDGE_CURVE ( 'NONE', #2961, #3465, #878, .T. ) ;
#2141 = CARTESIAN_POINT ( 'NONE',  ( -2.705999999999999961, -5.019989009089125709, -0.4167877281606726658 ) ) ;
#2142 = DIRECTION ( 'NONE',  ( 0.000000000000000000, -1.000000000000000000, 0.000000000000000000 ) ) ;
#2143 =( LENGTH_UNIT ( ) NAMED_UNIT ( * ) SI_UNIT ( .MILLI., .METRE. ) );
#2144 = UNCERTAINTY_MEASURE_WITH_UNIT (LENGTH_MEASURE( 1.000000000000000082E-05 ), #2212, 'distance_accuracy_value', 'NONE');
#2145 = LINE ( 'NONE', #1218, #2442 ) ;
#2146 = CARTESIAN_POINT ( 'NONE',  ( 2.413000000000000700, -1.185000000000000275, -0.6349999999999998979 ) ) ;
#2147 = FILL_AREA_STYLE ('',( #2830 ) ) ;
#2148 = VERTEX_POINT ( 'NONE', #3075 ) ;
#2149 = PRESENTATION_STYLE_ASSIGNMENT (( #898 ) ) ;
#2150 = COLOUR_RGB ( '',0.2862745098039215508, 0.2862745098039215508, 0.2862745098039215508 ) ;
#2151 = VECTOR ( 'NONE', #1197, 1000.000000000000000 ) ;
#2152 = B_SPLINE_CURVE_WITH_KNOTS ( 'NONE', 3,
 ( #1847, #3444, #3106, #629, #3142, #1565, #73, #2874, #2631, #745, #3580, #718, #133, #782, #1657, #1675 ),
 .UNSPECIFIED., .F., .F.,
 ( 4, 3, 3, 3, 3, 4 ),
 ( 0.000000000000000000, 2.256370542656492063E-05, 7.839135801494459673E-05, 0.0001341612919319261344, 0.0001888190247100160523, 0.0002435993686035892170 ),
 .UNSPECIFIED. ) ;
#2153 = SURFACE_SIDE_STYLE ('',( #1910 ) ) ;
#2154 = EDGE_CURVE ( 'NONE', #4046, #4058, #3962, .T. ) ;
#2155 =( NAMED_UNIT ( * ) SI_UNIT ( $, .STERADIAN. ) SOLID_ANGLE_UNIT ( ) );
#2156 = VERTEX_POINT ( 'NONE', #2146 ) ;
#2157 =( NAMED_UNIT ( * ) PLANE_ANGLE_UNIT ( ) SI_UNIT ( $, .RADIAN. ) );
#2158 = CARTESIAN_POINT ( 'NONE',  ( 2.705999999999999073, -5.969000000000002082, -0.7337595157747623942 ) ) ;
#2159 = CARTESIAN_POINT ( 'NONE',  ( -5.089793721063931464, -3.048000000000000487, 0.05699999999999996736 ) ) ;
#2160 = PRESENTATION_LAYER_ASSIGNMENT (  '', '', ( #2532 ) ) ;
#2161 = EDGE_CURVE ( 'NONE', #106, #3557, #853, .T. ) ;
#2162 = CARTESIAN_POINT ( 'NONE',  ( 1.919999999999989049, 4.063999999999999169, -0.6349999999999998979 ) ) ;
#2163 = CARTESIAN_POINT ( 'NONE',  ( 3.086463259276783333, -3.048000000000000487, 0.05699999999999996736 ) ) ;
#2164 = ORIENTED_EDGE ( 'NONE', *, *, #4048, .T. ) ;
#2165 = FACE_OUTER_BOUND ( 'NONE', #1519, .T. ) ;
#2166 =( GEOMETRIC_REPRESENTATION_CONTEXT ( 3 ) GLOBAL_UNCERTAINTY_ASSIGNED_CONTEXT ( ( #3104 ) ) GLOBAL_UNIT_ASSIGNED_CONTEXT ( ( #606, #1887, #1868 ) ) REPRESENTATION_CONTEXT ( 'NONE', 'WORKASPACE' ) );
#2167 = DIRECTION ( 'NONE',  ( -0.1039620511844909917, 0.1039620511844908113, -0.9891328443778553137 ) ) ;
#2168 =( NAMED_UNIT ( * ) SI_UNIT ( $, .STERADIAN. ) SOLID_ANGLE_UNIT ( ) );
#2169 = ORIENTED_EDGE ( 'NONE', *, *, #3996, .F. ) ;
#2170 = VERTEX_POINT ( 'NONE', #1798 ) ;
#2171 = STYLED_ITEM ( 'NONE', ( #2338 ), #1761 ) ;
#2172 = STYLED_ITEM ( 'NONE', ( #2912 ), #1323 ) ;
#2173 = AXIS2_PLACEMENT_3D ( 'NONE', #3502, #1702, #1991 ) ;
#2174 = COLOUR_RGB ( '',0.8039215686274510109, 0.8039215686274510109, 0.8039215686274510109 ) ;
#2175 = ORIENTED_EDGE ( 'NONE', *, *, #2257, .T. ) ;
#2176 = LINE ( 'NONE', #3103, #2768 ) ;
#2177 = PRESENTATION_LAYER_ASSIGNMENT (  '', '', ( #1639 ) ) ;
#2178 = STYLED_ITEM ( 'NONE', ( #2023 ), #2102 ) ;
#2179 =( GEOMETRIC_REPRESENTATION_CONTEXT ( 3 ) GLOBAL_UNCERTAINTY_ASSIGNED_CONTEXT ( ( #3801 ) ) GLOBAL_UNIT_ASSIGNED_CONTEXT ( ( #3618, #1164, #779 ) ) REPRESENTATION_CONTEXT ( 'NONE', 'WORKASPACE' ) );
#2180 = CARTESIAN_POINT ( 'NONE',  ( -3.302000000000000490, 2.894972456170418873, -0.5437794060386575978 ) ) ;
#2181 = EDGE_LOOP ( 'NONE', ( #2000, #3229, #1921, #2445, #128, #2907 ) ) ;
#2182 = DIRECTION ( 'NONE',  ( 0.000000000000000000, -1.615094851542735134E-16, 1.000000000000000000 ) ) ;
#2183 = CARTESIAN_POINT ( 'NONE',  ( 1.865999999999999437, -5.019989009089125709, -0.4167877281606726658 ) ) ;
#2184 = STYLED_ITEM ( 'NONE', ( #600 ), #31 ) ;
#2185 = DIRECTION ( 'NONE',  ( 1.000000000000000000, 0.000000000000000000, 0.000000000000000000 ) ) ;
#2186 = FILL_AREA_STYLE_COLOUR ( '', #2071 ) ;
#2187 = DIRECTION ( 'NONE',  ( 0.000000000000000000, 0.000000000000000000, -1.000000000000000000 ) ) ;
#2188 = ORIENTED_EDGE ( 'NONE', *, *, #2154, .T. ) ;
#2189 = CARTESIAN_POINT ( 'NONE',  ( -3.162147661583979641, 3.047656356244778486, -0.6317304480704104552 ) ) ;
#2190 = AXIS2_PLACEMENT_3D ( 'NONE', #1430, #1389, #3334 ) ;
#2191 = EDGE_CURVE ( 'NONE', #944, #3349, #3037, .T. ) ;
#2192 = CARTESIAN_POINT ( 'NONE',  ( -1.866000000000000547, -4.449000000000001620, -0.9228142532412907384 ) ) ;
#2193 = MECHANICAL_DESIGN_GEOMETRIC_PRESENTATION_REPRESENTATION (  '', ( #1949 ), #3369 ) ;
#2194 = ORIENTED_EDGE ( 'NONE', *, *, #4025, .T. ) ;
#2195 = UNCERTAINTY_MEASURE_WITH_UNIT (LENGTH_MEASURE( 1.000000000000000082E-05 ), #305, 'distance_accuracy_value', 'NONE');
#2196 = EDGE_CURVE ( 'NONE', #1567, #720, #170, .T. ) ;
#2197 =( LENGTH_UNIT ( ) NAMED_UNIT ( * ) SI_UNIT ( .MILLI., .METRE. ) );
#2198 = CARTESIAN_POINT ( 'NONE',  ( -2.705999999999999961, -4.284686821612380569, 0.3223472536785175757 ) ) ;
#2199 = CYLINDRICAL_SURFACE ( 'NONE', #3699, 0.1499999999999999667 ) ;
#2200 = EDGE_LOOP ( 'NONE', ( #2164, #1452, #3992, #1462 ) ) ;
#2201 = FILL_AREA_STYLE_COLOUR ( '', #2823 ) ;
#2202 = ORIENTED_EDGE ( 'NONE', *, *, #1475, .F. ) ;
#2203 = CARTESIAN_POINT ( 'NONE',  ( -3.036357269115274704, -3.047991046094876921, 0.5650851907166248855 ) ) ;
#2204 = FILL_AREA_STYLE ('',( #2878 ) ) ;
#2205 =( BOUNDED_CURVE ( )  B_SPLINE_CURVE ( 3, ( #2492, #344, #2180, #1872 ),
 .UNSPECIFIED., .F., .F. ) 
 B_SPLINE_CURVE_WITH_KNOTS ( ( 4, 4 ),
 ( 0.01092641704307305110, 0.06801235737163385808 ),
 .UNSPECIFIED. ) 
 CURVE ( )  GEOMETRIC_REPRESENTATION_ITEM ( )  RATIONAL_B_SPLINE_CURVE ( ( 1.000000000000000000, 0.9997284513880650980, 0.9997284513880650980, 1.000000000000000000 ) ) 
 REPRESENTATION_ITEM ( '' )  );
#2206 =( NAMED_UNIT ( * ) SI_UNIT ( $, .STERADIAN. ) SOLID_ANGLE_UNIT ( ) );
#2207 =( NAMED_UNIT ( * ) SI_UNIT ( $, .STERADIAN. ) SOLID_ANGLE_UNIT ( ) );
#2208 = ORIENTED_EDGE ( 'NONE', *, *, #855, .T. ) ;
#2209 = CARTESIAN_POINT ( 'NONE',  ( 0.4199999999999993738, -3.048000000000000487, 0.5649999999999999467 ) ) ;
#2210 = DIRECTION ( 'NONE',  ( 0.000000000000000000, -0.000000000000000000, -1.000000000000000000 ) ) ;
#2211 = SURFACE_STYLE_FILL_AREA ( #1257 ) ;
#2212 =( LENGTH_UNIT ( ) NAMED_UNIT ( * ) SI_UNIT ( .MILLI., .METRE. ) );
#2213 = ADVANCED_FACE ( 'NONE', ( #3321 ), #2714, .F. ) ;
#2214 = PRESENTATION_STYLE_ASSIGNMENT (( #2443 ) ) ;
#2215 = SURFACE_SIDE_STYLE ('',( #1220 ) ) ;
#2216 = SURFACE_STYLE_USAGE ( .BOTH. , #667 ) ;
#2217 = VECTOR ( 'NONE', #1537, 1000.000000000000000 ) ;
#2218 = SURFACE_SIDE_STYLE ('',( #1885 ) ) ;
#2219 = COLOUR_RGB ( '',0.2862745098039215508, 0.2862745098039215508, 0.2862745098039215508 ) ;
#2220 = FACE_OUTER_BOUND ( 'NONE', #1182, .T. ) ;
#2221 = ORIENTED_EDGE ( 'NONE', *, *, #251, .F. ) ;
#2222 = PRESENTATION_LAYER_ASSIGNMENT (  '', '', ( #2339 ) ) ;
#2223 = FILL_AREA_STYLE ('',( #3762 ) ) ;
#2224 = DIRECTION ( 'NONE',  ( 0.000000000000000000, 0.000000000000000000, -1.000000000000000000 ) ) ;
#2225 = EDGE_LOOP ( 'NONE', ( #34, #2382, #1901, #289 ) ) ;
#2226 = ORIENTED_EDGE ( 'NONE', *, *, #2821, .F. ) ;
#2227 = VECTOR ( 'NONE', #3966, 1000.000000000000000 ) ;
#2228 = ORIENTED_EDGE ( 'NONE', *, *, #3578, .T. ) ;
#2229 = DIRECTION ( 'NONE',  ( -1.000000000000000000, -0.000000000000000000, -0.000000000000000000 ) ) ;
#2230 = DIRECTION ( 'NONE',  ( 0.000000000000000000, -0.9975640502598209780, -0.06975647374417162649 ) ) ;
#2231 = ORIENTED_EDGE ( 'NONE', *, *, #1390, .F. ) ;
#2232 = CIRCLE ( 'NONE', #2291, 0.1499999999999999667 ) ;
#2233 = UNCERTAINTY_MEASURE_WITH_UNIT (LENGTH_MEASURE( 1.000000000000000082E-05 ), #3880, 'distance_accuracy_value', 'NONE');
#2234 = AXIS2_PLACEMENT_3D ( 'NONE', #1079, #80, #2332 ) ;
#2235 = EDGE_CURVE ( 'NONE', #2310, #3286, #54, .T. ) ;
#2236 = PRESENTATION_LAYER_ASSIGNMENT (  '', '', ( #1777 ) ) ;
#2237 = FACE_OUTER_BOUND ( 'NONE', #211, .T. ) ;
#2238 = CIRCLE ( 'NONE', #1507, 0.3048000000000000154 ) ;
#2239 = CARTESIAN_POINT ( 'NONE',  ( 0.4199999999999993738, -3.719293188415452978, -0.1930000000000000326 ) ) ;
#2240 = ORIENTED_EDGE ( 'NONE', *, *, #1783, .T. ) ;
#2241 =( GEOMETRIC_REPRESENTATION_CONTEXT ( 3 ) GLOBAL_UNCERTAINTY_ASSIGNED_CONTEXT ( ( #1398 ) ) GLOBAL_UNIT_ASSIGNED_CONTEXT ( ( #3421, #895, #2168 ) ) REPRESENTATION_CONTEXT ( 'NONE', 'WORKASPACE' ) );
#2242 = DIRECTION ( 'NONE',  ( -0.000000000000000000, -0.000000000000000000, 1.000000000000000000 ) ) ;
#2243 = FILL_AREA_STYLE ('',( #3811 ) ) ;
#2244 = SURFACE_STYLE_USAGE ( .BOTH. , #1274 ) ;
#2245 = ORIENTED_EDGE ( 'NONE', *, *, #3237, .T. ) ;
#2246 = SURFACE_SIDE_STYLE ('',( #1577 ) ) ;
#2247 = VECTOR ( 'NONE', #970, 1000.000000000000000 ) ;
#2248 = CARTESIAN_POINT ( 'NONE',  ( -2.669999999999999929, 3.047999999999999599, -0.6349999999999998979 ) ) ;
#2249 = CARTESIAN_POINT ( 'NONE',  ( 2.413000000000000700, 3.047999999999999599, -0.6349999999999998979 ) ) ;
#2250 = ORIENTED_EDGE ( 'NONE', *, *, #680, .F. ) ;
#2251 = DIRECTION ( 'NONE',  ( -0.000000000000000000, -1.000000000000000000, -0.000000000000000000 ) ) ;
#2252 =( NAMED_UNIT ( * ) PLANE_ANGLE_UNIT ( ) SI_UNIT ( $, .RADIAN. ) );
#2253 =( NAMED_UNIT ( * ) SI_UNIT ( $, .STERADIAN. ) SOLID_ANGLE_UNIT ( ) );
#2254 = DIRECTION ( 'NONE',  ( -1.000000000000000000, -0.000000000000000000, -0.000000000000000000 ) ) ;
#2255 = EDGE_CURVE ( 'NONE', #2123, #4039, #132, .T. ) ;
#2256 = DIRECTION ( 'NONE',  ( -0.000000000000000000, 0.9975640502598207560, 0.06975647374417404123 ) ) ;
#2257 = EDGE_CURVE ( 'NONE', #213, #761, #2017, .T. ) ;
#2258 = ORIENTED_EDGE ( 'NONE', *, *, #2110, .T. ) ;
#2259 = FILL_AREA_STYLE ('',( #2899 ) ) ;
#2260 =( LENGTH_UNIT ( ) NAMED_UNIT ( * ) SI_UNIT ( .MILLI., .METRE. ) );
#2261 = EDGE_CURVE ( 'NONE', #2571, #4058, #1012, .T. ) ;
#2262 = FILL_AREA_STYLE_COLOUR ( '', #3887 ) ;
#2263 = ORIENTED_EDGE ( 'NONE', *, *, #3554, .T. ) ;
#2264 = LINE ( 'NONE', #2341, #1368 ) ;
#2265 = CARTESIAN_POINT ( 'NONE',  ( -3.152000000000001023, -2.982463259276783685, -0.5665404363826145318 ) ) ;
#2266 = EDGE_LOOP ( 'NONE', ( #3627, #3904, #1360, #1100, #230, #151, #925, #2634, #3194, #2690, #1659, #2915 ) ) ;
#2267 = VECTOR ( 'NONE', #228, 1000.000000000000000 ) ;
#2268 =( NAMED_UNIT ( * ) SI_UNIT ( $, .STERADIAN. ) SOLID_ANGLE_UNIT ( ) );
#2269 = DIRECTION ( 'NONE',  ( 1.000000000000000000, 0.000000000000000000, 0.000000000000000000 ) ) ;
#2270 = CARTESIAN_POINT ( 'NONE',  ( -2.413000000000002476, -1.184999999999999609, -1.143000000000000016 ) ) ;
#2271 = ORIENTED_EDGE ( 'NONE', *, *, #1810, .T. ) ;
#2272 = VECTOR ( 'NONE', #2711, 1000.000000000000227 ) ;
#2273 = VECTOR ( 'NONE', #1561, 1000.000000000000000 ) ;
#2274 = ORIENTED_EDGE ( 'NONE', *, *, #1032, .F. ) ;
#2275 = MECHANICAL_DESIGN_GEOMETRIC_PRESENTATION_REPRESENTATION (  '', ( #2339 ), #1229 ) ;
#2276 = DIRECTION ( 'NONE',  ( 0.000000000000000000, 0.000000000000000000, -1.000000000000000000 ) ) ;
#2277 = EDGE_CURVE ( 'NONE', #3563, #2452, #489, .T. ) ;
#2278 = CARTESIAN_POINT ( 'NONE',  ( -3.034718265391110670, -3.048000000000000487, 0.5649999999999999467 ) ) ;
#2279 = PRESENTATION_STYLE_ASSIGNMENT (( #3888 ) ) ;
#2280 = ORIENTED_EDGE ( 'NONE', *, *, #347, .T. ) ;
#2281 = DIRECTION ( 'NONE',  ( 1.000000000000000000, 0.000000000000000000, -0.000000000000000000 ) ) ;
#2282 = CARTESIAN_POINT ( 'NONE',  ( 0.4199999999999993738, -3.719293188415452978, 0.05700000000000024492 ) ) ;
#2283 = ADVANCED_FACE ( 'NONE', ( #2075 ), #3934, .F. ) ;
#2284 = DIRECTION ( 'NONE',  ( 0.000000000000000000, 0.5146945073570344809, 0.8573736432247609507 ) ) ;
#2285 = VERTEX_POINT ( 'NONE', #2671 ) ;
#2286 = FILL_AREA_STYLE_COLOUR ( '', #3025 ) ;
#2287 = DIRECTION ( 'NONE',  ( 0.000000000000000000, 0.000000000000000000, -1.000000000000000000 ) ) ;
#2288 = CARTESIAN_POINT ( 'NONE',  ( -1.866000000000000547, -3.048000000000000487, 0.05700000000000002981 ) ) ;
#2289 = SURFACE_SIDE_STYLE ('',( #108 ) ) ;
#2290 = UNCERTAINTY_MEASURE_WITH_UNIT (LENGTH_MEASURE( 1.000000000000000082E-05 ), #748, 'distance_accuracy_value', 'NONE');
#2291 = AXIS2_PLACEMENT_3D ( 'NONE', #2375, #576, #2391 ) ;
#2292 = VERTEX_POINT ( 'NONE', #3898 ) ;
#2293 = DIRECTION ( 'NONE',  ( -0.000000000000000000, 1.000000000000000000, 1.615094851542735134E-16 ) ) ;
#2294 = MECHANICAL_DESIGN_GEOMETRIC_PRESENTATION_REPRESENTATION (  '', ( #1116 ), #400 ) ;
#2295 =( BOUNDED_CURVE ( )  B_SPLINE_CURVE ( 3, ( #2094, #207, #1178, #3069 ),
 .UNSPECIFIED., .F., .F. ) 
 B_SPLINE_CURVE_WITH_KNOTS ( ( 4, 4 ),
 ( 4.712388980384689674, 6.283185307179586232 ),
 .UNSPECIFIED. ) 
 CURVE ( )  GEOMETRIC_REPRESENTATION_ITEM ( )  RATIONAL_B_SPLINE_CURVE ( ( 1.000000000000000000, 0.8047378541243649375, 0.8047378541243649375, 1.000000000000000000 ) ) 
 REPRESENTATION_ITEM ( '' )  );
#2296 = COLOUR_RGB ( '',0.8039215686274510109, 0.8039215686274510109, 0.8039215686274510109 ) ;
#2297 =( NAMED_UNIT ( * ) SI_UNIT ( $, .STERADIAN. ) SOLID_ANGLE_UNIT ( ) );
#2298 = ORIENTED_EDGE ( 'NONE', *, *, #3911, .T. ) ;
#2299 = AXIS2_PLACEMENT_3D ( 'NONE', #2302, #3815, #1596 ) ;
#2300 = FILL_AREA_STYLE ('',( #1049 ) ) ;
#2301 = EDGE_CURVE ( 'NONE', #944, #1044, #1114, .T. ) ;
#2302 = CARTESIAN_POINT ( 'NONE',  ( 2.705999999999999073, -3.048000000000000487, 0.5649999999999999467 ) ) ;
#2303 = DIRECTION ( 'NONE',  ( 0.000000000000000000, -0.1045284632676467956, 0.9945218953682740670 ) ) ;
#2304 = EDGE_CURVE ( 'NONE', #2468, #2350, #2974, .T. ) ;
#2305 = PLANE ( 'NONE',  #328 ) ;
#2306 = UNCERTAINTY_MEASURE_WITH_UNIT (LENGTH_MEASURE( 1.000000000000000082E-05 ), #3398, 'distance_accuracy_value', 'NONE');
#2307 = STYLED_ITEM ( 'NONE', ( #1749 ), #116 ) ;
#2308 = CARTESIAN_POINT ( 'NONE',  ( 2.705999999999999073, -4.877686821612382317, -0.6654669995627729984 ) ) ;
#2309 = FILL_AREA_STYLE_COLOUR ( '', #1442 ) ;
#2310 = VERTEX_POINT ( 'NONE', #2367 ) ;
#2311 = FACE_OUTER_BOUND ( 'NONE', #449, .T. ) ;
#2312 = EDGE_CURVE ( 'NONE', #2506, #213, #2104, .T. ) ;
#2313 = STYLED_ITEM ( 'NONE', ( #1828 ), #246 ) ;
#2314 = ORIENTED_EDGE ( 'NONE', *, *, #1710, .T. ) ;
#2315 = SURFACE_STYLE_USAGE ( .BOTH. , #1068 ) ;
#2316 = PRESENTATION_LAYER_ASSIGNMENT (  '', '', ( #2440 ) ) ;
#2317 = FACE_OUTER_BOUND ( 'NONE', #3432, .T. ) ;
#2318 = ORIENTED_EDGE ( 'NONE', *, *, #2191, .T. ) ;
#2319 =( BOUNDED_CURVE ( )  B_SPLINE_CURVE ( 3, ( #1874, #3108, #2741, #2203 ),
 .UNSPECIFIED., .F., .F. ) 
 B_SPLINE_CURVE_WITH_KNOTS ( ( 4, 4 ),
 ( 4.712388980384689674, 6.272258890136510168 ),
 .UNSPECIFIED. ) 
 CURVE ( )  GEOMETRIC_REPRESENTATION_ITEM ( )  RATIONAL_B_SPLINE_CURVE ( ( 1.000000000000000000, 0.8073061876036305984, 0.8073061876036305984, 1.000000000000000000 ) ) 
 REPRESENTATION_ITEM ( '' )  );
#2320 =( NAMED_UNIT ( * ) PLANE_ANGLE_UNIT ( ) SI_UNIT ( $, .RADIAN. ) );
#2321 = STYLED_ITEM ( 'NONE', ( #977 ), #4079 ) ;
#2322 = ORIENTED_EDGE ( 'NONE', *, *, #93, .T. ) ;
#2323 = DIRECTION ( 'NONE',  ( -1.000000000000000000, -0.000000000000000000, -0.000000000000000000 ) ) ;
#2325 = PLANE ( 'NONE',  #2797 ) ;
#2324 = CYLINDRICAL_SURFACE ( 'NONE', #1886, 0.1499999999999999667 ) ;
#2326 = DIRECTION ( 'NONE',  ( 0.1039620511844910056, 0.1039620511844907141, 0.9891328443778555357 ) ) ;
#2327 = VERTEX_POINT ( 'NONE', #2774 ) ;
#2328 = COLOUR_RGB ( '',0.2862745098039215508, 0.2862745098039215508, 0.2862745098039215508 ) ;
#2329 = EDGE_CURVE ( 'NONE', #150, #734, #3882, .T. ) ;
#2330 = STYLED_ITEM ( 'NONE', ( #3034 ), #3041 ) ;
#2331 =( LENGTH_UNIT ( ) NAMED_UNIT ( * ) SI_UNIT ( .MILLI., .METRE. ) );
#2332 = DIRECTION ( 'NONE',  ( 1.000000000000000000, 1.687474198421022341E-15, 0.000000000000000000 ) ) ;
#2333 = ORIENTED_EDGE ( 'NONE', *, *, #2329, .T. ) ;
#2334 = SURFACE_STYLE_USAGE ( .BOTH. , #3928 ) ;
#2335 = VECTOR ( 'NONE', #759, 1000.000000000000227 ) ;
#2336 = DIRECTION ( 'NONE',  ( 0.000000000000000000, 0.5146945073570344809, 0.8573736432247609507 ) ) ;
#2337 = EDGE_LOOP ( 'NONE', ( #1554, #1174, #3085, #2481 ) ) ;
#2338 = PRESENTATION_STYLE_ASSIGNMENT (( #2929 ) ) ;
#2339 = STYLED_ITEM ( 'NONE', ( #1175 ), #3513 ) ;
#2340 = VERTEX_POINT ( 'NONE', #505 ) ;
#2341 = CARTESIAN_POINT ( 'NONE',  ( -2.669999999999999929, 3.863038105676656286, -1.143000000000000016 ) ) ;
#2342 = CARTESIAN_POINT ( 'NONE',  ( 2.989733652697403876, 2.726064063052962450, 1.143000000000000016 ) ) ;
#2343 = LINE ( 'NONE', #485, #4017 ) ;
#2344 = UNCERTAINTY_MEASURE_WITH_UNIT (LENGTH_MEASURE( 1.000000000000000082E-05 ), #3645, 'distance_accuracy_value', 'NONE');
#2345 = LINE ( 'NONE', #3571, #1570 ) ;
#2346 = PRESENTATION_STYLE_ASSIGNMENT (( #506 ) ) ;
#2347 = ORIENTED_EDGE ( 'NONE', *, *, #1909, .T. ) ;
#2348 =( LENGTH_UNIT ( ) NAMED_UNIT ( * ) SI_UNIT ( .MILLI., .METRE. ) );
#2349 = SURFACE_SIDE_STYLE ('',( #3602 ) ) ;
#2350 = VERTEX_POINT ( 'NONE', #3016 ) ;
#2351 = COLOUR_RGB ( '',0.2862745098039215508, 0.2862745098039215508, 0.2862745098039215508 ) ;
#2352 = PRESENTATION_STYLE_ASSIGNMENT (( #1552 ) ) ;
#2353 = ORIENTED_EDGE ( 'NONE', *, *, #3237, .F. ) ;
#2354 = VERTEX_POINT ( 'NONE', #3963 ) ;
#2355 = CARTESIAN_POINT ( 'NONE',  ( -2.705999999999999961, -3.048000000000000487, 0.5649999999999999467 ) ) ;
#2356 = AXIS2_PLACEMENT_3D ( 'NONE', #907, #29, #240 ) ;
#2357 = CIRCLE ( 'NONE', #2753, 0.5000000000000000000 ) ;
#2358 = MECHANICAL_DESIGN_GEOMETRIC_PRESENTATION_REPRESENTATION (  '', ( #2039 ), #3478 ) ;
#2359 =( NAMED_UNIT ( * ) SI_UNIT ( $, .STERADIAN. ) SOLID_ANGLE_UNIT ( ) );
#2360 = CIRCLE ( 'NONE', #4012, 0.1499999999999999667 ) ;
#2361 = ADVANCED_FACE ( 'NONE', ( #2237 ), #4071, .F. ) ;
#2362 = DIRECTION ( 'NONE',  ( -0.000000000000000000, -0.000000000000000000, 1.000000000000000000 ) ) ;
#2363 = VECTOR ( 'NONE', #216, 1000.000000000000000 ) ;
#2364 = VECTOR ( 'NONE', #3617, 1000.000000000000227 ) ;
#2365 = APPLICATION_PROTOCOL_DEFINITION ( 'draft international standard', 'automotive_design', 1998, #1789 ) ;
#2366 = VECTOR ( 'NONE', #3340, 1000.000000000000000 ) ;
#2367 = CARTESIAN_POINT ( 'NONE',  ( 3.152000000000000135, -2.982463259276784129, -0.5665404363826133105 ) ) ;
#2368 = CARTESIAN_POINT ( 'NONE',  ( -3.152000000000001023, -3.011717763808795301, 1.146813416688604814 ) ) ;
#2369 = COLOUR_RGB ( '',0.2862745098039215508, 0.2862745098039215508, 0.2862745098039215508 ) ;
#2370 = ORIENTED_EDGE ( 'NONE', *, *, #1421, .T. ) ;
#2371 = UNCERTAINTY_MEASURE_WITH_UNIT (LENGTH_MEASURE( 1.000000000000000082E-05 ), #940, 'distance_accuracy_value', 'NONE');
#2372 = EDGE_CURVE ( 'NONE', #2705, #180, #3232, .T. ) ;
#2373 = DIRECTION ( 'NONE',  ( 0.000000000000000000, 1.000000000000000000, 0.000000000000000000 ) ) ;
#2374 = ORIENTED_EDGE ( 'NONE', *, *, #200, .T. ) ;
#2375 = CARTESIAN_POINT ( 'NONE',  ( 2.989733652697406097, -2.852189145371765822, 0.9929999999999999938 ) ) ;
#2376 =( NAMED_UNIT ( * ) PLANE_ANGLE_UNIT ( ) SI_UNIT ( $, .RADIAN. ) );
#2377 = CARTESIAN_POINT ( 'NONE',  ( -1.866000000000000547, -5.969000000000002082, -0.7337595157747623942 ) ) ;
#2378 = EDGE_CURVE ( 'NONE', #1716, #1149, #3256, .T. ) ;
#2379 = ORIENTED_EDGE ( 'NONE', *, *, #757, .T. ) ;
#2380 = SURFACE_STYLE_USAGE ( .BOTH. , #1137 ) ;
#2381 = DIRECTION ( 'NONE',  ( 1.000000000000000000, 0.000000000000000000, 0.000000000000000000 ) ) ;
#2382 = ORIENTED_EDGE ( 'NONE', *, *, #3638, .F. ) ;
#2383 =( LENGTH_UNIT ( ) NAMED_UNIT ( * ) SI_UNIT ( .MILLI., .METRE. ) );
#2384 = PRESENTATION_STYLE_ASSIGNMENT (( #3900 ) ) ;
#2385 = PRESENTATION_STYLE_ASSIGNMENT (( #1444 ) ) ;
#2386 = EDGE_LOOP ( 'NONE', ( #3522, #3235, #1559, #3372, #3537, #1388 ) ) ;
#2387 = CARTESIAN_POINT ( 'NONE',  ( 0.4199999999999993738, -3.719293188415452978, 0.05700000000000024492 ) ) ;
#2388 = FACE_OUTER_BOUND ( 'NONE', #3530, .T. ) ;
#2389 =( NAMED_UNIT ( * ) PLANE_ANGLE_UNIT ( ) SI_UNIT ( $, .RADIAN. ) );
#2390 = ORIENTED_EDGE ( 'NONE', *, *, #2514, .F. ) ;
#2391 = DIRECTION ( 'NONE',  ( 0.9945218953682738450, 0.000000000000000000, 0.1045284632676480863 ) ) ;
#2392 = SURFACE_STYLE_USAGE ( .BOTH. , #2685 ) ;
#2393 = STYLED_ITEM ( 'NONE', ( #2020 ), #2992 ) ;
#2394 = ADVANCED_FACE ( 'NONE', ( #117 ), #1372, .T. ) ;
#2395 = FILL_AREA_STYLE_COLOUR ( '', #2328 ) ;
#2396 =( NAMED_UNIT ( * ) SI_UNIT ( $, .STERADIAN. ) SOLID_ANGLE_UNIT ( ) );
#2397 = CIRCLE ( 'NONE', #41, 0.5000000000000004441 ) ;
#2398 = ORIENTED_EDGE ( 'NONE', *, *, #3866, .F. ) ;
#2399 = SURFACE_STYLE_USAGE ( .BOTH. , #3592 ) ;
#2400 = FILL_AREA_STYLE_COLOUR ( '', #2659 ) ;
#2401 = LINE ( 'NONE', #2106, #2363 ) ;
#2402 = ORIENTED_EDGE ( 'NONE', *, *, #480, .T. ) ;
#2403 = CARTESIAN_POINT ( 'NONE',  ( -2.413000000000000700, 3.048000000000000043, -0.6349999999999998979 ) ) ;
#2404 = CARTESIAN_POINT ( 'NONE',  ( -2.989733652697404320, -2.852189145371765822, 0.9929999999999999938 ) ) ;
#2405 = CARTESIAN_POINT ( 'NONE',  ( 3.124794259342080771, -2.852189145371765822, 1.143000000000000016 ) ) ;
#2406 = UNCERTAINTY_MEASURE_WITH_UNIT (LENGTH_MEASURE( 1.000000000000000082E-05 ), #1456, 'distance_accuracy_value', 'NONE');
#2407 = CARTESIAN_POINT ( 'NONE',  ( -3.302000000000000934, -2.834102213680333993, -0.5430856599709250609 ) ) ;
#2408 = VECTOR ( 'NONE', #2336, 999.9999999999998863 ) ;
#2409 = ORIENTED_EDGE ( 'NONE', *, *, #2372, .F. ) ;
#2410 = CARTESIAN_POINT ( 'NONE',  ( 0.4199999999999993738, -3.048000000000000487, 0.5649999999999999467 ) ) ;
#2411 = DIRECTION ( 'NONE',  ( -1.000000000000000000, -0.000000000000000000, -0.000000000000000000 ) ) ;
#2412 = CARTESIAN_POINT ( 'NONE',  ( 3.152000000000000135, 3.047999999999999599, -0.6349999999999998979 ) ) ;
#2413 = SURFACE_STYLE_FILL_AREA ( #1458 ) ;
#2414 = ORIENTED_EDGE ( 'NONE', *, *, #2133, .T. ) ;
#2415 = FILL_AREA_STYLE_COLOUR ( '', #3164 ) ;
#2416 =( GEOMETRIC_REPRESENTATION_CONTEXT ( 3 ) GLOBAL_UNCERTAINTY_ASSIGNED_CONTEXT ( ( #3265 ) ) GLOBAL_UNIT_ASSIGNED_CONTEXT ( ( #1235, #682, #660 ) ) REPRESENTATION_CONTEXT ( 'NONE', 'WORKASPACE' ) );
#2417 = PRESENTATION_LAYER_ASSIGNMENT (  '', '', ( #1116 ) ) ;
#2418 =( GEOMETRIC_REPRESENTATION_CONTEXT ( 3 ) GLOBAL_UNCERTAINTY_ASSIGNED_CONTEXT ( ( #607 ) ) GLOBAL_UNIT_ASSIGNED_CONTEXT ( ( #2470, #2512, #914 ) ) REPRESENTATION_CONTEXT ( 'NONE', 'WORKASPACE' ) );
#2419 = EDGE_CURVE ( 'NONE', #2986, #1549, #3337, .T. ) ;
#2420 = SURFACE_STYLE_FILL_AREA ( #2105 ) ;
#2421 =( NAMED_UNIT ( * ) PLANE_ANGLE_UNIT ( ) SI_UNIT ( $, .RADIAN. ) );
#2422 = COLOUR_RGB ( '',0.2862745098039215508, 0.2862745098039215508, 0.2862745098039215508 ) ;
#2423 = DIRECTION ( 'NONE',  ( -0.000000000000000000, 1.000000000000000000, 1.615094851542735134E-16 ) ) ;
#2424 = COLOUR_RGB ( '',0.9607843137254902244, 0.9607843137254902244, 0.9607843137254902244 ) ;
#2425 = UNCERTAINTY_MEASURE_WITH_UNIT (LENGTH_MEASURE( 1.000000000000000082E-05 ), #735, 'distance_accuracy_value', 'NONE');
#2426 = AXIS2_PLACEMENT_3D ( 'NONE', #1033, #972, #3480 ) ;
#2427 = PRESENTATION_STYLE_ASSIGNMENT (( #3925 ) ) ;
#2428 = CARTESIAN_POINT ( 'NONE',  ( -2.669999999999999929, 4.063999999999999169, -0.6349999999999998979 ) ) ;
#2429 = FILL_AREA_STYLE ('',( #3044 ) ) ;
#2430 = DIRECTION ( 'NONE',  ( 0.000000000000000000, 0.8573736432247605066, -0.5146945073570351470 ) ) ;
#2431 = ADVANCED_FACE ( 'NONE', ( #694 ), #1518, .T. ) ;
#2432 = ORIENTED_EDGE ( 'NONE', *, *, #3501, .F. ) ;
#2433 =( NAMED_UNIT ( * ) PLANE_ANGLE_UNIT ( ) SI_UNIT ( $, .RADIAN. ) );
#2434 = FACE_OUTER_BOUND ( 'NONE', #2337, .T. ) ;
#2435 = CARTESIAN_POINT ( 'NONE',  ( -3.162147661583979641, 3.047656356244778486, -0.6317304480704104552 ) ) ;
#2436 = LINE ( 'NONE', #2159, #2267 ) ;
#2437 = CARTESIAN_POINT ( 'NONE',  ( -5.089793721063931464, -3.048000000000000043, 0.5649999999999999467 ) ) ;
#2438 = ORIENTED_EDGE ( 'NONE', *, *, #2329, .F. ) ;
#2439 = CARTESIAN_POINT ( 'NONE',  ( -2.705999999999999961, -3.856000000000000316, 0.06500000000000000222 ) ) ;
#2440 = STYLED_ITEM ( 'NONE', ( #2708 ), #3793 ) ;
#2441 = CARTESIAN_POINT ( 'NONE',  ( -1.866000000000000547, -5.002549890653082976, -0.6661787407256279936 ) ) ;
#2442 = VECTOR ( 'NONE', #3115, 1000.000000000000000 ) ;
#2443 = SURFACE_STYLE_USAGE ( .BOTH. , #3774 ) ;
#2444 = SURFACE_STYLE_USAGE ( .BOTH. , #1883 ) ;
#2445 = ORIENTED_EDGE ( 'NONE', *, *, #3870, .F. ) ;
#2446 = ORIENTED_EDGE ( 'NONE', *, *, #605, .F. ) ;
#2447 = EDGE_CURVE ( 'NONE', #98, #697, #2578, .T. ) ;
#2448 =( NAMED_UNIT ( * ) SI_UNIT ( $, .STERADIAN. ) SOLID_ANGLE_UNIT ( ) );
#2449 = CARTESIAN_POINT ( 'NONE',  ( 2.705999999999999073, -3.048000000000000487, 0.05700000000000002981 ) ) ;
#2450 = ORIENTED_EDGE ( 'NONE', *, *, #1858, .T. ) ;
#2451 = ADVANCED_FACE ( 'NONE', ( #1075 ), #2325, .F. ) ;
#2452 = VERTEX_POINT ( 'NONE', #2412 ) ;
#2453 = CARTESIAN_POINT ( 'NONE',  ( -1.919999999999987272, 4.063999999999999169, -0.6349999999999998979 ) ) ;
#2454 = AXIS2_PLACEMENT_3D ( 'NONE', #2377, #1923, #357 ) ;
#2455 = SURFACE_STYLE_FILL_AREA ( #1516 ) ;
#2456 = SURFACE_STYLE_FILL_AREA ( #1853 ) ;
#2457 = ORIENTED_EDGE ( 'NONE', *, *, #1954, .T. ) ;
#2458 = CARTESIAN_POINT ( 'NONE',  ( -3.155385786002692150, 3.047999999999999154, -0.6350000000000005640 ) ) ;
#2459 = MECHANICAL_DESIGN_GEOMETRIC_PRESENTATION_REPRESENTATION (  '', ( #1162 ), #3577 ) ;
#2460 = CARTESIAN_POINT ( 'NONE',  ( 2.705999999999999073, -4.805645598282936248, -0.5454613549999314248 ) ) ;
#2461 = CIRCLE ( 'NONE', #3330, 0.5000000000000004441 ) ;
#2462 = CARTESIAN_POINT ( 'NONE',  ( 1.865999999999999437, -4.877686821612382317, -0.6654669995627729984 ) ) ;
#2463 = MECHANICAL_DESIGN_GEOMETRIC_PRESENTATION_REPRESENTATION (  '', ( #175 ), #510 ) ;
#2464 = UNCERTAINTY_MEASURE_WITH_UNIT (LENGTH_MEASURE( 1.000000000000000082E-05 ), #3255, 'distance_accuracy_value', 'NONE');
#2465 = CARTESIAN_POINT ( 'NONE',  ( 2.413000000000000700, -1.185000000000000275, -0.6349999999999998979 ) ) ;
#2466 = PRESENTATION_STYLE_ASSIGNMENT (( #3758 ) ) ;
#2467 = CARTESIAN_POINT ( 'NONE',  ( -3.138911937002645036, -2.852189145371765822, 1.008679269490146968 ) ) ;
#2468 = VERTEX_POINT ( 'NONE', #3997 ) ;
#2469 = EDGE_LOOP ( 'NONE', ( #2719, #1863, #1222, #2727 ) ) ;
#2470 =( LENGTH_UNIT ( ) NAMED_UNIT ( * ) SI_UNIT ( .MILLI., .METRE. ) );
#2471 = DIRECTION ( 'NONE',  ( 0.000000000000000000, 0.000000000000000000, -1.000000000000000000 ) ) ;
#2472 = PRESENTATION_STYLE_ASSIGNMENT (( #3375 ) ) ;
#2473 =( GEOMETRIC_REPRESENTATION_CONTEXT ( 3 ) GLOBAL_UNCERTAINTY_ASSIGNED_CONTEXT ( ( #295 ) ) GLOBAL_UNIT_ASSIGNED_CONTEXT ( ( #2331, #783, #1120 ) ) REPRESENTATION_CONTEXT ( 'NONE', 'WORKASPACE' ) );
#2474 = VERTEX_POINT ( 'NONE', #3053 ) ;
#2475 = EDGE_CURVE ( 'NONE', #3349, #1739, #628, .T. ) ;
#2476 = FILL_AREA_STYLE_COLOUR ( '', #3961 ) ;
#2477 = AXIS2_PLACEMENT_3D ( 'NONE', #1043, #2520, #1586 ) ;
#2478 = EDGE_CURVE ( 'NONE', #434, #2285, #2295, .T. ) ;
#2479 = CIRCLE ( 'NONE', #858, 0.3048000000000000154 ) ;
#2480 = CARTESIAN_POINT ( 'NONE',  ( 0.4199999999999993738, -3.719293188415452978, -0.1930000000000000326 ) ) ;
#2481 = ORIENTED_EDGE ( 'NONE', *, *, #63, .T. ) ;
#2482 = PRESENTATION_LAYER_ASSIGNMENT (  '', '', ( #3475 ) ) ;
#2483 = PRESENTATION_LAYER_ASSIGNMENT (  '', '', ( #2039 ) ) ;
#2484 =( NAMED_UNIT ( * ) PLANE_ANGLE_UNIT ( ) SI_UNIT ( $, .RADIAN. ) );
#2485 =( GEOMETRIC_REPRESENTATION_CONTEXT ( 3 ) GLOBAL_UNCERTAINTY_ASSIGNED_CONTEXT ( ( #1279 ) ) GLOBAL_UNIT_ASSIGNED_CONTEXT ( ( #1115, #488, #1802 ) ) REPRESENTATION_CONTEXT ( 'NONE', 'WORKASPACE' ) );
#2486 = DIRECTION ( 'NONE',  ( -0.1045284632676466569, 0.000000000000000000, -0.9945218953682740670 ) ) ;
#2487 = ORIENTED_EDGE ( 'NONE', *, *, #1097, .F. ) ;
#2488 = UNCERTAINTY_MEASURE_WITH_UNIT (LENGTH_MEASURE( 1.000000000000000082E-05 ), #1241, 'distance_accuracy_value', 'NONE');
#2489 = COLOUR_RGB ( '',0.8039215686274510109, 0.8039215686274510109, 0.8039215686274510109 ) ;
#2490 = AXIS2_PLACEMENT_3D ( 'NONE', #1328, #2549, #1951 ) ;
#2491 = ORIENTED_EDGE ( 'NONE', *, *, #302, .F. ) ;
#2492 = CARTESIAN_POINT ( 'NONE',  ( -3.301999999999999602, 2.889152126050316571, -0.5429999999999998161 ) ) ;
#2493 = ORIENTED_EDGE ( 'NONE', *, *, #3911, .F. ) ;
#2494 = CARTESIAN_POINT ( 'NONE',  ( 3.138911937002645036, -2.987249752016443161, 1.008679269490146968 ) ) ;
#2495 = CLOSED_SHELL ( 'NONE', ( #1209, #1228, #2840, #3733, #835, #1904, #1160, #2011, #3896, #3409, #3776, #4072 ) ) ;
#2496 = DIRECTION ( 'NONE',  ( 1.000000000000000000, 0.000000000000000000, 0.000000000000000000 ) ) ;
#2497 = EDGE_CURVE ( 'NONE', #973, #2986, #3089, .T. ) ;
#2498 = FACE_OUTER_BOUND ( 'NONE', #1080, .T. ) ;
#2499 = VERTEX_POINT ( 'NONE', #2435 ) ;
#2500 = FACE_OUTER_BOUND ( 'NONE', #2939, .T. ) ;
#2501 = SURFACE_SIDE_STYLE ('',( #3442 ) ) ;
#2502 = CARTESIAN_POINT ( 'NONE',  ( 3.301999999999999602, -2.834102213680335325, -0.5430856599709136256 ) ) ;
#2503 = FILL_AREA_STYLE ('',( #3726 ) ) ;
#2504 = AXIS2_PLACEMENT_3D ( 'NONE', #765, #1124, #2010 ) ;
#2505 = SURFACE_SIDE_STYLE ('',( #3753 ) ) ;
#2506 = VERTEX_POINT ( 'NONE', #227 ) ;
#2507 = ORIENTED_EDGE ( 'NONE', *, *, #1913, .T. ) ;
#2508 = UNCERTAINTY_MEASURE_WITH_UNIT (LENGTH_MEASURE( 1.000000000000000082E-05 ), #2348, 'distance_accuracy_value', 'NONE');
#2509 = EDGE_LOOP ( 'NONE', ( #1592, #1494, #2604, #1446 ) ) ;
#2510 = MECHANICAL_DESIGN_GEOMETRIC_PRESENTATION_REPRESENTATION (  '', ( #223 ), #1590 ) ;
#2511 = CARTESIAN_POINT ( 'NONE',  ( -2.705999999999999961, -5.969000000000002082, -0.7337595157747623942 ) ) ;
#2512 =( NAMED_UNIT ( * ) PLANE_ANGLE_UNIT ( ) SI_UNIT ( $, .RADIAN. ) );
#2513 = FILL_AREA_STYLE ('',( #1555 ) ) ;
#2514 = EDGE_CURVE ( 'NONE', #2971, #1986, #3700, .T. ) ;
#2515 = PRESENTATION_LAYER_ASSIGNMENT (  '', '', ( #3387 ) ) ;
#2516 = ORIENTED_EDGE ( 'NONE', *, *, #429, .T. ) ;
#2517 = EDGE_CURVE ( 'NONE', #248, #3315, #3008, .T. ) ;
#2518 = UNCERTAINTY_MEASURE_WITH_UNIT (LENGTH_MEASURE( 1.000000000000000082E-05 ), #1087, 'distance_accuracy_value', 'NONE');
#2519 = AXIS2_PLACEMENT_3D ( 'NONE', #1261, #3161, #341 ) ;
#2520 = DIRECTION ( 'NONE',  ( 0.000000000000000000, 1.000000000000000000, 0.000000000000000000 ) ) ;
#2521 = ORIENTED_EDGE ( 'NONE', *, *, #2277, .T. ) ;
#2522 = UNCERTAINTY_MEASURE_WITH_UNIT (LENGTH_MEASURE( 1.000000000000000082E-05 ), #1948, 'distance_accuracy_value', 'NONE');
#2523 = VECTOR ( 'NONE', #3120, 1000.000000000000000 ) ;
#2524 = ORIENTED_EDGE ( 'NONE', *, *, #605, .T. ) ;
#2525 = SURFACE_STYLE_USAGE ( .BOTH. , #1550 ) ;
#2526 = CARTESIAN_POINT ( 'NONE',  ( 3.301999999999999602, -3.011717763808795301, 1.146813416688604814 ) ) ;
#2527 = LINE ( 'NONE', #987, #983 ) ;
#2528 = PRESENTATION_STYLE_ASSIGNMENT (( #2881 ) ) ;
#2529 = PRODUCT_DEFINITION_SHAPE ( 'NONE', 'NONE',  #1765 ) ;
#2530 = CARTESIAN_POINT ( 'NONE',  ( 2.705999999999999073, -5.969000000000002082, -0.7337595157747623942 ) ) ;
#2531 = DIRECTION ( 'NONE',  ( -0.000000000000000000, -0.000000000000000000, -1.000000000000000000 ) ) ;
#2532 = STYLED_ITEM ( 'NONE', ( #386 ), #1394 ) ;
#2533 = ORIENTED_EDGE ( 'NONE', *, *, #3189, .F. ) ;
#2534 = COLOUR_RGB ( '',0.8039215686274510109, 0.8039215686274510109, 0.8039215686274510109 ) ;
#2535 = EDGE_CURVE ( 'NONE', #1746, #2116, #2120, .T. ) ;
#2536 = VECTOR ( 'NONE', #3496, 1000.000000000000000 ) ;
#2537 = FACE_OUTER_BOUND ( 'NONE', #3481, .T. ) ;
#2538 = PRESENTATION_LAYER_ASSIGNMENT (  '', '', ( #3816 ) ) ;
#2539 = MECHANICAL_DESIGN_GEOMETRIC_PRESENTATION_REPRESENTATION (  '', ( #268 ), #1780 ) ;
#2540 = ADVANCED_FACE ( 'NONE', ( #1815 ), #2138, .T. ) ;
#2541 = COLOUR_RGB ( '',0.2862745098039215508, 0.2862745098039215508, 0.2862745098039215508 ) ;
#2542 = ORIENTED_EDGE ( 'NONE', *, *, #3923, .F. ) ;
#2543 = SURFACE_SIDE_STYLE ('',( #721 ) ) ;
#2544 = PRESENTATION_STYLE_ASSIGNMENT (( #766 ) ) ;
#2545 = VECTOR ( 'NONE', #1961, 1000.000000000000114 ) ;
#2546 = COLOUR_RGB ( '',0.8039215686274510109, 0.8039215686274510109, 0.8039215686274510109 ) ;
#2547 = MECHANICAL_DESIGN_GEOMETRIC_PRESENTATION_REPRESENTATION (  '', ( #1569 ), #2179 ) ;
#2548 = CARTESIAN_POINT ( 'NONE',  ( 2.905395537958435526, -3.048000000000000487, 1.795423561008650859 ) ) ;
#2549 = DIRECTION ( 'NONE',  ( -3.038779738999106788E-16, -1.000000000000000000, 2.891205793294679411E-15 ) ) ;
#2550 = ORIENTED_EDGE ( 'NONE', *, *, #200, .F. ) ;
#2551 =( NAMED_UNIT ( * ) SI_UNIT ( $, .STERADIAN. ) SOLID_ANGLE_UNIT ( ) );
#2552 = CLOSED_SHELL ( 'NONE', ( #1454, #2750, #1591, #3513, #2082, #1001, #1103, #3793, #44, #3461, #2992, #2679, #116, #1071 ) ) ;
#2553 = DIRECTION ( 'NONE',  ( -1.000000000000000000, -0.000000000000000000, -0.000000000000000000 ) ) ;
#2554 = PRESENTATION_STYLE_ASSIGNMENT (( #1297 ) ) ;
#2555 = AXIS2_PLACEMENT_3D ( 'NONE', #1193, #2430, #884 ) ;
#2556 = VECTOR ( 'NONE', #841, 1000.000000000000000 ) ;
#2557 = DIRECTION ( 'NONE',  ( 0.000000000000000000, 0.5146945073570344809, 0.8573736432247609507 ) ) ;
#2558 = FILL_AREA_STYLE ('',( #2309 ) ) ;
#2559 = ORIENTED_EDGE ( 'NONE', *, *, #430, .F. ) ;
#2560 = LINE ( 'NONE', #3846, #723 ) ;
#2561 = ADVANCED_FACE ( 'NONE', ( #948 ), #2822, .F. ) ;
#2562 = PRESENTATION_STYLE_ASSIGNMENT (( #2122 ) ) ;
#2563 =( GEOMETRIC_REPRESENTATION_CONTEXT ( 3 ) GLOBAL_UNCERTAINTY_ASSIGNED_CONTEXT ( ( #1926 ) ) GLOBAL_UNIT_ASSIGNED_CONTEXT ( ( #1309, #1684, #3635 ) ) REPRESENTATION_CONTEXT ( 'NONE', 'WORKASPACE' ) );
#2564 = CARTESIAN_POINT ( 'NONE',  ( 3.301999999999999602, -2.833558882928202127, -0.5430285536077139597 ) ) ;
#2565 = CARTESIAN_POINT ( 'NONE',  ( -2.705999999999999961, -4.449000000000001620, -0.9228142532412906274 ) ) ;
#2566 = CARTESIAN_POINT ( 'NONE',  ( -5.089793721063931464, -2.921874917681196671, -1.143000000000000016 ) ) ;
#2567 = CARTESIAN_POINT ( 'NONE',  ( 2.669999999999999929, 4.063999999999999169, -1.143000000000000016 ) ) ;
#2568 = FILL_AREA_STYLE ('',( #2262 ) ) ;
#2569 = ORIENTED_EDGE ( 'NONE', *, *, #2925, .F. ) ;
#2570 = DIRECTION ( 'NONE',  ( 1.000000000000000000, 0.000000000000000000, 0.000000000000000000 ) ) ;
#2571 = VERTEX_POINT ( 'NONE', #2565 ) ;
#2572 = CARTESIAN_POINT ( 'NONE',  ( -2.989733652697403876, -2.852189145371765822, 1.143000000000000016 ) ) ;
#2573 = PRESENTATION_LAYER_ASSIGNMENT (  '', '', ( #564 ) ) ;
#2574 = CARTESIAN_POINT ( 'NONE',  ( 1.865999999999999437, -3.048000000000000487, 0.05700000000000002981 ) ) ;
#2575 = CARTESIAN_POINT ( 'NONE',  ( 1.865999999999999437, -4.449000000000001620, -0.9228142532412907384 ) ) ;
#2576 = LINE ( 'NONE', #3536, #736 ) ;
#2577 = ORIENTED_EDGE ( 'NONE', *, *, #1369, .T. ) ;
#2578 = CIRCLE ( 'NONE', #899, 0.5000000000000000000 ) ;
#2579 = SURFACE_STYLE_FILL_AREA ( #2958 ) ;
#2580 = COLOUR_RGB ( '',0.2862745098039215508, 0.2862745098039215508, 0.2862745098039215508 ) ;
#2581 = UNCERTAINTY_MEASURE_WITH_UNIT (LENGTH_MEASURE( 1.000000000000000082E-05 ), #232, 'distance_accuracy_value', 'NONE');
#2582 = STYLED_ITEM ( 'NONE', ( #126 ), #3289 ) ;
#2583 = ORIENTED_EDGE ( 'NONE', *, *, #744, .F. ) ;
#2584 = DIRECTION ( 'NONE',  ( -0.9945218953682740670, 0.000000000000000000, -0.1045284632676466569 ) ) ;
#2585 = VECTOR ( 'NONE', #2876, 1000.000000000000000 ) ;
#2586 = EDGE_CURVE ( 'NONE', #609, #3049, #2856, .T. ) ;
#2587 = ADVANCED_FACE ( 'NONE', ( #3850 ), #837, .T. ) ;
#2588 = CARTESIAN_POINT ( 'NONE',  ( 3.301999999999999602, 2.889152126050316571, -0.5429999999999998161 ) ) ;
#2589 = CARTESIAN_POINT ( 'NONE',  ( -3.035267598263878153, -3.048000000000000487, 0.5649999999999956168 ) ) ;
#2590 = ORIENTED_EDGE ( 'NONE', *, *, #3973, .F. ) ;
#2591 =( BOUNDED_CURVE ( )  B_SPLINE_CURVE ( 3, ( #2163, #1878, #1534, #1199 ),
 .UNSPECIFIED., .F., .F. ) 
 B_SPLINE_CURVE_WITH_KNOTS ( ( 4, 4 ),
 ( 3.130666236546716164, 3.141592653589802442 ),
 .UNSPECIFIED. ) 
 CURVE ( )  GEOMETRIC_REPRESENTATION_ITEM ( )  RATIONAL_B_SPLINE_CURVE ( ( 1.000000000000000000, 0.9999900511422950000, 0.9999900511422950000, 1.000000000000000000 ) ) 
 REPRESENTATION_ITEM ( '' )  );
#2592 = FACE_OUTER_BOUND ( 'NONE', #2079, .T. ) ;
#2593 = EDGE_CURVE ( 'NONE', #1211, #1753, #3272, .T. ) ;
#2594 = CARTESIAN_POINT ( 'NONE',  ( 3.152000000000000135, -2.898821715694759327, 0.07267926949014699711 ) ) ;
#2595 = ORIENTED_EDGE ( 'NONE', *, *, #781, .T. ) ;
#2596 = CARTESIAN_POINT ( 'NONE',  ( -2.413000000000002476, -1.184999999999999609, -0.6349999999999998979 ) ) ;
#2597 = CARTESIAN_POINT ( 'NONE',  ( -3.293654269335363871, 2.947336274474918749, -0.5658186902577804211 ) ) ;
#2598 =( LENGTH_UNIT ( ) NAMED_UNIT ( * ) SI_UNIT ( .MILLI., .METRE. ) );
#2599 = CARTESIAN_POINT ( 'NONE',  ( 0.000000000000000000, 0.000000000000000000, 0.000000000000000000 ) ) ;
#2600 = AXIS2_PLACEMENT_3D ( 'NONE', #2905, #2927, #3252 ) ;
#2602 = CARTESIAN_POINT ( 'NONE',  ( -3.183321798163700311, 2.919652208519258441, -0.8488681699835201044 ) ) ;
#2601 = DIRECTION ( 'NONE',  ( 0.000000000000000000, 0.000000000000000000, 1.000000000000000000 ) ) ;
#2603 = DIRECTION ( 'NONE',  ( 0.000000000000000000, 0.9945218953682740670, 0.1045284632676468373 ) ) ;
#2604 = ORIENTED_EDGE ( 'NONE', *, *, #2944, .F. ) ;
#2605 = UNCERTAINTY_MEASURE_WITH_UNIT (LENGTH_MEASURE( 1.000000000000000082E-05 ), #1796, 'distance_accuracy_value', 'NONE');
#2606 = DIRECTION ( 'NONE',  ( 1.000000000000000000, 0.000000000000000000, 0.000000000000000000 ) ) ;
#2607 = COLOUR_RGB ( '',0.2862745098039215508, 0.2862745098039215508, 0.2862745098039215508 ) ;
#2608 = COLOUR_RGB ( '',0.8039215686274510109, 0.8039215686274510109, 0.8039215686274510109 ) ;
#2609 = ORIENTED_EDGE ( 'NONE', *, *, #1300, .F. ) ;
#2610 = SURFACE_STYLE_FILL_AREA ( #1361 ) ;
#2611 = STYLED_ITEM ( 'NONE', ( #1990 ), #1983 ) ;
#2612 = ORIENTED_EDGE ( 'NONE', *, *, #63, .F. ) ;
#2613 = PRESENTATION_LAYER_ASSIGNMENT (  '', '', ( #1569 ) ) ;
#2614 = SURFACE_SIDE_STYLE ('',( #3228 ) ) ;
#2615 = ORIENTED_EDGE ( 'NONE', *, *, #1927, .F. ) ;
#2616 = CARTESIAN_POINT ( 'NONE',  ( -2.669999999999999929, 3.863038105676656286, -1.143000000000000016 ) ) ;
#2617 = VECTOR ( 'NONE', #2670, 1000.000000000000114 ) ;
#2618 = MECHANICAL_DESIGN_GEOMETRIC_PRESENTATION_REPRESENTATION (  '', ( #738 ), #3689 ) ;
#2619 = PRESENTATION_LAYER_ASSIGNMENT (  '', '', ( #2111 ) ) ;
#2620 = DIRECTION ( 'NONE',  ( 1.000000000000000000, 0.000000000000000000, 0.000000000000000000 ) ) ;
#2621 = ORIENTED_EDGE ( 'NONE', *, *, #1891, .T. ) ;
#2622 = LINE ( 'NONE', #441, #3674 ) ;
#2623 = FACE_OUTER_BOUND ( 'NONE', #764, .T. ) ;
#2624 = SURFACE_STYLE_FILL_AREA ( #2669 ) ;
#2625 = EDGE_CURVE ( 'NONE', #2095, #1688, #800, .T. ) ;
#2626 = CARTESIAN_POINT ( 'NONE',  ( -1.866000000000000547, -4.877686821612382317, -0.6654669995627729984 ) ) ;
#2627 = DIRECTION ( 'NONE',  ( 0.000000000000000000, -0.8573736432247609507, 0.5146945073570344809 ) ) ;
#2628 = CYLINDRICAL_SURFACE ( 'NONE', #3828, 0.5000000000000004441 ) ;
#2629 = PRESENTATION_STYLE_ASSIGNMENT (( #1384 ) ) ;
#2630 = STYLED_ITEM ( 'NONE', ( #3269 ), #3631 ) ;
#2631 = CARTESIAN_POINT ( 'NONE',  ( 3.265334334090081558, 2.997810189346249210, -0.5837789087789178044 ) ) ;
#2632 = FILL_AREA_STYLE_COLOUR ( '', #1698 ) ;
#2633 = COLOUR_RGB ( '',0.9607843137254902244, 0.9607843137254902244, 0.9607843137254902244 ) ;
#2634 = ORIENTED_EDGE ( 'NONE', *, *, #4048, .F. ) ;
#2635 = FILL_AREA_STYLE_COLOUR ( '', #910 ) ;
#2636 = DIRECTION ( 'NONE',  ( -1.000000000000000000, 4.098094675116482653E-16, 0.000000000000000000 ) ) ;
#2637 = PRESENTATION_STYLE_ASSIGNMENT (( #3606 ) ) ;
#2638 = CARTESIAN_POINT ( 'NONE',  ( 3.236463259276784576, -2.898000000000000576, 0.08054043638260037496 ) ) ;
#2639 = PRESENTATION_STYLE_ASSIGNMENT (( #1326 ) ) ;
#2640 = ORIENTED_EDGE ( 'NONE', *, *, #2255, .F. ) ;
#2641 = ORIENTED_EDGE ( 'NONE', *, *, #1330, .T. ) ;
#2642 = VECTOR ( 'NONE', #933, 1000.000000000000000 ) ;
#2643 = COLOUR_RGB ( '',0.8039215686274510109, 0.8039215686274510109, 0.8039215686274510109 ) ;
#2644 = EDGE_LOOP ( 'NONE', ( #1918, #2710, #2640, #499 ) ) ;
#2645 = DIRECTION ( 'NONE',  ( -1.000000000000000000, 1.347951312663286864E-16, -0.000000000000000000 ) ) ;
#2646 =( NAMED_UNIT ( * ) PLANE_ANGLE_UNIT ( ) SI_UNIT ( $, .RADIAN. ) );
#2647 = FILL_AREA_STYLE ('',( #2935 ) ) ;
#2648 = APPLICATION_PROTOCOL_DEFINITION ( 'draft international standard', 'automotive_design', 1998, #652 ) ;
#2649 = EDGE_CURVE ( 'NONE', #359, #2095, #3669, .T. ) ;
#2650 = CARTESIAN_POINT ( 'NONE',  ( 3.073299716813339355, 2.958808411474138644, 0.2136012794861550379 ) ) ;
#2651 = FACE_OUTER_BOUND ( 'NONE', #2945, .T. ) ;
#2652 = SURFACE_SIDE_STYLE ('',( #2579 ) ) ;
#2653 = FILL_AREA_STYLE ('',( #3362 ) ) ;
#2654 = AXIS2_PLACEMENT_3D ( 'NONE', #2480, #1920, #2829 ) ;
#2655 = FACE_OUTER_BOUND ( 'NONE', #2469, .T. ) ;
#2656 = VERTEX_POINT ( 'NONE', #2045 ) ;
#2657 = CYLINDRICAL_SURFACE ( 'NONE', #3768, 0.1499999999999999389 ) ;
#2658 = UNCERTAINTY_MEASURE_WITH_UNIT (LENGTH_MEASURE( 1.000000000000000082E-05 ), #3437, 'distance_accuracy_value', 'NONE');
#2659 = COLOUR_RGB ( '',0.8039215686274510109, 0.8039215686274510109, 0.8039215686274510109 ) ;
#2660 = SURFACE_STYLE_USAGE ( .BOTH. , #1829 ) ;
#2661 = EDGE_LOOP ( 'NONE', ( #923, #1333, #2875, #3856, #3604, #3169 ) ) ;
#2662 = VERTEX_POINT ( 'NONE', #153 ) ;
#2663 = VECTOR ( 'NONE', #2254, 1000.000000000000000 ) ;
#2664 = DIRECTION ( 'NONE',  ( 0.000000000000000000, 0.9975640502598209780, 0.06975647374417161262 ) ) ;
#2665 = MECHANICAL_DESIGN_GEOMETRIC_PRESENTATION_REPRESENTATION (  '', ( #3716 ), #3725 ) ;
#2666 =( NAMED_UNIT ( * ) PLANE_ANGLE_UNIT ( ) SI_UNIT ( $, .RADIAN. ) );
#2667 = CARTESIAN_POINT ( 'NONE',  ( 1.865999999999999437, -3.719293188415452978, -0.1930000000000000326 ) ) ;
#2668 = LINE ( 'NONE', #3301, #3324 ) ;
#2669 = FILL_AREA_STYLE ('',( #775 ) ) ;
#2670 = DIRECTION ( 'NONE',  ( -0.000000000000000000, -0.9975640502598207560, -0.06975647374417384694 ) ) ;
#2671 = CARTESIAN_POINT ( 'NONE',  ( 3.152000000000000135, -2.921874917681196671, -1.143000000000000016 ) ) ;
#2672 = DIRECTION ( 'NONE',  ( 0.000000000000000000, 0.1045284632676467956, -0.9945218953682740670 ) ) ;
#2673 = CARTESIAN_POINT ( 'NONE',  ( 2.669999999999999929, 3.047999999999999599, -1.143000000000000016 ) ) ;
#2674 = ADVANCED_FACE ( 'NONE', ( #2109 ), #550, .T. ) ;
#2675 = ADVANCED_FACE ( 'NONE', ( #340 ), #3802, .T. ) ;
#2676 = FACE_OUTER_BOUND ( 'NONE', #897, .T. ) ;
#2677 = ORIENTED_EDGE ( 'NONE', *, *, #1469, .T. ) ;
#2678 = PRESENTATION_LAYER_ASSIGNMENT (  '', '', ( #121 ) ) ;
#2679 = ADVANCED_FACE ( 'NONE', ( #3159 ), #3426, .F. ) ;
#2680 = DIRECTION ( 'NONE',  ( -1.000000000000000000, 0.000000000000000000, -0.000000000000000000 ) ) ;
#2681 = EDGE_LOOP ( 'NONE', ( #1989, #2409, #3445, #965 ) ) ;
#2682 = FILL_AREA_STYLE ('',( #1427 ) ) ;
#2683 = ORIENTED_EDGE ( 'NONE', *, *, #2007, .F. ) ;
#2684 = SURFACE_STYLE_USAGE ( .BOTH. , #3698 ) ;
#2685 = SURFACE_SIDE_STYLE ('',( #2706 ) ) ;
#2686 =( GEOMETRIC_REPRESENTATION_CONTEXT ( 3 ) GLOBAL_UNCERTAINTY_ASSIGNED_CONTEXT ( ( #122 ) ) GLOBAL_UNIT_ASSIGNED_CONTEXT ( ( #3285, #704, #1636 ) ) REPRESENTATION_CONTEXT ( 'NONE', 'WORKASPACE' ) );
#2687 = CARTESIAN_POINT ( 'NONE',  ( -3.229035761990679543, 3.026706998156725614, -0.5989639605269762024 ) ) ;
#2688 = FILL_AREA_STYLE_COLOUR ( '', #1587 ) ;
#2689 = STYLED_ITEM ( 'NONE', ( #1379 ), #2082 ) ;
#2690 = ORIENTED_EDGE ( 'NONE', *, *, #3866, .T. ) ;
#2691 = CARTESIAN_POINT ( 'NONE',  ( 2.989733652697403876, 2.726064063052962450, 0.9929999999999999938 ) ) ;
#2692 = AXIS2_PLACEMENT_3D ( 'NONE', #3847, #1063, #363 ) ;
#2693 = CARTESIAN_POINT ( 'NONE',  ( -1.919999999999989049, 4.063999999999999169, -0.6349999999999998979 ) ) ;
#2694 = DIRECTION ( 'NONE',  ( 0.000000000000000000, 1.000000000000000000, 0.000000000000000000 ) ) ;
#2695 = CARTESIAN_POINT ( 'NONE',  ( 2.669999999999999929, 4.063999999999999169, -0.6349999999999998979 ) ) ;
#2696 = SURFACE_STYLE_FILL_AREA ( #194 ) ;
#2697 = MECHANICAL_DESIGN_GEOMETRIC_PRESENTATION_REPRESENTATION (  '', ( #2184 ), #749 ) ;
#2698 = EDGE_CURVE ( 'NONE', #2499, #3126, #277, .T. ) ;
#2699 = ORIENTED_EDGE ( 'NONE', *, *, #1167, .F. ) ;
#2700 = SURFACE_STYLE_FILL_AREA ( #450 ) ;
#2701 = CARTESIAN_POINT ( 'NONE',  ( -2.684933652697404138, -2.242589145371766790, 1.143000000000000016 ) ) ;
#2702 = UNCERTAINTY_MEASURE_WITH_UNIT (LENGTH_MEASURE( 1.000000000000000082E-05 ), #1196, 'distance_accuracy_value', 'NONE');
#2703 = CARTESIAN_POINT ( 'NONE',  ( 2.413000000000000700, -1.185000000000000275, -0.6349999999999998979 ) ) ;
#2704 = ORIENTED_EDGE ( 'NONE', *, *, #1390, .T. ) ;
#2705 = VERTEX_POINT ( 'NONE', #424 ) ;
#2706 = SURFACE_STYLE_FILL_AREA ( #2300 ) ;
#2707 = FACE_OUTER_BOUND ( 'NONE', #190, .T. ) ;
#2708 = PRESENTATION_STYLE_ASSIGNMENT (( #1457 ) ) ;
#2709 = LINE ( 'NONE', #4000, #1331 ) ;
#2710 = ORIENTED_EDGE ( 'NONE', *, *, #3804, .F. ) ;
#2711 = DIRECTION ( 'NONE',  ( -0.1039620511844909917, -0.1039620511844908113, 0.9891328443778553137 ) ) ;
#2712 = VECTOR ( 'NONE', #3192, 1000.000000000000000 ) ;
#2713 = ORIENTED_EDGE ( 'NONE', *, *, #3501, .T. ) ;
#2714 = PLANE ( 'NONE',  #3163 ) ;
#2715 =( LENGTH_UNIT ( ) NAMED_UNIT ( * ) SI_UNIT ( .MILLI., .METRE. ) );
#2716 =( NAMED_UNIT ( * ) SI_UNIT ( $, .STERADIAN. ) SOLID_ANGLE_UNIT ( ) );
#2717 = CYLINDRICAL_SURFACE ( 'NONE', #195, 0.1499999999999999389 ) ;
#2718 = STYLED_ITEM ( 'NONE', ( #2352 ), #2834 ) ;
#2719 = ORIENTED_EDGE ( 'NONE', *, *, #3361, .T. ) ;
#2720 = SURFACE_SIDE_STYLE ('',( #3086 ) ) ;
#2721 = CARTESIAN_POINT ( 'NONE',  ( 1.865999999999999437, -3.856000000000000316, 0.06500000000000000222 ) ) ;
#2722 = PRESENTATION_LAYER_ASSIGNMENT (  '', '', ( #703 ) ) ;
#2723 = SURFACE_SIDE_STYLE ('',( #3739 ) ) ;
#2725 = FILL_AREA_STYLE ('',( #3032 ) ) ;
#2724 =( GEOMETRIC_REPRESENTATION_CONTEXT ( 3 ) GLOBAL_UNCERTAINTY_ASSIGNED_CONTEXT ( ( #1629 ) ) GLOBAL_UNIT_ASSIGNED_CONTEXT ( ( #2197, #586, #3100 ) ) REPRESENTATION_CONTEXT ( 'NONE', 'WORKASPACE' ) );
#2726 = CARTESIAN_POINT ( 'NONE',  ( -2.989733652697403876, -2.852189145371765822, 0.9929999999999999938 ) ) ;
#2727 = ORIENTED_EDGE ( 'NONE', *, *, #2419, .T. ) ;
#2728 = FILL_AREA_STYLE_COLOUR ( '', #1244 ) ;
#2729 = COLOUR_RGB ( '',0.8039215686274510109, 0.8039215686274510109, 0.8039215686274510109 ) ;
#2730 = CARTESIAN_POINT ( 'NONE',  ( 3.152000000000000135, -2.982463259276784129, -0.5665404363826133105 ) ) ;
#2731 = FACE_OUTER_BOUND ( 'NONE', #2740, .T. ) ;
#2732 =( LENGTH_UNIT ( ) NAMED_UNIT ( * ) SI_UNIT ( .MILLI., .METRE. ) );
#2733 =( BOUNDED_CURVE ( )  B_SPLINE_CURVE ( 3, ( #3127, #1568, #16, #3109 ),
 .UNSPECIFIED., .F., .F. ) 
 B_SPLINE_CURVE_WITH_KNOTS ( ( 4, 4 ),
 ( 1.570796326794895448, 3.141592653589790451 ),
 .UNSPECIFIED. ) 
 CURVE ( )  GEOMETRIC_REPRESENTATION_ITEM ( )  RATIONAL_B_SPLINE_CURVE ( ( 1.000000000000000000, 0.8047378541243653816, 0.8047378541243653816, 1.000000000000000000 ) ) 
 REPRESENTATION_ITEM ( '' )  );
#2734 = LINE ( 'NONE', #2428, #2033 ) ;
#2735 = PLANE ( 'NONE',  #3416 ) ;
#2736 = CARTESIAN_POINT ( 'NONE',  ( -2.669999999999999929, 3.863038105676656286, -0.6349999999999998979 ) ) ;
#2737 = DIRECTION ( 'NONE',  ( 1.000000000000000000, -8.986342084421917768E-17, -0.000000000000000000 ) ) ;
#2738 = VECTOR ( 'NONE', #511, 1000.000000000000000 ) ;
#2739 =( LENGTH_UNIT ( ) NAMED_UNIT ( * ) SI_UNIT ( .MILLI., .METRE. ) );
#2740 = EDGE_LOOP ( 'NONE', ( #2713, #2683, #1018, #2493 ) ) ;
#2741 = CARTESIAN_POINT ( 'NONE',  ( -3.122988700502744575, -3.047039280062317168, 0.5741406396255559486 ) ) ;
#2742 = AXIS2_PLACEMENT_3D ( 'NONE', #999, #1604, #1963 ) ;
#2743 = CARTESIAN_POINT ( 'NONE',  ( -0.4200000000000004285, -3.719293188415452978, -0.1930000000000000326 ) ) ;
#2744 = SURFACE_STYLE_FILL_AREA ( #2121 ) ;
#2745 = VERTEX_POINT ( 'NONE', #1670 ) ;
#2746 = MECHANICAL_DESIGN_GEOMETRIC_PRESENTATION_REPRESENTATION (  '', ( #1905 ), #1433 ) ;
#2747 =( LENGTH_UNIT ( ) NAMED_UNIT ( * ) SI_UNIT ( .MILLI., .METRE. ) );
#2748 = SURFACE_STYLE_FILL_AREA ( #3723 ) ;
#2749 = CIRCLE ( 'NONE', #4075, 0.3048000000000000154 ) ;
#2750 = ADVANCED_FACE ( 'NONE', ( #3009 ), #1958, .F. ) ;
#2751 = COLOUR_RGB ( '',0.2862745098039215508, 0.2862745098039215508, 0.2862745098039215508 ) ;
#2752 = DIRECTION ( 'NONE',  ( 1.000000000000000000, -0.000000000000000000, -0.000000000000000000 ) ) ;
#2753 = AXIS2_PLACEMENT_3D ( 'NONE', #2721, #556, #1429 ) ;
#2754 = DIRECTION ( 'NONE',  ( -1.000000000000000000, -0.000000000000000000, -0.000000000000000000 ) ) ;
#2755 = CARTESIAN_POINT ( 'NONE',  ( 3.034718265391110670, -3.048000000000000043, 0.5649999999999999467 ) ) ;
#2756 = EDGE_LOOP ( 'NONE', ( #3073, #3917, #1029, #3207 ) ) ;
#2757 = VECTOR ( 'NONE', #2256, 1000.000000000000227 ) ;
#2758 = EDGE_CURVE ( 'NONE', #1952, #2824, #2870, .T. ) ;
#2759 = PRESENTATION_LAYER_ASSIGNMENT (  '', '', ( #472 ) ) ;
#2760 = FILL_AREA_STYLE_COLOUR ( '', #2825 ) ;
#2761 = ORIENTED_EDGE ( 'NONE', *, *, #1788, .F. ) ;
#2762 = CLOSED_SHELL ( 'NONE', ( #572, #1932, #1756, #452, #2540, #2561, #2213 ) ) ;
#2763 =( NAMED_UNIT ( * ) SI_UNIT ( $, .STERADIAN. ) SOLID_ANGLE_UNIT ( ) );
#2764 = MECHANICAL_DESIGN_GEOMETRIC_PRESENTATION_REPRESENTATION (  '', ( #281 ), #77 ) ;
#2765 = SURFACE_STYLE_USAGE ( .BOTH. , #1266 ) ;
#2766 = ORIENTED_EDGE ( 'NONE', *, *, #1232, .T. ) ;
#2767 = MECHANICAL_DESIGN_GEOMETRIC_PRESENTATION_REPRESENTATION (  '', ( #1204 ), #2119 ) ;
#2768 = VECTOR ( 'NONE', #553, 1000.000000000000000 ) ;
#2769 = SURFACE_SIDE_STYLE ('',( #1179 ) ) ;
#2770 = DIRECTION ( 'NONE',  ( 0.000000000000000000, -1.615094851542735134E-16, 1.000000000000000000 ) ) ;
#2771 = EDGE_LOOP ( 'NONE', ( #548, #3920, #1772, #2766 ) ) ;
#2772 =( GEOMETRIC_REPRESENTATION_CONTEXT ( 3 ) GLOBAL_UNCERTAINTY_ASSIGNED_CONTEXT ( ( #3487 ) ) GLOBAL_UNIT_ASSIGNED_CONTEXT ( ( #3989, #2131, #4028 ) ) REPRESENTATION_CONTEXT ( 'NONE', 'WORKASPACE' ) );
#2773 = MECHANICAL_DESIGN_GEOMETRIC_PRESENTATION_REPRESENTATION (  '', ( #3436 ), #1666 ) ;
#2774 = CARTESIAN_POINT ( 'NONE',  ( -2.684933652697404138, -2.242589145371766790, 1.143000000000000016 ) ) ;
#2775 = FACE_OUTER_BOUND ( 'NONE', #3889, .T. ) ;
#2776 = ORIENTED_EDGE ( 'NONE', *, *, #3168, .F. ) ;
#2777 = CARTESIAN_POINT ( 'NONE',  ( 3.122988700502743242, -3.047039280062315836, 0.5741406396255759326 ) ) ;
#2778 = EDGE_CURVE ( 'NONE', #1234, #1722, #2436, .T. ) ;
#2779 = FILL_AREA_STYLE ('',( #2812 ) ) ;
#2780 = ADVANCED_FACE ( 'NONE', ( #2707 ), #1835, .F. ) ;
#2781 =( NAMED_UNIT ( * ) SI_UNIT ( $, .STERADIAN. ) SOLID_ANGLE_UNIT ( ) );
#2782 = MANIFOLD_SOLID_BREP ( 'Cut-Extrude6', #3303 ) ;
#2783 = CARTESIAN_POINT ( 'NONE',  ( -5.089793721063931464, -3.048000000000000043, 0.5649999999999999467 ) ) ;
#2784 = CARTESIAN_POINT ( 'NONE',  ( -2.705999999999999961, -4.805645598282936248, -0.5454613549999314248 ) ) ;
#2785 = EDGE_LOOP ( 'NONE', ( #1714, #2379, #1076, #3123, #1647 ) ) ;
#2786 = FACE_OUTER_BOUND ( 'NONE', #3422, .T. ) ;
#2787 = UNCERTAINTY_MEASURE_WITH_UNIT (LENGTH_MEASURE( 1.000000000000000082E-05 ), #1366, 'distance_accuracy_value', 'NONE');
#2788 = SURFACE_SIDE_STYLE ('',( #1929 ) ) ;
#2789 = CARTESIAN_POINT ( 'NONE',  ( 1.919999999999989049, 4.063999999999999169, -1.143000000000000016 ) ) ;
#2790 = EDGE_LOOP ( 'NONE', ( #2820, #1848 ) ) ;
#2791 = CARTESIAN_POINT ( 'NONE',  ( 3.301999999999999602, -3.048000000000000487, -1.143000000000000016 ) ) ;
#2792 = SURFACE_STYLE_FILL_AREA ( #1269 ) ;
#2793 = CARTESIAN_POINT ( 'NONE',  ( 2.705999999999999073, -3.048000000000000487, 0.05700000000000002981 ) ) ;
#2794 = SURFACE_SIDE_STYLE ('',( #2456 ) ) ;
#2795 = DIRECTION ( 'NONE',  ( -0.000000000000000000, 0.000000000000000000, 1.000000000000000000 ) ) ;
#2796 = ORIENTED_EDGE ( 'NONE', *, *, #2922, .F. ) ;
#2797 = AXIS2_PLACEMENT_3D ( 'NONE', #1151, #3656, #846 ) ;
#2798 = DIRECTION ( 'NONE',  ( 1.000000000000000000, 0.000000000000000000, 0.000000000000000000 ) ) ;
#2799 = VECTOR ( 'NONE', #419, 1000.000000000000000 ) ;
#2800 = CARTESIAN_POINT ( 'NONE',  ( 1.865999999999999437, -3.048000000000000487, 0.5649999999999999467 ) ) ;
#2801 = UNCERTAINTY_MEASURE_WITH_UNIT (LENGTH_MEASURE( 1.000000000000000082E-05 ), #3671, 'distance_accuracy_value', 'NONE');
#2802 = AXIS2_PLACEMENT_3D ( 'NONE', #3692, #530, #3383 ) ;
#2803 = AXIS2_PLACEMENT_3D ( 'NONE', #2465, #1541, #2813 ) ;
#2804 =( NAMED_UNIT ( * ) PLANE_ANGLE_UNIT ( ) SI_UNIT ( $, .RADIAN. ) );
#2805 = SURFACE_STYLE_USAGE ( .BOTH. , #686 ) ;
#2806 = CARTESIAN_POINT ( 'NONE',  ( 3.035267598263878597, -3.048000000000000487, 0.5649999999999956168 ) ) ;
#2807 = SURFACE_STYLE_USAGE ( .BOTH. , #2215 ) ;
#2808 = VERTEX_POINT ( 'NONE', #1008 ) ;
#2809 = CARTESIAN_POINT ( 'NONE',  ( -1.866000000000000547, -4.284686821612380569, 0.3223472536785179643 ) ) ;
#2810 = AXIS2_PLACEMENT_3D ( 'NONE', #3729, #235, #857 ) ;
#2811 = UNCERTAINTY_MEASURE_WITH_UNIT (LENGTH_MEASURE( 1.000000000000000082E-05 ), #4029, 'distance_accuracy_value', 'NONE');
#2812 = FILL_AREA_STYLE_COLOUR ( '', #1478 ) ;
#2813 = DIRECTION ( 'NONE',  ( 1.000000000000000000, -1.347951312663287111E-16, 0.000000000000000000 ) ) ;
#2814 = SURFACE_SIDE_STYLE ('',( #3464 ) ) ;
#2815 = ORIENTED_EDGE ( 'NONE', *, *, #322, .T. ) ;
#2816 = CARTESIAN_POINT ( 'NONE',  ( -2.989733652697403876, -2.852189145371765822, 0.9929999999999999938 ) ) ;
#2817 = EDGE_CURVE ( 'NONE', #2350, #2662, #293, .T. ) ;
#2818 = PRESENTATION_STYLE_ASSIGNMENT (( #3124 ) ) ;
#2819 = ORIENTED_EDGE ( 'NONE', *, *, #1185, .T. ) ;
#2820 = ORIENTED_EDGE ( 'NONE', *, *, #625, .F. ) ;
#2821 = EDGE_CURVE ( 'NONE', #3286, #434, #390, .T. ) ;
#2822 = PLANE ( 'NONE',  #3576 ) ;
#2823 = COLOUR_RGB ( '',0.2862745098039215508, 0.2862745098039215508, 0.2862745098039215508 ) ;
#2824 = VERTEX_POINT ( 'NONE', #679 ) ;
#2825 = COLOUR_RGB ( '',0.8039215686274510109, 0.8039215686274510109, 0.8039215686274510109 ) ;
#2826 =( NAMED_UNIT ( * ) SI_UNIT ( $, .STERADIAN. ) SOLID_ANGLE_UNIT ( ) );
#2827 = STYLED_ITEM ( 'NONE', ( #1793 ), #1904 ) ;
#2828 = VECTOR ( 'NONE', #375, 1000.000000000000000 ) ;
#2829 = DIRECTION ( 'NONE',  ( 0.000000000000000000, 0.000000000000000000, -1.000000000000000000 ) ) ;
#2830 = FILL_AREA_STYLE_COLOUR ( '', #804 ) ;
#2831 = COLOUR_RGB ( '',0.8039215686274510109, 0.8039215686274510109, 0.8039215686274510109 ) ;
#2832 = COLOUR_RGB ( '',0.2862745098039215508, 0.2862745098039215508, 0.2862745098039215508 ) ;
#2833 = MECHANICAL_DESIGN_GEOMETRIC_PRESENTATION_REPRESENTATION (  '', ( #1639 ), #2485 ) ;
#2834 = MANIFOLD_SOLID_BREP ( 'Boss-Extrude4', #474 ) ;
#2835 = LINE ( 'NONE', #626, #2273 ) ;
#2836 = PRESENTATION_LAYER_ASSIGNMENT (  '', '', ( #1511 ) ) ;
#2837 = ORIENTED_EDGE ( 'NONE', *, *, #1490, .T. ) ;
#2838 =( NAMED_UNIT ( * ) SI_UNIT ( $, .STERADIAN. ) SOLID_ANGLE_UNIT ( ) );
#2839 =( GEOMETRIC_REPRESENTATION_CONTEXT ( 3 ) GLOBAL_UNCERTAINTY_ASSIGNED_CONTEXT ( ( #2306 ) ) GLOBAL_UNIT_ASSIGNED_CONTEXT ( ( #3398, #1856, #3685 ) ) REPRESENTATION_CONTEXT ( 'NONE', 'WORKASPACE' ) );
#2840 = ADVANCED_FACE ( 'NONE', ( #1899 ), #3155, .T. ) ;
#2841 = ORIENTED_EDGE ( 'NONE', *, *, #3195, .F. ) ;
#2842 = DIRECTION ( 'NONE',  ( -1.000000000000000000, -1.687474198421022341E-15, -0.000000000000000000 ) ) ;
#2843 = CARTESIAN_POINT ( 'NONE',  ( 2.669999999999999929, 4.063999999999999169, -0.6349999999999998979 ) ) ;
#2844 = EDGE_CURVE ( 'NONE', #27, #1935, #4043, .T. ) ;
#2845 = CARTESIAN_POINT ( 'NONE',  ( 2.989733652697403876, 2.726064063052962450, 0.9929999999999999938 ) ) ;
#2846 = DIRECTION ( 'NONE',  ( -0.1039620511844909917, 0.1039620511844908529, 0.9891328443778553137 ) ) ;
#2847 = CARTESIAN_POINT ( 'NONE',  ( 2.705999999999999073, -3.048000000000000487, 0.5649999999999999467 ) ) ;
#2848 = PRESENTATION_LAYER_ASSIGNMENT (  '', '', ( #2313 ) ) ;
#2849 = LINE ( 'NONE', #2192, #700 ) ;
#2850 = SURFACE_STYLE_USAGE ( .BOTH. , #377 ) ;
#2851 = ORIENTED_EDGE ( 'NONE', *, *, #1097, .T. ) ;
#2852 = ORIENTED_EDGE ( 'NONE', *, *, #398, .F. ) ;
#2853 = FILL_AREA_STYLE_COLOUR ( '', #15 ) ;
#2854 = PRESENTATION_STYLE_ASSIGNMENT (( #3462 ) ) ;
#2855 = AXIS2_PLACEMENT_3D ( 'NONE', #2599, #1758, #2936 ) ;
#2856 =( BOUNDED_CURVE ( )  B_SPLINE_CURVE ( 3, ( #78, #1699, #3929, #2638 ),
 .UNSPECIFIED., .F., .F. ) 
 B_SPLINE_CURVE_WITH_KNOTS ( ( 4, 4 ),
 ( -8.881784197001252323E-16, 1.570796326794893671 ),
 .UNSPECIFIED. ) 
 CURVE ( )  GEOMETRIC_REPRESENTATION_ITEM ( )  RATIONAL_B_SPLINE_CURVE ( ( 1.000000000000000000, 0.8047378541243654926, 0.8047378541243654926, 1.000000000000000000 ) ) 
 REPRESENTATION_ITEM ( '' )  );
#2857 =( NAMED_UNIT ( * ) PLANE_ANGLE_UNIT ( ) SI_UNIT ( $, .RADIAN. ) );
#2858 = SURFACE_STYLE_USAGE ( .BOTH. , #1588 ) ;
#2859 = ORIENTED_EDGE ( 'NONE', *, *, #1449, .T. ) ;
#2860 = DIRECTION ( 'NONE',  ( 0.000000000000000000, -0.9975640502598209780, -0.06975647374417162649 ) ) ;
#2861 = CARTESIAN_POINT ( 'NONE',  ( 3.151999999999999247, 3.047999999999999599, -1.143000000000000016 ) ) ;
#2862 = LINE ( 'NONE', #968, #7 ) ;
#2863 = EDGE_LOOP ( 'NONE', ( #1626, #1424, #1365, #3510 ) ) ;
#2864 =( LENGTH_UNIT ( ) NAMED_UNIT ( * ) SI_UNIT ( .MILLI., .METRE. ) );
#2865 = EDGE_CURVE ( 'NONE', #944, #3702, #1025, .T. ) ;
#2866 = VERTEX_POINT ( 'NONE', #1578 ) ;
#2867 = EDGE_CURVE ( 'NONE', #2745, #4046, #2849, .T. ) ;
#2868 =( GEOMETRIC_REPRESENTATION_CONTEXT ( 3 ) GLOBAL_UNCERTAINTY_ASSIGNED_CONTEXT ( ( #3779 ) ) GLOBAL_UNIT_ASSIGNED_CONTEXT ( ( #3784, #2981, #1678 ) ) REPRESENTATION_CONTEXT ( 'NONE', 'WORKASPACE' ) );
#2869 = COLOUR_RGB ( '',0.2862745098039215508, 0.2862745098039215508, 0.2862745098039215508 ) ;
#2870 = LINE ( 'NONE', #1298, #696 ) ;
#2871 = CARTESIAN_POINT ( 'NONE',  ( -3.152000000000001023, 3.047999999999999599, -1.143000000000000016 ) ) ;
#2872 = UNCERTAINTY_MEASURE_WITH_UNIT (LENGTH_MEASURE( 1.000000000000000082E-05 ), #466, 'distance_accuracy_value', 'NONE');
#2873 = MECHANICAL_DESIGN_GEOMETRIC_PRESENTATION_REPRESENTATION (  '', ( #903 ), #3654 ) ;
#2874 = CARTESIAN_POINT ( 'NONE',  ( 3.276492284643336639, 2.983494794003800354, -0.5785339315258737347 ) ) ;
#2875 = ORIENTED_EDGE ( 'NONE', *, *, #3463, .T. ) ;
#2876 = DIRECTION ( 'NONE',  ( 0.000000000000000000, 0.000000000000000000, -1.000000000000000000 ) ) ;
#2877 = DIRECTION ( 'NONE',  ( -4.098094675116482653E-16, -1.000000000000000000, 0.000000000000000000 ) ) ;
#2878 = FILL_AREA_STYLE_COLOUR ( '', #1283 ) ;
#2879 = SURFACE_SIDE_STYLE ('',( #613 ) ) ;
#2880 = ORIENTED_EDGE ( 'NONE', *, *, #879, .T. ) ;
#2881 = SURFACE_STYLE_USAGE ( .BOTH. , #2246 ) ;
#2882 = SURFACE_STYLE_USAGE ( .BOTH. , #1618 ) ;
#2883 =( GEOMETRIC_REPRESENTATION_CONTEXT ( 3 ) GLOBAL_UNCERTAINTY_ASSIGNED_CONTEXT ( ( #3417 ) ) GLOBAL_UNIT_ASSIGNED_CONTEXT ( ( #2747, #1855, #2297 ) ) REPRESENTATION_CONTEXT ( 'NONE', 'WORKASPACE' ) );
#2884 = SURFACE_STYLE_USAGE ( .BOTH. , #1683 ) ;
#2885 =( NAMED_UNIT ( * ) SI_UNIT ( $, .STERADIAN. ) SOLID_ANGLE_UNIT ( ) );
#2886 = EDGE_CURVE ( 'NONE', #3879, #3798, #1219, .T. ) ;
#2887 = CYLINDRICAL_SURFACE ( 'NONE', #4056, 0.5000000000000000000 ) ;
#2888 = VECTOR ( 'NONE', #3781, 1000.000000000000000 ) ;
#2889 = ORIENTED_EDGE ( 'NONE', *, *, #2235, .F. ) ;
#2890 = CARTESIAN_POINT ( 'NONE',  ( -2.413000000000002476, -1.184999999999999609, -0.6349999999999998979 ) ) ;
#2891 =( NAMED_UNIT ( * ) SI_UNIT ( $, .STERADIAN. ) SOLID_ANGLE_UNIT ( ) );
#2892 = EDGE_CURVE ( 'NONE', #3807, #3567, #971, .T. ) ;
#2893 = CARTESIAN_POINT ( 'NONE',  ( 1.865999999999999437, -5.002549890653082976, -0.6661787407256279936 ) ) ;
#2894 = EDGE_LOOP ( 'NONE', ( #184, #2609, #4068, #1665 ) ) ;
#2895 = PRESENTATION_LAYER_ASSIGNMENT (  '', '', ( #1048 ) ) ;
#2896 = SURFACE_STYLE_FILL_AREA ( #70 ) ;
#2897 = VECTOR ( 'NONE', #1705, 1000.000000000000000 ) ;
#2898 = COLOUR_RGB ( '',0.8039215686274510109, 0.8039215686274510109, 0.8039215686274510109 ) ;
#2899 = FILL_AREA_STYLE_COLOUR ( '', #2150 ) ;
#2900 = PRESENTATION_LAYER_ASSIGNMENT (  '', '', ( #270 ) ) ;
#2901 = MECHANICAL_DESIGN_GEOMETRIC_PRESENTATION_REPRESENTATION (  '', ( #3227 ), #1717 ) ;
#2902 = FILL_AREA_STYLE_COLOUR ( '', #3916 ) ;
#2903 = SURFACE_SIDE_STYLE ('',( #433 ) ) ;
#2904 = LINE ( 'NONE', #1614, #2712 ) ;
#2905 = CARTESIAN_POINT ( 'NONE',  ( 3.152821715694758886, -2.898000000000000576, -0.5586792694901469014 ) ) ;
#2906 = PLANE ( 'NONE',  #2234 ) ;
#2907 = ORIENTED_EDGE ( 'NONE', *, *, #2235, .T. ) ;
#2908 = DIRECTION ( 'NONE',  ( 0.000000000000000000, 0.000000000000000000, 1.000000000000000000 ) ) ;
#2909 = DIRECTION ( 'NONE',  ( 0.000000000000000000, -1.000000000000000000, 0.000000000000000000 ) ) ;
#2910 =( LENGTH_UNIT ( ) NAMED_UNIT ( * ) SI_UNIT ( .MILLI., .METRE. ) );
#2911 = CARTESIAN_POINT ( 'NONE',  ( -2.705999999999999961, -4.449000000000001620, -0.9228142532412907384 ) ) ;
#2912 = PRESENTATION_STYLE_ASSIGNMENT (( #3893 ) ) ;
#2913 =( NAMED_UNIT ( * ) SI_UNIT ( $, .STERADIAN. ) SOLID_ANGLE_UNIT ( ) );
#2914 = FACE_OUTER_BOUND ( 'NONE', #1922, .T. ) ;
#2915 = ORIENTED_EDGE ( 'NONE', *, *, #2478, .T. ) ;
#2916 = CARTESIAN_POINT ( 'NONE',  ( 1.865999999999999437, -3.856000000000000316, 0.5649999999999999467 ) ) ;
#2918 = CARTESIAN_POINT ( 'NONE',  ( 2.705999999999999073, -3.856000000000000316, 0.06500000000000000222 ) ) ;
#2917 = LINE ( 'NONE', #3861, #1030 ) ;
#2919 = ORIENTED_EDGE ( 'NONE', *, *, #1276, .F. ) ;
#2920 = AXIS2_PLACEMENT_3D ( 'NONE', #2970, #3336, #2620 ) ;
#2921 = UNCERTAINTY_MEASURE_WITH_UNIT (LENGTH_MEASURE( 1.000000000000000082E-05 ), #2910, 'distance_accuracy_value', 'NONE');
#2922 = EDGE_CURVE ( 'NONE', #720, #2866, #3094, .T. ) ;
#2923 = ORIENTED_EDGE ( 'NONE', *, *, #97, .F. ) ;
#2924 = FILL_AREA_STYLE ('',( #3250 ) ) ;
#2925 = EDGE_CURVE ( 'NONE', #2170, #337, #3275, .T. ) ;
#2926 = LINE ( 'NONE', #2566, #3679 ) ;
#2927 = DIRECTION ( 'NONE',  ( 0.1045284632676466569, 0.000000000000000000, -0.9945218953682740670 ) ) ;
#2928 = EDGE_LOOP ( 'NONE', ( #2450, #848, #28 ) ) ;
#2929 = SURFACE_STYLE_USAGE ( .BOTH. , #1085 ) ;
#2930 = SURFACE_STYLE_FILL_AREA ( #1936 ) ;
#2931 = SURFACE_SIDE_STYLE ('',( #1998 ) ) ;
#2932 = ORIENTED_EDGE ( 'NONE', *, *, #2886, .T. ) ;
#2933 = DIRECTION ( 'NONE',  ( 1.000000000000000000, 0.000000000000000000, 0.000000000000000000 ) ) ;
#2934 = SURFACE_SIDE_STYLE ('',( #3632 ) ) ;
#2935 = FILL_AREA_STYLE_COLOUR ( '', #69 ) ;
#2936 = DIRECTION ( 'NONE',  ( 1.000000000000000000, 0.000000000000000000, 0.000000000000000000 ) ) ;
#2937 = CARTESIAN_POINT ( 'NONE',  ( 3.301999999999999602, 2.897999999999999687, -0.5453375831753243252 ) ) ;
#2938 =( LENGTH_UNIT ( ) NAMED_UNIT ( * ) SI_UNIT ( .MILLI., .METRE. ) );
#2939 = EDGE_LOOP ( 'NONE', ( #4033, #2507, #2957, #2022 ) ) ;
#2940 = AXIS2_PLACEMENT_3D ( 'NONE', #2743, #1833, #3393 ) ;
#2941 =( GEOMETRIC_REPRESENTATION_CONTEXT ( 3 ) GLOBAL_UNCERTAINTY_ASSIGNED_CONTEXT ( ( #821 ) ) GLOBAL_UNIT_ASSIGNED_CONTEXT ( ( #894, #754, #2913 ) ) REPRESENTATION_CONTEXT ( 'NONE', 'WORKASPACE' ) );
#2942 = STYLED_ITEM ( 'NONE', ( #255 ), #3290 ) ;
#2943 = ADVANCED_FACE ( 'NONE', ( #315 ), #4020, .T. ) ;
#2944 = EDGE_CURVE ( 'NONE', #1535, #1022, #3457, .T. ) ;
#2945 = EDGE_LOOP ( 'NONE', ( #3835, #2521, #957, #3728, #3646, #2851, #3622, #780 ) ) ;
#2946 = FACE_OUTER_BOUND ( 'NONE', #3984, .T. ) ;
#2947 = MECHANICAL_DESIGN_GEOMETRIC_PRESENTATION_REPRESENTATION (  '', ( #4060 ), #1094 ) ;
#2948 = VERTEX_POINT ( 'NONE', #376 ) ;
#2949 = SURFACE_SIDE_STYLE ('',( #1681 ) ) ;
#2950 = DIRECTION ( 'NONE',  ( -0.1045284632676466569, 0.000000000000000000, -0.9945218953682740670 ) ) ;
#2951 = SURFACE_STYLE_FILL_AREA ( #1687 ) ;
#2952 = ORIENTED_EDGE ( 'NONE', *, *, #1073, .T. ) ;
#2953 = CARTESIAN_POINT ( 'NONE',  ( 2.413000000000000700, -1.185000000000000275, -0.6349999999999998979 ) ) ;
#2954 = DIRECTION ( 'NONE',  ( 0.000000000000000000, -0.000000000000000000, 1.000000000000000000 ) ) ;
#2955 = SURFACE_STYLE_USAGE ( .BOTH. , #1692 ) ;
#2956 = CARTESIAN_POINT ( 'NONE',  ( -2.075333652697403775, -2.242589145371766790, 1.143000000000000016 ) ) ;
#2957 = ORIENTED_EDGE ( 'NONE', *, *, #2649, .T. ) ;
#2958 = FILL_AREA_STYLE ('',( #384 ) ) ;
#2959 =( GEOMETRIC_REPRESENTATION_CONTEXT ( 3 ) GLOBAL_UNCERTAINTY_ASSIGNED_CONTEXT ( ( #2787 ) ) GLOBAL_UNIT_ASSIGNED_CONTEXT ( ( #1366, #99, #159 ) ) REPRESENTATION_CONTEXT ( 'NONE', 'WORKASPACE' ) );
#2960 =( NAMED_UNIT ( * ) SI_UNIT ( $, .STERADIAN. ) SOLID_ANGLE_UNIT ( ) );
#2961 = VERTEX_POINT ( 'NONE', #1643 ) ;
#2962 = CARTESIAN_POINT ( 'NONE',  ( -2.413000000000002476, -1.184999999999999609, -0.6349999999999998979 ) ) ;
#2963 = VECTOR ( 'NONE', #1047, 1000.000000000000000 ) ;
#2964 = VECTOR ( 'NONE', #2293, 1000.000000000000000 ) ;
#2965 = EDGE_CURVE ( 'NONE', #3798, #2948, #3197, .T. ) ;
#2966 = CARTESIAN_POINT ( 'NONE',  ( -2.413000000000000700, 3.048000000000000043, -0.6349999999999998979 ) ) ;
#2967 = ORIENTED_EDGE ( 'NONE', *, *, #2419, .F. ) ;
#2968 = MECHANICAL_DESIGN_GEOMETRIC_PRESENTATION_REPRESENTATION (  '', ( #2178 ), #335 ) ;
#2969 = EDGE_CURVE ( 'NONE', #4045, #248, #3528, .T. ) ;
#2970 = CARTESIAN_POINT ( 'NONE',  ( -2.380133652697403956, -2.242589145371766790, 1.132999999999999785 ) ) ;
#2971 = VERTEX_POINT ( 'NONE', #1051 ) ;
#2972 = PRESENTATION_STYLE_ASSIGNMENT (( #1715 ) ) ;
#2973 = FILL_AREA_STYLE ('',( #1982 ) ) ;
#2974 = LINE ( 'NONE', #739, #538 ) ;
#2975 = STYLED_ITEM ( 'NONE', ( #3695 ), #3733 ) ;
#2976 = SURFACE_SIDE_STYLE ('',( #1947 ) ) ;
#2977 = FACE_OUTER_BOUND ( 'NONE', #1317, .T. ) ;
#2978 = PRESENTATION_STYLE_ASSIGNMENT (( #1721 ) ) ;
#2979 = VERTEX_POINT ( 'NONE', #118 ) ;
#2980 = DIRECTION ( 'NONE',  ( 2.891205793294679017E-15, 0.000000000000000000, -1.000000000000000000 ) ) ;
#2981 =( NAMED_UNIT ( * ) PLANE_ANGLE_UNIT ( ) SI_UNIT ( $, .RADIAN. ) );
#2982 = COLOUR_RGB ( '',0.8039215686274510109, 0.8039215686274510109, 0.8039215686274510109 ) ;
#2983 = LINE ( 'NONE', #2966, #2963 ) ;
#2984 = ORIENTED_EDGE ( 'NONE', *, *, #76, .T. ) ;
#2985 = PRESENTATION_STYLE_ASSIGNMENT (( #808 ) ) ;
#2986 = VERTEX_POINT ( 'NONE', #1316 ) ;
#2987 = CARTESIAN_POINT ( 'NONE',  ( 1.865999999999999437, -5.002549890653083864, -1.175419224950865482 ) ) ;
#2988 =( LENGTH_UNIT ( ) NAMED_UNIT ( * ) SI_UNIT ( .MILLI., .METRE. ) );
#2989 = DIRECTION ( 'NONE',  ( 1.000000000000000000, 0.000000000000000000, 0.000000000000000000 ) ) ;
#2990 = VERTEX_POINT ( 'NONE', #1668 ) ;
#2991 = DIRECTION ( 'NONE',  ( -1.000000000000000000, 1.347951312663286864E-16, 0.000000000000000000 ) ) ;
#2992 = ADVANCED_FACE ( 'NONE', ( #2623 ), #2887, .T. ) ;
#2993 = LINE ( 'NONE', #3706, #2364 ) ;
#2994 =( LENGTH_UNIT ( ) NAMED_UNIT ( * ) SI_UNIT ( .MILLI., .METRE. ) );
#2995 = FILL_AREA_STYLE_COLOUR ( '', #2869 ) ;
#2996 = FILL_AREA_STYLE_COLOUR ( '', #1053 ) ;
#2997 =( GEOMETRIC_REPRESENTATION_CONTEXT ( 3 ) GLOBAL_UNCERTAINTY_ASSIGNED_CONTEXT ( ( #2406 ) ) GLOBAL_UNIT_ASSIGNED_CONTEXT ( ( #1456, #3394, #1153 ) ) REPRESENTATION_CONTEXT ( 'NONE', 'WORKASPACE' ) );
#2998 = DIRECTION ( 'NONE',  ( 0.000000000000000000, 0.000000000000000000, 1.000000000000000000 ) ) ;
#2999 =( NAMED_UNIT ( * ) SI_UNIT ( $, .STERADIAN. ) SOLID_ANGLE_UNIT ( ) );
#3000 = VERTEX_POINT ( 'NONE', #709 ) ;
#3001 = DIRECTION ( 'NONE',  ( 0.000000000000000000, 0.000000000000000000, 1.000000000000000000 ) ) ;
#3002 =( GEOMETRIC_REPRESENTATION_CONTEXT ( 3 ) GLOBAL_UNCERTAINTY_ASSIGNED_CONTEXT ( ( #3607 ) ) GLOBAL_UNIT_ASSIGNED_CONTEXT ( ( #318, #1505, #900 ) ) REPRESENTATION_CONTEXT ( 'NONE', 'WORKASPACE' ) );
#3003 = AXIS2_PLACEMENT_3D ( 'NONE', #2439, #3433, #3414 ) ;
#3004 = LINE ( 'NONE', #3991, #1437 ) ;
#3005 = ORIENTED_EDGE ( 'NONE', *, *, #1276, .T. ) ;
#3006 = LINE ( 'NONE', #2410, #3875 ) ;
#3007 = CARTESIAN_POINT ( 'NONE',  ( -1.866000000000000547, -5.969000000000002082, -1.242999999999999883 ) ) ;
#3008 = LINE ( 'NONE', #3630, #1409 ) ;
#3009 = FACE_OUTER_BOUND ( 'NONE', #2009, .T. ) ;
#3010 = DIRECTION ( 'NONE',  ( -0.2588190451025180749, -0.9659258262890690894, -0.000000000000000000 ) ) ;
#3011 = ORIENTED_EDGE ( 'NONE', *, *, #1188, .T. ) ;
#3012 = CARTESIAN_POINT ( 'NONE',  ( -2.684933652697404138, -2.242589145371766790, 1.132999999999999785 ) ) ;
#3013 =( BOUNDED_CURVE ( )  B_SPLINE_CURVE ( 3, ( #2937, #104, #3899, #1058 ),
 .UNSPECIFIED., .F., .F. ) 
 B_SPLINE_CURVE_WITH_KNOTS ( ( 4, 4 ),
 ( 3.073580296218148433, 3.130666236546716164 ),
 .UNSPECIFIED. ) 
 CURVE ( )  GEOMETRIC_REPRESENTATION_ITEM ( )  RATIONAL_B_SPLINE_CURVE ( ( 1.000000000000000000, 0.9997284513880649870, 0.9997284513880649870, 1.000000000000000000 ) ) 
 REPRESENTATION_ITEM ( '' )  );
#3014 = EDGE_CURVE ( 'NONE', #1123, #1746, #733, .T. ) ;
#3015 = CARTESIAN_POINT ( 'NONE',  ( 3.301999999999999602, -2.921488829414796040, -0.5522703633901419051 ) ) ;
#3016 = CARTESIAN_POINT ( 'NONE',  ( 2.413000000000000700, 3.047999999999999599, -1.143000000000000016 ) ) ;
#3017 = CARTESIAN_POINT ( 'NONE',  ( -2.413000000000002476, -1.184999999999999609, -1.143000000000000016 ) ) ;
#3018 = DIRECTION ( 'NONE',  ( -0.000000000000000000, -1.000000000000000000, -0.000000000000000000 ) ) ;
#3019 = UNCERTAINTY_MEASURE_WITH_UNIT (LENGTH_MEASURE( 1.000000000000000082E-05 ), #3933, 'distance_accuracy_value', 'NONE');
#3020 = EDGE_CURVE ( 'NONE', #1888, #1605, #3454, .T. ) ;
#3021 = SURFACE_SIDE_STYLE ('',( #801 ) ) ;
#3022 = SURFACE_STYLE_USAGE ( .BOTH. , #3944 ) ;
#3023 = ORIENTED_EDGE ( 'NONE', *, *, #1524, .F. ) ;
#3024 = PRESENTATION_LAYER_ASSIGNMENT (  '', '', ( #1499 ) ) ;
#3025 = COLOUR_RGB ( '',0.2862745098039215508, 0.2862745098039215508, 0.2862745098039215508 ) ;
#3026 = EDGE_LOOP ( 'NONE', ( #84, #769, #3253, #3129, #2516, #458 ) ) ;
#3027 = CARTESIAN_POINT ( 'NONE',  ( 2.705999999999999073, -4.284686821612380569, 0.3223472536785179643 ) ) ;
#3028 = VECTOR ( 'NONE', #1470, 1000.000000000000000 ) ;
#3029 = MECHANICAL_DESIGN_GEOMETRIC_PRESENTATION_REPRESENTATION (  '', ( #1117 ), #1713 ) ;
#3030 = AXIS2_PLACEMENT_3D ( 'NONE', #2695, #527, #1420 ) ;
#3031 = CARTESIAN_POINT ( 'NONE',  ( 3.152000000000000135, 3.047999999999999599, -0.6349999999999998979 ) ) ;
#3032 = FILL_AREA_STYLE_COLOUR ( '', #2424 ) ;
#3033 = AXIS2_PLACEMENT_3D ( 'NONE', #2626, #3238, #487 ) ;
#3034 = PRESENTATION_STYLE_ASSIGNMENT (( #3660 ) ) ;
#3035 = LINE ( 'NONE', #3356, #2038 ) ;
#3036 = AXIS2_PLACEMENT_3D ( 'NONE', #1184, #3744, #1495 ) ;
#3037 = LINE ( 'NONE', #1186, #1055 ) ;
#3038 = CARTESIAN_POINT ( 'NONE',  ( -1.866000000000000547, -5.969000000000002082, -1.242999999999999883 ) ) ;
#3039 = FILL_AREA_STYLE ('',( #2996 ) ) ;
#3040 =( BOUNDED_CURVE ( )  B_SPLINE_CURVE ( 3, ( #1679, #79, #2589, #2278 ),
 .UNSPECIFIED., .F., .F. ) 
 B_SPLINE_CURVE_WITH_KNOTS ( ( 4, 4 ),
 ( 3.141652178752773583, 3.152578595795852312 ),
 .UNSPECIFIED. ) 
 CURVE ( )  GEOMETRIC_REPRESENTATION_ITEM ( )  RATIONAL_B_SPLINE_CURVE ( ( 1.000000000000000000, 0.9999900511422950000, 0.9999900511422950000, 1.000000000000000000 ) ) 
 REPRESENTATION_ITEM ( '' )  );
#3041 = ADVANCED_FACE ( 'NONE', ( #1351 ), #3817, .T. ) ;
#3042 = COLOUR_RGB ( '',0.2862745098039215508, 0.2862745098039215508, 0.2862745098039215508 ) ;
#3043 = SURFACE_STYLE_USAGE ( .BOTH. , #532 ) ;
#3044 = FILL_AREA_STYLE_COLOUR ( '', #814 ) ;
#3045 = EDGE_CURVE ( 'NONE', #3637, #615, #874, .T. ) ;
#3046 = UNCERTAINTY_MEASURE_WITH_UNIT (LENGTH_MEASURE( 1.000000000000000082E-05 ), #3642, 'distance_accuracy_value', 'NONE');
#3047 = AXIS2_PLACEMENT_3D ( 'NONE', #239, #1192, #906 ) ;
#3048 = FACE_OUTER_BOUND ( 'NONE', #1830, .T. ) ;
#3049 = VERTEX_POINT ( 'NONE', #1477 ) ;
#3050 = SURFACE_SIDE_STYLE ('',( #307 ) ) ;
#3051 = PLANE ( 'NONE',  #1563 ) ;
#3052 = EDGE_CURVE ( 'NONE', #393, #3589, #188, .T. ) ;
#3053 = CARTESIAN_POINT ( 'NONE',  ( 2.705999999999999073, -3.719293188415452978, 0.05700000000000024492 ) ) ;
#3054 = VERTEX_POINT ( 'NONE', #2342 ) ;
#3055 = FILL_AREA_STYLE_COLOUR ( '', #3131 ) ;
#3056 = AXIS2_PLACEMENT_3D ( 'NONE', #3741, #2795, #3148 ) ;
#3057 = SURFACE_SIDE_STYLE ('',( #2748 ) ) ;
#3058 =( NAMED_UNIT ( * ) PLANE_ANGLE_UNIT ( ) SI_UNIT ( $, .RADIAN. ) );
#3059 = DIRECTION ( 'NONE',  ( 1.000000000000000000, 0.000000000000000000, 0.000000000000000000 ) ) ;
#3060 = CARTESIAN_POINT ( 'NONE',  ( 2.705999999999999073, -4.449000000000001620, -0.9228142532412906274 ) ) ;
#3061 = FACE_OUTER_BOUND ( 'NONE', #3274, .T. ) ;
#3062 =( LENGTH_UNIT ( ) NAMED_UNIT ( * ) SI_UNIT ( .MILLI., .METRE. ) );
#3063 = EDGE_CURVE ( 'NONE', #773, #1688, #2668, .T. ) ;
#3064 = COLOUR_RGB ( '',0.8039215686274510109, 0.8039215686274510109, 0.8039215686274510109 ) ;
#3065 = EDGE_CURVE ( 'NONE', #3095, #809, #231, .T. ) ;
#3066 = CARTESIAN_POINT ( 'NONE',  ( -3.301999999999999602, -2.832463259276784662, -0.5429999999999998161 ) ) ;
#3067 = ORIENTED_EDGE ( 'NONE', *, *, #3953, .F. ) ;
#3068 = LINE ( 'NONE', #3027, #463 ) ;
#3069 = CARTESIAN_POINT ( 'NONE',  ( 3.152000000000000135, -2.921874917681196671, -1.143000000000000016 ) ) ;
#3070 = CARTESIAN_POINT ( 'NONE',  ( -3.302000000000000934, -2.771048675746669243, -1.143000000000000016 ) ) ;
#3071 = EDGE_CURVE ( 'NONE', #2990, #2327, #1773, .T. ) ;
#3072 = CIRCLE ( 'NONE', #568, 0.2500000000000000000 ) ;
#3073 = ORIENTED_EDGE ( 'NONE', *, *, #554, .T. ) ;
#3074 = AXIS2_PLACEMENT_3D ( 'NONE', #3390, #575, #1831 ) ;
#3075 = CARTESIAN_POINT ( 'NONE',  ( 2.989733652697403876, -2.852189145371765822, 1.143000000000000016 ) ) ;
#3076 = DIRECTION ( 'NONE',  ( -1.000000000000000000, -0.000000000000000000, -0.000000000000000000 ) ) ;
#3077 = CARTESIAN_POINT ( 'NONE',  ( 3.036357269115276036, -3.047991046094877365, 0.5650851907166247745 ) ) ;
#3078 =( NAMED_UNIT ( * ) SI_UNIT ( $, .STERADIAN. ) SOLID_ANGLE_UNIT ( ) );
#3079 =( NAMED_UNIT ( * ) SI_UNIT ( $, .STERADIAN. ) SOLID_ANGLE_UNIT ( ) );
#3080 = SURFACE_STYLE_USAGE ( .BOTH. , #1467 ) ;
#3081 = CARTESIAN_POINT ( 'NONE',  ( 3.301999999999999602, -4.743286959344088061, -0.5429999999999998161 ) ) ;
#3082 = FILL_AREA_STYLE ('',( #1026 ) ) ;
#3083 =( NAMED_UNIT ( * ) PLANE_ANGLE_UNIT ( ) SI_UNIT ( $, .RADIAN. ) );
#3084 = AXIS2_PLACEMENT_3D ( 'NONE', #1148, #516, #1471 ) ;
#3085 = ORIENTED_EDGE ( 'NONE', *, *, #3087, .F. ) ;
#3086 = SURFACE_STYLE_FILL_AREA ( #1538 ) ;
#3087 = EDGE_CURVE ( 'NONE', #3702, #1631, #212, .T. ) ;
#3088 = AXIS2_PLACEMENT_3D ( 'NONE', #3139, #3777, #2486 ) ;
#3089 = LINE ( 'NONE', #245, #2151 ) ;
#3090 = DIRECTION ( 'NONE',  ( -1.000000000000000000, -0.000000000000000000, -0.000000000000000000 ) ) ;
#3091 = VERTEX_POINT ( 'NONE', #1414 ) ;
#3092 = AXIS2_PLACEMENT_3D ( 'NONE', #570, #1762, #1121 ) ;
#3093 = ADVANCED_FACE ( 'NONE', ( #829 ), #792, .T. ) ;
#3094 = LINE ( 'NONE', #1500, #304 ) ;
#3095 = VERTEX_POINT ( 'NONE', #141 ) ;
#3096 = VECTOR ( 'NONE', #1672, 1000.000000000000000 ) ;
#3097 = VERTEX_POINT ( 'NONE', #1201 ) ;
#3098 = AXIS2_PLACEMENT_3D ( 'NONE', #1479, #955, #1523 ) ;
#3099 = DIRECTION ( 'NONE',  ( -0.1039620511844910056, 0.1039620511844908668, 0.9891328443778554247 ) ) ;
#3100 =( NAMED_UNIT ( * ) SI_UNIT ( $, .STERADIAN. ) SOLID_ANGLE_UNIT ( ) );
#3101 = EDGE_CURVE ( 'NONE', #180, #1795, #173, .T. ) ;
#3102 = VERTEX_POINT ( 'NONE', #332 ) ;
#3103 = CARTESIAN_POINT ( 'NONE',  ( -1.144615612366925550, 4.271763620489977598, -0.6349999999999998979 ) ) ;
#3104 = UNCERTAINTY_MEASURE_WITH_UNIT (LENGTH_MEASURE( 1.000000000000000082E-05 ), #606, 'distance_accuracy_value', 'NONE');
#3105 = PRESENTATION_LAYER_ASSIGNMENT (  '', '', ( #3547 ) ) ;
#3106 = CARTESIAN_POINT ( 'NONE',  ( 3.301547089859709239, 2.911562386679178438, -0.5518989658617134975 ) ) ;
#3107 = VERTEX_POINT ( 'NONE', #616 ) ;
#3108 = CARTESIAN_POINT ( 'NONE',  ( -3.184248201459461747, -2.985108607248613488, 0.5773335264549492862 ) ) ;
#3109 = CARTESIAN_POINT ( 'NONE',  ( -3.088102213680335328, -3.048000000000000487, 0.05708565997091354094 ) ) ;
#3110 =( GEOMETRIC_REPRESENTATION_CONTEXT ( 3 ) GLOBAL_UNCERTAINTY_ASSIGNED_CONTEXT ( ( #1866 ) ) GLOBAL_UNIT_ASSIGNED_CONTEXT ( ( #2988, #2376, #497 ) ) REPRESENTATION_CONTEXT ( 'NONE', 'WORKASPACE' ) );
#3111 = SURFACE_STYLE_USAGE ( .BOTH. , #1851 ) ;
#3112 =( LENGTH_UNIT ( ) NAMED_UNIT ( * ) SI_UNIT ( .MILLI., .METRE. ) );
#3113 = ORIENTED_EDGE ( 'NONE', *, *, #1341, .F. ) ;
#3114 = PRESENTATION_STYLE_ASSIGNMENT (( #1857 ) ) ;
#3115 = DIRECTION ( 'NONE',  ( -0.000000000000000000, -1.000000000000000000, -0.000000000000000000 ) ) ;
#3116 = AXIS2_PLACEMENT_3D ( 'NONE', #1135, #2078, #2018 ) ;
#3117 = EDGE_CURVE ( 'NONE', #337, #1211, #1575, .T. ) ;
#3118 = PLANE ( 'NONE',  #2108 ) ;
#3119 = ORIENTED_EDGE ( 'NONE', *, *, #3550, .F. ) ;
#3120 = DIRECTION ( 'NONE',  ( -1.000000000000000000, -0.000000000000000000, -0.000000000000000000 ) ) ;
#3121 = SURFACE_STYLE_FILL_AREA ( #2779 ) ;
#3122 = ADVANCED_FACE ( 'NONE', ( #19 ), #1880, .F. ) ;
#3123 = ORIENTED_EDGE ( 'NONE', *, *, #2312, .F. ) ;
#3124 = SURFACE_STYLE_USAGE ( .BOTH. , #2153 ) ;
#3125 = FACE_OUTER_BOUND ( 'NONE', #540, .T. ) ;
#3126 = VERTEX_POINT ( 'NONE', #3441 ) ;
#3127 = CARTESIAN_POINT ( 'NONE',  ( -3.236463259276784576, -2.898000000000000576, 0.08054043638260229010 ) ) ;
#3128 = CARTESIAN_POINT ( 'NONE',  ( -3.302000000000000934, -2.771048675746669243, -1.143000000000000016 ) ) ;
#3129 = ORIENTED_EDGE ( 'NONE', *, *, #3870, .T. ) ;
#3130 = MECHANICAL_DESIGN_GEOMETRIC_PRESENTATION_REPRESENTATION (  '', ( #3196 ), #3643 ) ;
#3131 = COLOUR_RGB ( '',0.2862745098039215508, 0.2862745098039215508, 0.2862745098039215508 ) ;
#3132 = DIRECTION ( 'NONE',  ( -1.445602896647339666E-14, 1.000000000000000000, 0.000000000000000000 ) ) ;
#3133 = MECHANICAL_DESIGN_GEOMETRIC_PRESENTATION_REPRESENTATION (  '', ( #2582 ), #634 ) ;
#3134 = FILL_AREA_STYLE_COLOUR ( '', #1125 ) ;
#3135 = ORIENTED_EDGE ( 'NONE', *, *, #169, .T. ) ;
#3136 = EDGE_CURVE ( 'NONE', #3126, #1888, #2835, .T. ) ;
#3137 = DIRECTION ( 'NONE',  ( -1.000000000000000000, -0.000000000000000000, -0.000000000000000000 ) ) ;
#3138 = DIRECTION ( 'NONE',  ( 0.000000000000000000, 0.9945218953682740670, -0.1045284632676465181 ) ) ;
#3139 = CARTESIAN_POINT ( 'NONE',  ( -3.301999999999999602, -4.743286959344088061, -0.5429999999999998161 ) ) ;
#3140 = ORIENTED_EDGE ( 'NONE', *, *, #3176, .F. ) ;
#3141 = EDGE_CURVE ( 'NONE', #2123, #720, #1752, .T. ) ;
#3142 = CARTESIAN_POINT ( 'NONE',  ( 3.298285260389854479, 2.935270020201551588, -0.5618214675298327521 ) ) ;
#3143 = ORIENTED_EDGE ( 'NONE', *, *, #1909, .F. ) ;
#3144 = PLANE ( 'NONE',  #3458 ) ;
#3145 = DIRECTION ( 'NONE',  ( 0.000000000000000000, -1.000000000000000000, -1.615094851542735134E-16 ) ) ;
#3146 = CIRCLE ( 'NONE', #1304, 0.2500000000000002776 ) ;
#3147 = LINE ( 'NONE', #2162, #60 ) ;
#3148 = DIRECTION ( 'NONE',  ( 1.000000000000000000, 0.000000000000000000, 0.000000000000000000 ) ) ;
#3149 = PLANE ( 'NONE',  #3092 ) ;
#3150 =( NAMED_UNIT ( * ) SI_UNIT ( $, .STERADIAN. ) SOLID_ANGLE_UNIT ( ) );
#3151 = STYLED_ITEM ( 'NONE', ( #2385 ), #1496 ) ;
#3152 = VECTOR ( 'NONE', #3980, 1000.000000000000000 ) ;
#3153 = SURFACE_STYLE_FILL_AREA ( #3493 ) ;
#3154 = PRESENTATION_LAYER_ASSIGNMENT (  '', '', ( #56 ) ) ;
#3155 = PLANE ( 'NONE',  #1945 ) ;
#3156 = EDGE_LOOP ( 'NONE', ( #2333, #1432, #2353, #1529 ) ) ;
#3157 = MECHANICAL_DESIGN_GEOMETRIC_PRESENTATION_REPRESENTATION (  '', ( #1777 ), #1370 ) ;
#3158 = PRESENTATION_LAYER_ASSIGNMENT (  '', '', ( #2611 ) ) ;
#3159 = FACE_OUTER_BOUND ( 'NONE', #1696, .T. ) ;
#3160 = AXIS2_PLACEMENT_3D ( 'NONE', #3184, #109, #2606 ) ;
#3161 = DIRECTION ( 'NONE',  ( -0.000000000000000000, -1.000000000000000000, 0.000000000000000000 ) ) ;
#3162 = SURFACE_SIDE_STYLE ('',( #299 ) ) ;
#3163 = AXIS2_PLACEMENT_3D ( 'NONE', #1163, #3663, #581 ) ;
#3164 = COLOUR_RGB ( '',0.8039215686274510109, 0.8039215686274510109, 0.8039215686274510109 ) ;
#3165 = EDGE_CURVE ( 'NONE', #112, #2571, #2461, .T. ) ;
#3166 =( NAMED_UNIT ( * ) SI_UNIT ( $, .STERADIAN. ) SOLID_ANGLE_UNIT ( ) );
#3167 = PLANE ( 'NONE',  #924 ) ;
#3168 = EDGE_CURVE ( 'NONE', #784, #51, #2917, .T. ) ;
#3169 = ORIENTED_EDGE ( 'NONE', *, *, #220, .F. ) ;
#3170 = DIRECTION ( 'NONE',  ( 0.000000000000000000, -0.06975647374417164037, 0.9975640502598210890 ) ) ;
#3171 = FACE_OUTER_BOUND ( 'NONE', #2181, .T. ) ;
#3172 = EDGE_CURVE ( 'NONE', #2705, #973, #1826, .T. ) ;
#3173 = SURFACE_STYLE_FILL_AREA ( #2568 ) ;
#3174 = ORIENTED_EDGE ( 'NONE', *, *, #1128, .T. ) ;
#3175 = SURFACE_SIDE_STYLE ('',( #1312 ) ) ;
#3176 = EDGE_CURVE ( 'NONE', #824, #3102, #89, .T. ) ;
#3177 = DIRECTION ( 'NONE',  ( -1.000000000000000000, -1.687474198421022341E-15, -0.000000000000000000 ) ) ;
#3178 = ORIENTED_EDGE ( 'NONE', *, *, #531, .F. ) ;
#3179 =( LENGTH_UNIT ( ) NAMED_UNIT ( * ) SI_UNIT ( .MILLI., .METRE. ) );
#3180 = DIRECTION ( 'NONE',  ( -1.000000000000000000, 1.347951312663286864E-16, 0.000000000000000000 ) ) ;
#3181 = COLOUR_RGB ( '',0.2862745098039215508, 0.2862745098039215508, 0.2862745098039215508 ) ;
#3182 = CARTESIAN_POINT ( 'NONE',  ( 2.705999999999999073, -3.048000000000000487, 0.5649999999999999467 ) ) ;
#3183 = CARTESIAN_POINT ( 'NONE',  ( 3.151999999999999247, 2.897999999999999687, 1.143000000000000016 ) ) ;
#3184 = CARTESIAN_POINT ( 'NONE',  ( -2.380133652697403956, -2.242589145371766790, 1.143000000000000016 ) ) ;
#3185 =( NAMED_UNIT ( * ) PLANE_ANGLE_UNIT ( ) SI_UNIT ( $, .RADIAN. ) );
#3186 = VERTEX_POINT ( 'NONE', #3219 ) ;
#3187 =( LENGTH_UNIT ( ) NAMED_UNIT ( * ) SI_UNIT ( .MILLI., .METRE. ) );
#3188 = FILL_AREA_STYLE_COLOUR ( '', #1002 ) ;
#3189 = EDGE_CURVE ( 'NONE', #809, #393, #3013, .T. ) ;
#3190 = DIRECTION ( 'NONE',  ( 0.000000000000000000, 0.000000000000000000, -1.000000000000000000 ) ) ;
#3191 = EDGE_CURVE ( 'NONE', #296, #3292, #3515, .T. ) ;
#3192 = DIRECTION ( 'NONE',  ( -0.000000000000000000, -0.000000000000000000, -1.000000000000000000 ) ) ;
#3193 = LINE ( 'NONE', #2567, #3347 ) ;
#3194 = ORIENTED_EDGE ( 'NONE', *, *, #2817, .T. ) ;
#3195 = EDGE_CURVE ( 'NONE', #734, #3895, #713, .T. ) ;
#3196 = STYLED_ITEM ( 'NONE', ( #816 ), #2451 ) ;
#3197 = LINE ( 'NONE', #2249, #439 ) ;
#3198 = ORIENTED_EDGE ( 'NONE', *, *, #625, .T. ) ;
#3199 = UNCERTAINTY_MEASURE_WITH_UNIT (LENGTH_MEASURE( 1.000000000000000082E-05 ), #3179, 'distance_accuracy_value', 'NONE');
#3200 = LINE ( 'NONE', #2596, #2536 ) ;
#3201 = CARTESIAN_POINT ( 'NONE',  ( -3.299271074846659602, 2.931209307265306485, -0.5600591882834675683 ) ) ;
#3202 = DIRECTION ( 'NONE',  ( -1.000000000000000000, 0.000000000000000000, 0.000000000000000000 ) ) ;
#3203 = ORIENTED_EDGE ( 'NONE', *, *, #169, .F. ) ;
#3204 = VECTOR ( 'NONE', #2423, 1000.000000000000000 ) ;
#3205 = PLANE ( 'NONE',  #2810 ) ;
#3206 = UNCERTAINTY_MEASURE_WITH_UNIT (LENGTH_MEASURE( 1.000000000000000082E-05 ), #4074, 'distance_accuracy_value', 'NONE');
#3207 = ORIENTED_EDGE ( 'NONE', *, *, #524, .T. ) ;
#3208 = CARTESIAN_POINT ( 'NONE',  ( -2.075333652697403775, -2.242589145371766790, 1.132999999999999785 ) ) ;
#3209 =( NAMED_UNIT ( * ) PLANE_ANGLE_UNIT ( ) SI_UNIT ( $, .RADIAN. ) );
#3210 = ORIENTED_EDGE ( 'NONE', *, *, #3136, .T. ) ;
#3211 = DIRECTION ( 'NONE',  ( 0.000000000000000000, -0.000000000000000000, 1.000000000000000000 ) ) ;
#3212 = STYLED_ITEM ( 'NONE', ( #2985 ), #1349 ) ;
#3213 = SURFACE_STYLE_FILL_AREA ( #1685 ) ;
#3214 = EDGE_LOOP ( 'NONE', ( #1106, #1110, #3396, #3948, #747, #1873, #1653, #3914, #3471, #4052, #3178, #3402 ) ) ;
#3215 = SURFACE_STYLE_FILL_AREA ( #1941 ) ;
#3216 = MECHANICAL_DESIGN_GEOMETRIC_PRESENTATION_REPRESENTATION (  '', ( #3816 ), #1776 ) ;
#3217 = FILL_AREA_STYLE ('',( #1622 ) ) ;
#3218 = LINE ( 'NONE', #403, #1440 ) ;
#3220 = DIRECTION ( 'NONE',  ( 0.9945218953682740670, 0.000000000000000000, -0.1045284632676466569 ) ) ;
#3219 = CARTESIAN_POINT ( 'NONE',  ( 2.989733652697404320, 2.875242347358203610, 1.008679269490146968 ) ) ;
#3221 = CARTESIAN_POINT ( 'NONE',  ( 2.705999999999999073, -3.048000000000000487, 0.5649999999999999467 ) ) ;
#3222 = ORIENTED_EDGE ( 'NONE', *, *, #373, .F. ) ;
#3223 =( GEOMETRIC_REPRESENTATION_CONTEXT ( 3 ) GLOBAL_UNCERTAINTY_ASSIGNED_CONTEXT ( ( #3382 ) ) GLOBAL_UNIT_ASSIGNED_CONTEXT ( ( #182, #3083, #242 ) ) REPRESENTATION_CONTEXT ( 'NONE', 'WORKASPACE' ) );
#3224 =( GEOMETRIC_REPRESENTATION_CONTEXT ( 3 ) GLOBAL_UNCERTAINTY_ASSIGNED_CONTEXT ( ( #3705 ) ) GLOBAL_UNIT_ASSIGNED_CONTEXT ( ( #1805, #1445, #3621 ) ) REPRESENTATION_CONTEXT ( 'NONE', 'WORKASPACE' ) );
#3225 = MECHANICAL_DESIGN_GEOMETRIC_PRESENTATION_REPRESENTATION (  '', ( #2689 ), #2042 ) ;
#3226 = VECTOR ( 'NONE', #3516, 1000.000000000000000 ) ;
#3227 = STYLED_ITEM ( 'NONE', ( #790 ), #2283 ) ;
#3228 = SURFACE_STYLE_FILL_AREA ( #750 ) ;
#3229 = ORIENTED_EDGE ( 'NONE', *, *, #1864, .F. ) ;
#3230 = PLANE ( 'NONE',  #4009 ) ;
#3231 =( NAMED_UNIT ( * ) PLANE_ANGLE_UNIT ( ) SI_UNIT ( $, .RADIAN. ) );
#3232 = LINE ( 'NONE', #731, #3296 ) ;
#3233 = CARTESIAN_POINT ( 'NONE',  ( 2.705999999999999073, -3.048000000000000487, 0.5649999999999999467 ) ) ;
#3234 = FILL_AREA_STYLE_COLOUR ( '', #3886 ) ;
#3235 = ORIENTED_EDGE ( 'NONE', *, *, #473, .F. ) ;
#3236 = CARTESIAN_POINT ( 'NONE',  ( -3.162147661583979641, 3.047656356244778486, -0.6317304480704104552 ) ) ;
#3237 = EDGE_CURVE ( 'NONE', #2824, #3864, #2397, .T. ) ;
#3238 = DIRECTION ( 'NONE',  ( -1.000000000000000000, -0.000000000000000000, -0.000000000000000000 ) ) ;
#3240 = SURFACE_STYLE_FILL_AREA ( #778 ) ;
#3239 = CARTESIAN_POINT ( 'NONE',  ( -3.281347610915451796, -2.853115648361333356, -0.3465056433991896001 ) ) ;
#3241 = CARTESIAN_POINT ( 'NONE',  ( 3.301999999999999602, 2.897999999999999687, -0.5453375831753243252 ) ) ;
#3242 = ORIENTED_EDGE ( 'NONE', *, *, #1788, .T. ) ;
#3243 = PRESENTATION_LAYER_ASSIGNMENT (  '', '', ( #2052 ) ) ;
#3244 = UNCERTAINTY_MEASURE_WITH_UNIT (LENGTH_MEASURE( 1.000000000000000082E-05 ), #3590, 'distance_accuracy_value', 'NONE');
#3245 = EDGE_CURVE ( 'NONE', #2990, #421, #3512, .T. ) ;
#3246 = AXIS2_PLACEMENT_3D ( 'NONE', #2667, #162, #828 ) ;
#3247 = CARTESIAN_POINT ( 'NONE',  ( -1.866000000000000547, -4.877686821612382317, -0.6654669995627729984 ) ) ;
#3248 = VERTEX_POINT ( 'NONE', #3555 ) ;
#3249 =( NAMED_UNIT ( * ) PLANE_ANGLE_UNIT ( ) SI_UNIT ( $, .RADIAN. ) );
#3250 = FILL_AREA_STYLE_COLOUR ( '', #863 ) ;
#3251 = LINE ( 'NONE', #725, #1995 ) ;
#3252 = DIRECTION ( 'NONE',  ( -0.9945218953682740670, 0.000000000000000000, -0.1045284632676466569 ) ) ;
#3253 = ORIENTED_EDGE ( 'NONE', *, *, #2778, .T. ) ;
#3254 = CARTESIAN_POINT ( 'NONE',  ( -1.866000000000000547, -3.048000000000000487, 0.05700000000000002981 ) ) ;
#3255 =( LENGTH_UNIT ( ) NAMED_UNIT ( * ) SI_UNIT ( .MILLI., .METRE. ) );
#3256 = LINE ( 'NONE', #440, #3750 ) ;
#3257 = DIRECTION ( 'NONE',  ( 0.000000000000000000, -0.1045284632676467956, 0.9945218953682740670 ) ) ;
#3258 = FILL_AREA_STYLE ('',( #57 ) ) ;
#3259 = PLANE ( 'NONE',  #3358 ) ;
#3260 = EDGE_LOOP ( 'NONE', ( #3583, #928, #665, #3311 ) ) ;
#3261 = DIRECTION ( 'NONE',  ( 0.1039620511844910056, 0.1039620511844908390, -0.9891328443778554247 ) ) ;
#3262 = COLOUR_RGB ( '',0.8039215686274510109, 0.8039215686274510109, 0.8039215686274510109 ) ;
#3263 = CARTESIAN_POINT ( 'NONE',  ( -2.380133652697403956, -2.242589145371766790, 1.132999999999999785 ) ) ;
#3264 = EDGE_LOOP ( 'NONE', ( #786, #1732, #1413, #3294 ) ) ;
#3265 = UNCERTAINTY_MEASURE_WITH_UNIT (LENGTH_MEASURE( 1.000000000000000082E-05 ), #1235, 'distance_accuracy_value', 'NONE');
#3266 = EDGE_CURVE ( 'NONE', #68, #2656, #1074, .T. ) ;
#3267 =( LENGTH_UNIT ( ) NAMED_UNIT ( * ) SI_UNIT ( .MILLI., .METRE. ) );
#3268 = VERTEX_POINT ( 'NONE', #2893 ) ;
#3269 = PRESENTATION_STYLE_ASSIGNMENT (( #1723 ) ) ;
#3270 = DIRECTION ( 'NONE',  ( -0.1039620511844909917, -0.1039620511844908529, -0.9891328443778553137 ) ) ;
#3271 = COLOUR_RGB ( '',0.8039215686274510109, 0.8039215686274510109, 0.8039215686274510109 ) ;
#3272 = LINE ( 'NONE', #3986, #1751 ) ;
#3273 = FACE_OUTER_BOUND ( 'NONE', #1302, .T. ) ;
#3274 = EDGE_LOOP ( 'NONE', ( #3203, #3140, #2615, #3930, #453, #2068, #1401, #2841, #2438, #1840, #3067, #2250 ) ) ;
#3275 =( BOUNDED_CURVE ( )  B_SPLINE_CURVE ( 3, ( #2755, #2806, #1882, #1258 ),
 .UNSPECIFIED., .F., .F. ) 
 B_SPLINE_CURVE_WITH_KNOTS ( ( 4, 4 ),
 ( 6.272199364973526592, 6.283125782016614203 ),
 .UNSPECIFIED. ) 
 CURVE ( )  GEOMETRIC_REPRESENTATION_ITEM ( )  RATIONAL_B_SPLINE_CURVE ( ( 1.000000000000000000, 0.9999900511422950000, 0.9999900511422950000, 1.000000000000000000 ) ) 
 REPRESENTATION_ITEM ( '' )  );
#3276 = ORIENTED_EDGE ( 'NONE', *, *, #3722, .T. ) ;
#3277 = MECHANICAL_DESIGN_GEOMETRIC_PRESENTATION_REPRESENTATION (  '', ( #2032 ), #852 ) ;
#3279 = SURFACE_SIDE_STYLE ('',( #3240 ) ) ;
#3278 = FILL_AREA_STYLE_COLOUR ( '', #308 ) ;
#3280 = DIRECTION ( 'NONE',  ( -1.000000000000000000, -0.000000000000000000, -0.000000000000000000 ) ) ;
#3281 = MECHANICAL_DESIGN_GEOMETRIC_PRESENTATION_REPRESENTATION (  '', ( #648 ), #191 ) ;
#3282 = PRESENTATION_LAYER_ASSIGNMENT (  '', '', ( #2827 ) ) ;
#3283 = CARTESIAN_POINT ( 'NONE',  ( -2.413000000000000700, 3.048000000000000043, -1.143000000000000016 ) ) ;
#3284 = PRESENTATION_LAYER_ASSIGNMENT (  '', '', ( #197 ) ) ;
#3285 =( LENGTH_UNIT ( ) NAMED_UNIT ( * ) SI_UNIT ( .MILLI., .METRE. ) );
#3286 = VERTEX_POINT ( 'NONE', #3573 ) ;
#3287 = CYLINDRICAL_SURFACE ( 'NONE', #2504, 0.3048000000000000154 ) ;
#3288 = VECTOR ( 'NONE', #137, 1000.000000000000000 ) ;
#3289 = ADVANCED_FACE ( 'NONE', ( #2002 ), #2324, .T. ) ;
#3290 = ADVANCED_FACE ( 'NONE', ( #381 ), #1319, .T. ) ;
#3291 = LINE ( 'NONE', #412, #3819 ) ;
#3292 = VERTEX_POINT ( 'NONE', #3017 ) ;
#3293 =( GEOMETRIC_REPRESENTATION_CONTEXT ( 3 ) GLOBAL_UNCERTAINTY_ASSIGNED_CONTEXT ( ( #2063 ) ) GLOBAL_UNIT_ASSIGNED_CONTEXT ( ( #2938, #2252, #1625 ) ) REPRESENTATION_CONTEXT ( 'NONE', 'WORKASPACE' ) );
#3294 = ORIENTED_EDGE ( 'NONE', *, *, #701, .T. ) ;
#3295 = LINE ( 'NONE', #140, #3533 ) ;
#3296 = VECTOR ( 'NONE', #1641, 1000.000000000000000 ) ;
#3297 = DIRECTION ( 'NONE',  ( 0.000000000000000000, 0.000000000000000000, -1.000000000000000000 ) ) ;
#3298 =( GEOMETRIC_REPRESENTATION_CONTEXT ( 3 ) GLOBAL_UNCERTAINTY_ASSIGNED_CONTEXT ( ( #468 ) ) GLOBAL_UNIT_ASSIGNED_CONTEXT ( ( #1824, #1900, #922 ) ) REPRESENTATION_CONTEXT ( 'NONE', 'WORKASPACE' ) );
#3299 = SURFACE_SIDE_STYLE ('',( #519 ) ) ;
#3300 = CYLINDRICAL_SURFACE ( 'NONE', #2600, 0.1499999999999999389 ) ;
#3301 = CARTESIAN_POINT ( 'NONE',  ( -2.413000000000002476, -1.184999999999999609, -1.143000000000000016 ) ) ;
#3302 = CARTESIAN_POINT ( 'NONE',  ( -1.866000000000000547, -4.449000000000001620, -0.9228142532412907384 ) ) ;
#3303 = CLOSED_SHELL ( 'NONE', ( #1364, #317, #3368, #1759, #40, #3041, #1394, #1761, #954, #646, #905, #1496, #3525, #577, #1983, #3122, #2102, #3290, #3289, #4004, #2943, #673, #2431, #762, #275, #1957, #3603, #2587, #3093, #1323, #938, #976, #72, #2675, #3794, #503, #1345, #343, #3631 ) ) ;
#3304 = AXIS2_PLACEMENT_3D ( 'NONE', #788, #3612, #3297 ) ;
#3305 = CARTESIAN_POINT ( 'NONE',  ( 2.705999999999999073, -4.449000000000001620, -0.9228142532412907384 ) ) ;
#3306 =( NAMED_UNIT ( * ) SI_UNIT ( $, .STERADIAN. ) SOLID_ANGLE_UNIT ( ) );
#3307 = PRESENTATION_STYLE_ASSIGNMENT (( #234 ) ) ;
#3308 = VECTOR ( 'NONE', #3712, 1000.000000000000227 ) ;
#3309 = SURFACE_STYLE_FILL_AREA ( #2653 ) ;
#3310 = DIRECTION ( 'NONE',  ( 1.000000000000000000, -0.000000000000000000, 0.000000000000000000 ) ) ;
#3311 = ORIENTED_EDGE ( 'NONE', *, *, #2844, .F. ) ;
#3312 = CARTESIAN_POINT ( 'NONE',  ( 2.413000000000000700, -1.185000000000000275, -1.143000000000000016 ) ) ;
#3313 = CARTESIAN_POINT ( 'NONE',  ( 2.669999999999999929, 3.863038105676656286, -0.6349999999999998979 ) ) ;
#3314 = VECTOR ( 'NONE', #3701, 1000.000000000000000 ) ;
#3315 = VERTEX_POINT ( 'NONE', #3038 ) ;
#3316 = EDGE_LOOP ( 'NONE', ( #3727, #850, #3812, #3222 ) ) ;
#3317 =( NAMED_UNIT ( * ) PLANE_ANGLE_UNIT ( ) SI_UNIT ( $, .RADIAN. ) );
#3318 = SURFACE_STYLE_USAGE ( .BOTH. , #3657 ) ;
#3319 = ORIENTED_EDGE ( 'NONE', *, *, #3136, .F. ) ;
#3320 = EDGE_CURVE ( 'NONE', #3186, #3563, #565, .T. ) ;
#3321 = FACE_OUTER_BOUND ( 'NONE', #1992, .T. ) ;
#3322 = FILL_AREA_STYLE_COLOUR ( '', #2219 ) ;
#3323 = PLANE ( 'NONE',  #3030 ) ;
#3324 = VECTOR ( 'NONE', #544, 1000.000000000000000 ) ;
#3325 = DIRECTION ( 'NONE',  ( -1.000000000000000000, -0.000000000000000000, -0.000000000000000000 ) ) ;
#3326 = ORIENTED_EDGE ( 'NONE', *, *, #1547, .T. ) ;
#3327 = LINE ( 'NONE', #3312, #176 ) ;
#3328 = UNCERTAINTY_MEASURE_WITH_UNIT (LENGTH_MEASURE( 1.000000000000000082E-05 ), #3855, 'distance_accuracy_value', 'NONE');
#3329 = MECHANICAL_DESIGN_GEOMETRIC_PRESENTATION_REPRESENTATION (  '', ( #703 ), #902 ) ;
#3330 = AXIS2_PLACEMENT_3D ( 'NONE', #3843, #3535, #3878 ) ;
#3331 = DIRECTION ( 'NONE',  ( 0.000000000000000000, 0.000000000000000000, -1.000000000000000000 ) ) ;
#3332 = ORIENTED_EDGE ( 'NONE', *, *, #3942, .T. ) ;
#3333 = PRESENTATION_LAYER_ASSIGNMENT (  '', '', ( #107 ) ) ;
#3334 = DIRECTION ( 'NONE',  ( 0.000000000000000000, 0.000000000000000000, -1.000000000000000000 ) ) ;
#3335 = FILL_AREA_STYLE ('',( #811 ) ) ;
#3336 = DIRECTION ( 'NONE',  ( 0.000000000000000000, 0.000000000000000000, 1.000000000000000000 ) ) ;
#3337 = LINE ( 'NONE', #917, #1024 ) ;
#3338 = LINE ( 'NONE', #520, #1804 ) ;
#3339 = ORIENTED_EDGE ( 'NONE', *, *, #2925, .T. ) ;
#3340 = DIRECTION ( 'NONE',  ( -0.9659258262890690894, 0.2588190451025180749, -0.000000000000000000 ) ) ;
#3341 = CARTESIAN_POINT ( 'NONE',  ( -2.705999999999999961, -5.019989009089125709, -0.4167877281606726658 ) ) ;
#3342 = FACE_OUTER_BOUND ( 'NONE', #3156, .T. ) ;
#3343 = PLANE ( 'NONE',  #859 ) ;
#3344 = DIRECTION ( 'NONE',  ( 1.000000000000000000, -0.000000000000000000, 0.000000000000000000 ) ) ;
#3345 =( GEOMETRIC_REPRESENTATION_CONTEXT ( 3 ) GLOBAL_UNCERTAINTY_ASSIGNED_CONTEXT ( ( #2233 ) ) GLOBAL_UNIT_ASSIGNED_CONTEXT ( ( #3880, #716, #92 ) ) REPRESENTATION_CONTEXT ( 'NONE', 'WORKASPACE' ) );
#3346 = VECTOR ( 'NONE', #3951, 1000.000000000000227 ) ;
#3347 = VECTOR ( 'NONE', #1703, 1000.000000000000000 ) ;
#3348 = PRESENTATION_STYLE_ASSIGNMENT (( #2091 ) ) ;
#3349 = VERTEX_POINT ( 'NONE', #1823 ) ;
#3350 = FILL_AREA_STYLE ('',( #1729 ) ) ;
#3351 = MECHANICAL_DESIGN_GEOMETRIC_PRESENTATION_REPRESENTATION (  '', ( #2611 ), #2101 ) ;
#3352 = DIRECTION ( 'NONE',  ( -0.000000000000000000, -0.000000000000000000, -1.000000000000000000 ) ) ;
#3353 = PRESENTATION_LAYER_ASSIGNMENT (  '', '', ( #65 ) ) ;
#3354 = DIRECTION ( 'NONE',  ( 0.000000000000000000, -0.5146945073570351470, -0.8573736432247605066 ) ) ;
#3355 = CARTESIAN_POINT ( 'NONE',  ( 2.413000000000000700, -1.185000000000000275, -0.6349999999999998979 ) ) ;
#3356 = CARTESIAN_POINT ( 'NONE',  ( 0.4199999999999993738, -3.048000000000000487, 0.5649999999999999467 ) ) ;
#3357 = VECTOR ( 'NONE', #1138, 1000.000000000000000 ) ;
#3358 = AXIS2_PLACEMENT_3D ( 'NONE', #2141, #2798, #4002 ) ;
#3359 = CARTESIAN_POINT ( 'NONE',  ( -3.302000000000000934, -3.048000000000000487, 1.143000000000000016 ) ) ;
#3360 = MECHANICAL_DESIGN_GEOMETRIC_PRESENTATION_REPRESENTATION (  '', ( #1455 ), #2046 ) ;
#3361 = EDGE_CURVE ( 'NONE', #1549, #106, #3072, .T. ) ;
#3362 = FILL_AREA_STYLE_COLOUR ( '', #3921 ) ;
#3363 = AXIS2_PLACEMENT_3D ( 'NONE', #1832, #557, #2471 ) ;
#3364 = DIRECTION ( 'NONE',  ( 1.000000000000000000, -3.038779738999106788E-16, -2.891205793294679411E-15 ) ) ;
#3365 = DIRECTION ( 'NONE',  ( 0.000000000000000000, -1.000000000000000000, 0.000000000000000000 ) ) ;
#3366 =( LENGTH_UNIT ( ) NAMED_UNIT ( * ) SI_UNIT ( .MILLI., .METRE. ) );
#3367 = UNCERTAINTY_MEASURE_WITH_UNIT (LENGTH_MEASURE( 1.000000000000000082E-05 ), #1038, 'distance_accuracy_value', 'NONE');
#3368 = ADVANCED_FACE ( 'NONE', ( #526 ), #1095, .F. ) ;
#3369 =( GEOMETRIC_REPRESENTATION_CONTEXT ( 3 ) GLOBAL_UNCERTAINTY_ASSIGNED_CONTEXT ( ( #407 ) ) GLOBAL_UNIT_ASSIGNED_CONTEXT ( ( #3946, #3969, #181 ) ) REPRESENTATION_CONTEXT ( 'NONE', 'WORKASPACE' ) );
#3370 = FILL_AREA_STYLE_COLOUR ( '', #2040 ) ;
#3371 =( NAMED_UNIT ( * ) SI_UNIT ( $, .STERADIAN. ) SOLID_ANGLE_UNIT ( ) );
#3372 = ORIENTED_EDGE ( 'NONE', *, *, #3266, .F. ) ;
#3373 = ADVANCED_FACE ( 'NONE', ( #3982 ), #321, .F. ) ;
#3374 = AXIS2_PLACEMENT_3D ( 'NONE', #1354, #1056, #3476 ) ;
#3375 = SURFACE_STYLE_USAGE ( .BOTH. , #872 ) ;
#3376 = ORIENTED_EDGE ( 'NONE', *, *, #1006, .F. ) ;
#3377 = SURFACE_STYLE_FILL_AREA ( #2513 ) ;
#3378 = PLANE ( 'NONE',  #1436 ) ;
#3379 =( LENGTH_UNIT ( ) NAMED_UNIT ( * ) SI_UNIT ( .MILLI., .METRE. ) );
#3380 = UNCERTAINTY_MEASURE_WITH_UNIT (LENGTH_MEASURE( 1.000000000000000082E-05 ), #3626, 'distance_accuracy_value', 'NONE');
#3381 = LINE ( 'NONE', #815, #2617 ) ;
#3382 = UNCERTAINTY_MEASURE_WITH_UNIT (LENGTH_MEASURE( 1.000000000000000082E-05 ), #182, 'distance_accuracy_value', 'NONE');
#3383 = DIRECTION ( 'NONE',  ( 1.000000000000000000, 0.000000000000000000, 0.000000000000000000 ) ) ;
#3384 = CYLINDRICAL_SURFACE ( 'NONE', #131, 0.1499999999999999389 ) ;
#3385 = EDGE_CURVE ( 'NONE', #1970, #2354, #3826, .T. ) ;
#3386 = CARTESIAN_POINT ( 'NONE',  ( 2.413000000000000700, -1.185000000000000275, -0.6349999999999998979 ) ) ;
#3387 = STYLED_ITEM ( 'NONE', ( #2562 ), #2431 ) ;
#3388 = VECTOR ( 'NONE', #2991, 1000.000000000000000 ) ;
#3389 = CARTESIAN_POINT ( 'NONE',  ( 3.301999999999999602, -2.832463259276785106, -0.5429999999999998161 ) ) ;
#3390 = CARTESIAN_POINT ( 'NONE',  ( -1.866000000000000547, -3.048000000000000487, 0.5649999999999999467 ) ) ;
#3391 = LINE ( 'NONE', #3628, #3346 ) ;
#3392 = MECHANICAL_DESIGN_GEOMETRIC_PRESENTATION_REPRESENTATION (  '', ( #1090 ), #1411 ) ;
#3393 = DIRECTION ( 'NONE',  ( 0.000000000000000000, 0.000000000000000000, -1.000000000000000000 ) ) ;
#3394 =( NAMED_UNIT ( * ) PLANE_ANGLE_UNIT ( ) SI_UNIT ( $, .RADIAN. ) );
#3395 = PRESENTATION_STYLE_ASSIGNMENT (( #4038 ) ) ;
#3396 = ORIENTED_EDGE ( 'NONE', *, *, #3101, .F. ) ;
#3397 = SURFACE_SIDE_STYLE ('',( #3377 ) ) ;
#3398 =( LENGTH_UNIT ( ) NAMED_UNIT ( * ) SI_UNIT ( .MILLI., .METRE. ) );
#3399 = DIRECTION ( 'NONE',  ( -0.000000000000000000, -0.9975640502598207560, -0.06975647374417384694 ) ) ;
#3400 = CARTESIAN_POINT ( 'NONE',  ( 2.413000000000000700, 3.047999999999999599, -0.6349999999999998979 ) ) ;
#3401 = SURFACE_STYLE_FILL_AREA ( #2147 ) ;
#3402 = ORIENTED_EDGE ( 'NONE', *, *, #2161, .F. ) ;
#3403 =( NAMED_UNIT ( * ) PLANE_ANGLE_UNIT ( ) SI_UNIT ( $, .RADIAN. ) );
#3404 = FILL_AREA_STYLE ('',( #4050 ) ) ;
#3405 = ORIENTED_EDGE ( 'NONE', *, *, #620, .T. ) ;
#3406 = DIRECTION ( 'NONE',  ( -0.1039620511844909917, -0.1039620511844911305, 0.9891328443778553137 ) ) ;
#3407 = COLOUR_RGB ( '',0.2862745098039215508, 0.2862745098039215508, 0.2862745098039215508 ) ;
#3408 = SURFACE_SIDE_STYLE ('',( #2455 ) ) ;
#3409 = ADVANCED_FACE ( 'NONE', ( #692 ), #3205, .F. ) ;
#3410 = CARTESIAN_POINT ( 'NONE',  ( 2.705999999999999073, -3.719293188415452978, -0.1930000000000000326 ) ) ;
#3411 = FACE_OUTER_BOUND ( 'NONE', #3735, .T. ) ;
#3412 = DIRECTION ( 'NONE',  ( 0.000000000000000000, 0.000000000000000000, -1.000000000000000000 ) ) ;
#3413 = ORIENTED_EDGE ( 'NONE', *, *, #3693, .F. ) ;
#3414 = DIRECTION ( 'NONE',  ( 0.000000000000000000, 0.000000000000000000, -1.000000000000000000 ) ) ;
#3415 = VECTOR ( 'NONE', #3901, 1000.000000000000000 ) ;
#3416 = AXIS2_PLACEMENT_3D ( 'NONE', #1099, #3310, #490 ) ;
#3417 = UNCERTAINTY_MEASURE_WITH_UNIT (LENGTH_MEASURE( 1.000000000000000082E-05 ), #2747, 'distance_accuracy_value', 'NONE');
#3418 = VECTOR ( 'NONE', #2242, 1000.000000000000000 ) ;
#3419 = EDGE_CURVE ( 'NONE', #337, #1720, #1774, .T. ) ;
#3420 = PRESENTATION_LAYER_ASSIGNMENT (  '', '', ( #2689 ) ) ;
#3421 =( LENGTH_UNIT ( ) NAMED_UNIT ( * ) SI_UNIT ( .MILLI., .METRE. ) );
#3422 = EDGE_LOOP ( 'NONE', ( #945, #751, #2932, #3011 ) ) ;
#3423 = MECHANICAL_DESIGN_GEOMETRIC_PRESENTATION_REPRESENTATION (  '', ( #3749 ), #3483 ) ;
#3424 = MECHANICAL_DESIGN_GEOMETRIC_PRESENTATION_REPRESENTATION (  '', ( #934 ), #4 ) ;
#3425 = EDGE_CURVE ( 'NONE', #1739, #2506, #4023, .T. ) ;
#3426 = PLANE ( 'NONE',  #301 ) ;
#3427 =( BOUNDED_CURVE ( )  B_SPLINE_CURVE ( 3, ( #3431, #611, #1876, #3128 ),
 .UNSPECIFIED., .F., .F. ) 
 B_SPLINE_CURVE_WITH_KNOTS ( ( 4, 4 ),
 ( 3.141592653589793116, 4.712388980384692339 ),
 .UNSPECIFIED. ) 
 CURVE ( )  GEOMETRIC_REPRESENTATION_ITEM ( )  RATIONAL_B_SPLINE_CURVE ( ( 1.000000000000000000, 0.8047378541243643824, 0.8047378541243643824, 1.000000000000000000 ) ) 
 REPRESENTATION_ITEM ( '' )  );
#3428 = AXIS2_PLACEMENT_3D ( 'NONE', #728, #683, #3211 ) ;
#3429 = DIRECTION ( 'NONE',  ( -1.000000000000000000, -0.000000000000000000, -0.000000000000000000 ) ) ;
#3430 = ORIENTED_EDGE ( 'NONE', *, *, #2625, .F. ) ;
#3431 = CARTESIAN_POINT ( 'NONE',  ( -3.152000000000001023, -2.921874917681196671, -1.143000000000000016 ) ) ;
#3432 = EDGE_LOOP ( 'NONE', ( #2175, #1769, #1096, #2819 ) ) ;
#3433 = DIRECTION ( 'NONE',  ( 1.000000000000000000, 0.000000000000000000, 0.000000000000000000 ) ) ;
#3434 = ADVANCED_FACE ( 'NONE', ( #3061 ), #1503, .F. ) ;
#3435 = CIRCLE ( 'NONE', #1007, 0.3048000000000000154 ) ;
#3436 = STYLED_ITEM ( 'NONE', ( #3395 ), #3896 ) ;
#3437 =( LENGTH_UNIT ( ) NAMED_UNIT ( * ) SI_UNIT ( .MILLI., .METRE. ) );
#3438 = SURFACE_STYLE_USAGE ( .BOTH. , #2505 ) ;
#3439 = ORIENTED_EDGE ( 'NONE', *, *, #2301, .F. ) ;
#3440 = DIRECTION ( 'NONE',  ( 0.000000000000000000, 0.5146945073570351470, 0.8573736432247605066 ) ) ;
#3441 = CARTESIAN_POINT ( 'NONE',  ( -3.302000000000000934, 2.897999999999999687, -0.5453375831753398684 ) ) ;
#3442 = SURFACE_STYLE_FILL_AREA ( #2243 ) ;
#3443 = DIRECTION ( 'NONE',  ( -0.000000000000000000, 1.000000000000000000, -0.000000000000000000 ) ) ;
#3444 = CARTESIAN_POINT ( 'NONE',  ( 3.302000000002303981, 2.904687505097063305, -0.5487794218750169373 ) ) ;
#3445 = ORIENTED_EDGE ( 'NONE', *, *, #3690, .F. ) ;
#3446 = ORIENTED_EDGE ( 'NONE', *, *, #3101, .T. ) ;
#3447 = DIRECTION ( 'NONE',  ( -0.1045284632676466569, 0.000000000000000000, 0.9945218953682740670 ) ) ;
#3448 = DIRECTION ( 'NONE',  ( 1.000000000000000000, -0.000000000000000000, -0.000000000000000000 ) ) ;
#3449 = MECHANICAL_DESIGN_GEOMETRIC_PRESENTATION_REPRESENTATION (  '', ( #2718 ), #3985 ) ;
#3450 = PRESENTATION_STYLE_ASSIGNMENT (( #1612 ) ) ;
#3451 = ORIENTED_EDGE ( 'NONE', *, *, #2698, .F. ) ;
#3452 = PRESENTATION_LAYER_ASSIGNMENT (  '', '', ( #3196 ) ) ;
#3453 = DIRECTION ( 'NONE',  ( -1.000000000000000000, -0.000000000000000000, -0.000000000000000000 ) ) ;
#3454 = CIRCLE ( 'NONE', #3644, 0.1499999999999999667 ) ;
#3455 = PLANE ( 'NONE',  #1307 ) ;
#3456 = CARTESIAN_POINT ( 'NONE',  ( 2.705999999999999073, -4.842808584740295075, -1.164249024692683765 ) ) ;
#3457 =( BOUNDED_CURVE ( )  B_SPLINE_CURVE ( 3, ( #1013, #3872, #1686, #2265 ),
 .UNSPECIFIED., .F., .F. ) 
 B_SPLINE_CURVE_WITH_KNOTS ( ( 4, 4 ),
 ( -8.881784197001252323E-16, 1.570796326794896558 ),
 .UNSPECIFIED. ) 
 CURVE ( )  GEOMETRIC_REPRESENTATION_ITEM ( )  RATIONAL_B_SPLINE_CURVE ( ( 1.000000000000000000, 0.8047378541243648264, 0.8047378541243648264, 1.000000000000000000 ) ) 
 REPRESENTATION_ITEM ( '' )  );
#3458 = AXIS2_PLACEMENT_3D ( 'NONE', #676, #2584, #3447 ) ;
#3459 = UNCERTAINTY_MEASURE_WITH_UNIT (LENGTH_MEASURE( 1.000000000000000082E-05 ), #3854, 'distance_accuracy_value', 'NONE');
#3460 = EDGE_CURVE ( 'NONE', #973, #1795, #1481, .T. ) ;
#3461 = ADVANCED_FACE ( 'NONE', ( #604 ), #297, .F. ) ;
#3462 = SURFACE_STYLE_USAGE ( .BOTH. , #2218 ) ;
#3463 = EDGE_CURVE ( 'NONE', #434, #3095, #1472, .T. ) ;
#3464 = SURFACE_STYLE_FILL_AREA ( #1545 ) ;
#3465 = VERTEX_POINT ( 'NONE', #2453 ) ;
#3466 = CARTESIAN_POINT ( 'NONE',  ( 3.162147661583979641, 3.047656356244778042, -0.6317304480704095671 ) ) ;
#3467 = DIRECTION ( 'NONE',  ( -0.000000000000000000, -1.000000000000000000, -0.000000000000000000 ) ) ;
#3468 = AXIS2_PLACEMENT_3D ( 'NONE', #2404, #3364, #1785 ) ;
#3469 = CARTESIAN_POINT ( 'NONE',  ( -3.152000000000001023, 3.047999999999999599, -0.6349999999999998979 ) ) ;
#3470 = LINE ( 'NONE', #2209, #1190 ) ;
#3471 = ORIENTED_EDGE ( 'NONE', *, *, #3165, .F. ) ;
#3472 = LINE ( 'NONE', #3813, #3673 ) ;
#3473 =( NAMED_UNIT ( * ) PLANE_ANGLE_UNIT ( ) SI_UNIT ( $, .RADIAN. ) );
#3474 = PRESENTATION_LAYER_ASSIGNMENT (  '', '', ( #3151 ) ) ;
#3475 = STYLED_ITEM ( 'NONE', ( #3450 ), #343 ) ;
#3476 = DIRECTION ( 'NONE',  ( 0.000000000000000000, 0.000000000000000000, -1.000000000000000000 ) ) ;
#3477 = PRESENTATION_LAYER_ASSIGNMENT (  '', '', ( #329 ) ) ;
#3478 =( GEOMETRIC_REPRESENTATION_CONTEXT ( 3 ) GLOBAL_UNCERTAINTY_ASSIGNED_CONTEXT ( ( #2801 ) ) GLOBAL_UNIT_ASSIGNED_CONTEXT ( ( #3671, #1423, #2999 ) ) REPRESENTATION_CONTEXT ( 'NONE', 'WORKASPACE' ) );
#3479 = FILL_AREA_STYLE_COLOUR ( '', #963 ) ;
#3480 = DIRECTION ( 'NONE',  ( 0.000000000000000000, 0.000000000000000000, -1.000000000000000000 ) ) ;
#3481 = EDGE_LOOP ( 'NONE', ( #3909, #3760, #4001, #4078 ) ) ;
#3482 = VECTOR ( 'NONE', #493, 1000.000000000000000 ) ;
#3483 =( GEOMETRIC_REPRESENTATION_CONTEXT ( 3 ) GLOBAL_UNCERTAINTY_ASSIGNED_CONTEXT ( ( #2508 ) ) GLOBAL_UNIT_ASSIGNED_CONTEXT ( ( #2348, #3987, #177 ) ) REPRESENTATION_CONTEXT ( 'NONE', 'WORKASPACE' ) );
#3484 = PRESENTATION_STYLE_ASSIGNMENT (( #978 ) ) ;
#3485 = CARTESIAN_POINT ( 'NONE',  ( 0.4199999999999993738, -3.048000000000000487, 0.05700000000000002981 ) ) ;
#3486 = EDGE_CURVE ( 'NONE', #2499, #4039, #3766, .T. ) ;
#3487 = UNCERTAINTY_MEASURE_WITH_UNIT (LENGTH_MEASURE( 1.000000000000000082E-05 ), #3989, 'distance_accuracy_value', 'NONE');
#3488 = MECHANICAL_DESIGN_GEOMETRIC_PRESENTATION_REPRESENTATION (  '', ( #539 ), #202 ) ;
#3489 = FACE_OUTER_BOUND ( 'NONE', #2200, .T. ) ;
#3490 = ORIENTED_EDGE ( 'NONE', *, *, #1032, .T. ) ;
#3491 = PRESENTATION_STYLE_ASSIGNMENT (( #3865 ) ) ;
#3492 = ORIENTED_EDGE ( 'NONE', *, *, #3385, .T. ) ;
#3493 = FILL_AREA_STYLE ('',( #1597 ) ) ;
#3494 = CARTESIAN_POINT ( 'NONE',  ( -1.866000000000000547, -5.969000000000002082, -0.7337595157747623942 ) ) ;
#3495 = ORIENTED_EDGE ( 'NONE', *, *, #1232, .F. ) ;
#3496 = DIRECTION ( 'NONE',  ( -0.000000000000000000, -0.000000000000000000, -1.000000000000000000 ) ) ;
#3497 = CIRCLE ( 'NONE', #684, 0.1499999999999999667 ) ;
#3498 = PRESENTATION_STYLE_ASSIGNMENT (( #691 ) ) ;
#3499 = CARTESIAN_POINT ( 'NONE',  ( -2.413000000000002476, -1.184999999999999609, -0.6349999999999998979 ) ) ;
#3500 = EDGE_CURVE ( 'NONE', #1022, #1084, #3736, .T. ) ;
#3501 = EDGE_CURVE ( 'NONE', #1010, #3248, #2319, .T. ) ;
#3502 = CARTESIAN_POINT ( 'NONE',  ( -1.866000000000000547, -3.719293188415452978, -0.1930000000000000326 ) ) ;
#3503 = LINE ( 'NONE', #3521, #3772 ) ;
#3504 = ORIENTED_EDGE ( 'NONE', *, *, #3071, .F. ) ;
#3505 = AXIS2_PLACEMENT_3D ( 'NONE', #3410, #3090, #1517 ) ;
#3506 = VECTOR ( 'NONE', #871, 1000.000000000000000 ) ;
#3507 = MECHANICAL_DESIGN_GEOMETRIC_PRESENTATION_REPRESENTATION (  '', ( #2393 ), #3717 ) ;
#3508 = DIRECTION ( 'NONE',  ( 0.1039620511844909917, -0.1039620511844908390, -0.9891328443778553137 ) ) ;
#3509 = DIRECTION ( 'NONE',  ( 0.000000000000000000, 0.000000000000000000, 1.000000000000000000 ) ) ;
#3510 = ORIENTED_EDGE ( 'NONE', *, *, #3578, .F. ) ;
#3511 = STYLED_ITEM ( 'NONE', ( #2818 ), #2587 ) ;
#3512 = CIRCLE ( 'NONE', #2076, 0.3048000000000000154 ) ;
#3513 = ADVANCED_FACE ( 'NONE', ( #541 ), #4010, .F. ) ;
#3514 = CARTESIAN_POINT ( 'NONE',  ( -3.288046894937846965, 2.963436163078665420, -0.5715685215183182732 ) ) ;
#3515 = LINE ( 'NONE', #740, #103 ) ;
#3516 = DIRECTION ( 'NONE',  ( -1.000000000000000000, -0.000000000000000000, -0.000000000000000000 ) ) ;
#3517 = ORIENTED_EDGE ( 'NONE', *, *, #1962, .T. ) ;
#3518 = PRESENTATION_LAYER_ASSIGNMENT (  '', '', ( #4060 ) ) ;
#3519 = FILL_AREA_STYLE ('',( #1673 ) ) ;
#3520 = PLANE ( 'NONE',  #661 ) ;
#3521 = CARTESIAN_POINT ( 'NONE',  ( -2.413000000000002476, -1.184999999999999609, -0.6349999999999998979 ) ) ;
#3522 = ORIENTED_EDGE ( 'NONE', *, *, #862, .F. ) ;
#3523 = FILL_AREA_STYLE ('',( #1347 ) ) ;
#3524 = FACE_OUTER_BOUND ( 'NONE', #1906, .T. ) ;
#3525 = ADVANCED_FACE ( 'NONE', ( #698 ), #3144, .F. ) ;
#3526 = VECTOR ( 'NONE', #3325, 1000.000000000000000 ) ;
#3527 = CARTESIAN_POINT ( 'NONE',  ( -2.413000000000002476, -1.184999999999999609, -0.6349999999999998979 ) ) ;
#3528 = LINE ( 'NONE', #3494, #772 ) ;
#3529 = COLOUR_RGB ( '',0.8039215686274510109, 0.8039215686274510109, 0.8039215686274510109 ) ;
#3530 = EDGE_LOOP ( 'NONE', ( #2524, #3884, #155, #3742, #2533 ) ) ;
#3531 = DIRECTION ( 'NONE',  ( 0.000000000000000000, 0.000000000000000000, 1.000000000000000000 ) ) ;
#3532 = EDGE_CURVE ( 'NONE', #502, #3286, #1064, .T. ) ;
#3533 = VECTOR ( 'NONE', #478, 1000.000000000000000 ) ;
#3534 = CARTESIAN_POINT ( 'NONE',  ( -3.279448246520919152, 2.978952471147948255, -0.5767660244056399543 ) ) ;
#3535 = DIRECTION ( 'NONE',  ( 1.000000000000000000, 0.000000000000000000, 0.000000000000000000 ) ) ;
#3536 = CARTESIAN_POINT ( 'NONE',  ( 2.413000000000000700, -1.185000000000000275, -0.6349999999999998979 ) ) ;
#3537 = ORIENTED_EDGE ( 'NONE', *, *, #480, .F. ) ;
#3538 = VECTOR ( 'NONE', #1195, 1000.000000000000000 ) ;
#3539 = DIRECTION ( 'NONE',  ( -0.000000000000000000, 1.000000000000000000, -0.000000000000000000 ) ) ;
#3540 = VECTOR ( 'NONE', #1141, 1000.000000000000227 ) ;
#3541 = PRESENTATION_LAYER_ASSIGNMENT (  '', '', ( #2178 ) ) ;
#3542 = CARTESIAN_POINT ( 'NONE',  ( -2.705999999999999961, -3.719293188415452978, -0.1930000000000000326 ) ) ;
#3543 = EDGE_LOOP ( 'NONE', ( #911, #265, #3332, #3339, #560, #74 ) ) ;
#3544 = SURFACE_SIDE_STYLE ('',( #803 ) ) ;
#3545 =( NAMED_UNIT ( * ) PLANE_ANGLE_UNIT ( ) SI_UNIT ( $, .RADIAN. ) );
#3546 = MECHANICAL_DESIGN_GEOMETRIC_PRESENTATION_REPRESENTATION (  '', ( #472 ), #3614 ) ;
#3547 = STYLED_ITEM ( 'NONE', ( #580 ), #9 ) ;
#3548 = EDGE_LOOP ( 'NONE', ( #802, #2583, #1221, #1930 ) ) ;
#3549 = VECTOR ( 'NONE', #1131, 1000.000000000000000 ) ;
#3550 = EDGE_CURVE ( 'NONE', #325, #3292, #388, .T. ) ;
#3551 = ORIENTED_EDGE ( 'NONE', *, *, #3693, .T. ) ;
#3552 = FACE_OUTER_BOUND ( 'NONE', #1200, .T. ) ;
#3553 = MECHANICAL_DESIGN_GEOMETRIC_PRESENTATION_REPRESENTATION (  '', ( #3897 ), #753 ) ;
#3554 = EDGE_CURVE ( 'NONE', #555, #2340, #326, .T. ) ;
#3555 = CARTESIAN_POINT ( 'NONE',  ( -3.036357269115274704, -3.047991046094876921, 0.5650851907166248855 ) ) ;
#3556 = SURFACE_STYLE_FILL_AREA ( #2558 ) ;
#3557 = VERTEX_POINT ( 'NONE', #2511 ) ;
#3558 = FILL_AREA_STYLE_COLOUR ( '', #2534 ) ;
#3559 = UNCERTAINTY_MEASURE_WITH_UNIT (LENGTH_MEASURE( 1.000000000000000082E-05 ), #2086, 'distance_accuracy_value', 'NONE');
#3560 = ADVANCED_BREP_SHAPE_REPRESENTATION ( 'AOD514', ( #4079, #2834, #2782, #31, #1349, #9, #2855 ), #356 ) ;
#3561 = CIRCLE ( 'NONE', #1212, 0.1499999999999999667 ) ;
#3562 = DIRECTION ( 'NONE',  ( -1.000000000000000000, -0.000000000000000000, -0.000000000000000000 ) ) ;
#3563 = VERTEX_POINT ( 'NONE', #3466 ) ;
#3564 = CARTESIAN_POINT ( 'NONE',  ( 2.705999999999999073, -4.449000000000001620, -0.9228142532412907384 ) ) ;
#3565 = VERTEX_POINT ( 'NONE', #650 ) ;
#3566 = CARTESIAN_POINT ( 'NONE',  ( -2.989733652697403876, -2.987249752016443161, 1.143000000000000016 ) ) ;
#3567 = VERTEX_POINT ( 'NONE', #48 ) ;
#3568 = SURFACE_STYLE_USAGE ( .BOTH. , #2931 ) ;
#3569 = AXIS2_PLACEMENT_3D ( 'NONE', #2602, #105, #3220 ) ;
#3570 = MECHANICAL_DESIGN_GEOMETRIC_PRESENTATION_REPRESENTATION (  '', ( #1344 ), #2941 ) ;
#3571 = CARTESIAN_POINT ( 'NONE',  ( 2.705999999999999073, -5.969000000000002082, -1.242999999999999883 ) ) ;
#3572 = DIRECTION ( 'NONE',  ( 0.000000000000000000, -0.5146945073570344809, -0.8573736432247609507 ) ) ;
#3573 = CARTESIAN_POINT ( 'NONE',  ( 3.301999999999999602, -2.834102213680335325, -0.5430856599709136256 ) ) ;
#3574 = CARTESIAN_POINT ( 'NONE',  ( -3.108115471440731969, -3.026347787836053183, -0.1490070377679553193 ) ) ;
#3575 = ORIENTED_EDGE ( 'NONE', *, *, #1449, .F. ) ;
#3576 = AXIS2_PLACEMENT_3D ( 'NONE', #767, #1082, #2276 ) ;
#3577 =( GEOMETRIC_REPRESENTATION_CONTEXT ( 3 ) GLOBAL_UNCERTAINTY_ASSIGNED_CONTEXT ( ( #2371 ) ) GLOBAL_UNIT_ASSIGNED_CONTEXT ( ( #940, #336, #1557 ) ) REPRESENTATION_CONTEXT ( 'NONE', 'WORKASPACE' ) );
#3578 = EDGE_CURVE ( 'NONE', #421, #726, #1306, .T. ) ;
#3579 = PRESENTATION_LAYER_ASSIGNMENT (  '', '', ( #3792 ) ) ;
#3580 = CARTESIAN_POINT ( 'NONE',  ( 3.239543890268904658, 3.021008244329669079, -0.5947498082537686637 ) ) ;
#3581 = FILL_AREA_STYLE ('',( #2632 ) ) ;
#3582 = CARTESIAN_POINT ( 'NONE',  ( 2.705999999999999073, -3.719293188415452978, -0.1930000000000000326 ) ) ;
#3583 = ORIENTED_EDGE ( 'NONE', *, *, #3740, .T. ) ;
#3584 = DIRECTION ( 'NONE',  ( 0.9945218953682740670, 0.000000000000000000, -0.1045284632676466569 ) ) ;
#3585 =( NAMED_UNIT ( * ) SI_UNIT ( $, .STERADIAN. ) SOLID_ANGLE_UNIT ( ) );
#3586 = VECTOR ( 'NONE', #946, 1000.000000000000114 ) ;
#3587 = ORIENTED_EDGE ( 'NONE', *, *, #641, .F. ) ;
#3588 = FILL_AREA_STYLE_COLOUR ( '', #645 ) ;
#3589 = VERTEX_POINT ( 'NONE', #156 ) ;
#3590 =( LENGTH_UNIT ( ) NAMED_UNIT ( * ) SI_UNIT ( .MILLI., .METRE. ) );
#3591 =( NAMED_UNIT ( * ) PLANE_ANGLE_UNIT ( ) SI_UNIT ( $, .RADIAN. ) );
#3592 = SURFACE_SIDE_STYLE ('',( #1159 ) ) ;
#3593 = AXIS2_PLACEMENT_3D ( 'NONE', #2530, #1536, #956 ) ;
#3594 =( NAMED_UNIT ( * ) PLANE_ANGLE_UNIT ( ) SI_UNIT ( $, .RADIAN. ) );
#3595 = SHAPE_DEFINITION_REPRESENTATION ( #2529, #3560 ) ;
#3596 =( NAMED_UNIT ( * ) SI_UNIT ( $, .STERADIAN. ) SOLID_ANGLE_UNIT ( ) );
#3597 = DIRECTION ( 'NONE',  ( 0.000000000000000000, -0.000000000000000000, 1.000000000000000000 ) ) ;
#3598 = DIRECTION ( 'NONE',  ( -1.000000000000000000, -0.000000000000000000, -0.000000000000000000 ) ) ;
#3599 = EDGE_CURVE ( 'NONE', #2354, #296, #3327, .T. ) ;
#3600 =( GEOMETRIC_REPRESENTATION_CONTEXT ( 3 ) GLOBAL_UNCERTAINTY_ASSIGNED_CONTEXT ( ( #2581 ) ) GLOBAL_UNIT_ASSIGNED_CONTEXT ( ( #232, #2081, #4042 ) ) REPRESENTATION_CONTEXT ( 'NONE', 'WORKASPACE' ) );
#3601 = VECTOR ( 'NONE', #3257, 1000.000000000000000 ) ;
#3602 = SURFACE_STYLE_FILL_AREA ( #2087 ) ;
#3603 = ADVANCED_FACE ( 'NONE', ( #1081 ), #2657, .T. ) ;
#3604 = ORIENTED_EDGE ( 'NONE', *, *, #3189, .T. ) ;
#3605 = DIRECTION ( 'NONE',  ( 0.1045284632676466569, -0.000000000000000000, 0.9945218953682740670 ) ) ;
#3606 = SURFACE_STYLE_USAGE ( .BOTH. , #451 ) ;
#3607 = UNCERTAINTY_MEASURE_WITH_UNIT (LENGTH_MEASURE( 1.000000000000000082E-05 ), #318, 'distance_accuracy_value', 'NONE');
#3608 = PRESENTATION_LAYER_ASSIGNMENT (  '', '', ( #1373 ) ) ;
#3609 = CARTESIAN_POINT ( 'NONE',  ( -3.087558882928201687, -3.048000000000000487, 0.05702855360771459658 ) ) ;
#3610 = ORIENTED_EDGE ( 'NONE', *, *, #3599, .F. ) ;
#3611 = VECTOR ( 'NONE', #4018, 1000.000000000000000 ) ;
#3612 = DIRECTION ( 'NONE',  ( 0.000000000000000000, -1.000000000000000000, 0.000000000000000000 ) ) ;
#3613 = PRODUCT_RELATED_PRODUCT_CATEGORY ( 'part', '', ( #3809 ) ) ;
#3614 =( GEOMETRIC_REPRESENTATION_CONTEXT ( 3 ) GLOBAL_UNCERTAINTY_ASSIGNED_CONTEXT ( ( #85 ) ) GLOBAL_UNIT_ASSIGNED_CONTEXT ( ( #1052, #26, #3839 ) ) REPRESENTATION_CONTEXT ( 'NONE', 'WORKASPACE' ) );
#3615 = DIRECTION ( 'NONE',  ( -0.000000000000000000, -0.000000000000000000, 1.000000000000000000 ) ) ;
#3616 = ORIENTED_EDGE ( 'NONE', *, *, #701, .F. ) ;
#3617 = DIRECTION ( 'NONE',  ( -0.1039620511844909778, -0.1039620511844911166, 0.9891328443778552026 ) ) ;
#3618 =( LENGTH_UNIT ( ) NAMED_UNIT ( * ) SI_UNIT ( .MILLI., .METRE. ) );
#3619 = UNCERTAINTY_MEASURE_WITH_UNIT (LENGTH_MEASURE( 1.000000000000000082E-05 ), #3366, 'distance_accuracy_value', 'NONE');
#3620 = CARTESIAN_POINT ( 'NONE',  ( 2.705999999999999073, -3.719293188415452978, 0.05700000000000024492 ) ) ;
#3621 =( NAMED_UNIT ( * ) SI_UNIT ( $, .STERADIAN. ) SOLID_ANGLE_UNIT ( ) );
#3622 = ORIENTED_EDGE ( 'NONE', *, *, #3486, .T. ) ;
#3623 = DIRECTION ( 'NONE',  ( -4.098094675116482653E-16, -1.000000000000000000, 0.000000000000000000 ) ) ;
#3624 = MECHANICAL_DESIGN_GEOMETRIC_PRESENTATION_REPRESENTATION (  '', ( #817 ), #2563 ) ;
#3625 = LINE ( 'NONE', #3675, #3743 ) ;
#3626 =( LENGTH_UNIT ( ) NAMED_UNIT ( * ) SI_UNIT ( .MILLI., .METRE. ) );
#3627 = ORIENTED_EDGE ( 'NONE', *, *, #435, .F. ) ;
#3628 = CARTESIAN_POINT ( 'NONE',  ( 3.281347610915451796, -2.853115648361333356, -0.3465056433991896001 ) ) ;
#3629 = ADVANCED_FACE ( 'NONE', ( #1764 ), #3287, .T. ) ;
#3630 = CARTESIAN_POINT ( 'NONE',  ( -1.866000000000000547, -5.969000000000002082, -1.242999999999999883 ) ) ;
#3631 = ADVANCED_FACE ( 'NONE', ( #2946 ), #111, .T. ) ;
#3632 = SURFACE_STYLE_FILL_AREA ( #3217 ) ;
#3633 =( NAMED_UNIT ( * ) SI_UNIT ( $, .STERADIAN. ) SOLID_ANGLE_UNIT ( ) );
#3634 = CARTESIAN_POINT ( 'NONE',  ( 3.155385786002692150, 3.047999999999999599, -0.6350000000000004530 ) ) ;
#3635 =( NAMED_UNIT ( * ) SI_UNIT ( $, .STERADIAN. ) SOLID_ANGLE_UNIT ( ) );
#3636 = PRESENTATION_STYLE_ASSIGNMENT (( #2380 ) ) ;
#3637 = VERTEX_POINT ( 'NONE', #3386 ) ;
#3638 = EDGE_CURVE ( 'NONE', #1952, #3097, #2112, .T. ) ;
#3639 =( NAMED_UNIT ( * ) SI_UNIT ( $, .STERADIAN. ) SOLID_ANGLE_UNIT ( ) );
#3640 = DIRECTION ( 'NONE',  ( 0.000000000000000000, 0.9945218953682740670, 0.1045284632676466569 ) ) ;
#3641 = PRESENTATION_LAYER_ASSIGNMENT (  '', '', ( #2718 ) ) ;
#3642 =( LENGTH_UNIT ( ) NAMED_UNIT ( * ) SI_UNIT ( .MILLI., .METRE. ) );
#3643 =( GEOMETRIC_REPRESENTATION_CONTEXT ( 3 ) GLOBAL_UNCERTAINTY_ASSIGNED_CONTEXT ( ( #2658 ) ) GLOBAL_UNIT_ASSIGNED_CONTEXT ( ( #3437, #593, #269 ) ) REPRESENTATION_CONTEXT ( 'NONE', 'WORKASPACE' ) );
#3644 = AXIS2_PLACEMENT_3D ( 'NONE', #774, #2531, #101 ) ;
#3645 =( LENGTH_UNIT ( ) NAMED_UNIT ( * ) SI_UNIT ( .MILLI., .METRE. ) );
#3646 = ORIENTED_EDGE ( 'NONE', *, *, #2649, .F. ) ;
#3647 = CARTESIAN_POINT ( 'NONE',  ( -1.866000000000000547, -3.048000000000000487, 0.5649999999999999467 ) ) ;
#3648 = FILL_AREA_STYLE_COLOUR ( '', #4008 ) ;
#3649 = UNCERTAINTY_MEASURE_WITH_UNIT (LENGTH_MEASURE( 1.000000000000000082E-05 ), #411, 'distance_accuracy_value', 'NONE');
#3650 = VECTOR ( 'NONE', #1039, 1000.000000000000000 ) ;
#3651 = CARTESIAN_POINT ( 'NONE',  ( -2.413000000000000700, 3.048000000000000043, -1.143000000000000016 ) ) ;
#3652 = SURFACE_SIDE_STYLE ('',( #3949 ) ) ;
#3653 = ORIENTED_EDGE ( 'NONE', *, *, #1490, .F. ) ;
#3654 =( GEOMETRIC_REPRESENTATION_CONTEXT ( 3 ) GLOBAL_UNCERTAINTY_ASSIGNED_CONTEXT ( ( #1020 ) ) GLOBAL_UNIT_ASSIGNED_CONTEXT ( ( #171, #1628, #2838 ) ) REPRESENTATION_CONTEXT ( 'NONE', 'WORKASPACE' ) );
#3655 = FILL_AREA_STYLE_COLOUR ( '', #982 ) ;
#3656 = DIRECTION ( 'NONE',  ( 0.000000000000000000, 1.000000000000000000, 0.000000000000000000 ) ) ;
#3657 = SURFACE_SIDE_STYLE ('',( #208 ) ) ;
#3658 = FACE_OUTER_BOUND ( 'NONE', #3316, .T. ) ;
#3659 = DIRECTION ( 'NONE',  ( 1.000000000000000000, 3.469446951953614820E-14, 0.000000000000000000 ) ) ;
#3660 = SURFACE_STYLE_USAGE ( .BOTH. , #3684 ) ;
#3661 = PLANE ( 'NONE',  #71 ) ;
#3662 = EDGE_CURVE ( 'NONE', #1451, #112, #3732, .T. ) ;
#3663 = DIRECTION ( 'NONE',  ( -0.000000000000000000, 1.000000000000000000, 0.000000000000000000 ) ) ;
#3664 = SURFACE_SIDE_STYLE ('',( #546 ) ) ;
#3665 = FILL_AREA_STYLE ('',( #2084 ) ) ;
#3666 = EDGE_CURVE ( 'NONE', #280, #1567, #1526, .T. ) ;
#3667 = UNCERTAINTY_MEASURE_WITH_UNIT (LENGTH_MEASURE( 1.000000000000000082E-05 ), #724, 'distance_accuracy_value', 'NONE');
#3668 = PRESENTATION_LAYER_ASSIGNMENT (  '', '', ( #1426 ) ) ;
#3669 = LINE ( 'NONE', #567, #1608 ) ;
#3670 = FILL_AREA_STYLE ('',( #881 ) ) ;
#3671 =( LENGTH_UNIT ( ) NAMED_UNIT ( * ) SI_UNIT ( .MILLI., .METRE. ) );
#3672 = COLOUR_RGB ( '',0.2862745098039215508, 0.2862745098039215508, 0.2862745098039215508 ) ;
#3673 = VECTOR ( 'NONE', #313, 1000.000000000000000 ) ;
#3674 = VECTOR ( 'NONE', #3508, 1000.000000000000000 ) ;
#3675 = CARTESIAN_POINT ( 'NONE',  ( -2.705999999999999961, -5.969000000000002082, -1.242999999999999883 ) ) ;
#3676 =( NAMED_UNIT ( * ) PLANE_ANGLE_UNIT ( ) SI_UNIT ( $, .RADIAN. ) );
#3677 = EDGE_LOOP ( 'NONE', ( #284, #4027, #3587 ) ) ;
#3678 = LINE ( 'NONE', #1473, #2098 ) ;
#3679 = VECTOR ( 'NONE', #3906, 1000.000000000000000 ) ;
#3680 = DIRECTION ( 'NONE',  ( 0.000000000000000000, 0.000000000000000000, -1.000000000000000000 ) ) ;
#3681 = COLOUR_RGB ( '',0.2862745098039215508, 0.2862745098039215508, 0.2862745098039215508 ) ;
#3682 = SURFACE_SIDE_STYLE ('',( #2413 ) ) ;
#3683 = ORIENTED_EDGE ( 'NONE', *, *, #2304, .F. ) ;
#3684 = SURFACE_SIDE_STYLE ('',( #1939 ) ) ;
#3685 =( NAMED_UNIT ( * ) SI_UNIT ( $, .STERADIAN. ) SOLID_ANGLE_UNIT ( ) );
#3686 = CARTESIAN_POINT ( 'NONE',  ( -2.380133652697403956, -2.242589145371766790, 1.132999999999999785 ) ) ;
#3687 = SURFACE_SIDE_STYLE ('',( #2211 ) ) ;
#3688 = AXIS2_PLACEMENT_3D ( 'NONE', #316, #1558, #1480 ) ;
#3689 =( GEOMETRIC_REPRESENTATION_CONTEXT ( 3 ) GLOBAL_UNCERTAINTY_ASSIGNED_CONTEXT ( ( #2057 ) ) GLOBAL_UNIT_ASSIGNED_CONTEXT ( ( #274, #579, #1256 ) ) REPRESENTATION_CONTEXT ( 'NONE', 'WORKASPACE' ) );
#3690 = EDGE_CURVE ( 'NONE', #784, #2705, #1844, .T. ) ;
#3691 = FILL_AREA_STYLE ('',( #2400 ) ) ;
#3692 = CARTESIAN_POINT ( 'NONE',  ( -2.989733652697403876, 2.726064063052962450, 0.9929999999999999938 ) ) ;
#3693 = EDGE_CURVE ( 'NONE', #3465, #2979, #2176, .T. ) ;
#3694 = DIRECTION ( 'NONE',  ( 0.000000000000000000, 0.000000000000000000, -1.000000000000000000 ) ) ;
#3695 = PRESENTATION_STYLE_ASSIGNMENT (( #3080 ) ) ;
#3696 = VECTOR ( 'NONE', #2088, 1000.000000000000000 ) ;
#3697 = EDGE_LOOP ( 'NONE', ( #2952, #495, #383, #3840, #1035, #603, #705, #3242, #3831, #1791, #515, #962 ) ) ;
#3698 = SURFACE_SIDE_STYLE ('',( #4011 ) ) ;
#3699 = AXIS2_PLACEMENT_3D ( 'NONE', #3183, #717, #362 ) ;
#3700 = LINE ( 'NONE', #2158, #3506 ) ;
#3701 = DIRECTION ( 'NONE',  ( 1.000000000000000000, -0.000000000000000000, -0.000000000000000000 ) ) ;
#3702 = VERTEX_POINT ( 'NONE', #2387 ) ;
#3703 = CARTESIAN_POINT ( 'NONE',  ( 2.948537808016656214, -2.960171584996257543, 1.400631549782370922 ) ) ;
#3704 = SURFACE_STYLE_USAGE ( .BOTH. , #919 ) ;
#3705 = UNCERTAINTY_MEASURE_WITH_UNIT (LENGTH_MEASURE( 1.000000000000000082E-05 ), #1805, 'distance_accuracy_value', 'NONE');
#3706 = CARTESIAN_POINT ( 'NONE',  ( 2.998093390090370125, -3.136369869186414583, 0.8977831422115727378 ) ) ;
#3707 = SURFACE_STYLE_USAGE ( .BOTH. , #3279 ) ;
#3708 = ORIENTED_EDGE ( 'NONE', *, *, #1781, .T. ) ;
#3709 = ORIENTED_EDGE ( 'NONE', *, *, #2139, .F. ) ;
#3710 = SURFACE_SIDE_STYLE ('',( #2696 ) ) ;
#3711 = DIRECTION ( 'NONE',  ( -0.1039620511844909917, 0.1039620511844911305, -0.9891328443778553137 ) ) ;
#3712 = DIRECTION ( 'NONE',  ( 0.000000000000000000, 0.9975640502598209780, 0.06975647374417161262 ) ) ;
#3713 = COLOUR_RGB ( '',0.8039215686274510109, 0.8039215686274510109, 0.8039215686274510109 ) ;
#3714 = FILL_AREA_STYLE ('',( #2853 ) ) ;
#3715 = EDGE_CURVE ( 'NONE', #743, #784, #1486, .T. ) ;
#3716 = STYLED_ITEM ( 'NONE', ( #1133 ), #2540 ) ;
#3717 =( GEOMETRIC_REPRESENTATION_CONTEXT ( 3 ) GLOBAL_UNCERTAINTY_ASSIGNED_CONTEXT ( ( #3328 ) ) GLOBAL_UNIT_ASSIGNED_CONTEXT ( ( #3855, #1598, #42 ) ) REPRESENTATION_CONTEXT ( 'NONE', 'WORKASPACE' ) );
#3718 =( BOUNDED_CURVE ( )  B_SPLINE_CURVE ( 3, ( #936, #2458, #4041, #2189 ),
 .UNSPECIFIED., .F., .F. ) 
 B_SPLINE_CURVE_WITH_KNOTS ( ( 4, 4 ),
 ( 0.000000000000000000, 0.06770278654892886161 ),
 .UNSPECIFIED. ) 
 CURVE ( )  GEOMETRIC_REPRESENTATION_ITEM ( )  RATIONAL_B_SPLINE_CURVE ( ( 1.000000000000000000, 0.9996180641987707505, 0.9996180641987707505, 1.000000000000000000 ) ) 
 REPRESENTATION_ITEM ( '' )  );
#3719 = ORIENTED_EDGE ( 'NONE', *, *, #3971, .F. ) ;
#3720 = AXIS2_PLACEMENT_3D ( 'NONE', #941, #3137, #4049 ) ;
#3721 = PRESENTATION_LAYER_ASSIGNMENT (  '', '', ( #2582 ) ) ;
#3722 = EDGE_CURVE ( 'NONE', #280, #2148, #285, .T. ) ;
#3723 = FILL_AREA_STYLE ('',( #2415 ) ) ;
#3724 = DIRECTION ( 'NONE',  ( -1.000000000000000000, -0.000000000000000000, -0.000000000000000000 ) ) ;
#3725 =( GEOMETRIC_REPRESENTATION_CONTEXT ( 3 ) GLOBAL_UNCERTAINTY_ASSIGNED_CONTEXT ( ( #3947 ) ) GLOBAL_UNIT_ASSIGNED_CONTEXT ( ( #2073, #3738, #1877 ) ) REPRESENTATION_CONTEXT ( 'NONE', 'WORKASPACE' ) );
#3726 = FILL_AREA_STYLE_COLOUR ( '', #2580 ) ;
#3727 = ORIENTED_EDGE ( 'NONE', *, *, #1054, .F. ) ;
#3728 = ORIENTED_EDGE ( 'NONE', *, *, #524, .F. ) ;
#3729 = CARTESIAN_POINT ( 'NONE',  ( 0.000000000000000000, 0.000000000000000000, -1.143000000000000016 ) ) ;
#3730 = DIRECTION ( 'NONE',  ( 0.000000000000000000, 0.8573736432247605066, -0.5146945073570351470 ) ) ;
#3731 = EDGE_LOOP ( 'NONE', ( #1136, #2047, #3143, #2677 ) ) ;
#3732 = LINE ( 'NONE', #1546, #3308 ) ;
#3733 = ADVANCED_FACE ( 'NONE', ( #2786 ), #534, .T. ) ;
#3734 = AXIS2_PLACEMENT_3D ( 'NONE', #4051, #260, #961 ) ;
#3735 = EDGE_LOOP ( 'NONE', ( #470, #1581, #3575 ) ) ;
#3736 = LINE ( 'NONE', #244, #838 ) ;
#3737 = CARTESIAN_POINT ( 'NONE',  ( -1.866000000000000547, -4.842808584740295075, -1.164249024692683765 ) ) ;
#3738 =( NAMED_UNIT ( * ) PLANE_ANGLE_UNIT ( ) SI_UNIT ( $, .RADIAN. ) );
#3739 = SURFACE_STYLE_FILL_AREA ( #229 ) ;
#3740 = EDGE_CURVE ( 'NONE', #27, #3107, #3435, .T. ) ;
#3741 = CARTESIAN_POINT ( 'NONE',  ( 0.000000000000000000, 0.000000000000000000, -0.6349999999999998979 ) ) ;
#3742 = ORIENTED_EDGE ( 'NONE', *, *, #3052, .F. ) ;
#3743 = VECTOR ( 'NONE', #822, 1000.000000000000000 ) ;
#3744 = DIRECTION ( 'NONE',  ( -1.000000000000000000, -0.000000000000000000, -0.000000000000000000 ) ) ;
#3745 = MECHANICAL_DESIGN_GEOMETRIC_PRESENTATION_REPRESENTATION (  '', ( #1373 ), #1911 ) ;
#3747 = PLANE ( 'NONE',  #3428 ) ;
#3746 =( GEOMETRIC_REPRESENTATION_CONTEXT ( 3 ) GLOBAL_UNCERTAINTY_ASSIGNED_CONTEXT ( ( #2344 ) ) GLOBAL_UNIT_ASSIGNED_CONTEXT ( ( #3645, #512, #3079 ) ) REPRESENTATION_CONTEXT ( 'NONE', 'WORKASPACE' ) );
#3748 = ADVANCED_FACE ( 'NONE', ( #2592 ), #417, .T. ) ;
#3749 = STYLED_ITEM ( 'NONE', ( #2427 ), #646 ) ;
#3750 = VECTOR ( 'NONE', #2950, 1000.000000000000000 ) ;
#3751 = CARTESIAN_POINT ( 'NONE',  ( 3.152000000000000135, -3.048000000000000487, 0.05699999999999996736 ) ) ;
#3752 = SURFACE_SIDE_STYLE ('',( #4064 ) ) ;
#3753 = SURFACE_STYLE_FILL_AREA ( #4065 ) ;
#3754 = MECHANICAL_DESIGN_GEOMETRIC_PRESENTATION_REPRESENTATION (  '', ( #1640 ), #737 ) ;
#3755 = AXIS2_PLACEMENT_3D ( 'NONE', #622, #1862, #6 ) ;
#3756 =( NAMED_UNIT ( * ) PLANE_ANGLE_UNIT ( ) SI_UNIT ( $, .RADIAN. ) );
#3757 = PRESENTATION_STYLE_ASSIGNMENT (( #890 ) ) ;
#3758 = SURFACE_STYLE_USAGE ( .BOTH. , #3162 ) ;
#3759 = PRESENTATION_STYLE_ASSIGNMENT (( #643 ) ) ;
#3760 = ORIENTED_EDGE ( 'NONE', *, *, #76, .F. ) ;
#3761 =( GEOMETRIC_REPRESENTATION_CONTEXT ( 3 ) GLOBAL_UNCERTAINTY_ASSIGNED_CONTEXT ( ( #8 ) ) GLOBAL_UNIT_ASSIGNED_CONTEXT ( ( #3379, #1203, #4003 ) ) REPRESENTATION_CONTEXT ( 'NONE', 'WORKASPACE' ) );
#3762 = FILL_AREA_STYLE_COLOUR ( '', #1119 ) ;
#3763 = DIRECTION ( 'NONE',  ( 1.000000000000000000, 0.000000000000000000, 0.000000000000000000 ) ) ;
#3764 = EDGE_LOOP ( 'NONE', ( #2258, #623, #486, #3976, #2457, #3945 ) ) ;
#3765 = ORIENTED_EDGE ( 'NONE', *, *, #1655, .T. ) ;
#3766 = LINE ( 'NONE', #290, #3586 ) ;
#3767 = CARTESIAN_POINT ( 'NONE',  ( 2.998093390090370125, -2.987191584881173423, 0.9134624117017196010 ) ) ;
#3768 = AXIS2_PLACEMENT_3D ( 'NONE', #1101, #3605, #3584 ) ;
#3769 = CARTESIAN_POINT ( 'NONE',  ( -1.866000000000000547, -3.048000000000000487, 0.05700000000000002981 ) ) ;
#3770 = DIRECTION ( 'NONE',  ( -0.000000000000000000, -0.000000000000000000, 1.000000000000000000 ) ) ;
#3771 = ORIENTED_EDGE ( 'NONE', *, *, #3020, .F. ) ;
#3772 = VECTOR ( 'NONE', #413, 1000.000000000000000 ) ;
#3773 =( NAMED_UNIT ( * ) PLANE_ANGLE_UNIT ( ) SI_UNIT ( $, .RADIAN. ) );
#3774 = SURFACE_SIDE_STYLE ('',( #1206 ) ) ;
#3775 = ORIENTED_EDGE ( 'NONE', *, *, #432, .T. ) ;
#3776 = ADVANCED_FACE ( 'NONE', ( #3658 ), #847, .F. ) ;
#3777 = DIRECTION ( 'NONE',  ( 0.9945218953682740670, 0.000000000000000000, -0.1045284632676466569 ) ) ;
#3778 = ORIENTED_EDGE ( 'NONE', *, *, #3923, .T. ) ;
#3779 = UNCERTAINTY_MEASURE_WITH_UNIT (LENGTH_MEASURE( 1.000000000000000082E-05 ), #3784, 'distance_accuracy_value', 'NONE');
#3780 =( NAMED_UNIT ( * ) PLANE_ANGLE_UNIT ( ) SI_UNIT ( $, .RADIAN. ) );
#3781 = DIRECTION ( 'NONE',  ( 0.9659258262890690894, -0.2588190451025180749, -0.000000000000000000 ) ) ;
#3782 = CYLINDRICAL_SURFACE ( 'NONE', #401, 0.1499999999999999389 ) ;
#3783 =( GEOMETRIC_REPRESENTATION_CONTEXT ( 3 ) GLOBAL_UNCERTAINTY_ASSIGNED_CONTEXT ( ( #2488 ) ) GLOBAL_UNIT_ASSIGNED_CONTEXT ( ( #1241, #3403, #3078 ) ) REPRESENTATION_CONTEXT ( 'NONE', 'WORKASPACE' ) );
#3784 =( LENGTH_UNIT ( ) NAMED_UNIT ( * ) SI_UNIT ( .MILLI., .METRE. ) );
#3785 =( LENGTH_UNIT ( ) NAMED_UNIT ( * ) SI_UNIT ( .MILLI., .METRE. ) );
#3786 = CARTESIAN_POINT ( 'NONE',  ( -2.380133652697403956, -2.242589145371766790, 1.132999999999999785 ) ) ;
#3787 = PRESENTATION_LAYER_ASSIGNMENT (  '', '', ( #1946 ) ) ;
#3788 = DIRECTION ( 'NONE',  ( 0.000000000000000000, 0.000000000000000000, -1.000000000000000000 ) ) ;
#3789 = ORIENTED_EDGE ( 'NONE', *, *, #1913, .F. ) ;
#3790 = MECHANICAL_DESIGN_GEOMETRIC_PRESENTATION_REPRESENTATION (  '', ( #2330 ), #1285 ) ;
#3791 = CARTESIAN_POINT ( 'NONE',  ( -1.866000000000000547, -3.048000000000000487, 0.5649999999999999467 ) ) ;
#3792 = STYLED_ITEM ( 'NONE', ( #3757 ), #3122 ) ;
#3793 = ADVANCED_FACE ( 'NONE', ( #1731 ), #1371, .F. ) ;
#3794 = ADVANCED_FACE ( 'NONE', ( #3411 ), #2041, .T. ) ;
#3795 = DIRECTION ( 'NONE',  ( 0.000000000000000000, 0.5146945073570344809, 0.8573736432247609507 ) ) ;
#3796 = CYLINDRICAL_SURFACE ( 'NONE', #2426, 0.1499999999999999667 ) ;
#3797 = VERTEX_POINT ( 'NONE', #3070 ) ;
#3798 = VERTEX_POINT ( 'NONE', #3935 ) ;
#3799 =( GEOMETRIC_REPRESENTATION_CONTEXT ( 3 ) GLOBAL_UNCERTAINTY_ASSIGNED_CONTEXT ( ( #3559 ) ) GLOBAL_UNIT_ASSIGNED_CONTEXT ( ( #2086, #549, #1165 ) ) REPRESENTATION_CONTEXT ( 'NONE', 'WORKASPACE' ) );
#3800 = CARTESIAN_POINT ( 'NONE',  ( -1.866000000000000547, -5.969000000000002082, -0.7337595157747623942 ) ) ;
#3801 = UNCERTAINTY_MEASURE_WITH_UNIT (LENGTH_MEASURE( 1.000000000000000082E-05 ), #3618, 'distance_accuracy_value', 'NONE');
#3802 = CYLINDRICAL_SURFACE ( 'NONE', #1403, 0.1499999999999999389 ) ;
#3803 = SURFACE_SIDE_STYLE ('',( #2129 ) ) ;
#3804 = EDGE_CURVE ( 'NONE', #4039, #3186, #457, .T. ) ;
#3805 = CARTESIAN_POINT ( 'NONE',  ( -1.866000000000000547, -4.842808584740295075, -1.164249024692683765 ) ) ;
#3806 = SURFACE_SIDE_STYLE ('',( #2896 ) ) ;
#3807 = VERTEX_POINT ( 'NONE', #1771 ) ;
#3808 = ORIENTED_EDGE ( 'NONE', *, *, #3662, .T. ) ;
#3809 = PRODUCT ( 'AOD514', 'AOD514', '', ( #2024 ) ) ;
#3810 = LINE ( 'NONE', #985, #3418 ) ;
#3811 = FILL_AREA_STYLE_COLOUR ( '', #3181 ) ;
#3812 = ORIENTED_EDGE ( 'NONE', *, *, #1369, .F. ) ;
#3813 = CARTESIAN_POINT ( 'NONE',  ( 0.4199999999999993738, -3.856000000000000316, 0.5649999999999999467 ) ) ;
#3814 =( GEOMETRIC_REPRESENTATION_CONTEXT ( 3 ) GLOBAL_UNCERTAINTY_ASSIGNED_CONTEXT ( ( #2425 ) ) GLOBAL_UNIT_ASSIGNED_CONTEXT ( ( #735, #3858, #3818 ) ) REPRESENTATION_CONTEXT ( 'NONE', 'WORKASPACE' ) );
#3815 = DIRECTION ( 'NONE',  ( 0.000000000000000000, -1.000000000000000000, 0.000000000000000000 ) ) ;
#3816 = STYLED_ITEM ( 'NONE', ( #3114 ), #1759 ) ;
#3817 = PLANE ( 'NONE',  #1819 ) ;
#3818 =( NAMED_UNIT ( * ) SI_UNIT ( $, .STERADIAN. ) SOLID_ANGLE_UNIT ( ) );
#3819 = VECTOR ( 'NONE', #768, 1000.000000000000000 ) ;
#3820 = EDGE_CURVE ( 'NONE', #3895, #3000, #3902, .T. ) ;
#3821 = CARTESIAN_POINT ( 'NONE',  ( -3.302000000000000934, 2.914024430140725652, -0.5535848298182333149 ) ) ;
#3822 = AXIS2_PLACEMENT_3D ( 'NONE', #590, #3763, #943 ) ;
#3823 = DIRECTION ( 'NONE',  ( 0.000000000000000000, -0.000000000000000000, 1.000000000000000000 ) ) ;
#3824 = VECTOR ( 'NONE', #3837, 1000.000000000000000 ) ;
#3825 =( LENGTH_UNIT ( ) NAMED_UNIT ( * ) SI_UNIT ( .MILLI., .METRE. ) );
#3826 = LINE ( 'NONE', #1243, #2663 ) ;
#3827 = EDGE_CURVE ( 'NONE', #421, #2990, #86, .T. ) ;
#3828 = AXIS2_PLACEMENT_3D ( 'NONE', #1779, #3280, #149 ) ;
#3829 = CARTESIAN_POINT ( 'NONE',  ( -2.989733652697404320, 2.726064063052962450, 0.9929999999999999938 ) ) ;
#3830 = PLANE ( 'NONE',  #932 ) ;
#3831 = ORIENTED_EDGE ( 'NONE', *, *, #3715, .T. ) ;
#3832 = CARTESIAN_POINT ( 'NONE',  ( 3.301999999999999602, -2.833012559358389471, -0.5430000000000009264 ) ) ;
#3833 = COLOUR_RGB ( '',0.8039215686274510109, 0.8039215686274510109, 0.8039215686274510109 ) ;
#3834 = DIRECTION ( 'NONE',  ( 0.000000000000000000, 0.000000000000000000, 1.000000000000000000 ) ) ;
#3835 = ORIENTED_EDGE ( 'NONE', *, *, #3320, .T. ) ;
#3836 = DIRECTION ( 'NONE',  ( 0.000000000000000000, -1.000000000000000000, 0.000000000000000000 ) ) ;
#3837 = DIRECTION ( 'NONE',  ( 0.000000000000000000, -1.000000000000000000, 0.000000000000000000 ) ) ;
#3838 = DIRECTION ( 'NONE',  ( 0.000000000000000000, -0.9945218953682740670, -0.1045284632676468373 ) ) ;
#3839 =( NAMED_UNIT ( * ) SI_UNIT ( $, .STERADIAN. ) SOLID_ANGLE_UNIT ( ) );
#3840 = ORIENTED_EDGE ( 'NONE', *, *, #618, .T. ) ;
#3841 = CARTESIAN_POINT ( 'NONE',  ( -2.380133652697403956, -2.242589145371766790, 1.143000000000000016 ) ) ;
#3842 = CARTESIAN_POINT ( 'NONE',  ( -3.257568792764368837, 3.006000402549883432, -0.5873349008003475591 ) ) ;
#3843 = CARTESIAN_POINT ( 'NONE',  ( -2.705999999999999961, -4.877686821612382317, -0.6654669995627729984 ) ) ;
#3844 = CARTESIAN_POINT ( 'NONE',  ( 1.865999999999999437, -5.969000000000002082, -0.7337595157747623942 ) ) ;
#3845 = ORIENTED_EDGE ( 'NONE', *, *, #3245, .T. ) ;
#3846 = CARTESIAN_POINT ( 'NONE',  ( -2.669999999999999929, 4.063999999999999169, -1.143000000000000016 ) ) ;
#3847 = CARTESIAN_POINT ( 'NONE',  ( 2.989733652697403876, 2.726064063052962450, 0.9929999999999999938 ) ) ;
#3848 = EDGE_CURVE ( 'NONE', #2948, #2354, #3338, .T. ) ;
#3849 = CARTESIAN_POINT ( 'NONE',  ( 3.301999999999999602, -2.832463259276785106, -0.5429999999999998161 ) ) ;
#3850 = FACE_OUTER_BOUND ( 'NONE', #2135, .T. ) ;
#3851 = EDGE_CURVE ( 'NONE', #697, #1305, #2709, .T. ) ;
#3852 = CARTESIAN_POINT ( 'NONE',  ( -3.088102213680335328, -3.048000000000000487, 0.05708565997091354094 ) ) ;
#3853 = ORIENTED_EDGE ( 'NONE', *, *, #3191, .F. ) ;
#3854 =( LENGTH_UNIT ( ) NAMED_UNIT ( * ) SI_UNIT ( .MILLI., .METRE. ) );
#3855 =( LENGTH_UNIT ( ) NAMED_UNIT ( * ) SI_UNIT ( .MILLI., .METRE. ) );
#3856 = ORIENTED_EDGE ( 'NONE', *, *, #3065, .T. ) ;
#3857 = ORIENTED_EDGE ( 'NONE', *, *, #2892, .F. ) ;
#3858 =( NAMED_UNIT ( * ) PLANE_ANGLE_UNIT ( ) SI_UNIT ( $, .RADIAN. ) );
#3859 = PRESENTATION_LAYER_ASSIGNMENT (  '', '', ( #3511 ) ) ;
#3860 = VECTOR ( 'NONE', #2557, 999.9999999999998863 ) ;
#3861 = CARTESIAN_POINT ( 'NONE',  ( -1.866000000000000547, -3.048000000000000487, 0.5649999999999999467 ) ) ;
#3862 = VERTEX_POINT ( 'NONE', #1412 ) ;
#3863 = CARTESIAN_POINT ( 'NONE',  ( 0.000000000000000000, 0.000000000000000000, 1.143000000000000016 ) ) ;
#3864 = VERTEX_POINT ( 'NONE', #1109 ) ;
#3865 = SURFACE_STYLE_USAGE ( .BOTH. , #2543 ) ;
#3866 = EDGE_CURVE ( 'NONE', #2662, #3095, #3561, .T. ) ;
#3867 =( NAMED_UNIT ( * ) PLANE_ANGLE_UNIT ( ) SI_UNIT ( $, .RADIAN. ) );
#3868 = ORIENTED_EDGE ( 'NONE', *, *, #2133, .F. ) ;
#3869 = CYLINDRICAL_SURFACE ( 'NONE', #3304, 0.1499999999999999667 ) ;
#3870 = EDGE_CURVE ( 'NONE', #1722, #609, #2591, .T. ) ;
#3871 = FILL_AREA_STYLE_COLOUR ( '', #2633 ) ;
#3872 = CARTESIAN_POINT ( 'NONE',  ( -3.302000000000000490, -2.921488829414795596, -0.5522703633901443476 ) ) ;
#3873 = VECTOR ( 'NONE', #3180, 1000.000000000000000 ) ;
#3874 = CARTESIAN_POINT ( 'NONE',  ( 3.036357269115276036, -3.047991046094877365, 0.5650851907166247745 ) ) ;
#3875 = VECTOR ( 'NONE', #226, 1000.000000000000000 ) ;
#3876 = CARTESIAN_POINT ( 'NONE',  ( -3.168493832929151655, 3.047226045094991065, -0.6276363109423306330 ) ) ;
#3877 = COLOUR_RGB ( '',0.8039215686274510109, 0.8039215686274510109, 0.8039215686274510109 ) ;
#3878 = DIRECTION ( 'NONE',  ( 0.000000000000000000, 0.000000000000000000, -1.000000000000000000 ) ) ;
#3879 = VERTEX_POINT ( 'NONE', #949 ) ;
#3880 =( LENGTH_UNIT ( ) NAMED_UNIT ( * ) SI_UNIT ( .MILLI., .METRE. ) );
#3881 = AXIS2_PLACEMENT_3D ( 'NONE', #2962, #2636, #2877 ) ;
#3882 = CIRCLE ( 'NONE', #991, 0.5000000000000004441 ) ;
#3883 = CARTESIAN_POINT ( 'NONE',  ( 3.088102213680336217, -3.048000000000000487, 0.05708565997091116090 ) ) ;
#3884 = ORIENTED_EDGE ( 'NONE', *, *, #3320, .F. ) ;
#3885 = SURFACE_SIDE_STYLE ('',( #2610 ) ) ;
#3886 = COLOUR_RGB ( '',0.2862745098039215508, 0.2862745098039215508, 0.2862745098039215508 ) ;
#3887 = COLOUR_RGB ( '',0.8039215686274510109, 0.8039215686274510109, 0.8039215686274510109 ) ;
#3888 = SURFACE_STYLE_USAGE ( .BOTH. , #2614 ) ;
#3889 = EDGE_LOOP ( 'NONE', ( #1246, #2025, #491, #3005, #120, #243 ) ) ;
#3890 = CARTESIAN_POINT ( 'NONE',  ( -2.705999999999999961, -4.284686821612380569, 0.3223472536785179643 ) ) ;
#3891 = DIRECTION ( 'NONE',  ( -0.000000000000000000, -1.000000000000000000, 0.000000000000000000 ) ) ;
#3892 = MECHANICAL_DESIGN_GEOMETRIC_PRESENTATION_REPRESENTATION (  '', ( #479 ), #1654 ) ;
#3893 = SURFACE_STYLE_USAGE ( .BOTH. , #1642 ) ;
#3894 = LINE ( 'NONE', #1393, #3357 ) ;
#3895 = VERTEX_POINT ( 'NONE', #311 ) ;
#3896 = ADVANCED_FACE ( 'NONE', ( #2498 ), #1897, .T. ) ;
#3897 = STYLED_ITEM ( 'NONE', ( #1743 ), #3629 ) ;
#3898 = CARTESIAN_POINT ( 'NONE',  ( 0.4199999999999993738, -3.048000000000000487, 0.5649999999999999467 ) ) ;
#3899 = CARTESIAN_POINT ( 'NONE',  ( 3.301999999999999602, 2.892022363760335057, -0.5429999999999942650 ) ) ;
#3900 = SURFACE_STYLE_USAGE ( .BOTH. , #193 ) ;
#3901 = DIRECTION ( 'NONE',  ( -1.000000000000000000, -0.000000000000000000, -0.000000000000000000 ) ) ;
#3902 = CIRCLE ( 'NONE', #3246, 0.2500000000000002776 ) ;
#3903 = CARTESIAN_POINT ( 'NONE',  ( -1.866000000000000547, -5.019989009089125709, -0.4167877281606726658 ) ) ;
#3904 = ORIENTED_EDGE ( 'NONE', *, *, #145, .T. ) ;
#3905 = LINE ( 'NONE', #1343, #931 ) ;
#3906 = DIRECTION ( 'NONE',  ( 1.000000000000000000, -0.000000000000000000, -0.000000000000000000 ) ) ;
#3907 = ORIENTED_EDGE ( 'NONE', *, *, #2372, .T. ) ;
#3908 = LINE ( 'NONE', #3564, #2408 ) ;
#3909 = ORIENTED_EDGE ( 'NONE', *, *, #531, .T. ) ;
#3910 = SURFACE_STYLE_FILL_AREA ( #3523 ) ;
#3911 = EDGE_CURVE ( 'NONE', #1010, #1567, #330, .T. ) ;
#3912 = CARTESIAN_POINT ( 'NONE',  ( -0.4200000000000004285, -3.048000000000000487, 0.5649999999999999467 ) ) ;
#3913 = SURFACE_STYLE_USAGE ( .BOTH. , #1794 ) ;
#3914 = ORIENTED_EDGE ( 'NONE', *, *, #2261, .F. ) ;
#3915 =( NAMED_UNIT ( * ) PLANE_ANGLE_UNIT ( ) SI_UNIT ( $, .RADIAN. ) );
#3916 = COLOUR_RGB ( '',0.8039215686274510109, 0.8039215686274510109, 0.8039215686274510109 ) ;
#3917 = ORIENTED_EDGE ( 'NONE', *, *, #3045, .T. ) ;
#3918 = EDGE_CURVE ( 'NONE', #3589, #3186, #3972, .T. ) ;
#3919 = PLANE ( 'NONE',  #3688 ) ;
#3920 = ORIENTED_EDGE ( 'NONE', *, *, #432, .F. ) ;
#3921 = COLOUR_RGB ( '',0.8039215686274510109, 0.8039215686274510109, 0.8039215686274510109 ) ;
#3922 = SURFACE_STYLE_USAGE ( .BOTH. , #2652 ) ;
#3923 = EDGE_CURVE ( 'NONE', #2156, #296, #1816, .T. ) ;
#3924 = AXIS2_PLACEMENT_3D ( 'NONE', #1660, #3170, #2860 ) ;
#3925 = SURFACE_STYLE_USAGE ( .BOTH. , #2976 ) ;
#3926 = DIRECTION ( 'NONE',  ( 1.000000000000000000, -1.347951312663287111E-16, 0.000000000000000000 ) ) ;
#3927 = ORIENTED_EDGE ( 'NONE', *, *, #3460, .F. ) ;
#3928 = SURFACE_SIDE_STYLE ('',( #2700 ) ) ;
#3929 = CARTESIAN_POINT ( 'NONE',  ( 3.236941986628699475, -2.985867965644035671, 0.07598564988227445027 ) ) ;
#3930 = ORIENTED_EDGE ( 'NONE', *, *, #2535, .F. ) ;
#3931 = ORIENTED_EDGE ( 'NONE', *, *, #3715, .F. ) ;
#3932 = DIRECTION ( 'NONE',  ( -1.000000000000000000, -0.000000000000000000, -0.000000000000000000 ) ) ;
#3933 =( LENGTH_UNIT ( ) NAMED_UNIT ( * ) SI_UNIT ( .MILLI., .METRE. ) );
#3934 = PLANE ( 'NONE',  #1443 ) ;
#3935 = CARTESIAN_POINT ( 'NONE',  ( 2.669999999999999929, 3.047999999999999599, -0.6349999999999998979 ) ) ;
#3936 = EDGE_LOOP ( 'NONE', ( #1727, #3430, #2590, #2815 ) ) ;
#3937 = CARTESIAN_POINT ( 'NONE',  ( -3.302000000000000934, -3.048000000000000487, 1.143000000000000016 ) ) ;
#3938 = PRESENTATION_LAYER_ASSIGNMENT (  '', '', ( #4006 ) ) ;
#3939 = CARTESIAN_POINT ( 'NONE',  ( -3.138911937002645036, 2.861124669697638900, 1.008679269490146968 ) ) ;
#3940 = PRESENTATION_STYLE_ASSIGNMENT (( #1740 ) ) ;
#3941 =( GEOMETRIC_REPRESENTATION_CONTEXT ( 3 ) GLOBAL_UNCERTAINTY_ASSIGNED_CONTEXT ( ( #2811 ) ) GLOBAL_UNIT_ASSIGNED_CONTEXT ( ( #4029, #1213, #1600 ) ) REPRESENTATION_CONTEXT ( 'NONE', 'WORKASPACE' ) );
#3942 = EDGE_CURVE ( 'NONE', #1716, #2170, #1493, .T. ) ;
#3943 = COLOUR_RGB ( '',0.2862745098039215508, 0.2862745098039215508, 0.2862745098039215508 ) ;
#3944 = SURFACE_SIDE_STYLE ('',( #1485 ) ) ;
#3945 = ORIENTED_EDGE ( 'NONE', *, *, #1300, .T. ) ;
#3946 =( LENGTH_UNIT ( ) NAMED_UNIT ( * ) SI_UNIT ( .MILLI., .METRE. ) );
#3947 = UNCERTAINTY_MEASURE_WITH_UNIT (LENGTH_MEASURE( 1.000000000000000082E-05 ), #2073, 'distance_accuracy_value', 'NONE');
#3948 = ORIENTED_EDGE ( 'NONE', *, *, #1838, .F. ) ;
#3949 = SURFACE_STYLE_FILL_AREA ( #2682 ) ;
#3950 = VERTEX_POINT ( 'NONE', #1327 ) ;
#3951 = DIRECTION ( 'NONE',  ( 0.1039620511844909778, 0.1039620511844911027, -0.9891328443778552026 ) ) ;
#3952 = CARTESIAN_POINT ( 'NONE',  ( 2.705999999999999073, -3.856000000000000316, 0.5649999999999999467 ) ) ;
#3953 = EDGE_CURVE ( 'NONE', #1986, #3097, #2904, .T. ) ;
#3954 = VECTOR ( 'NONE', #1669, 1000.000000000000000 ) ;
#3955 = SURFACE_STYLE_USAGE ( .BOTH. , #3408 ) ;
#3956 = SURFACE_SIDE_STYLE ('',( #1431 ) ) ;
#3957 = CARTESIAN_POINT ( 'NONE',  ( 3.124794259342080771, 2.875242347358203610, 1.008679269490146968 ) ) ;
#3958 = EDGE_LOOP ( 'NONE', ( #1763, #1263, #681, #257 ) ) ;
#3959 = SURFACE_STYLE_FILL_AREA ( #1156 ) ;
#3960 = CARTESIAN_POINT ( 'NONE',  ( -3.184722791630879790, -2.898000000000000576, 0.5728181025976852858 ) ) ;
#3961 = COLOUR_RGB ( '',0.9607843137254902244, 0.9607843137254902244, 0.9607843137254902244 ) ;
#3962 = LINE ( 'NONE', #254, #272 ) ;
#3963 = CARTESIAN_POINT ( 'NONE',  ( 2.413000000000000700, 3.047999999999999599, -1.143000000000000016 ) ) ;
#3964 = LINE ( 'NONE', #3574, #3540 ) ;
#3965 = VECTOR ( 'NONE', #1173, 1000.000000000000000 ) ;
#3966 = DIRECTION ( 'NONE',  ( 4.098094675116482653E-16, 1.000000000000000000, -0.000000000000000000 ) ) ;
#3967 = CARTESIAN_POINT ( 'NONE',  ( 2.989733652697406097, -3.001367429677006982, 1.008679269490146968 ) ) ;
#3968 = ORIENTED_EDGE ( 'NONE', *, *, #2447, .T. ) ;
#3969 =( NAMED_UNIT ( * ) PLANE_ANGLE_UNIT ( ) SI_UNIT ( $, .RADIAN. ) );
#3970 = CARTESIAN_POINT ( 'NONE',  ( 2.989733652697404320, 2.726064063052962450, 0.9929999999999999938 ) ) ;
#3971 = EDGE_CURVE ( 'NONE', #3248, #1716, #3040, .T. ) ;
#3972 = CIRCLE ( 'NONE', #1270, 0.1499999999999999389 ) ;
#3973 = EDGE_CURVE ( 'NONE', #615, #2095, #3503, .T. ) ;
#3974 = EDGE_LOOP ( 'NONE', ( #3808, #3616, #4062, #2984 ) ) ;
#3975 = SURFACE_SIDE_STYLE ('',( #476 ) ) ;
#3976 = ORIENTED_EDGE ( 'NONE', *, *, #3052, .T. ) ;
#3977 =( NAMED_UNIT ( * ) SI_UNIT ( $, .STERADIAN. ) SOLID_ANGLE_UNIT ( ) );
#3978 = EDGE_CURVE ( 'NONE', #325, #3807, #3251, .T. ) ;
#3979 = CARTESIAN_POINT ( 'NONE',  ( 3.301999999999999602, 2.897999999999999687, -0.6349999999999998979 ) ) ;
#3980 = DIRECTION ( 'NONE',  ( 0.000000000000000000, -1.000000000000000000, 0.000000000000000000 ) ) ;
#3981 = FILL_AREA_STYLE_COLOUR ( '', #2546 ) ;
#3982 = FACE_OUTER_BOUND ( 'NONE', #3548, .T. ) ;
#3983 = SURFACE_SIDE_STYLE ('',( #2062 ) ) ;
#3984 = EDGE_LOOP ( 'NONE', ( #81, #3845 ) ) ;
#3985 =( GEOMETRIC_REPRESENTATION_CONTEXT ( 3 ) GLOBAL_UNCERTAINTY_ASSIGNED_CONTEXT ( ( #908 ) ) GLOBAL_UNIT_ASSIGNED_CONTEXT ( ( #722, #1512, #1278 ) ) REPRESENTATION_CONTEXT ( 'NONE', 'WORKASPACE' ) );
#3986 = CARTESIAN_POINT ( 'NONE',  ( -3.124794259342080771, -3.001367429677006982, 1.008679269490146968 ) ) ;
#3987 =( NAMED_UNIT ( * ) PLANE_ANGLE_UNIT ( ) SI_UNIT ( $, .RADIAN. ) );
#3988 = VECTOR ( 'NONE', #1860, 1000.000000000000000 ) ;
#3989 =( LENGTH_UNIT ( ) NAMED_UNIT ( * ) SI_UNIT ( .MILLI., .METRE. ) );
#3990 = UNCERTAINTY_MEASURE_WITH_UNIT (LENGTH_MEASURE( 1.000000000000000082E-05 ), #498, 'distance_accuracy_value', 'NONE');
#3991 = CARTESIAN_POINT ( 'NONE',  ( 2.413000000000000700, 3.047999999999999599, -0.6349999999999998979 ) ) ;
#3992 = ORIENTED_EDGE ( 'NONE', *, *, #554, .F. ) ;
#3993 = VECTOR ( 'NONE', #1632, 1000.000000000000000 ) ;
#3994 = DIRECTION ( 'NONE',  ( 0.000000000000000000, 0.1045284632676467956, -0.9945218953682740670 ) ) ;
#3995 = CARTESIAN_POINT ( 'NONE',  ( -2.669999999999999929, 4.063999999999999169, -0.6349999999999998979 ) ) ;
#3996 = EDGE_CURVE ( 'NONE', #2452, #2662, #1973, .T. ) ;
#3997 = CARTESIAN_POINT ( 'NONE',  ( 2.413000000000000700, 3.047999999999999599, -0.6349999999999998979 ) ) ;
#3998 = SURFACE_STYLE_USAGE ( .BOTH. , #2723 ) ;
#3999 = CARTESIAN_POINT ( 'NONE',  ( 3.158769632276050121, 3.047885408314828570, -0.6339097329438623252 ) ) ;
#4000 = CARTESIAN_POINT ( 'NONE',  ( 2.705999999999999073, -4.284686821612380569, 0.3223472536785175757 ) ) ;
#4001 = ORIENTED_EDGE ( 'NONE', *, *, #2517, .F. ) ;
#4002 = DIRECTION ( 'NONE',  ( 0.000000000000000000, 0.000000000000000000, -1.000000000000000000 ) ) ;
#4003 =( NAMED_UNIT ( * ) SI_UNIT ( $, .STERADIAN. ) SOLID_ANGLE_UNIT ( ) );
#4004 = ADVANCED_FACE ( 'NONE', ( #1291 ), #2199, .T. ) ;
#4005 = SURFACE_STYLE_USAGE ( .BOTH. , #2083 ) ;
#4006 = STYLED_ITEM ( 'NONE', ( #1741 ), #1454 ) ;
#4007 =( NAMED_UNIT ( * ) PLANE_ANGLE_UNIT ( ) SI_UNIT ( $, .RADIAN. ) );
#4008 = COLOUR_RGB ( '',0.2862745098039215508, 0.2862745098039215508, 0.2862745098039215508 ) ;
#4009 = AXIS2_PLACEMENT_3D ( 'NONE', #1407, #752, #2281 ) ;
#4010 = PLANE ( 'NONE',  #3924 ) ;
#4011 = SURFACE_STYLE_FILL_AREA ( #1489 ) ;
#4012 = AXIS2_PLACEMENT_3D ( 'NONE', #3970, #1724, #2980 ) ;
#4013 = MECHANICAL_DESIGN_GEOMETRIC_PRESENTATION_REPRESENTATION (  '', ( #270 ), #3293 ) ;
#4014 = VECTOR ( 'NONE', #582, 1000.000000000000000 ) ;
#4015 = ORIENTED_EDGE ( 'NONE', *, *, #2497, .F. ) ;
#4016 = PRESENTATION_STYLE_ASSIGNMENT (( #891 ) ) ;
#4017 = VECTOR ( 'NONE', #2381, 1000.000000000000000 ) ;
#4018 = DIRECTION ( 'NONE',  ( -0.000000000000000000, 1.000000000000000000, 0.000000000000000000 ) ) ;
#4019 = EDGE_CURVE ( 'NONE', #4039, #720, #1392, .T. ) ;
#4020 = CYLINDRICAL_SURFACE ( 'NONE', #566, 0.1499999999999999389 ) ;
#4021 = FILL_AREA_STYLE ('',( #1501 ) ) ;
#4022 = EDGE_LOOP ( 'NONE', ( #2641, #2577, #2208, #3492, #1129, #1342, #1282, #2263, #1925, #1854 ) ) ;
#4023 = LINE ( 'NONE', #1207, #3204 ) ;
#4024 =( LENGTH_UNIT ( ) NAMED_UNIT ( * ) SI_UNIT ( .MILLI., .METRE. ) );
#4025 = EDGE_CURVE ( 'NONE', #2468, #2452, #1497, .T. ) ;
#4026 = DIRECTION ( 'NONE',  ( -0.000000000000000000, 1.000000000000000000, 1.615094851542735134E-16 ) ) ;
#4027 = ORIENTED_EDGE ( 'NONE', *, *, #2034, .T. ) ;
#4028 =( NAMED_UNIT ( * ) SI_UNIT ( $, .STERADIAN. ) SOLID_ANGLE_UNIT ( ) );
#4029 =( LENGTH_UNIT ( ) NAMED_UNIT ( * ) SI_UNIT ( .MILLI., .METRE. ) );
#4030 = PRESENTATION_LAYER_ASSIGNMENT (  '', '', ( #2630 ) ) ;
#4031 = UNCERTAINTY_MEASURE_WITH_UNIT (LENGTH_MEASURE( 1.000000000000000082E-05 ), #3112, 'distance_accuracy_value', 'NONE');
#4032 = CYLINDRICAL_SURFACE ( 'NONE', #986, 0.2500000000000002776 ) ;
#4033 = ORIENTED_EDGE ( 'NONE', *, *, #1050, .F. ) ;
#4034 = PRESENTATION_LAYER_ASSIGNMENT (  '', '', ( #1734 ) ) ;
#4035 = FILL_AREA_STYLE_COLOUR ( '', #3064 ) ;
#4036 = PRESENTATION_STYLE_ASSIGNMENT (( #1852 ) ) ;
#4037 = DIRECTION ( 'NONE',  ( 0.000000000000000000, -1.000000000000000000, -1.615094851542735134E-16 ) ) ;
#4038 = SURFACE_STYLE_USAGE ( .BOTH. , #1254 ) ;
#4039 = VERTEX_POINT ( 'NONE', #1839 ) ;
#4040 = DIRECTION ( 'NONE',  ( 0.000000000000000000, 1.000000000000000000, 0.000000000000000000 ) ) ;
#4041 = CARTESIAN_POINT ( 'NONE',  ( -3.158769632276049677, 3.047885408314828570, -0.6339097329438627693 ) ) ;
#4042 =( NAMED_UNIT ( * ) SI_UNIT ( $, .STERADIAN. ) SOLID_ANGLE_UNIT ( ) );
#4043 = LINE ( 'NONE', #583, #3988 ) ;
#4044 = PRESENTATION_STYLE_ASSIGNMENT (( #2807 ) ) ;
#4045 = VERTEX_POINT ( 'NONE', #2441 ) ;
#4046 = VERTEX_POINT ( 'NONE', #920 ) ;
#4047 = UNCERTAINTY_MEASURE_WITH_UNIT (LENGTH_MEASURE( 1.000000000000000082E-05 ), #2143, 'distance_accuracy_value', 'NONE');
#4048 = EDGE_CURVE ( 'NONE', #2350, #3950, #2145, .T. ) ;
#4049 = DIRECTION ( 'NONE',  ( 0.000000000000000000, 0.000000000000000000, 1.000000000000000000 ) ) ;
#4050 = FILL_AREA_STYLE_COLOUR ( '', #3681 ) ;
#4051 = CARTESIAN_POINT ( 'NONE',  ( -2.380133652697403956, -2.242589145371766790, 1.143000000000000016 ) ) ;
#4052 = ORIENTED_EDGE ( 'NONE', *, *, #3662, .F. ) ;
#4053 = MECHANICAL_DESIGN_GEOMETRIC_PRESENTATION_REPRESENTATION (  '', ( #564 ), #1157 ) ;
#4054 = EDGE_CURVE ( 'NONE', #1211, #2148, #3497, .T. ) ;
#4055 = AXIS2_PLACEMENT_3D ( 'NONE', #827, #2077, #210 ) ;
#4056 = AXIS2_PLACEMENT_3D ( 'NONE', #1978, #2553, #3509 ) ;
#4057 = FILL_AREA_STYLE_COLOUR ( '', #2751 ) ;
#4058 = VERTEX_POINT ( 'NONE', #1556 ) ;
#4059 = DIRECTION ( 'NONE',  ( -1.000000000000000000, -0.000000000000000000, -0.000000000000000000 ) ) ;
#4060 = STYLED_ITEM ( 'NONE', ( #2149 ), #3434 ) ;
#4061 = DIRECTION ( 'NONE',  ( 0.9945218953682740670, 0.000000000000000000, 0.1045284632676466569 ) ) ;
#4062 = ORIENTED_EDGE ( 'NONE', *, *, #618, .F. ) ;
#4063 = CYLINDRICAL_SURFACE ( 'NONE', #205, 0.2500000000000002776 ) ;
#4064 = SURFACE_STYLE_FILL_AREA ( #638 ) ;
#4065 = FILL_AREA_STYLE ('',( #3134 ) ) ;
#4066 = DIRECTION ( 'NONE',  ( 0.9945218953682740670, 0.000000000000000000, 0.1045284632676466569 ) ) ;
#4067 = PLANE ( 'NONE',  #2742 ) ;
#4068 = ORIENTED_EDGE ( 'NONE', *, *, #1858, .F. ) ;
#4069 = UNCERTAINTY_MEASURE_WITH_UNIT (LENGTH_MEASURE( 1.000000000000000082E-05 ), #3267, 'distance_accuracy_value', 'NONE');
#4070 = PRESENTATION_LAYER_ASSIGNMENT (  '', '', ( #3212 ) ) ;
#4071 = PLANE ( 'NONE',  #2299 ) ;
#4072 = ADVANCED_FACE ( 'NONE', ( #1667 ), #455, .F. ) ;
#4073 = ORIENTED_EDGE ( 'NONE', *, *, #2865, .F. ) ;
#4074 =( LENGTH_UNIT ( ) NAMED_UNIT ( * ) SI_UNIT ( .MILLI., .METRE. ) );
#4075 = AXIS2_PLACEMENT_3D ( 'NONE', #1953, #2908, #2570 ) ;
#4076 = FILL_AREA_STYLE_COLOUR ( '', #3672 ) ;
#4077 = SURFACE_STYLE_FILL_AREA ( #1553 ) ;
#4078 = ORIENTED_EDGE ( 'NONE', *, *, #826, .T. ) ;
#4079 = MANIFOLD_SOLID_BREP ( 'Chamfer1', #2495 ) ;
ENDSEC;
END-ISO-10303-21;
