ISO-10303-21;
HEADER;
FILE_DESCRIPTION((''),'2;1');
FILE_NAME('PRT0135','2021-07-22T',('eng604'),(''),
'PRO/ENGINEER BY PARAMETRIC TECHNOLOGY CORPORATION, 2014000',
'PRO/ENGINEER BY PARAMETRIC TECHNOLOGY CORPORATION, 2014000','');
FILE_SCHEMA(('CONFIG_CONTROL_DESIGN'));
ENDSEC;
DATA;
#20=CARTESIAN_POINT('',(-1.324120394079E1,-3.341203919916E0,8.5E0));
#21=DIRECTION('',(0.E0,0.E0,-1.E0));
#22=DIRECTION('',(-5.329070518201E-14,-1.E0,0.E0));
#23=AXIS2_PLACEMENT_3D('',#20,#21,#22);
#25=CARTESIAN_POINT('',(-1.324120394079E1,3.341203919916E0,8.5E0));
#26=DIRECTION('',(0.E0,0.E0,-1.E0));
#27=DIRECTION('',(-1.E0,-2.753353101070E-13,0.E0));
#28=AXIS2_PLACEMENT_3D('',#25,#26,#27);
#30=CARTESIAN_POINT('',(1.324120394079E1,3.341203919916E0,8.5E0));
#31=DIRECTION('',(0.E0,0.E0,-1.E0));
#32=DIRECTION('',(-8.881784197001E-14,1.E0,0.E0));
#33=AXIS2_PLACEMENT_3D('',#30,#31,#32);
#35=CARTESIAN_POINT('',(1.324120394079E1,-3.341203919916E0,8.5E0));
#36=DIRECTION('',(0.E0,0.E0,-1.E0));
#37=DIRECTION('',(1.E0,3.641531520770E-13,0.E0));
#38=AXIS2_PLACEMENT_3D('',#35,#36,#37);
#40=DIRECTION('',(0.E0,-1.E0,0.E0));
#41=VECTOR('',#40,1.52068022E0);
#42=CARTESIAN_POINT('',(-1.290761881546E1,1.6079822E-1,8.5E0));
#43=LINE('',#42,#41);
#44=DIRECTION('',(1.E0,0.E0,0.E0));
#45=VECTOR('',#44,1.426998138430E0);
#46=CARTESIAN_POINT('',(-1.290761881546E1,-1.359882E0,8.5E0));
#47=LINE('',#46,#45);
#48=DIRECTION('',(0.E0,1.E0,0.E0));
#49=VECTOR('',#48,1.52068022E0);
#50=CARTESIAN_POINT('',(-1.148062067703E1,-1.359882E0,8.5E0));
#51=LINE('',#50,#49);
#52=DIRECTION('',(-1.E0,0.E0,0.E0));
#53=VECTOR('',#52,1.426998138430E0);
#54=CARTESIAN_POINT('',(-1.148062067703E1,1.6079822E-1,8.5E0));
#55=LINE('',#54,#53);
#56=DIRECTION('',(0.E0,1.E0,0.E0));
#57=VECTOR('',#56,1.52068022E0);
#58=CARTESIAN_POINT('',(1.291938084884E1,-1.359882E0,8.5E0));
#59=LINE('',#58,#57);
#60=DIRECTION('',(-1.E0,0.E0,0.E0));
#61=VECTOR('',#60,1.627002716060E0);
#62=CARTESIAN_POINT('',(1.291938084884E1,1.6079822E-1,8.5E0));
#63=LINE('',#62,#61);
#64=DIRECTION('',(0.E0,-1.E0,0.E0));
#65=VECTOR('',#64,1.52068022E0);
#66=CARTESIAN_POINT('',(1.129237813278E1,1.6079822E-1,8.5E0));
#67=LINE('',#66,#65);
#68=DIRECTION('',(1.E0,0.E0,0.E0));
#69=VECTOR('',#68,1.627002716060E0);
#70=CARTESIAN_POINT('',(1.129237813278E1,-1.359882E0,8.5E0));
#71=LINE('',#70,#69);
#72=DIRECTION('',(0.E0,1.E0,0.E0));
#73=VECTOR('',#72,1.52068022E0);
#74=CARTESIAN_POINT('',(1.051937932297E1,-1.359882E0,8.5E0));
#75=LINE('',#74,#73);
#76=DIRECTION('',(-1.E0,0.E0,0.E0));
#77=VECTOR('',#76,1.626998901370E0);
#78=CARTESIAN_POINT('',(1.051937932297E1,1.6079822E-1,8.5E0));
#79=LINE('',#78,#77);
#80=DIRECTION('',(0.E0,-1.E0,0.E0));
#81=VECTOR('',#80,1.52068022E0);
#82=CARTESIAN_POINT('',(8.892380421600E0,1.6079822E-1,8.5E0));
#83=LINE('',#82,#81);
#84=DIRECTION('',(1.E0,0.E0,0.E0));
#85=VECTOR('',#84,1.626998901370E0);
#86=CARTESIAN_POINT('',(8.892380421600E0,-1.359882E0,8.5E0));
#87=LINE('',#86,#85);
#88=DIRECTION('',(0.E0,1.E0,0.E0));
#89=VECTOR('',#88,1.52068022E0);
#90=CARTESIAN_POINT('',(-6.806214399800E-1,-1.359882E0,8.5E0));
#91=LINE('',#90,#89);
#92=DIRECTION('',(-1.E0,0.E0,0.E0));
#93=VECTOR('',#92,1.426998138420E0);
#94=CARTESIAN_POINT('',(-6.806214399800E-1,1.6079822E-1,8.5E0));
#95=LINE('',#94,#93);
#96=DIRECTION('',(0.E0,-1.E0,0.E0));
#97=VECTOR('',#96,1.52068022E0);
#98=CARTESIAN_POINT('',(-2.107619578400E0,1.6079822E-1,8.5E0));
#99=LINE('',#98,#97);
#100=DIRECTION('',(1.E0,0.E0,0.E0));
#101=VECTOR('',#100,1.426998138420E0);
#102=CARTESIAN_POINT('',(-2.107619578400E0,-1.359882E0,8.5E0));
#103=LINE('',#102,#101);
#104=DIRECTION('',(0.E0,1.E0,0.E0));
#105=VECTOR('',#104,1.52068022E0);
#106=CARTESIAN_POINT('',(-4.280619914100E0,-1.359882E0,8.5E0));
#107=LINE('',#106,#105);
#108=DIRECTION('',(-1.E0,0.E0,0.E0));
#109=VECTOR('',#108,1.427001953120E0);
#110=CARTESIAN_POINT('',(-4.280619914100E0,1.6079822E-1,8.5E0));
#111=LINE('',#110,#109);
#112=DIRECTION('',(0.E0,-1.E0,0.E0));
#113=VECTOR('',#112,1.52068022E0);
#114=CARTESIAN_POINT('',(-5.707621867220E0,1.6079822E-1,8.5E0));
#115=LINE('',#114,#113);
#116=DIRECTION('',(1.E0,0.E0,0.E0));
#117=VECTOR('',#116,1.427001953120E0);
#118=CARTESIAN_POINT('',(-5.707621867220E0,-1.359882E0,8.5E0));
#119=LINE('',#118,#117);
#120=DIRECTION('',(0.E0,1.E0,0.E0));
#121=VECTOR('',#120,1.52068022E0);
#122=CARTESIAN_POINT('',(-7.880622202910E0,-1.359882E0,8.5E0));
#123=LINE('',#122,#121);
#124=DIRECTION('',(-1.E0,0.E0,0.E0));
#125=VECTOR('',#124,1.426998138430E0);
#126=CARTESIAN_POINT('',(-7.880622202910E0,1.6079822E-1,8.5E0));
#127=LINE('',#126,#125);
#128=DIRECTION('',(0.E0,-1.E0,0.E0));
#129=VECTOR('',#128,1.52068022E0);
#130=CARTESIAN_POINT('',(-9.307620341340E0,1.6079822E-1,8.5E0));
#131=LINE('',#130,#129);
#132=DIRECTION('',(1.E0,0.E0,0.E0));
#133=VECTOR('',#132,1.426998138430E0);
#134=CARTESIAN_POINT('',(-9.307620341340E0,-1.359882E0,8.5E0));
#135=LINE('',#134,#133);
#136=CARTESIAN_POINT('',(-1.324120394079E1,-3.341203919916E0,6.5E0));
#137=DIRECTION('',(0.E0,0.E0,1.E0));
#138=DIRECTION('',(-1.E0,1.776356839400E-13,0.E0));
#139=AXIS2_PLACEMENT_3D('',#136,#137,#138);
#141=CARTESIAN_POINT('',(1.324120394079E1,-3.341203919916E0,6.5E0));
#142=DIRECTION('',(0.E0,0.E0,1.E0));
#143=DIRECTION('',(1.776356839400E-14,-1.E0,0.E0));
#144=AXIS2_PLACEMENT_3D('',#141,#142,#143);
#146=CARTESIAN_POINT('',(1.324120394079E1,3.341203919916E0,6.5E0));
#147=DIRECTION('',(0.E0,0.E0,1.E0));
#148=DIRECTION('',(1.E0,-4.440892098501E-13,0.E0));
#149=AXIS2_PLACEMENT_3D('',#146,#147,#148);
#151=CARTESIAN_POINT('',(-1.324120394079E1,3.341203919916E0,6.5E0));
#152=DIRECTION('',(0.E0,0.E0,1.E0));
#153=DIRECTION('',(0.E0,1.E0,0.E0));
#154=AXIS2_PLACEMENT_3D('',#151,#152,#153);
#156=DIRECTION('',(0.E0,1.E0,0.E0));
#157=VECTOR('',#156,1.52068022E0);
#158=CARTESIAN_POINT('',(-1.290761881546E1,-1.359882E0,6.5E0));
#159=LINE('',#158,#157);
#160=DIRECTION('',(1.E0,0.E0,0.E0));
#161=VECTOR('',#160,1.474686798618E0);
#162=CARTESIAN_POINT('',(-1.290761881546E1,1.6079822E-1,6.5E0));
#163=LINE('',#162,#161);
#164=DIRECTION('',(0.E0,-1.E0,0.E0));
#165=VECTOR('',#164,1.52068022E0);
#166=CARTESIAN_POINT('',(-1.143293201684E1,1.6079822E-1,6.5E0));
#167=LINE('',#166,#165);
#168=DIRECTION('',(-1.E0,0.E0,0.E0));
#169=VECTOR('',#168,1.474686798618E0);
#170=CARTESIAN_POINT('',(-1.143293201684E1,-1.359882E0,6.5E0));
#171=LINE('',#170,#169);
#172=DIRECTION('',(0.E0,-1.E0,0.E0));
#173=VECTOR('',#172,1.52068022E0);
#174=CARTESIAN_POINT('',(1.291938084884E1,1.6079822E-1,6.5E0));
#175=LINE('',#174,#173);
#176=DIRECTION('',(-1.E0,0.E0,0.E0));
#177=VECTOR('',#176,1.674975781662E0);
#178=CARTESIAN_POINT('',(1.291938084884E1,-1.359882E0,6.5E0));
#179=LINE('',#178,#177);
#180=DIRECTION('',(0.E0,1.E0,0.E0));
#181=VECTOR('',#180,1.52068022E0);
#182=CARTESIAN_POINT('',(1.124440506718E1,-1.359882E0,6.5E0));
#183=LINE('',#182,#181);
#184=DIRECTION('',(1.E0,0.E0,0.E0));
#185=VECTOR('',#184,1.674975781662E0);
#186=CARTESIAN_POINT('',(1.124440506718E1,1.6079822E-1,6.5E0));
#187=LINE('',#186,#185);
#188=DIRECTION('',(0.E0,-1.E0,0.E0));
#189=VECTOR('',#188,1.52068022E0);
#190=CARTESIAN_POINT('',(1.056735238856E1,1.6079822E-1,6.5E0));
#191=LINE('',#190,#189);
#192=DIRECTION('',(-1.E0,0.E0,0.E0));
#193=VECTOR('',#192,1.637143532582E0);
#194=CARTESIAN_POINT('',(1.056735238856E1,-1.359882E0,6.5E0));
#195=LINE('',#194,#193);
#196=DIRECTION('',(0.E0,1.E0,0.E0));
#197=VECTOR('',#196,1.52068022E0);
#198=CARTESIAN_POINT('',(8.930208855980E0,-1.359882E0,6.5E0));
#199=LINE('',#198,#197);
#200=DIRECTION('',(1.E0,0.E0,0.E0));
#201=VECTOR('',#200,1.637143532582E0);
#202=CARTESIAN_POINT('',(8.930208855980E0,1.6079822E-1,6.5E0));
#203=LINE('',#202,#201);
#204=DIRECTION('',(0.E0,-1.E0,0.E0));
#205=VECTOR('',#204,1.52068022E0);
#206=CARTESIAN_POINT('',(-6.806214399800E-1,1.6079822E-1,6.5E0));
#207=LINE('',#206,#205);
#208=DIRECTION('',(-1.E0,0.E0,0.E0));
#209=VECTOR('',#208,1.474689727982E0);
#210=CARTESIAN_POINT('',(-6.806214399800E-1,-1.359882E0,6.5E0));
#211=LINE('',#210,#209);
#212=DIRECTION('',(0.E0,1.E0,0.E0));
#213=VECTOR('',#212,1.52068022E0);
#214=CARTESIAN_POINT('',(-2.155311167962E0,-1.359882E0,6.5E0));
#215=LINE('',#214,#213);
#216=DIRECTION('',(1.E0,0.E0,0.E0));
#217=VECTOR('',#216,1.474689727982E0);
#218=CARTESIAN_POINT('',(-2.155311167962E0,1.6079822E-1,6.5E0));
#219=LINE('',#218,#217);
#220=DIRECTION('',(0.E0,-1.E0,0.E0));
#221=VECTOR('',#220,1.52068022E0);
#222=CARTESIAN_POINT('',(-4.232931254188E0,1.6079822E-1,6.5E0));
#223=LINE('',#222,#221);
#224=DIRECTION('',(-1.E0,0.E0,0.E0));
#225=VECTOR('',#224,1.522379537645E0);
#226=CARTESIAN_POINT('',(-4.232931254188E0,-1.359882E0,6.5E0));
#227=LINE('',#226,#225);
#228=DIRECTION('',(0.E0,1.E0,0.E0));
#229=VECTOR('',#228,1.52068022E0);
#230=CARTESIAN_POINT('',(-5.755310791833E0,-1.359882E0,6.5E0));
#231=LINE('',#230,#229);
#232=DIRECTION('',(1.E0,0.E0,0.E0));
#233=VECTOR('',#232,1.522379537645E0);
#234=CARTESIAN_POINT('',(-5.755310791833E0,1.6079822E-1,6.5E0));
#235=LINE('',#234,#233);
#236=DIRECTION('',(0.E0,-1.E0,0.E0));
#237=VECTOR('',#236,1.52068022E0);
#238=CARTESIAN_POINT('',(-7.832930877028E0,1.6079822E-1,6.5E0));
#239=LINE('',#238,#237);
#240=DIRECTION('',(-1.E0,0.E0,0.E0));
#241=VECTOR('',#240,1.522378390665E0);
#242=CARTESIAN_POINT('',(-7.832930877028E0,-1.359882E0,6.5E0));
#243=LINE('',#242,#241);
#244=DIRECTION('',(0.E0,1.E0,0.E0));
#245=VECTOR('',#244,1.52068022E0);
#246=CARTESIAN_POINT('',(-9.355309267692E0,-1.359882E0,6.5E0));
#247=LINE('',#246,#245);
#248=DIRECTION('',(1.E0,0.E0,0.E0));
#249=VECTOR('',#248,1.522378390665E0);
#250=CARTESIAN_POINT('',(-9.355309267692E0,1.6079822E-1,6.5E0));
#251=LINE('',#250,#249);
#252=DIRECTION('',(0.E0,0.E0,1.E0));
#253=VECTOR('',#252,2.E0);
#254=CARTESIAN_POINT('',(-1.324120394079E1,-3.441203919916E0,6.5E0));
#255=LINE('',#254,#253);
#256=DIRECTION('',(1.E0,0.E0,0.E0));
#257=VECTOR('',#256,2.648240788158E1);
#258=CARTESIAN_POINT('',(-1.324120394079E1,-3.441203919916E0,8.5E0));
#259=LINE('',#258,#257);
#260=DIRECTION('',(-1.E0,0.E0,0.E0));
#261=VECTOR('',#260,2.648240788158E1);
#262=CARTESIAN_POINT('',(1.324120394079E1,-3.441203919916E0,6.5E0));
#263=LINE('',#262,#261);
#264=DIRECTION('',(0.E0,0.E0,1.E0));
#265=VECTOR('',#264,2.E0);
#266=CARTESIAN_POINT('',(1.324120394079E1,-3.441203919916E0,6.5E0));
#267=LINE('',#266,#265);
#268=DIRECTION('',(0.E0,0.E0,1.E0));
#269=VECTOR('',#268,2.E0);
#270=CARTESIAN_POINT('',(1.334120394079E1,-3.341203919916E0,6.5E0));
#271=LINE('',#270,#269);
#272=DIRECTION('',(0.E0,1.E0,0.E0));
#273=VECTOR('',#272,6.682407839832E0);
#274=CARTESIAN_POINT('',(1.334120394079E1,-3.341203919916E0,8.5E0));
#275=LINE('',#274,#273);
#276=DIRECTION('',(0.E0,-1.E0,0.E0));
#277=VECTOR('',#276,6.682407839832E0);
#278=CARTESIAN_POINT('',(1.334120394079E1,3.341203919916E0,6.5E0));
#279=LINE('',#278,#277);
#280=DIRECTION('',(0.E0,0.E0,1.E0));
#281=VECTOR('',#280,2.E0);
#282=CARTESIAN_POINT('',(1.334120394079E1,3.341203919916E0,6.5E0));
#283=LINE('',#282,#281);
#284=DIRECTION('',(0.E0,0.E0,1.E0));
#285=VECTOR('',#284,2.E0);
#286=CARTESIAN_POINT('',(1.324120394079E1,3.441203919916E0,6.5E0));
#287=LINE('',#286,#285);
#288=DIRECTION('',(-1.E0,0.E0,0.E0));
#289=VECTOR('',#288,2.648240788158E1);
#290=CARTESIAN_POINT('',(1.324120394079E1,3.441203919916E0,8.5E0));
#291=LINE('',#290,#289);
#292=DIRECTION('',(1.E0,0.E0,0.E0));
#293=VECTOR('',#292,2.648240788158E1);
#294=CARTESIAN_POINT('',(-1.324120394079E1,3.441203919916E0,6.5E0));
#295=LINE('',#294,#293);
#296=DIRECTION('',(0.E0,0.E0,1.E0));
#297=VECTOR('',#296,2.E0);
#298=CARTESIAN_POINT('',(-1.324120394079E1,3.441203919916E0,6.5E0));
#299=LINE('',#298,#297);
#300=DIRECTION('',(0.E0,0.E0,-1.E0));
#301=VECTOR('',#300,2.E0);
#302=CARTESIAN_POINT('',(-1.334120394079E1,-3.341203919916E0,8.5E0));
#303=LINE('',#302,#301);
#304=DIRECTION('',(0.E0,1.E0,0.E0));
#305=VECTOR('',#304,6.682407839832E0);
#306=CARTESIAN_POINT('',(-1.334120394079E1,-3.341203919916E0,6.5E0));
#307=LINE('',#306,#305);
#308=DIRECTION('',(0.E0,0.E0,1.E0));
#309=VECTOR('',#308,2.E0);
#310=CARTESIAN_POINT('',(-1.334120394079E1,3.341203919916E0,6.5E0));
#311=LINE('',#310,#309);
#312=DIRECTION('',(0.E0,-1.E0,0.E0));
#313=VECTOR('',#312,6.682407839832E0);
#314=CARTESIAN_POINT('',(-1.334120394079E1,3.341203919916E0,8.5E0));
#315=LINE('',#314,#313);
#316=DIRECTION('',(0.E0,-1.E0,9.189702786797E-12));
#317=VECTOR('',#316,1.52068022E0);
#318=CARTESIAN_POINT('',(-1.290761881546E1,1.6079822E-1,1.218699989321E1));
#319=LINE('',#318,#317);
#320=CARTESIAN_POINT('',(-4.994134613930E0,1.6079822E-1,1.178836148535E1));
#321=DIRECTION('',(0.E0,1.E0,0.E0));
#322=DIRECTION('',(1.E0,0.E0,7.815985725333E-14));
#323=AXIS2_PLACEMENT_3D('',#320,#321,#322);
#325=CARTESIAN_POINT('',(-4.994134613930E0,1.6079822E-1,1.178836148535E1));
#326=DIRECTION('',(0.E0,1.E0,0.E0));
#327=DIRECTION('',(-1.E0,0.E0,-3.552720784242E-14));
#328=AXIS2_PLACEMENT_3D('',#325,#326,#327);
#330=CARTESIAN_POINT('',(-1.219413545393E1,1.6079822E-1,1.178836148535E1));
#331=DIRECTION('',(0.E0,1.E0,0.E0));
#332=DIRECTION('',(1.E0,0.E0,0.E0));
#333=AXIS2_PLACEMENT_3D('',#330,#331,#332);
#335=CARTESIAN_POINT('',(-1.219413545393E1,1.6079822E-1,1.178836148535E1));
#336=DIRECTION('',(0.E0,1.E0,0.E0));
#337=DIRECTION('',(-1.E0,0.E0,0.E0));
#338=AXIS2_PLACEMENT_3D('',#335,#336,#337);
#340=CARTESIAN_POINT('',(-8.594135033930E0,1.6079822E-1,1.178836148535E1));
#341=DIRECTION('',(0.E0,1.E0,0.E0));
#342=DIRECTION('',(1.E0,0.E0,1.421088313697E-14));
#343=AXIS2_PLACEMENT_3D('',#340,#341,#342);
#345=CARTESIAN_POINT('',(-8.594135033930E0,1.6079822E-1,1.178836148535E1));
#346=DIRECTION('',(0.E0,1.E0,0.E0));
#347=DIRECTION('',(-1.E0,0.E0,-2.842176627394E-14));
#348=AXIS2_PLACEMENT_3D('',#345,#346,#347);
#350=CARTESIAN_POINT('',(-1.394134193930E0,1.6079822E-1,1.178836148535E1));
#351=DIRECTION('',(0.E0,1.E0,0.E0));
#352=DIRECTION('',(1.E0,0.E0,-4.973809097939E-14));
#353=AXIS2_PLACEMENT_3D('',#350,#351,#352);
#355=CARTESIAN_POINT('',(-1.394134193930E0,1.6079822E-1,1.178836148535E1));
#356=DIRECTION('',(0.E0,1.E0,0.E0));
#357=DIRECTION('',(-1.E0,0.E0,0.E0));
#358=AXIS2_PLACEMENT_3D('',#355,#356,#357);
#360=CARTESIAN_POINT('',(9.605861586070E0,1.6079822E-1,1.178836148535E1));
#361=DIRECTION('',(0.E0,1.E0,0.E0));
#362=DIRECTION('',(1.E0,0.E0,1.421088313697E-14));
#363=AXIS2_PLACEMENT_3D('',#360,#361,#362);
#365=CARTESIAN_POINT('',(9.605861586070E0,1.6079822E-1,1.178836148535E1));
#366=DIRECTION('',(0.E0,1.E0,0.E0));
#367=DIRECTION('',(-1.E0,0.E0,0.E0));
#368=AXIS2_PLACEMENT_3D('',#365,#366,#367);
#370=CARTESIAN_POINT('',(2.983380024870E0,1.6079822E-1,-8.950003623880E-1));
#371=DIRECTION('',(0.E0,1.E0,0.E0));
#372=DIRECTION('',(1.E0,0.E0,0.E0));
#373=AXIS2_PLACEMENT_3D('',#370,#371,#372);
#375=CARTESIAN_POINT('',(2.983380024870E0,1.6079822E-1,-8.950003623880E-1));
#376=DIRECTION('',(0.E0,1.E0,0.E0));
#377=DIRECTION('',(-1.E0,0.E0,0.E0));
#378=AXIS2_PLACEMENT_3D('',#375,#376,#377);
#380=CARTESIAN_POINT('',(1.220586146607E1,1.6079822E-1,1.178836148535E1));
#381=DIRECTION('',(0.E0,1.E0,0.E0));
#382=DIRECTION('',(1.E0,0.E0,1.421088313697E-14));
#383=AXIS2_PLACEMENT_3D('',#380,#381,#382);
#385=CARTESIAN_POINT('',(1.220586146607E1,1.6079822E-1,1.178836148535E1));
#386=DIRECTION('',(0.E0,1.E0,0.E0));
#387=DIRECTION('',(-1.E0,0.E0,0.E0));
#388=AXIS2_PLACEMENT_3D('',#385,#386,#387);
#390=DIRECTION('',(-5.005310394428E-8,0.E0,1.E0));
#391=VECTOR('',#390,3.687594012630E0);
#392=CARTESIAN_POINT('',(1.291938084884E1,1.6079822E-1,8.5E0));
#393=LINE('',#392,#391);
#394=CARTESIAN_POINT('',(1.250625516394E1,1.6079822E-1,1.218687522457E1));
#395=DIRECTION('',(0.E0,-1.E0,0.E0));
#396=DIRECTION('',(9.999978352599E-1,0.E0,2.080739169654E-3));
#397=AXIS2_PLACEMENT_3D('',#394,#395,#396);
#399=DIRECTION('',(-9.999999999830E-1,0.E0,-5.825066732328E-6));
#400=VECTOR('',#399,1.200315832698E0);
#401=CARTESIAN_POINT('',(1.250539616574E1,1.6079822E-1,1.259999886656E1));
#402=LINE('',#401,#400);
#403=CARTESIAN_POINT('',(1.130508033306E1,1.6079822E-1,1.259999187464E1));
#404=CARTESIAN_POINT('',(1.130254885668E1,1.6079822E-1,1.259980072722E1));
#405=CARTESIAN_POINT('',(1.129834569106E1,1.6079822E-1,1.259821875344E1));
#406=CARTESIAN_POINT('',(1.129397928159E1,1.6079822E-1,1.259361625604E1));
#407=CARTESIAN_POINT('',(1.129251602761E1,1.6079822E-1,1.258946465088E1));
#408=CARTESIAN_POINT('',(1.129237990390E1,1.6079822E-1,1.258712762523E1));
#410=DIRECTION('',(-4.333418997210E-7,0.E0,-9.999999999999E-1));
#411=VECTOR('',#410,4.087127625228E0);
#412=CARTESIAN_POINT('',(1.129237990390E1,1.6079822E-1,1.258712762523E1));
#413=LINE('',#412,#411);
#414=DIRECTION('',(-1.273483278996E-12,0.E0,1.E0));
#415=VECTOR('',#414,4.086999511723E0);
#416=CARTESIAN_POINT('',(1.051937932297E1,1.6079822E-1,8.5E0));
#417=LINE('',#416,#415);
#418=CARTESIAN_POINT('',(1.050570141185E1,1.6079822E-1,1.258630842788E1));
#419=DIRECTION('',(0.E0,-1.E0,0.E0));
#420=DIRECTION('',(9.987260235546E-1,0.E0,5.046117195228E-2));
#421=AXIS2_PLACEMENT_3D('',#418,#419,#420);
#423=DIRECTION('',(-1.E0,0.E0,-1.332311858677E-9));
#424=VECTOR('',#423,1.199752170171E0);
#425=CARTESIAN_POINT('',(1.050537937438E1,1.6079822E-1,1.260000000123E1));
#426=LINE('',#425,#424);
#427=CARTESIAN_POINT('',(9.305498037710E0,1.6079822E-1,1.218688238444E1));
#428=DIRECTION('',(0.E0,-1.E0,0.E0));
#429=DIRECTION('',(2.845137386772E-4,0.E0,9.999999595260E-1));
#430=AXIS2_PLACEMENT_3D('',#427,#428,#429);
#432=DIRECTION('',(-9.635461944028E-7,0.E0,-9.999999999995E-1));
#433=VECTOR('',#432,3.687311555015E0);
#434=CARTESIAN_POINT('',(8.892383974495E0,1.6079822E-1,1.218731155501E1));
#435=LINE('',#434,#433);
#436=DIRECTION('',(-1.055801055528E-6,0.E0,9.999999999994E-1));
#437=VECTOR('',#436,3.688072646233E0);
#438=CARTESIAN_POINT('',(-6.806214399800E-1,1.6079822E-1,8.5E0));
#439=LINE('',#438,#437);
#440=CARTESIAN_POINT('',(-1.093740621190E0,1.6079822E-1,1.218688173589E1));
#441=DIRECTION('',(0.E0,-1.E0,0.E0));
#442=DIRECTION('',(9.999923986264E-1,0.E0,3.899062641213E-3));
#443=AXIS2_PLACEMENT_3D('',#440,#441,#442);
#445=DIRECTION('',(-1.E0,0.E0,8.089894875738E-9));
#446=VECTOR('',#445,5.998121371544E-1);
#447=CARTESIAN_POINT('',(-1.094619105287E0,1.6079822E-1,1.260000000123E1));
#448=LINE('',#447,#446);
#449=CARTESIAN_POINT('',(-1.694501962290E0,1.6079822E-1,1.218688238444E1));
#450=DIRECTION('',(0.E0,-1.E0,0.E0));
#451=DIRECTION('',(2.845137240796E-4,0.E0,9.999999595260E-1));
#452=AXIS2_PLACEMENT_3D('',#449,#450,#451);
#454=DIRECTION('',(3.625463955424E-13,0.E0,-1.E0));
#455=VECTOR('',#454,3.686999893211E0);
#456=CARTESIAN_POINT('',(-2.107619578401E0,1.6079822E-1,1.218699989321E1));
#457=LINE('',#456,#455);
#458=DIRECTION('',(-5.005296761938E-8,0.E0,1.E0));
#459=VECTOR('',#458,3.687594012668E0);
#460=CARTESIAN_POINT('',(-4.280619914100E0,1.6079822E-1,8.5E0));
#461=LINE('',#460,#459);
#462=CARTESIAN_POINT('',(-4.693745599E0,1.6079822E-1,1.218687522457E1));
#463=DIRECTION('',(0.E0,-1.E0,0.E0));
#464=DIRECTION('',(9.999978352593E-1,0.E0,2.080739445481E-3));
#465=AXIS2_PLACEMENT_3D('',#462,#463,#464);
#467=DIRECTION('',(-1.E0,0.E0,8.268921138426E-9));
#468=VECTOR('',#467,5.998031656190E-1);
#469=CARTESIAN_POINT('',(-4.694619143381E0,1.6079822E-1,1.260000000129E1));
#470=LINE('',#469,#468);
#471=CARTESIAN_POINT('',(-5.294497736320E0,1.6079822E-1,1.218687586853E1));
#472=DIRECTION('',(0.E0,-1.E0,0.E0));
#473=DIRECTION('',(3.003375323289E-4,0.E0,9.999999548987E-1));
#474=AXIS2_PLACEMENT_3D('',#471,#472,#473);
#476=DIRECTION('',(2.707655471338E-13,0.E0,-1.E0));
#477=VECTOR('',#476,3.686999894597E0);
#478=CARTESIAN_POINT('',(-5.707621867221E0,1.6079822E-1,1.218699989460E1));
#479=LINE('',#478,#477);
#480=DIRECTION('',(-5.021175537889E-8,0.E0,1.E0));
#481=VECTOR('',#480,3.687601321162E0);
#482=CARTESIAN_POINT('',(-7.880622202910E0,1.6079822E-1,8.5E0));
#483=LINE('',#482,#481);
#484=CARTESIAN_POINT('',(-8.293741384130E0,1.6079822E-1,1.218688173589E1));
#485=DIRECTION('',(0.E0,-1.E0,0.E0));
#486=DIRECTION('',(9.999978223374E-1,0.E0,2.086940464929E-3));
#487=AXIS2_PLACEMENT_3D('',#484,#485,#486);
#489=DIRECTION('',(-1.E0,0.E0,8.089864253733E-9));
#490=VECTOR('',#489,5.998144075819E-1);
#491=CARTESIAN_POINT('',(-8.294617597799E0,1.6079822E-1,1.260000000123E1));
#492=LINE('',#491,#490);
#493=CARTESIAN_POINT('',(-8.894502725230E0,1.6079822E-1,1.218688238444E1));
#494=DIRECTION('',(0.E0,-1.E0,0.E0));
#495=DIRECTION('',(2.845137241651E-4,0.E0,9.999999595260E-1));
#496=AXIS2_PLACEMENT_3D('',#493,#494,#495);
#498=DIRECTION('',(3.613419224675E-13,0.E0,-1.E0));
#499=VECTOR('',#498,3.686999893211E0);
#500=CARTESIAN_POINT('',(-9.307620341341E0,1.6079822E-1,1.218699989321E1));
#501=LINE('',#500,#499);
#502=DIRECTION('',(-5.063306980566E-8,0.E0,1.E0));
#503=VECTOR('',#502,3.687604290541E0);
#504=CARTESIAN_POINT('',(-1.148062067703E1,1.6079822E-1,8.5E0));
#505=LINE('',#504,#503);
#506=CARTESIAN_POINT('',(-1.189373987208E1,1.6079822E-1,1.218688173016E1));
#507=DIRECTION('',(0.E0,-1.E0,0.E0));
#508=DIRECTION('',(9.999978038176E-1,0.E0,2.095795763740E-3));
#509=AXIS2_PLACEMENT_3D('',#506,#507,#508);
#511=DIRECTION('',(-1.E0,0.E0,8.087697246669E-9));
#512=VECTOR('',#511,5.998106130266E-1);
#513=CARTESIAN_POINT('',(-1.189461986647E1,1.6079822E-1,1.260000000123E1));
#514=LINE('',#513,#512);
#515=CARTESIAN_POINT('',(-1.249450119935E1,1.6079822E-1,1.218688238444E1));
#516=DIRECTION('',(0.E0,-1.E0,0.E0));
#517=DIRECTION('',(2.845137393937E-4,0.E0,9.999999595260E-1));
#518=AXIS2_PLACEMENT_3D('',#515,#516,#517);
#520=DIRECTION('',(0.E0,0.E0,-1.E0));
#521=VECTOR('',#520,3.686999893210E0);
#522=CARTESIAN_POINT('',(-1.290761881546E1,1.6079822E-1,1.218699989321E1));
#523=LINE('',#522,#521);
#524=DIRECTION('',(2.697241900207E-14,0.E0,-1.E0));
#525=VECTOR('',#524,8.364000225064E0);
#526=CARTESIAN_POINT('',(-1.290761881546E1,1.6079822E-1,6.5E0));
#527=LINE('',#526,#525);
#528=CARTESIAN_POINT('',(-1.289312040983E1,1.6079822E-1,-1.862501438174E0));
#529=DIRECTION('',(0.E0,-1.E0,0.E0));
#530=DIRECTION('',(-9.946991517202E-1,0.E0,-1.028279999180E-1));
#531=AXIS2_PLACEMENT_3D('',#528,#529,#530);
#533=DIRECTION('',(1.E0,0.E0,5.026396205959E-8));
#534=VECTOR('',#533,1.187806299101E0);
#535=CARTESIAN_POINT('',(-1.288762295401E1,1.6079822E-1,-1.876000293665E0));
#536=LINE('',#535,#534);
#537=CARTESIAN_POINT('',(-1.170012002826E1,1.6079822E-1,-2.462500238410E0));
#538=DIRECTION('',(0.E0,1.E0,0.E0));
#539=DIRECTION('',(8.547910410586E-4,0.E0,9.999996346661E-1));
#540=AXIS2_PLACEMENT_3D('',#537,#538,#539);
#542=DIRECTION('',(-1.E0,0.E0,5.021108129924E-13));
#543=VECTOR('',#542,1.194000244139E0);
#544=CARTESIAN_POINT('',(-1.170062189774E1,1.6079822E-1,-3.049000167838E0));
#545=LINE('',#544,#543);
#546=CARTESIAN_POINT('',(-1.289393299889E1,1.6079822E-1,-3.062672552601E0));
#547=DIRECTION('',(0.E0,-1.E0,0.E0));
#548=DIRECTION('',(-5.034010173625E-2,0.E0,9.987321333357E-1));
#549=AXIS2_PLACEMENT_3D('',#546,#547,#548);
#551=DIRECTION('',(-3.662261714812E-13,0.E0,-1.E0));
#552=VECTOR('',#551,4.442999959041E0);
#553=CARTESIAN_POINT('',(-1.290761881546E1,1.6079822E-1,-3.063000345231E0));
#554=LINE('',#553,#552);
#555=CARTESIAN_POINT('',(-1.189530951677E1,1.6079822E-1,-7.506690895566E0));
#556=DIRECTION('',(0.E0,-1.E0,0.E0));
#557=DIRECTION('',(-9.999997673058E-1,0.E0,6.821937529904E-4));
#558=AXIS2_PLACEMENT_3D('',#555,#556,#557);
#560=DIRECTION('',(1.E0,0.E0,5.613342880105E-14));
#561=VECTOR('',#560,1.132900238037E1);
#562=CARTESIAN_POINT('',(-1.189462214188E1,1.6079822E-1,-8.519000196449E0));
#563=LINE('',#562,#561);
#564=CARTESIAN_POINT('',(-5.656197615166E-1,1.6079822E-1,-8.519000196449E0));
#565=CARTESIAN_POINT('',(-5.631715204146E-1,1.6079822E-1,-8.519203819258E0));
#566=CARTESIAN_POINT('',(-5.588833754324E-1,1.6079822E-1,-8.518243127514E0));
#567=CARTESIAN_POINT('',(-5.537517611404E-1,1.6079822E-1,-8.513550634652E0));
#568=CARTESIAN_POINT('',(-5.523903202196E-1,1.6079822E-1,-8.508797059983E0));
#569=CARTESIAN_POINT('',(-5.526212371798E-1,1.6079822E-1,-8.506019416583E0));
#571=DIRECTION('',(-7.060902987633E-6,0.E0,9.999999999751E-1));
#572=VECTOR('',#571,1.595164670677E0);
#573=CARTESIAN_POINT('',(-5.526212371798E-1,1.6079822E-1,-8.506019416583E0));
#574=LINE('',#573,#572);
#575=CARTESIAN_POINT('',(-5.526325004828E-1,1.6079822E-1,-6.910854745946E0));
#576=CARTESIAN_POINT('',(-5.530543841266E-1,1.6079822E-1,-6.908846125047E0));
#577=CARTESIAN_POINT('',(-5.545899523534E-1,1.6079822E-1,-6.905248565723E0));
#578=CARTESIAN_POINT('',(-5.581153760036E-1,1.6079822E-1,-6.901078994441E0));
#579=CARTESIAN_POINT('',(-5.623354844909E-1,1.6079822E-1,-6.898495335223E0));
#580=CARTESIAN_POINT('',(-5.650156618456E-1,1.6079822E-1,-6.897803495804E0));
#582=CARTESIAN_POINT('',(-4.251766048E-1,1.6079822E-1,-6.647274470911E0));
#583=DIRECTION('',(0.E0,1.E0,0.E0));
#584=DIRECTION('',(-4.875225441741E-1,0.E0,-8.731103990459E-1));
#585=AXIS2_PLACEMENT_3D('',#582,#583,#584);
#587=CARTESIAN_POINT('',(-4.251766048E-1,1.6079822E-1,-6.647274470911E0));
#588=DIRECTION('',(0.E0,1.E0,0.E0));
#589=DIRECTION('',(-8.663641458262E-1,0.E0,-4.994128220489E-1));
#590=AXIS2_PLACEMENT_3D('',#587,#588,#589);
#592=CARTESIAN_POINT('',(-1.645017256800E-1,1.6079822E-1,-6.506605797537E0));
#593=DIRECTION('',(0.E0,-1.E0,0.E0));
#594=DIRECTION('',(-9.776568533036E-1,0.E0,2.102072243966E-1));
#595=AXIS2_PLACEMENT_3D('',#592,#593,#594);
#597=DIRECTION('',(1.E0,0.E0,3.336910893159E-14));
#598=VECTOR('',#597,7.292999267578E0);
#599=CARTESIAN_POINT('',(-1.646187849501E-1,1.6079822E-1,-6.519000285856E0));
#600=LINE('',#599,#598);
#601=CARTESIAN_POINT('',(7.129214608210E0,1.6079822E-1,-6.506589462650E0));
#602=DIRECTION('',(0.E0,-1.E0,0.E0));
#603=DIRECTION('',(-6.705824476457E-2,0.E0,-9.977490625448E-1));
#604=AXIS2_PLACEMENT_3D('',#601,#602,#603);
#606=CARTESIAN_POINT('',(7.401052497650E0,1.6079822E-1,-6.626508513181E0));
#607=DIRECTION('',(0.E0,1.E0,0.E0));
#608=DIRECTION('',(-9.044024641865E-1,0.E0,4.266804222992E-1));
#609=AXIS2_PLACEMENT_3D('',#606,#607,#608);
#611=CARTESIAN_POINT('',(7.401052497650E0,1.6079822E-1,-6.626508513181E0));
#612=DIRECTION('',(0.E0,1.E0,0.E0));
#613=DIRECTION('',(-4.888287707515E-1,0.E0,8.723797526797E-1));
#614=AXIS2_PLACEMENT_3D('',#611,#612,#613);
#616=CARTESIAN_POINT('',(7.541541413066E0,1.6079822E-1,-6.876949920264E0));
#617=CARTESIAN_POINT('',(7.539110772200E0,1.6079822E-1,-6.877034894606E0));
#618=CARTESIAN_POINT('',(7.534767515153E0,1.6079822E-1,-6.878598020266E0));
#619=CARTESIAN_POINT('',(7.529940817252E0,1.6079822E-1,-6.883219571190E0));
#620=CARTESIAN_POINT('',(7.528507567258E0,1.6079822E-1,-6.887514103125E0));
#621=CARTESIAN_POINT('',(7.528380463404E0,1.6079822E-1,-6.889990998138E0));
#623=DIRECTION('',(8.158421762128E-6,0.E0,-9.999999999667E-1));
#624=VECTOR('',#623,1.595228580503E0);
#625=CARTESIAN_POINT('',(7.528380463404E0,1.6079822E-1,-6.889990998138E0));
#626=LINE('',#625,#624);
#627=CARTESIAN_POINT('',(7.528393477951E0,1.6079822E-1,-8.485219578589E0));
#628=CARTESIAN_POINT('',(7.528638094117E0,1.6079822E-1,-8.486725104760E0));
#629=CARTESIAN_POINT('',(7.529483479295E0,1.6079822E-1,-8.489420767622E0));
#630=CARTESIAN_POINT('',(7.531142887639E0,1.6079822E-1,-8.492473674392E0));
#631=CARTESIAN_POINT('',(7.533096109337E0,1.6079822E-1,-8.494913249472E0));
#632=CARTESIAN_POINT('',(7.534360257711E0,1.6079822E-1,-8.496019939459E0));
#634=CARTESIAN_POINT('',(7.541440634700E0,1.6079822E-1,-8.506416132422E0));
#635=DIRECTION('',(0.E0,-1.E0,0.E0));
#636=DIRECTION('',(-5.646389686894E-1,0.E0,8.253380125969E-1));
#637=AXIS2_PLACEMENT_3D('',#634,#635,#636);
#639=DIRECTION('',(9.999999999901E-1,0.E0,4.442321093390E-6));
#640=VECTOR('',#639,4.355953869422E0);
#641=CARTESIAN_POINT('',(7.541365048145E0,1.6079822E-1,-8.518996416420E0));
#642=LINE('',#641,#640);
#643=CARTESIAN_POINT('',(1.189731891752E1,1.6079822E-1,-8.518977065874E0));
#644=CARTESIAN_POINT('',(1.189801342056E1,1.6079822E-1,-8.519797785703E0));
#645=CARTESIAN_POINT('',(1.189964762521E1,1.6079822E-1,-8.521139497667E0));
#646=CARTESIAN_POINT('',(1.190170554718E1,1.6079822E-1,-8.522237909380E0));
#647=CARTESIAN_POINT('',(1.190400945231E1,1.6079822E-1,-8.522904608014E0));
#648=CARTESIAN_POINT('',(1.190521239367E1,1.6079822E-1,-8.522995317100E0));
#650=CARTESIAN_POINT('',(1.190628931478E1,1.6079822E-1,-7.637239439069E0));
#651=DIRECTION('',(0.E0,-1.E0,0.E0));
#652=DIRECTION('',(-1.331818414828E-3,0.E0,-9.999991131295E-1));
#653=AXIS2_PLACEMENT_3D('',#650,#651,#652);
#655=CARTESIAN_POINT('',(1.190628931478E1,1.6079822E-1,-7.637239439069E0));
#656=DIRECTION('',(0.E0,-1.E0,0.E0));
#657=DIRECTION('',(9.493603877951E-2,0.E0,-9.954833743166E-1));
#658=AXIS2_PLACEMENT_3D('',#655,#656,#657);
#660=CARTESIAN_POINT('',(1.190627254004E1,1.6079822E-1,-7.509643395703E0));
#661=DIRECTION('',(0.E0,-1.E0,0.E0));
#662=DIRECTION('',(8.685933236151E-2,0.E0,-9.962205862065E-1));
#663=AXIS2_PLACEMENT_3D('',#660,#661,#662);
#665=DIRECTION('',(-1.209745675358E-9,0.E0,1.E0));
#666=VECTOR('',#665,5.390959428633E0);
#667=CARTESIAN_POINT('',(1.291938085631E1,1.6079822E-1,-7.509959769834E0));
#668=LINE('',#667,#666);
#669=CARTESIAN_POINT('',(1.292388421988E1,1.6079822E-1,-2.115500235549E0));
#670=DIRECTION('',(0.E0,1.E0,0.E0));
#671=DIRECTION('',(-7.895654912735E-1,0.E0,-6.136663058943E-1));
#672=AXIS2_PLACEMENT_3D('',#669,#670,#671);
#674=CARTESIAN_POINT('',(1.291838139816E1,1.6079822E-1,-2.114000225057E0));
#675=CARTESIAN_POINT('',(1.291999845621E1,1.6079822E-1,-2.108838406993E0));
#676=CARTESIAN_POINT('',(1.291711599583E1,1.6079822E-1,-2.100199883947E0));
#677=CARTESIAN_POINT('',(1.290616416527E1,1.6079822E-1,-2.095131032234E0));
#678=CARTESIAN_POINT('',(1.289890405456E1,1.6079822E-1,-2.096821679099E0));
#679=CARTESIAN_POINT('',(1.289544123096E1,1.6079822E-1,-2.100377848102E0));
#681=DIRECTION('',(-9.999980019066E-1,0.E0,-1.999045466635E-3));
#682=VECTOR('',#681,2.429584059147E-1);
#683=CARTESIAN_POINT('',(1.289544123096E1,1.6079822E-1,-2.100377848102E0));
#684=LINE('',#683,#682);
#685=CARTESIAN_POINT('',(1.265248331050E1,1.6079822E-1,-2.100863533002E0));
#686=CARTESIAN_POINT('',(1.262836429413E1,1.6079822E-1,-2.100664251192E0));
#687=CARTESIAN_POINT('',(1.258061869552E1,1.6079822E-1,-2.093027738607E0));
#688=CARTESIAN_POINT('',(1.251323583324E1,1.6079822E-1,-2.058484175716E0));
#689=CARTESIAN_POINT('',(1.246114687104E1,1.6079822E-1,-2.005869792981E0));
#690=CARTESIAN_POINT('',(1.242737229730E1,1.6079822E-1,-1.939757297476E0));
#691=CARTESIAN_POINT('',(1.241922296802E1,1.6079822E-1,-1.890346374633E0));
#692=CARTESIAN_POINT('',(1.241938084884E1,1.6079822E-1,-1.864000225059E0));
#694=DIRECTION('',(1.287077062558E-12,0.E0,1.E0));
#695=VECTOR('',#694,1.307000160169E0);
#696=CARTESIAN_POINT('',(1.241938084884E1,1.6079822E-1,-1.864000225059E0));
#697=LINE('',#696,#695);
#698=CARTESIAN_POINT('',(1.265496602940E1,1.6079822E-1,-5.555891166630E-1));
#699=DIRECTION('',(0.E0,1.E0,0.E0));
#700=DIRECTION('',(-9.999820656942E-1,0.E0,-5.989014108492E-3));
#701=AXIS2_PLACEMENT_3D('',#698,#699,#700);
#703=DIRECTION('',(1.E0,0.E0,7.061761466559E-13));
#704=VECTOR('',#703,2.439994812028E-1);
#705=CARTESIAN_POINT('',(1.265538090988E1,1.6079822E-1,-3.200000762857E-1));
#706=LINE('',#705,#704);
#707=CARTESIAN_POINT('',(1.289950775976E1,1.6079822E-1,-3.071951883960E-1));
#708=DIRECTION('',(0.E0,-1.E0,0.E0));
#709=DIRECTION('',(-9.946388186936E-3,0.E0,-9.999505334575E-1));
#710=AXIS2_PLACEMENT_3D('',#707,#708,#709);
#712=CARTESIAN_POINT('',(1.290037182854E1,1.6079822E-1,-2.959912264960E-1));
#713=DIRECTION('',(0.E0,-1.E0,0.E0));
#714=DIRECTION('',(5.665159040011E-1,0.E0,-8.240508057843E-1));
#715=AXIS2_PLACEMENT_3D('',#712,#713,#714);
#717=DIRECTION('',(3.124264166004E-9,0.E0,1.E0));
#718=VECTOR('',#717,6.800000174125E0);
#719=CARTESIAN_POINT('',(1.291938082759E1,1.6079822E-1,-3.000001741245E-1));
#720=LINE('',#719,#718);
#721=CARTESIAN_POINT('',(1.090587872787E1,1.6079822E-1,6.686499217870E0));
#722=DIRECTION('',(0.E0,1.E0,0.E0));
#723=DIRECTION('',(8.758773001189E-1,0.E0,-4.825338901429E-1));
#724=AXIS2_PLACEMENT_3D('',#721,#722,#723);
#726=CARTESIAN_POINT('',(8.543975034270E0,1.6079822E-1,6.517589491820E0));
#727=DIRECTION('',(0.E0,1.E0,0.E0));
#728=DIRECTION('',(9.989646168644E-1,0.E0,-4.549389247949E-2));
#729=AXIS2_PLACEMENT_3D('',#726,#727,#728);
#731=CARTESIAN_POINT('',(6.094478312130E0,1.6079822E-1,-2.712602528893E0));
#732=DIRECTION('',(0.E0,-1.E0,0.E0));
#733=DIRECTION('',(2.427779166079E-1,0.E0,9.700818951035E-1));
#734=AXIS2_PLACEMENT_3D('',#731,#732,#733);
#736=DIRECTION('',(-9.999999999233E-1,0.E0,1.238798739394E-5));
#737=VECTOR('',#736,5.674959409986E-1);
#738=CARTESIAN_POINT('',(8.318308741243E0,1.6079822E-1,6.199963638668E0));
#739=LINE('',#738,#737);
#740=CARTESIAN_POINT('',(7.750812800288E0,1.6079822E-1,6.199970668800E0));
#741=CARTESIAN_POINT('',(7.750117298898E0,1.6079822E-1,6.199965466723E0));
#742=CARTESIAN_POINT('',(7.748111272060E0,1.6079822E-1,6.199802441693E0));
#743=CARTESIAN_POINT('',(7.744859056696E0,1.6079822E-1,6.198375206490E0));
#744=CARTESIAN_POINT('',(7.743150845321E0,1.6079822E-1,6.196904028792E0));
#745=CARTESIAN_POINT('',(7.742378895688E0,1.6079822E-1,6.195999717694E0));
#747=CARTESIAN_POINT('',(2.346273918619E1,1.6079822E-1,-9.538360511711E0));
#748=DIRECTION('',(0.E0,-1.E0,0.E0));
#749=DIRECTION('',(-7.067919904778E-1,0.E0,7.074214318187E-1));
#750=AXIS2_PLACEMENT_3D('',#747,#748,#749);
#752=DIRECTION('',(-6.501275927748E-1,0.E0,-7.598250542808E-1));
#753=VECTOR('',#752,1.613529094913E0);
#754=CARTESIAN_POINT('',(7.727379506061E0,1.6079822E-1,6.180999374391E0));
#755=LINE('',#754,#753);
#756=CARTESIAN_POINT('',(6.688887306950E0,1.6079822E-1,4.946356606030E0));
#757=DIRECTION('',(0.E0,-1.E0,0.E0));
#758=DIRECTION('',(-7.723041567115E-1,0.E0,6.352529335046E-1));
#759=AXIS2_PLACEMENT_3D('',#756,#757,#758);
#761=CARTESIAN_POINT('',(6.410072412290E0,1.6079822E-1,4.834141732120E0));
#762=DIRECTION('',(0.E0,1.E0,0.E0));
#763=DIRECTION('',(9.280720466013E-1,0.E0,3.724006932289E-1));
#764=AXIS2_PLACEMENT_3D('',#761,#762,#763);
#766=CARTESIAN_POINT('',(6.147722277630E0,1.6079822E-1,4.693185851240E0));
#767=DIRECTION('',(0.E0,-1.E0,0.E0));
#768=DIRECTION('',(9.874248998497E-1,0.E0,-1.580887951654E-1));
#769=AXIS2_PLACEMENT_3D('',#766,#767,#768);
#771=DIRECTION('',(-1.E0,0.E0,-3.306224262798E-13));
#772=VECTOR('',#771,6.312999725339E0);
#773=CARTESIAN_POINT('',(6.148380940408E0,1.6079822E-1,4.706999397281E0));
#774=LINE('',#773,#772);
#775=CARTESIAN_POINT('',(-1.646214786700E-1,1.6079822E-1,4.694500684590E0));
#776=DIRECTION('',(0.E0,-1.E0,0.E0));
#777=DIRECTION('',(2.155222619166E-4,0.E0,9.999999767751E-1));
#778=AXIS2_PLACEMENT_3D('',#775,#776,#777);
#780=CARTESIAN_POINT('',(-1.766198225445E-1,1.6079822E-1,4.690999603275E0));
#781=CARTESIAN_POINT('',(-1.937021190645E-1,1.6079822E-1,4.661227549129E0));
#782=CARTESIAN_POINT('',(-2.356703609560E-1,1.6079822E-1,4.611302062354E0));
#783=CARTESIAN_POINT('',(-3.221910777806E-1,1.6079822E-1,4.559886694725E0));
#784=CARTESIAN_POINT('',(-4.199822407080E-1,1.6079822E-1,4.541220704690E0));
#785=CARTESIAN_POINT('',(-5.183209713196E-1,1.6079822E-1,4.556191888687E0));
#786=CARTESIAN_POINT('',(-6.058999221821E-1,1.6079822E-1,4.603198962682E0));
#787=CARTESIAN_POINT('',(-6.727083345486E-1,1.6079822E-1,4.676892002693E0));
#788=CARTESIAN_POINT('',(-7.112530190271E-1,1.6079822E-1,4.768693077828E0));
#789=CARTESIAN_POINT('',(-7.159947579204E-1,1.6079822E-1,4.869299208839E0));
#790=CARTESIAN_POINT('',(-6.981164549161E-1,1.6079822E-1,4.931681146986E0));
#791=CARTESIAN_POINT('',(-6.819917655774E-1,1.6079822E-1,4.963761927698E0));
#793=CARTESIAN_POINT('',(-6.823243055564E-1,1.6079822E-1,4.962888184047E0));
#794=CARTESIAN_POINT('',(-6.823147818692E-1,1.6079822E-1,4.962916773284E0));
#795=CARTESIAN_POINT('',(-6.817418473429E-1,1.6079822E-1,4.964636670249E0));
#796=CARTESIAN_POINT('',(-6.811689128167E-1,1.6079822E-1,4.966356567214E0));
#797=CARTESIAN_POINT('',(-6.806055019777E-1,1.6079822E-1,4.968047874943E0));
#799=DIRECTION('',(8.776408171667E-5,0.E0,9.999999961487E-1));
#800=VECTOR('',#799,1.531951981007E0);
#801=CARTESIAN_POINT('',(-6.807558903388E-1,1.6079822E-1,4.968048024893E0));
#802=LINE('',#801,#800);
#803=CARTESIAN_POINT('',(-2.493434706570E0,1.6079822E-1,6.685814934520E0));
#804=DIRECTION('',(0.E0,1.E0,0.E0));
#805=DIRECTION('',(8.763833224242E-1,0.E0,-4.816142358535E-1));
#806=AXIS2_PLACEMENT_3D('',#803,#804,#805);
#808=DIRECTION('',(-1.E0,0.E0,4.259672278713E-8));
#809=VECTOR('',#808,1.400561061166E0);
#810=CARTESIAN_POINT('',(-2.494620587507E0,1.6079822E-1,6.299999812506E0));
#811=LINE('',#810,#809);
#812=CARTESIAN_POINT('',(-3.894814310830E0,1.6079822E-1,6.685807208220E0));
#813=DIRECTION('',(0.E0,1.E0,0.E0));
#814=DIRECTION('',(-6.875950977900E-4,0.E0,-9.999997636065E-1));
#815=AXIS2_PLACEMENT_3D('',#812,#813,#814);
#817=CARTESIAN_POINT('',(-6.093430511500E0,1.6079822E-1,6.685808462340E0));
#818=DIRECTION('',(0.E0,1.E0,0.E0));
#819=DIRECTION('',(8.763881070029E-1,0.E0,-4.816055293534E-1));
#820=AXIS2_PLACEMENT_3D('',#817,#818,#819);
#822=DIRECTION('',(-1.E0,0.E0,4.256696345855E-8));
#823=VECTOR('',#822,1.400557372872E0);
#824=CARTESIAN_POINT('',(-6.094619060897E0,1.6079822E-1,6.299999812585E0));
#825=LINE('',#824,#823);
#826=CARTESIAN_POINT('',(-7.494810103990E0,1.6079822E-1,6.685813685200E0));
#827=DIRECTION('',(0.E0,1.E0,0.E0));
#828=DIRECTION('',(-6.866878272286E-4,0.E0,-9.999997642299E-1));
#829=AXIS2_PLACEMENT_3D('',#826,#827,#828);
#831=CARTESIAN_POINT('',(-9.693429005590E0,1.6079822E-1,6.685808470580E0));
#832=DIRECTION('',(0.E0,1.E0,0.E0));
#833=DIRECTION('',(8.763881089482E-1,0.E0,-4.816055258136E-1));
#834=AXIS2_PLACEMENT_3D('',#831,#832,#833);
#836=DIRECTION('',(-1.E0,0.E0,4.159781589534E-8));
#837=VECTOR('',#836,1.400558816160E0);
#838=CARTESIAN_POINT('',(-9.694621352832E0,1.6079822E-1,6.299999812235E0));
#839=LINE('',#838,#837);
#840=CARTESIAN_POINT('',(-1.109481507050E1,1.6079822E-1,6.685807209570E0));
#841=DIRECTION('',(0.E0,1.E0,0.E0));
#842=DIRECTION('',(-6.811214568506E-4,0.E0,-9.999997680368E-1));
#843=AXIS2_PLACEMENT_3D('',#840,#841,#842);
#845=DIRECTION('',(0.E0,-1.E0,0.E0));
#846=VECTOR('',#845,1.52068022E0);
#847=CARTESIAN_POINT('',(-5.244134113930E0,1.6079822E-1,1.178836148535E1));
#848=LINE('',#847,#846);
#849=DIRECTION('',(0.E0,1.E0,0.E0));
#850=VECTOR('',#849,1.52068022E0);
#851=CARTESIAN_POINT('',(-4.744135113930E0,-1.359882E0,1.178836148535E1));
#852=LINE('',#851,#850);
#853=CARTESIAN_POINT('',(-4.994134613930E0,-1.359882E0,1.178836148535E1));
#854=DIRECTION('',(0.E0,-1.E0,0.E0));
#855=DIRECTION('',(-1.E0,0.E0,0.E0));
#856=AXIS2_PLACEMENT_3D('',#853,#854,#855);
#858=CARTESIAN_POINT('',(-4.994134613930E0,-1.359882E0,1.178836148535E1));
#859=DIRECTION('',(0.E0,-1.E0,0.E0));
#860=DIRECTION('',(1.E0,0.E0,2.131632470545E-14));
#861=AXIS2_PLACEMENT_3D('',#858,#859,#860);
#863=CARTESIAN_POINT('',(-1.219413545393E1,-1.359882E0,1.178836148535E1));
#864=DIRECTION('',(0.E0,-1.E0,0.E0));
#865=DIRECTION('',(-1.E0,0.E0,-5.684353254787E-14));
#866=AXIS2_PLACEMENT_3D('',#863,#864,#865);
#868=CARTESIAN_POINT('',(-1.219413545393E1,-1.359882E0,1.178836148535E1));
#869=DIRECTION('',(0.E0,-1.E0,0.E0));
#870=DIRECTION('',(1.E0,0.E0,-5.684353254787E-14));
#871=AXIS2_PLACEMENT_3D('',#868,#869,#870);
#873=CARTESIAN_POINT('',(-8.594135033930E0,-1.359882E0,1.178836148535E1));
#874=DIRECTION('',(0.E0,-1.E0,0.E0));
#875=DIRECTION('',(-1.E0,0.E0,0.E0));
#876=AXIS2_PLACEMENT_3D('',#873,#874,#875);
#878=CARTESIAN_POINT('',(-8.594135033930E0,-1.359882E0,1.178836148535E1));
#879=DIRECTION('',(0.E0,-1.E0,0.E0));
#880=DIRECTION('',(1.E0,0.E0,0.E0));
#881=AXIS2_PLACEMENT_3D('',#878,#879,#880);
#883=CARTESIAN_POINT('',(-1.394134193930E0,-1.359882E0,1.178836148535E1));
#884=DIRECTION('',(0.E0,-1.E0,0.E0));
#885=DIRECTION('',(-1.E0,0.E0,0.E0));
#886=AXIS2_PLACEMENT_3D('',#883,#884,#885);
#888=CARTESIAN_POINT('',(-1.394134193930E0,-1.359882E0,1.178836148535E1));
#889=DIRECTION('',(0.E0,-1.E0,0.E0));
#890=DIRECTION('',(1.E0,0.E0,0.E0));
#891=AXIS2_PLACEMENT_3D('',#888,#889,#890);
#893=CARTESIAN_POINT('',(9.605861586070E0,-1.359882E0,1.178836148535E1));
#894=DIRECTION('',(0.E0,-1.E0,0.E0));
#895=DIRECTION('',(-1.E0,0.E0,0.E0));
#896=AXIS2_PLACEMENT_3D('',#893,#894,#895);
#898=CARTESIAN_POINT('',(9.605861586070E0,-1.359882E0,1.178836148535E1));
#899=DIRECTION('',(0.E0,-1.E0,0.E0));
#900=DIRECTION('',(1.E0,0.E0,-6.394897411636E-14));
#901=AXIS2_PLACEMENT_3D('',#898,#899,#900);
#903=CARTESIAN_POINT('',(2.983380024870E0,-1.359882E0,-8.950003623880E-1));
#904=DIRECTION('',(0.E0,-1.E0,0.E0));
#905=DIRECTION('',(-1.E0,0.E0,0.E0));
#906=AXIS2_PLACEMENT_3D('',#903,#904,#905);
#908=CARTESIAN_POINT('',(2.983380024870E0,-1.359882E0,-8.950003623880E-1));
#909=DIRECTION('',(0.E0,-1.E0,0.E0));
#910=DIRECTION('',(1.E0,0.E0,0.E0));
#911=AXIS2_PLACEMENT_3D('',#908,#909,#910);
#913=CARTESIAN_POINT('',(1.220586146607E1,-1.359882E0,1.178836148535E1));
#914=DIRECTION('',(0.E0,-1.E0,0.E0));
#915=DIRECTION('',(-1.E0,0.E0,0.E0));
#916=AXIS2_PLACEMENT_3D('',#913,#914,#915);
#918=CARTESIAN_POINT('',(1.220586146607E1,-1.359882E0,1.178836148535E1));
#919=DIRECTION('',(0.E0,-1.E0,0.E0));
#920=DIRECTION('',(1.E0,0.E0,-2.131632470545E-14));
#921=AXIS2_PLACEMENT_3D('',#918,#919,#920);
#923=DIRECTION('',(0.E0,0.E0,1.E0));
#924=VECTOR('',#923,3.686999893224E0);
#925=CARTESIAN_POINT('',(-1.290761881546E1,-1.359882E0,8.5E0));
#926=LINE('',#925,#924);
#927=CARTESIAN_POINT('',(-1.249450119935E1,-1.359882E0,1.218688238444E1));
#928=DIRECTION('',(0.E0,1.E0,0.E0));
#929=DIRECTION('',(-9.999999595458E-1,0.E0,2.844439861409E-4));
#930=AXIS2_PLACEMENT_3D('',#927,#928,#929);
#932=DIRECTION('',(1.E0,0.E0,-8.087723787041E-9));
#933=VECTOR('',#932,5.998086447105E-1);
#934=CARTESIAN_POINT('',(-1.249443047830E1,-1.359882E0,1.260000000608E1));
#935=LINE('',#934,#933);
#936=CARTESIAN_POINT('',(-1.189373987208E1,-1.359882E0,1.218688173016E1));
#937=DIRECTION('',(0.E0,1.E0,0.E0));
#938=DIRECTION('',(-2.135727055617E-3,0.E0,9.999977193324E-1));
#939=AXIS2_PLACEMENT_3D('',#936,#937,#938);
#941=DIRECTION('',(5.063304998554E-8,0.E0,-1.E0));
#942=VECTOR('',#941,3.687606155035E0);
#943=CARTESIAN_POINT('',(-1.148062086374E1,-1.359882E0,1.218760615504E1));
#944=LINE('',#943,#942);
#945=DIRECTION('',(-4.066301100824E-13,0.E0,1.E0));
#946=VECTOR('',#945,3.686999893220E0);
#947=CARTESIAN_POINT('',(-9.307620341340E0,-1.359882E0,8.5E0));
#948=LINE('',#947,#946);
#949=CARTESIAN_POINT('',(-8.894502725230E0,-1.359882E0,1.218688238444E1));
#950=DIRECTION('',(0.E0,1.E0,0.E0));
#951=DIRECTION('',(-9.999999595458E-1,0.E0,2.844439586060E-4));
#952=AXIS2_PLACEMENT_3D('',#949,#950,#951);
#954=DIRECTION('',(1.E0,0.E0,-8.089890567513E-9));
#955=VECTOR('',#954,5.998124565809E-1);
#956=CARTESIAN_POINT('',(-8.894432004182E0,-1.359882E0,1.260000000609E1));
#957=LINE('',#956,#955);
#958=CARTESIAN_POINT('',(-8.293741384130E0,-1.359882E0,1.218688173589E1));
#959=DIRECTION('',(0.E0,1.E0,0.E0));
#960=DIRECTION('',(-2.126526717563E-3,0.E0,9.999977389395E-1));
#961=AXIS2_PLACEMENT_3D('',#958,#959,#960);
#963=DIRECTION('',(5.021182679180E-8,0.E0,-1.E0));
#964=VECTOR('',#963,3.687603169674E0);
#965=CARTESIAN_POINT('',(-7.880622388071E0,-1.359882E0,1.218760316967E1));
#966=LINE('',#965,#964);
#967=DIRECTION('',(-2.707655472208E-13,0.E0,1.E0));
#968=VECTOR('',#967,3.686999893412E0);
#969=CARTESIAN_POINT('',(-5.707621867220E0,-1.359882E0,8.5E0));
#970=LINE('',#969,#968);
#971=CARTESIAN_POINT('',(-5.294497736320E0,-1.359882E0,1.218687586853E1));
#972=DIRECTION('',(0.E0,1.E0,0.E0));
#973=DIRECTION('',(-9.999999549365E-1,0.E0,3.002117316589E-4));
#974=AXIS2_PLACEMENT_3D('',#971,#972,#973);
#976=DIRECTION('',(1.E0,0.E0,-8.268944815430E-9));
#977=VECTOR('',#976,5.998012333412E-1);
#978=CARTESIAN_POINT('',(-5.294422310172E0,-1.359882E0,1.260000000625E1));
#979=LINE('',#978,#977);
#980=CARTESIAN_POINT('',(-4.693745599E0,-1.359882E0,1.218687522457E1));
#981=DIRECTION('',(0.E0,1.E0,0.E0));
#982=DIRECTION('',(-2.119988647940E-3,0.E0,9.999977528215E-1));
#983=AXIS2_PLACEMENT_3D('',#980,#981,#982);
#985=DIRECTION('',(5.005285819520E-8,0.E0,-1.E0));
#986=VECTOR('',#985,3.687595845957E0);
#987=CARTESIAN_POINT('',(-4.280620098675E0,-1.359882E0,1.218759584596E1));
#988=LINE('',#987,#986);
#989=DIRECTION('',(-4.066301100824E-13,0.E0,1.E0));
#990=VECTOR('',#989,3.686999893220E0);
#991=CARTESIAN_POINT('',(-2.107619578400E0,-1.359882E0,8.5E0));
#992=LINE('',#991,#990);
#993=CARTESIAN_POINT('',(-1.694501962290E0,-1.359882E0,1.218688238444E1));
#994=DIRECTION('',(0.E0,1.E0,0.E0));
#995=DIRECTION('',(-9.999999595458E-1,0.E0,2.844439600164E-4));
#996=AXIS2_PLACEMENT_3D('',#993,#994,#995);
#998=DIRECTION('',(1.E0,0.E0,-8.089894892088E-9));
#999=VECTOR('',#998,5.998121359421E-1);
#1000=CARTESIAN_POINT('',(-1.694431241241E0,-1.359882E0,1.260000000609E1));
#1001=LINE('',#1000,#999);
#1002=CARTESIAN_POINT('',(-1.093740621190E0,-1.359882E0,1.218688173589E1));
#1003=DIRECTION('',(0.E0,1.E0,0.E0));
#1004=DIRECTION('',(-2.126526773811E-3,0.E0,9.999977389394E-1));
#1005=AXIS2_PLACEMENT_3D('',#1002,#1003,#1004);
#1007=DIRECTION('',(3.097269030578E-6,0.E0,-9.999999999952E-1));
#1008=VECTOR('',#1007,3.688092722418E0);
#1009=CARTESIAN_POINT('',(-6.806328629954E-1,-1.359882E0,1.218809272240E1));
#1010=LINE('',#1009,#1008);
#1011=DIRECTION('',(3.072820861321E-6,0.E0,9.999999999953E-1));
#1012=VECTOR('',#1011,3.687673776746E0);
#1013=CARTESIAN_POINT('',(8.892380421600E0,-1.359882E0,8.5E0));
#1014=LINE('',#1013,#1012);
#1015=CARTESIAN_POINT('',(9.305498037710E0,-1.359882E0,1.218688238444E1));
#1016=DIRECTION('',(0.E0,1.E0,0.E0));
#1017=DIRECTION('',(-9.999937483229E-1,0.E0,3.536002692287E-3));
#1018=AXIS2_PLACEMENT_3D('',#1015,#1016,#1017);
#1020=DIRECTION('',(1.E0,0.E0,1.332506263112E-9));
#1021=VECTOR('',#1020,1.199575800644E0);
#1022=CARTESIAN_POINT('',(9.305803572865E0,-1.359882E0,1.259999999964E1));
#1023=LINE('',#1022,#1021);
#1024=CARTESIAN_POINT('',(1.050570141185E1,-1.359882E0,1.258630842788E1));
#1025=DIRECTION('',(0.E0,1.E0,0.E0));
#1026=DIRECTION('',(-2.351568456461E-2,0.E0,9.997234680548E-1));
#1027=AXIS2_PLACEMENT_3D('',#1024,#1025,#1026);
#1029=DIRECTION('',(1.273917914927E-12,0.E0,-1.E0));
#1030=VECTOR('',#1029,4.086999511722E0);
#1031=CARTESIAN_POINT('',(1.051937932296E1,-1.359882E0,1.258699951172E1));
#1032=LINE('',#1031,#1030);
#1033=DIRECTION('',(4.333482847047E-7,0.E0,9.999999999999E-1));
#1034=VECTOR('',#1033,4.087063568408E0);
#1035=CARTESIAN_POINT('',(1.129237813278E1,-1.359882E0,8.5E0));
#1036=LINE('',#1035,#1034);
#1037=CARTESIAN_POINT('',(1.129237990390E1,-1.359882E0,1.258706356841E1));
#1038=CARTESIAN_POINT('',(1.129252734668E1,-1.359882E0,1.258959492450E1));
#1039=CARTESIAN_POINT('',(1.129402256631E1,-1.359882E0,1.259382763087E1));
#1040=CARTESIAN_POINT('',(1.129855792855E1,-1.359882E0,1.259826581372E1));
#1041=CARTESIAN_POINT('',(1.130267821219E1,-1.359882E0,1.259981517467E1));
#1042=CARTESIAN_POINT('',(1.130501835263E1,-1.359882E0,1.259999187464E1));
#1044=DIRECTION('',(9.999999999830E-1,0.E0,5.824775342198E-6));
#1045=VECTOR('',#1044,1.200375879682E0);
#1046=CARTESIAN_POINT('',(1.130501835263E1,-1.359882E0,1.259999187464E1));
#1047=LINE('',#1046,#1045);
#1048=CARTESIAN_POINT('',(1.250625516394E1,-1.359882E0,1.218687522457E1));
#1049=DIRECTION('',(0.E0,1.E0,0.E0));
#1050=DIRECTION('',(-2.027516225278E-3,0.E0,9.999979445869E-1));
#1051=AXIS2_PLACEMENT_3D('',#1048,#1049,#1050);
#1053=DIRECTION('',(5.005263058726E-8,0.E0,-1.E0));
#1054=VECTOR('',#1053,3.687595845907E0);
#1055=CARTESIAN_POINT('',(1.291938066427E1,-1.359882E0,1.218759584591E1));
#1056=LINE('',#1055,#1054);
#1057=DIRECTION('',(-3.124019655719E-9,0.E0,-1.E0));
#1058=VECTOR('',#1057,6.800000174118E0);
#1059=CARTESIAN_POINT('',(1.291938084884E1,-1.359882E0,6.5E0));
#1060=LINE('',#1059,#1058);
#1061=CARTESIAN_POINT('',(1.290037182854E1,-1.359882E0,-2.959912264960E-1));
#1062=DIRECTION('',(0.E0,1.E0,0.E0));
#1063=DIRECTION('',(9.784750531518E-1,0.E0,-2.063651384310E-1));
#1064=AXIS2_PLACEMENT_3D('',#1061,#1062,#1063);
#1066=CARTESIAN_POINT('',(1.289950775976E1,-1.359882E0,-3.071951883960E-1));
#1067=DIRECTION('',(0.E0,1.E0,0.E0));
#1068=DIRECTION('',(9.269325246758E-1,0.E0,-3.752280569176E-1));
#1069=AXIS2_PLACEMENT_3D('',#1066,#1067,#1068);
#1071=DIRECTION('',(-1.E0,0.E0,-7.061761466432E-13));
#1072=VECTOR('',#1071,2.439994812072E-1);
#1073=CARTESIAN_POINT('',(1.289938039108E1,-1.359882E0,-3.200000762855E-1));
#1074=LINE('',#1073,#1072);
#1075=CARTESIAN_POINT('',(1.265496602940E1,-1.359882E0,-5.555891166630E-1));
#1076=DIRECTION('',(0.E0,-1.E0,0.E0));
#1077=DIRECTION('',(1.761031908309E-3,0.E0,9.999984493821E-1));
#1078=AXIS2_PLACEMENT_3D('',#1075,#1076,#1077);
#1080=DIRECTION('',(-1.285717952666E-12,0.E0,-1.E0));
#1081=VECTOR('',#1080,1.307000160174E0);
#1082=CARTESIAN_POINT('',(1.241938084884E1,-1.359882E0,-5.570000648844E-1));
#1083=LINE('',#1082,#1081);
#1084=CARTESIAN_POINT('',(1.241938084884E1,-1.359882E0,-1.864000225058E0));
#1085=CARTESIAN_POINT('',(1.241922458233E1,-1.359882E0,-1.890076988146E0));
#1086=CARTESIAN_POINT('',(1.242714942225E1,-1.359882E0,-1.939147803586E0));
#1087=CARTESIAN_POINT('',(1.246111013896E1,-1.359882E0,-2.005895756199E0));
#1088=CARTESIAN_POINT('',(1.251334832355E1,-1.359882E0,-2.058618727685E0));
#1089=CARTESIAN_POINT('',(1.258133324056E1,-1.359882E0,-2.093276006815E0));
#1090=CARTESIAN_POINT('',(1.262867824033E1,-1.359882E0,-2.100666885272E0));
#1091=CARTESIAN_POINT('',(1.265247845482E1,-1.359882E0,-2.100863533002E0));
#1093=DIRECTION('',(9.999980028347E-1,0.E0,1.998581149468E-3));
#1094=VECTOR('',#1093,2.430148508378E-1);
#1095=CARTESIAN_POINT('',(1.265247845482E1,-1.359882E0,-2.100863533002E0));
#1096=LINE('',#1095,#1094);
#1097=CARTESIAN_POINT('',(1.289549282032E1,-1.359882E0,-2.100377848102E0));
#1098=CARTESIAN_POINT('',(1.289796915353E1,-1.359882E0,-2.097834761756E0));
#1099=CARTESIAN_POINT('',(1.290312958832E1,-1.359882E0,-2.095830618842E0));
#1100=CARTESIAN_POINT('',(1.291120288388E1,-1.359882E0,-2.096755912839E0));
#1101=CARTESIAN_POINT('',(1.291852338356E1,-1.359882E0,-2.103206074677E0));
#1102=CARTESIAN_POINT('',(1.291960775568E1,-1.359882E0,-2.110085563844E0));
#1103=CARTESIAN_POINT('',(1.291838139816E1,-1.359882E0,-2.114000225056E0));
#1105=CARTESIAN_POINT('',(1.292388421988E1,-1.359882E0,-2.115500235549E0));
#1106=DIRECTION('',(0.E0,-1.E0,0.E0));
#1107=DIRECTION('',(-9.647975963937E-1,0.E0,2.629935322264E-1));
#1108=AXIS2_PLACEMENT_3D('',#1105,#1106,#1107);
#1110=DIRECTION('',(1.209757313123E-9,0.E0,-1.E0));
#1111=VECTOR('',#1110,5.390907568053E0);
#1112=CARTESIAN_POINT('',(1.291938084979E1,-1.359882E0,-2.119000341201E0));
#1113=LINE('',#1112,#1111);
#1114=CARTESIAN_POINT('',(1.190627254004E1,-1.359882E0,-7.509643395703E0));
#1115=DIRECTION('',(0.E0,1.E0,0.E0));
#1116=DIRECTION('',(9.999999802693E-1,0.E0,-1.986487001460E-4));
#1117=AXIS2_PLACEMENT_3D('',#1114,#1115,#1116);
#1119=CARTESIAN_POINT('',(1.190628931478E1,-1.359882E0,-7.637239439069E0));
#1120=DIRECTION('',(0.E0,1.E0,0.E0));
#1121=DIRECTION('',(9.899326876718E-2,0.E0,-9.950881030033E-1));
#1122=AXIS2_PLACEMENT_3D('',#1119,#1120,#1121);
#1124=CARTESIAN_POINT('',(1.190628931478E1,-1.359882E0,-7.637239439069E0));
#1125=DIRECTION('',(0.E0,1.E0,0.E0));
#1126=DIRECTION('',(9.493603877951E-2,0.E0,-9.954833743166E-1));
#1127=AXIS2_PLACEMENT_3D('',#1124,#1125,#1126);
#1129=CARTESIAN_POINT('',(1.190530075131E1,-1.359882E0,-8.522997576952E0));
#1130=CARTESIAN_POINT('',(1.190416297668E1,-1.359882E0,-8.522911781834E0));
#1131=CARTESIAN_POINT('',(1.190215842286E1,-1.359882E0,-8.522441544848E0));
#1132=CARTESIAN_POINT('',(1.190006203478E1,-1.359882E0,-8.521363172644E0));
#1133=CARTESIAN_POINT('',(1.189813093198E1,-1.359882E0,-8.519978009290E0));
#1134=CARTESIAN_POINT('',(1.189728392157E1,-1.359882E0,-8.518977065874E0));
#1136=DIRECTION('',(-9.999999999901E-1,0.E0,-4.442351456781E-6));
#1137=VECTOR('',#1136,4.355924096557E0);
#1138=CARTESIAN_POINT('',(1.189728392157E1,-1.359882E0,-8.518977065874E0));
#1139=LINE('',#1138,#1137);
#1140=CARTESIAN_POINT('',(7.541359825053E0,-1.359882E0,-8.518996416420E0));
#1141=CARTESIAN_POINT('',(7.537067998199E0,-1.359882E0,-8.518975287326E0));
#1142=CARTESIAN_POINT('',(7.530857598374E0,-1.359882E0,-8.515364223949E0));
#1143=CARTESIAN_POINT('',(7.527654969562E0,-1.359882E0,-8.504967889904E0));
#1144=CARTESIAN_POINT('',(7.530775503131E0,-1.359882E0,-8.498454167045E0));
#1145=CARTESIAN_POINT('',(7.534371442507E0,-1.359882E0,-8.496005134738E0));
#1147=CARTESIAN_POINT('',(7.534371442507E0,-1.359882E0,-8.496005134738E0));
#1148=CARTESIAN_POINT('',(7.533257687870E0,-1.359882E0,-8.495030105911E0));
#1149=CARTESIAN_POINT('',(7.531388471975E0,-1.359882E0,-8.492870037515E0));
#1150=CARTESIAN_POINT('',(7.529688292036E0,-1.359882E0,-8.489854000107E0));
#1151=CARTESIAN_POINT('',(7.528655700809E0,-1.359882E0,-8.486892083130E0));
#1152=CARTESIAN_POINT('',(7.528393477952E0,-1.359882E0,-8.485278193992E0));
#1154=DIRECTION('',(-8.158097232108E-6,0.E0,9.999999999667E-1));
#1155=VECTOR('',#1154,1.595292038766E0);
#1156=CARTESIAN_POINT('',(7.528393477952E0,-1.359882E0,-8.485278193992E0));
#1157=LINE('',#1156,#1155);
#1158=CARTESIAN_POINT('',(7.528380463404E0,-1.359882E0,-6.889986155279E0));
#1159=CARTESIAN_POINT('',(7.528501453533E0,-1.359882E0,-6.887628399511E0));
#1160=CARTESIAN_POINT('',(7.529838063015E0,-1.359882E0,-6.883472067352E0));
#1161=CARTESIAN_POINT('',(7.534493827828E0,-1.359882E0,-6.878628259361E0));
#1162=CARTESIAN_POINT('',(7.539008740599E0,-1.359882E0,-6.877068225096E0));
#1163=CARTESIAN_POINT('',(7.541517974859E0,-1.359882E0,-6.876980503157E0));
#1165=CARTESIAN_POINT('',(7.401052497650E0,-1.359882E0,-6.626508513181E0));
#1166=DIRECTION('',(0.E0,-1.E0,0.E0));
#1167=DIRECTION('',(4.886264935867E-1,0.E0,-8.724930657405E-1));
#1168=AXIS2_PLACEMENT_3D('',#1165,#1166,#1167);
#1170=CARTESIAN_POINT('',(7.401052497650E0,-1.359882E0,-6.626508513181E0));
#1171=DIRECTION('',(0.E0,-1.E0,0.E0));
#1172=DIRECTION('',(-4.887713017410E-1,0.E0,8.724119523450E-1));
#1173=AXIS2_PLACEMENT_3D('',#1170,#1171,#1172);
#1175=CARTESIAN_POINT('',(7.129214608210E0,-1.359882E0,-6.506589462650E0));
#1176=DIRECTION('',(0.E0,1.E0,0.E0));
#1177=DIRECTION('',(9.780960361327E-1,0.E0,2.081541354419E-1));
#1178=AXIS2_PLACEMENT_3D('',#1175,#1176,#1177);
#1180=DIRECTION('',(-1.E0,0.E0,-3.336910893159E-14));
#1181=VECTOR('',#1180,7.292999267579E0);
#1182=CARTESIAN_POINT('',(7.128380482629E0,-1.359882E0,-6.519000285856E0));
#1183=LINE('',#1182,#1181);
#1184=CARTESIAN_POINT('',(-1.645017256800E-1,-1.359882E0,-6.506605797537E0));
#1185=DIRECTION('',(0.E0,1.E0,0.E0));
#1186=DIRECTION('',(-9.444040552347E-3,0.E0,-9.999554040546E-1));
#1187=AXIS2_PLACEMENT_3D('',#1184,#1185,#1186);
#1189=CARTESIAN_POINT('',(-4.251766048E-1,-1.359882E0,-6.647274470911E0));
#1190=DIRECTION('',(0.E0,-1.E0,0.E0));
#1191=DIRECTION('',(8.663725251630E-1,0.E0,4.993982855824E-1));
#1192=AXIS2_PLACEMENT_3D('',#1189,#1190,#1191);
#1194=CARTESIAN_POINT('',(-4.251766048E-1,-1.359882E0,-6.647274470911E0));
#1195=DIRECTION('',(0.E0,-1.E0,0.E0));
#1196=DIRECTION('',(-8.663725251663E-1,0.E0,-4.993982855768E-1));
#1197=AXIS2_PLACEMENT_3D('',#1194,#1195,#1196);
#1199=CARTESIAN_POINT('',(-5.692607817500E-1,-1.359882E0,-6.914323562603E0));
#1200=DIRECTION('',(0.E0,1.E0,0.E0));
#1201=DIRECTION('',(2.734499476429E-1,0.E0,9.618862334674E-1));
#1202=AXIS2_PLACEMENT_3D('',#1199,#1200,#1201);
#1204=DIRECTION('',(7.060720027397E-6,0.E0,-9.999999999751E-1));
#1205=VECTOR('',#1204,1.595206005277E0);
#1206=CARTESIAN_POINT('',(-5.526325004830E-1,-1.359882E0,-6.910816411872E0));
#1207=LINE('',#1206,#1205);
#1208=CARTESIAN_POINT('',(-5.526212371800E-1,-1.359882E0,-8.506022417109E0));
#1209=CARTESIAN_POINT('',(-5.524193014457E-1,-1.359882E0,-8.508451452461E0));
#1210=CARTESIAN_POINT('',(-5.533841337254E-1,-1.359882E0,-8.512764657469E0));
#1211=CARTESIAN_POINT('',(-5.580948386987E-1,-1.359882E0,-8.517875921926E0));
#1212=CARTESIAN_POINT('',(-5.628265864269E-1,-1.359882E0,-8.519232507784E0));
#1213=CARTESIAN_POINT('',(-5.656197615142E-1,-1.359882E0,-8.519000196449E0));
#1215=DIRECTION('',(-1.E0,0.E0,-5.613342880103E-14));
#1216=VECTOR('',#1215,1.132900238037E1);
#1217=CARTESIAN_POINT('',(-5.656197615142E-1,-1.359882E0,-8.519000196449E0));
#1218=LINE('',#1217,#1216);
#1219=CARTESIAN_POINT('',(-1.189530951677E1,-1.359882E0,-7.506690895566E0));
#1220=DIRECTION('',(0.E0,1.E0,0.E0));
#1221=DIRECTION('',(6.790164949737E-4,0.E0,-9.999997694683E-1));
#1222=AXIS2_PLACEMENT_3D('',#1219,#1220,#1221);
#1224=DIRECTION('',(3.666259817123E-13,0.E0,1.E0));
#1225=VECTOR('',#1224,4.442999959038E0);
#1226=CARTESIAN_POINT('',(-1.290761881546E1,-1.359882E0,-7.506000304269E0));
#1227=LINE('',#1226,#1225);
#1228=CARTESIAN_POINT('',(-1.289393299889E1,-1.359882E0,-3.062672552601E0));
#1229=DIRECTION('',(0.E0,1.E0,0.E0));
#1230=DIRECTION('',(-9.997132917617E-1,0.E0,-2.394439965742E-2));
#1231=AXIS2_PLACEMENT_3D('',#1228,#1229,#1230);
#1233=DIRECTION('',(1.E0,0.E0,-5.017388790551E-13));
#1234=VECTOR('',#1233,1.194000244143E0);
#1235=CARTESIAN_POINT('',(-1.289462214188E1,-1.359882E0,-3.049000167838E0));
#1236=LINE('',#1235,#1234);
#1237=CARTESIAN_POINT('',(-1.170012002826E1,-1.359882E0,-2.462500238410E0));
#1238=DIRECTION('',(0.E0,-1.E0,0.E0));
#1239=DIRECTION('',(-8.557022035279E-4,0.E0,-9.999996338868E-1));
#1240=AXIS2_PLACEMENT_3D('',#1237,#1238,#1239);
#1242=DIRECTION('',(-1.E0,0.E0,-5.026398867753E-8));
#1243=VECTOR('',#1242,1.187805670083E0);
#1244=CARTESIAN_POINT('',(-1.169981665415E1,-1.359882E0,-1.876000233961E0));
#1245=LINE('',#1244,#1243);
#1246=CARTESIAN_POINT('',(-1.289312040983E1,-1.359882E0,-1.862501438174E0));
#1247=DIRECTION('',(0.E0,1.E0,0.E0));
#1248=DIRECTION('',(3.771852729501E-1,0.E0,-9.261378244460E-1));
#1249=AXIS2_PLACEMENT_3D('',#1246,#1247,#1248);
#1251=DIRECTION('',(-2.697241900207E-14,0.E0,1.E0));
#1252=VECTOR('',#1251,8.364000225063E0);
#1253=CARTESIAN_POINT('',(-1.290761881546E1,-1.359882E0,-1.864000225063E0));
#1254=LINE('',#1253,#1252);
#1255=CARTESIAN_POINT('',(-1.109481507050E1,-1.359882E0,6.685807209570E0));
#1256=DIRECTION('',(0.E0,-1.E0,0.E0));
#1257=DIRECTION('',(-8.763878102355E-1,0.E0,-4.816060693872E-1));
#1258=AXIS2_PLACEMENT_3D('',#1255,#1256,#1257);
#1260=DIRECTION('',(1.E0,0.E0,-4.158884692350E-8));
#1261=VECTOR('',#1260,1.400860879374E0);
#1262=CARTESIAN_POINT('',(-1.109548223222E1,-1.359882E0,6.299999870495E0));
#1263=LINE('',#1262,#1261);
#1264=CARTESIAN_POINT('',(-9.693429005590E0,-1.359882E0,6.685808470580E0));
#1265=DIRECTION('',(0.E0,-1.E0,0.E0));
#1266=DIRECTION('',(-3.090401278513E-3,0.E0,-9.999952246986E-1));
#1267=AXIS2_PLACEMENT_3D('',#1264,#1265,#1266);
#1269=CARTESIAN_POINT('',(-7.494810103990E0,-1.359882E0,6.685813685200E0));
#1270=DIRECTION('',(0.E0,-1.E0,0.E0));
#1271=DIRECTION('',(-8.763830265068E-1,0.E0,-4.816147743277E-1));
#1272=AXIS2_PLACEMENT_3D('',#1269,#1270,#1271);
#1274=DIRECTION('',(1.E0,0.E0,-4.255787180078E-8));
#1275=VECTOR('',#1274,1.400856637199E0);
#1276=CARTESIAN_POINT('',(-7.495475698119E0,-1.359882E0,6.299999872202E0));
#1277=LINE('',#1276,#1275);
#1278=CARTESIAN_POINT('',(-6.093430511500E0,-1.359882E0,6.685808462340E0));
#1279=DIRECTION('',(0.E0,-1.E0,0.E0));
#1280=DIRECTION('',(-3.080545929241E-3,0.E0,-9.999952551071E-1));
#1281=AXIS2_PLACEMENT_3D('',#1278,#1279,#1280);
#1283=CARTESIAN_POINT('',(-3.894814310830E0,-1.359882E0,6.685807208220E0));
#1284=DIRECTION('',(0.E0,-1.E0,0.E0));
#1285=DIRECTION('',(-8.763878099181E-1,0.E0,-4.816060699647E-1));
#1286=AXIS2_PLACEMENT_3D('',#1283,#1284,#1285);
#1288=DIRECTION('',(1.E0,0.E0,-4.258756453020E-8));
#1289=VECTOR('',#1288,1.400862286994E0);
#1290=CARTESIAN_POINT('',(-3.895482874523E0,-1.359882E0,6.299999872165E0));
#1291=LINE('',#1290,#1289);
#1292=CARTESIAN_POINT('',(-2.493434706570E0,-1.359882E0,6.685814934520E0));
#1293=DIRECTION('',(0.E0,-1.E0,0.E0));
#1294=DIRECTION('',(-3.073580651760E-3,0.E0,-9.999952765398E-1));
#1295=AXIS2_PLACEMENT_3D('',#1292,#1293,#1294);
#1297=DIRECTION('',(-3.737501333831E-6,0.E0,-9.999999999930E-1));
#1298=VECTOR('',#1297,1.531935277531E0);
#1299=CARTESIAN_POINT('',(-6.806214399800E-1,-1.359882E0,6.5E0));
#1300=LINE('',#1299,#1298);
#1301=DIRECTION('',(-2.980161260315E-1,0.E0,-9.545608354763E-1));
#1302=VECTOR('',#1301,4.822107896010E-3);
#1303=CARTESIAN_POINT('',(-6.806271655901E-1,-1.359882E0,4.968064722480E0));
#1304=LINE('',#1303,#1302);
#1305=CARTESIAN_POINT('',(-6.820642315046E-1,-1.359882E0,4.963461727138E0));
#1306=CARTESIAN_POINT('',(-6.988031592130E-1,-1.359882E0,4.930427457170E0));
#1307=CARTESIAN_POINT('',(-7.170103158981E-1,-1.359882E0,4.862904963507E0));
#1308=CARTESIAN_POINT('',(-7.098535663478E-1,-1.359882E0,4.766146283233E0));
#1309=CARTESIAN_POINT('',(-6.737919476363E-1,-1.359882E0,4.678775051518E0));
#1310=CARTESIAN_POINT('',(-6.062158582181E-1,-1.359882E0,4.603316845584E0));
#1311=CARTESIAN_POINT('',(-5.189722621083E-1,-1.359882E0,4.556410547387E0));
#1312=CARTESIAN_POINT('',(-4.198705994780E-1,-1.359882E0,4.541284658693E0));
#1313=CARTESIAN_POINT('',(-3.241562428196E-1,-1.359882E0,4.559404631838E0));
#1314=CARTESIAN_POINT('',(-2.372334974282E-1,-1.359882E0,4.609788050685E0));
#1315=CARTESIAN_POINT('',(-1.941567137048E-1,-1.359882E0,4.660435254238E0));
#1316=CARTESIAN_POINT('',(-1.766198225445E-1,-1.359882E0,4.690999603274E0));
#1318=CARTESIAN_POINT('',(-1.646214786700E-1,-1.359882E0,4.694500684590E0));
#1319=DIRECTION('',(0.E0,1.E0,0.E0));
#1320=DIRECTION('',(-9.599663497794E-1,0.E0,-2.801153464043E-1));
#1321=AXIS2_PLACEMENT_3D('',#1318,#1319,#1320);
#1323=DIRECTION('',(1.E0,0.E0,3.306224262796E-13));
#1324=VECTOR('',#1323,6.312999725343E0);
#1325=CARTESIAN_POINT('',(-1.646187849318E-1,-1.359882E0,4.706999397280E0));
#1326=LINE('',#1325,#1324);
#1327=CARTESIAN_POINT('',(6.147722277630E0,-1.359882E0,4.693185851240E0));
#1328=DIRECTION('',(0.E0,1.E0,0.E0));
#1329=DIRECTION('',(4.762827025470E-2,0.E0,9.988651299713E-1));
#1330=AXIS2_PLACEMENT_3D('',#1327,#1328,#1329);
#1332=CARTESIAN_POINT('',(6.410072412290E0,-1.359882E0,4.834141732120E0));
#1333=DIRECTION('',(0.E0,-1.E0,0.E0));
#1334=DIRECTION('',(-8.666914445690E-1,0.E0,-4.988446049732E-1));
#1335=AXIS2_PLACEMENT_3D('',#1332,#1333,#1334);
#1337=CARTESIAN_POINT('',(6.688887306950E0,-1.359882E0,4.946356606030E0));
#1338=DIRECTION('',(0.E0,1.E0,0.E0));
#1339=DIRECTION('',(-9.192221138419E-1,0.E0,-3.937393876969E-1));
#1340=AXIS2_PLACEMENT_3D('',#1337,#1338,#1339);
#1342=DIRECTION('',(6.501275927751E-1,0.E0,7.598250542806E-1));
#1343=VECTOR('',#1342,1.613529094938E0);
#1344=CARTESIAN_POINT('',(6.678379719703E0,-1.359882E0,4.954999542253E0));
#1345=LINE('',#1344,#1343);
#1346=CARTESIAN_POINT('',(2.346273918619E1,-1.359882E0,-9.538360511711E0));
#1347=DIRECTION('',(0.E0,1.E0,0.E0));
#1348=DIRECTION('',(-7.074663674151E-1,0.E0,7.067470120039E-1));
#1349=AXIS2_PLACEMENT_3D('',#1346,#1347,#1348);
#1351=CARTESIAN_POINT('',(7.742378895689E0,-1.359882E0,6.195999717695E0));
#1352=CARTESIAN_POINT('',(7.743144924293E0,-1.359882E0,6.196897092522E0));
#1353=CARTESIAN_POINT('',(7.744839726922E0,-1.359882E0,6.198363151142E0));
#1354=CARTESIAN_POINT('',(7.748094031768E0,-1.359882E0,6.199795480159E0));
#1355=CARTESIAN_POINT('',(7.750096007358E0,-1.359882E0,6.199968184248E0));
#1356=CARTESIAN_POINT('',(7.750837563556E0,-1.359882E0,6.199973730797E0));
#1358=DIRECTION('',(9.999999999233E-1,0.E0,-1.238796295755E-5));
#1359=VECTOR('',#1358,5.674970603645E-1);
#1360=CARTESIAN_POINT('',(7.750837563556E0,-1.359882E0,6.199973730797E0));
#1361=LINE('',#1360,#1359);
#1362=CARTESIAN_POINT('',(6.094478312130E0,-1.359882E0,-2.712602528893E0));
#1363=DIRECTION('',(0.E0,1.E0,0.E0));
#1364=DIRECTION('',(2.420778130630E-1,0.E0,9.702568383797E-1));
#1365=AXIS2_PLACEMENT_3D('',#1362,#1363,#1364);
#1367=CARTESIAN_POINT('',(8.543975034270E0,-1.359882E0,6.517589491820E0));
#1368=DIRECTION('',(0.E0,-1.E0,0.E0));
#1369=DIRECTION('',(-5.687677534346E-1,0.E0,-8.224981718235E-1));
#1370=AXIS2_PLACEMENT_3D('',#1367,#1368,#1369);
#1372=CARTESIAN_POINT('',(1.090587872787E1,-1.359882E0,6.686499217870E0));
#1373=DIRECTION('',(0.E0,-1.E0,0.E0));
#1374=DIRECTION('',(-8.758773001189E-1,0.E0,-4.825338901429E-1));
#1375=AXIS2_PLACEMENT_3D('',#1372,#1373,#1374);
#1377=DIRECTION('',(0.E0,-1.E0,0.E0));
#1378=VECTOR('',#1377,1.52068022E0);
#1379=CARTESIAN_POINT('',(-1.244413495393E1,1.6079822E-1,1.178836148535E1));
#1380=LINE('',#1379,#1378);
#1381=DIRECTION('',(0.E0,1.E0,0.E0));
#1382=VECTOR('',#1381,1.52068022E0);
#1383=CARTESIAN_POINT('',(-1.194413595393E1,-1.359882E0,1.178836148535E1));
#1384=LINE('',#1383,#1382);
#1385=DIRECTION('',(0.E0,-1.E0,0.E0));
#1386=VECTOR('',#1385,1.52068022E0);
#1387=CARTESIAN_POINT('',(-8.844134533930E0,1.6079822E-1,1.178836148535E1));
#1388=LINE('',#1387,#1386);
#1389=DIRECTION('',(0.E0,1.E0,0.E0));
#1390=VECTOR('',#1389,1.52068022E0);
#1391=CARTESIAN_POINT('',(-8.344135533930E0,-1.359882E0,1.178836148535E1));
#1392=LINE('',#1391,#1390);
#1393=DIRECTION('',(0.E0,-1.E0,0.E0));
#1394=VECTOR('',#1393,1.52068022E0);
#1395=CARTESIAN_POINT('',(-1.644133693930E0,1.6079822E-1,1.178836148535E1));
#1396=LINE('',#1395,#1394);
#1397=DIRECTION('',(0.E0,1.E0,0.E0));
#1398=VECTOR('',#1397,1.52068022E0);
#1399=CARTESIAN_POINT('',(-1.144134693930E0,-1.359882E0,1.178836148535E1));
#1400=LINE('',#1399,#1398);
#1401=DIRECTION('',(0.E0,-1.E0,0.E0));
#1402=VECTOR('',#1401,1.52068022E0);
#1403=CARTESIAN_POINT('',(9.355862086070E0,1.6079822E-1,1.178836148535E1));
#1404=LINE('',#1403,#1402);
#1405=DIRECTION('',(0.E0,1.E0,0.E0));
#1406=VECTOR('',#1405,1.52068022E0);
#1407=CARTESIAN_POINT('',(9.855861086070E0,-1.359882E0,1.178836148535E1));
#1408=LINE('',#1407,#1406);
#1409=DIRECTION('',(0.E0,-1.E0,0.E0));
#1410=VECTOR('',#1409,1.52068022E0);
#1411=CARTESIAN_POINT('',(4.333800725540E-1,1.6079822E-1,-8.950003623880E-1));
#1412=LINE('',#1411,#1410);
#1413=DIRECTION('',(0.E0,1.E0,0.E0));
#1414=VECTOR('',#1413,1.52068022E0);
#1415=CARTESIAN_POINT('',(5.533379977186E0,-1.359882E0,-8.950003623880E-1));
#1416=LINE('',#1415,#1414);
#1417=DIRECTION('',(0.E0,-1.E0,0.E0));
#1418=VECTOR('',#1417,1.52068022E0);
#1419=CARTESIAN_POINT('',(1.195586196607E1,1.6079822E-1,1.178836148535E1));
#1420=LINE('',#1419,#1418);
#1421=DIRECTION('',(0.E0,1.E0,0.E0));
#1422=VECTOR('',#1421,1.52068022E0);
#1423=CARTESIAN_POINT('',(1.245586096607E1,-1.359882E0,1.178836148535E1));
#1424=LINE('',#1423,#1422);
#1425=DIRECTION('',(7.886521863195E-10,-1.E0,1.094540677670E-12));
#1426=VECTOR('',#1425,1.52068022E0);
#1427=CARTESIAN_POINT('',(-1.249443047950E1,1.6079822E-1,1.260000000608E1));
#1428=LINE('',#1427,#1426);
#1429=DIRECTION('',(-1.293576898035E-6,-9.999999999992E-1,1.094540677669E-12));
#1430=VECTOR('',#1429,1.520680220001E0);
#1431=CARTESIAN_POINT('',(-1.189461986647E1,1.6079822E-1,1.260000000123E1));
#1432=LINE('',#1431,#1430);
#1433=DIRECTION('',(1.401759672575E-14,9.999999999992E-1,-1.226092093091E-6));
#1434=VECTOR('',#1433,1.520680220001E0);
#1435=CARTESIAN_POINT('',(-1.148062086374E1,-1.359882E0,1.218760615504E1));
#1436=LINE('',#1435,#1434);
#1437=DIRECTION('',(-1.086363746247E-13,-1.E0,6.112840305493E-12));
#1438=VECTOR('',#1437,1.52068022E0);
#1439=CARTESIAN_POINT('',(-9.307620341341E0,1.6079822E-1,1.218699989321E1));
#1440=LINE('',#1439,#1438);
#1441=DIRECTION('',(7.887619908272E-10,-1.E0,1.093372544609E-12));
#1442=VECTOR('',#1441,1.52068022E0);
#1443=CARTESIAN_POINT('',(-8.894432005381E0,1.6079822E-1,1.260000000608E1));
#1444=LINE('',#1443,#1442);
#1445=DIRECTION('',(-1.282190364499E-6,-9.999999999992E-1,1.095708810729E-12));
#1446=VECTOR('',#1445,1.520680220001E0);
#1447=CARTESIAN_POINT('',(-8.294617597799E0,1.6079822E-1,1.260000000123E1));
#1448=LINE('',#1447,#1446);
#1449=DIRECTION('',(-2.318744125051E-13,-9.999999999993E-1,1.215582544795E-6));
#1450=VECTOR('',#1449,1.520680220001E0);
#1451=CARTESIAN_POINT('',(-7.880622388071E0,1.6079822E-1,1.218760132116E1));
#1452=LINE('',#1451,#1450);
#1453=DIRECTION('',(0.E0,-1.E0,-7.790886809534E-10));
#1454=VECTOR('',#1453,1.52068022E0);
#1455=CARTESIAN_POINT('',(-5.707621867221E0,1.6079822E-1,1.218699989460E1));
#1456=LINE('',#1455,#1454);
#1457=DIRECTION('',(-7.701740735023E-10,-1.E0,1.096876943791E-12));
#1458=VECTOR('',#1457,1.52068022E0);
#1459=CARTESIAN_POINT('',(-5.294422309E0,1.6079822E-1,1.260000000625E1));
#1460=LINE('',#1459,#1458);
#1461=DIRECTION('',(-1.271436917612E-6,-9.999999999992E-1,1.095708810730E-12));
#1462=VECTOR('',#1461,1.520680220001E0);
#1463=CARTESIAN_POINT('',(-4.694619143381E0,1.6079822E-1,1.260000000129E1));
#1464=LINE('',#1463,#1462);
#1465=DIRECTION('',(2.044232855839E-13,-9.999999999993E-1,1.205571195903E-6));
#1466=VECTOR('',#1465,1.520680220001E0);
#1467=CARTESIAN_POINT('',(-4.280620098675E0,1.6079822E-1,1.218759401267E1));
#1468=LINE('',#1467,#1466);
#1469=DIRECTION('',(-1.098045076851E-13,-1.E0,6.237830542964E-12));
#1470=VECTOR('',#1469,1.52068022E0);
#1471=CARTESIAN_POINT('',(-2.107619578401E0,1.6079822E-1,1.218699989321E1));
#1472=LINE('',#1471,#1470);
#1473=DIRECTION('',(7.888991004452E-10,-1.E0,1.095708810730E-12));
#1474=VECTOR('',#1473,1.52068022E0);
#1475=CARTESIAN_POINT('',(-1.694431242441E0,1.6079822E-1,1.260000000608E1));
#1476=LINE('',#1475,#1474);
#1477=DIRECTION('',(-8.275200617074E-12,-1.E0,1.093372544609E-12));
#1478=VECTOR('',#1477,1.52068022E0);
#1479=CARTESIAN_POINT('',(-1.094619105287E0,1.6079822E-1,1.260000000123E1));
#1480=LINE('',#1479,#1478);
#1481=DIRECTION('',(-4.951168745458E-6,-9.999999999006E-1,1.320209854502E-5));
#1482=VECTOR('',#1481,1.520680220151E0);
#1483=CARTESIAN_POINT('',(-6.806253338510E-1,1.6079822E-1,1.218807264623E1));
#1484=LINE('',#1483,#1482);
#1485=DIRECTION('',(8.464945262084E-5,-9.999999963570E-1,1.098034022663E-5));
#1486=VECTOR('',#1485,1.520680225540E0);
#1487=CARTESIAN_POINT('',(-6.807558903388E-1,1.6079822E-1,4.968048024893E0));
#1488=LINE('',#1487,#1486);
#1489=DIRECTION('',(-4.765362553627E-5,-9.999999793788E-1,-1.974120201849E-4));
#1490=VECTOR('',#1489,1.520680251358E0);
#1491=CARTESIAN_POINT('',(-6.819917655774E-1,1.6079822E-1,4.963761927698E0));
#1492=LINE('',#1491,#1490);
#1493=CARTESIAN_POINT('',(-1.766198225445E-1,1.6079822E-1,4.690999603275E0));
#1494=CARTESIAN_POINT('',(-1.766198225445E-1,-3.460951866667E-1,
4.690999603275E0));
#1495=CARTESIAN_POINT('',(-1.766198225445E-1,-8.529885933333E-1,
4.690999603274E0));
#1496=CARTESIAN_POINT('',(-1.766198225445E-1,-1.359882E0,4.690999603274E0));
#1498=DIRECTION('',(-5.702497063841E-13,-1.E0,2.184408823098E-13));
#1499=VECTOR('',#1498,1.52068022E0);
#1500=CARTESIAN_POINT('',(-1.646187849310E-1,1.6079822E-1,4.706999397279E0));
#1501=LINE('',#1500,#1499);
#1502=DIRECTION('',(1.842145836377E-12,-1.E0,2.178568157796E-13));
#1503=VECTOR('',#1502,1.52068022E0);
#1504=CARTESIAN_POINT('',(6.148380940408E0,1.6079822E-1,4.706999397281E0));
#1505=LINE('',#1504,#1503);
#1506=CARTESIAN_POINT('',(6.161377613981E0,1.6079822E-1,4.690999603276E0));
#1507=CARTESIAN_POINT('',(6.161377613981E0,-3.460951866667E-1,
4.690999603276E0));
#1508=CARTESIAN_POINT('',(6.161377613981E0,-8.529885933333E-1,
4.690999603276E0));
#1509=CARTESIAN_POINT('',(6.161377613981E0,-1.359882E0,4.690999603276E0));
#1511=CARTESIAN_POINT('',(6.676380716541E0,1.6079822E-1,4.941000136814E0));
#1512=CARTESIAN_POINT('',(6.676380716541E0,-3.460951866667E-1,
4.941000136814E0));
#1513=CARTESIAN_POINT('',(6.676380822856E0,-8.529885933333E-1,
4.940999585485E0));
#1514=CARTESIAN_POINT('',(6.676380822856E0,-1.359882E0,4.940999585485E0));
#1516=DIRECTION('',(-6.408377969794E-12,-1.E0,-7.815978307673E-12));
#1517=VECTOR('',#1516,1.52068022E0);
#1518=CARTESIAN_POINT('',(6.678379719713E0,1.6079822E-1,4.954999542265E0));
#1519=LINE('',#1518,#1517);
#1520=DIRECTION('',(4.472781488579E-12,-1.E0,4.378162710680E-12));
#1521=VECTOR('',#1520,1.52068022E0);
#1522=CARTESIAN_POINT('',(7.727379506061E0,1.6079822E-1,6.180999374391E0));
#1523=LINE('',#1522,#1521);
#1524=CARTESIAN_POINT('',(7.742378895688E0,1.6079822E-1,6.195999717694E0));
#1525=CARTESIAN_POINT('',(7.742378895688E0,-3.460951866667E-1,
6.195999717694E0));
#1526=CARTESIAN_POINT('',(7.742378895689E0,-8.529885933333E-1,
6.195999717695E0));
#1527=CARTESIAN_POINT('',(7.742378895689E0,-1.359882E0,6.195999717695E0));
#1529=DIRECTION('',(1.628433601217E-5,-9.999999998654E-1,2.013570280884E-6));
#1530=VECTOR('',#1529,1.520680220205E0);
#1531=CARTESIAN_POINT('',(7.750812800288E0,1.6079822E-1,6.199970668800E0));
#1532=LINE('',#1531,#1530);
#1533=DIRECTION('',(1.702043152281E-5,-9.999999998531E-1,2.013570280860E-6));
#1534=VECTOR('',#1533,1.520680220223E0);
#1535=CARTESIAN_POINT('',(8.318308741243E0,1.6079822E-1,6.199963638668E0));
#1536=LINE('',#1535,#1534);
#1537=CARTESIAN_POINT('',(8.324660377199E0,1.6079822E-1,6.198788273080E0));
#1538=CARTESIAN_POINT('',(8.324660377199E0,-3.460951866667E-1,
6.198788273080E0));
#1539=CARTESIAN_POINT('',(8.324319082884E0,-8.529885933333E-1,
6.198856101176E0));
#1540=CARTESIAN_POINT('',(8.324319082884E0,-1.359882E0,6.198856101176E0));
#1542=DIRECTION('',(5.115254064081E-6,-9.999999716180E-1,2.381971570311E-4));
#1543=VECTOR('',#1542,1.520680263160E0);
#1544=CARTESIAN_POINT('',(8.892383974495E0,1.6079822E-1,1.218731155501E1));
#1545=LINE('',#1544,#1543);
#1546=DIRECTION('',(1.159801054478E-4,-9.999999932743E-1,1.096876936414E-12));
#1547=VECTOR('',#1546,1.520680230228E0);
#1548=CARTESIAN_POINT('',(9.305627204212E0,1.6079822E-1,1.259999999964E1));
#1549=LINE('',#1548,#1547);
#1550=DIRECTION('',(-5.745485820633E-10,-1.E0,1.096876943791E-12));
#1551=VECTOR('',#1550,1.52068022E0);
#1552=CARTESIAN_POINT('',(1.050537937438E1,1.6079822E-1,1.260000000123E1));
#1553=LINE('',#1552,#1551);
#1554=DIRECTION('',(0.E0,-1.E0,-9.333383153237E-13));
#1555=VECTOR('',#1554,1.52068022E0);
#1556=CARTESIAN_POINT('',(1.051937932296E1,1.6079822E-1,1.258699951172E1));
#1557=LINE('',#1556,#1555);
#1558=DIRECTION('',(-1.095708809758E-12,-9.999999991128E-1,-4.212379388730E-5));
#1559=VECTOR('',#1558,1.520680221349E0);
#1560=CARTESIAN_POINT('',(1.129237990390E1,1.6079822E-1,1.258712762523E1));
#1561=LINE('',#1560,#1559);
#1562=DIRECTION('',(-4.075835874905E-5,-9.999999991694E-1,0.E0));
#1563=VECTOR('',#1562,1.520680221263E0);
#1564=CARTESIAN_POINT('',(1.130508033306E1,1.6079822E-1,1.259999187464E1));
#1565=LINE('',#1564,#1563);
#1566=DIRECTION('',(-1.271435573675E-6,-9.999999999992E-1,0.E0));
#1567=VECTOR('',#1566,1.520680220001E0);
#1568=CARTESIAN_POINT('',(1.250539616574E1,1.6079822E-1,1.259999886656E1));
#1569=LINE('',#1568,#1567);
#1570=DIRECTION('',(1.084027480125E-12,-9.999999999993E-1,1.205563420810E-6));
#1571=VECTOR('',#1570,1.520680220001E0);
#1572=CARTESIAN_POINT('',(1.291938066426E1,1.6079822E-1,1.218759401263E1));
#1573=LINE('',#1572,#1571);
#1574=DIRECTION('',(1.094540677670E-12,-1.E0,4.420617046596E-12));
#1575=VECTOR('',#1574,1.52068022E0);
#1576=CARTESIAN_POINT('',(1.291938082760E1,1.6079822E-1,-3.000001741245E-1));
#1577=LINE('',#1576,#1575);
#1578=CARTESIAN_POINT('',(1.291137761398E1,1.6079822E-1,-3.120001792846E-1));
#1579=CARTESIAN_POINT('',(1.291137761398E1,-3.460951866667E-1,
-3.120001792846E-1));
#1580=CARTESIAN_POINT('',(1.291137761398E1,-8.529885933333E-1,
-3.120001792848E-1));
#1581=CARTESIAN_POINT('',(1.291137761398E1,-1.359882E0,-3.120001792848E-1));
#1583=DIRECTION('',(7.219062313767E-13,-1.E0,1.138929733968E-14));
#1584=VECTOR('',#1583,1.52068022E0);
#1585=CARTESIAN_POINT('',(1.289938039108E1,1.6079822E-1,-3.200000762855E-1));
#1586=LINE('',#1585,#1584);
#1587=DIRECTION('',(-2.148196698223E-12,-1.E0,1.138929733968E-14));
#1588=VECTOR('',#1587,1.52068022E0);
#1589=CARTESIAN_POINT('',(1.265538090988E1,1.6079822E-1,-3.200000762857E-1));
#1590=LINE('',#1589,#1588);
#1591=DIRECTION('',(0.E0,-1.E0,3.800739937221E-12));
#1592=VECTOR('',#1591,1.52068022E0);
#1593=CARTESIAN_POINT('',(1.241938084884E1,1.6079822E-1,-5.570000648902E-1));
#1594=LINE('',#1593,#1592);
#1595=DIRECTION('',(0.E0,-1.E0,2.146444498632E-13));
#1596=VECTOR('',#1595,1.52068022E0);
#1597=CARTESIAN_POINT('',(1.241938084884E1,1.6079822E-1,-1.864000225059E0));
#1598=LINE('',#1597,#1596);
#1599=DIRECTION('',(-3.193096366471E-6,-9.999999999949E-1,0.E0));
#1600=VECTOR('',#1599,1.520680220008E0);
#1601=CARTESIAN_POINT('',(1.265248331050E1,1.6079822E-1,-2.100863533002E0));
#1602=LINE('',#1601,#1600);
#1603=DIRECTION('',(3.392518469832E-5,-9.999999994245E-1,0.E0));
#1604=VECTOR('',#1603,1.520680220875E0);
#1605=CARTESIAN_POINT('',(1.289544123096E1,1.6079822E-1,-2.100377848102E0));
#1606=LINE('',#1605,#1604);
#1607=CARTESIAN_POINT('',(1.291838139816E1,1.6079822E-1,-2.114000225057E0));
#1608=CARTESIAN_POINT('',(1.291838139816E1,-3.460951866667E-1,
-2.114000225057E0));
#1609=CARTESIAN_POINT('',(1.291838139816E1,-8.529885933333E-1,
-2.114000225056E0));
#1610=CARTESIAN_POINT('',(1.291838139816E1,-1.359882E0,-2.114000225056E0));
#1612=DIRECTION('',(0.E0,-1.E0,1.171053393131E-13));
#1613=VECTOR('',#1612,1.52068022E0);
#1614=CARTESIAN_POINT('',(1.291938084979E1,1.6079822E-1,-2.119000341201E0));
#1615=LINE('',#1614,#1613);
#1616=DIRECTION('',(0.E0,-9.999999994185E-1,3.410354123102E-5));
#1617=VECTOR('',#1616,1.520680220884E0);
#1618=CARTESIAN_POINT('',(1.291938085631E1,1.6079822E-1,-7.509959769834E0));
#1619=LINE('',#1618,#1617);
#1620=CARTESIAN_POINT('',(1.199352235391E1,1.6079822E-1,-8.518839678276E0));
#1621=CARTESIAN_POINT('',(1.199352235391E1,-3.460951866667E-1,
-8.518839678276E0));
#1622=CARTESIAN_POINT('',(1.199338791859E1,-8.529885933333E-1,
-8.518852474380E0));
#1623=CARTESIAN_POINT('',(1.199338791859E1,-1.359882E0,-8.518852474380E0));
#1625=CARTESIAN_POINT('',(1.190521239367E1,1.6079822E-1,-8.522995317100E0));
#1626=CARTESIAN_POINT('',(1.190521239367E1,-3.460951866667E-1,
-8.522995317100E0));
#1627=CARTESIAN_POINT('',(1.190530075131E1,-8.529885933333E-1,
-8.522997576952E0));
#1628=CARTESIAN_POINT('',(1.190530075131E1,-1.359882E0,-8.522997576952E0));
#1630=DIRECTION('',(-2.301335683569E-5,-9.999999997352E-1,0.E0));
#1631=VECTOR('',#1630,1.520680220403E0);
#1632=CARTESIAN_POINT('',(1.189731891752E1,1.6079822E-1,-8.518977065874E0));
#1633=LINE('',#1632,#1631);
#1634=DIRECTION('',(-3.434707610754E-6,-9.999999999941E-1,0.E0));
#1635=VECTOR('',#1634,1.520680220009E0);
#1636=CARTESIAN_POINT('',(7.541365048145E0,1.6079822E-1,-8.518996416420E0));
#1637=LINE('',#1636,#1635);
#1638=CARTESIAN_POINT('',(7.534360257711E0,1.6079822E-1,-8.496019939459E0));
#1639=CARTESIAN_POINT('',(7.534360257711E0,-3.460951866667E-1,
-8.496019939459E0));
#1640=CARTESIAN_POINT('',(7.534371442507E0,-8.529885933333E-1,
-8.496005134738E0));
#1641=CARTESIAN_POINT('',(7.534371442507E0,-1.359882E0,-8.496005134738E0));
#1643=DIRECTION('',(4.403861634739E-13,-9.999999992571E-1,-3.854551563805E-5));
#1644=VECTOR('',#1643,1.520680221130E0);
#1645=CARTESIAN_POINT('',(7.528393477951E0,1.6079822E-1,-8.485219578589E0));
#1646=LINE('',#1645,#1644);
#1647=DIRECTION('',(4.398020972686E-13,-9.999999999949E-1,3.184666364861E-6));
#1648=VECTOR('',#1647,1.520680220008E0);
#1649=CARTESIAN_POINT('',(7.528380463404E0,1.6079822E-1,-6.889990998138E0));
#1650=LINE('',#1649,#1648);
#1651=CARTESIAN_POINT('',(7.541541413066E0,1.6079822E-1,-6.876949920264E0));
#1652=CARTESIAN_POINT('',(7.541541413066E0,-3.460951866667E-1,
-6.876949920264E0));
#1653=CARTESIAN_POINT('',(7.541517974859E0,-8.529885933333E-1,
-6.876980503157E0));
#1654=CARTESIAN_POINT('',(7.541517974859E0,-1.359882E0,-6.876980503157E0));
#1656=CARTESIAN_POINT('',(7.141380970914E0,1.6079822E-1,-6.504000270362E0));
#1657=CARTESIAN_POINT('',(7.141380970914E0,-3.460951866667E-1,
-6.504000270362E0));
#1658=CARTESIAN_POINT('',(7.141380970913E0,-8.529885933333E-1,
-6.504000270363E0));
#1659=CARTESIAN_POINT('',(7.141380970913E0,-1.359882E0,-6.504000270363E0));
#1661=DIRECTION('',(4.894477523412E-13,-1.E0,0.E0));
#1662=VECTOR('',#1661,1.52068022E0);
#1663=CARTESIAN_POINT('',(7.128380482628E0,1.6079822E-1,-6.519000285856E0));
#1664=LINE('',#1663,#1662);
#1665=DIRECTION('',(-4.699910360526E-14,-1.E0,0.E0));
#1666=VECTOR('',#1665,1.52068022E0);
#1667=CARTESIAN_POINT('',(-1.646187849501E-1,1.6079822E-1,-6.519000285856E0));
#1668=LINE('',#1667,#1666);
#1669=CARTESIAN_POINT('',(-1.766198225457E-1,1.6079822E-1,-6.504000270356E0));
#1670=CARTESIAN_POINT('',(-1.766198225457E-1,-3.460951866667E-1,
-6.504000270356E0));
#1671=CARTESIAN_POINT('',(-1.766198225455E-1,-8.529885933333E-1,
-6.504000270356E0));
#1672=CARTESIAN_POINT('',(-1.766198225455E-1,-1.359882E0,-6.504000270356E0));
#1674=CARTESIAN_POINT('',(-5.650156618456E-1,1.6079822E-1,-6.897803495804E0));
#1675=CARTESIAN_POINT('',(-5.650156618456E-1,-3.460952076466E-1,
-6.897803495804E0));
#1676=CARTESIAN_POINT('',(-5.646203108206E-1,-8.529885723534E-1,
-6.898000264161E0));
#1677=CARTESIAN_POINT('',(-5.646203108206E-1,-1.359882E0,-6.898000264161E0));
#1679=DIRECTION('',(-1.314149692623E-13,-9.999999996823E-1,2.520850430293E-5));
#1680=VECTOR('',#1679,1.520680220483E0);
#1681=CARTESIAN_POINT('',(-5.526325004828E-1,1.6079822E-1,-6.910854745946E0));
#1682=LINE('',#1681,#1680);
#1683=DIRECTION('',(-1.311959443549E-13,-9.999999999981E-1,-1.973147267884E-6));
#1684=VECTOR('',#1683,1.520680220003E0);
#1685=CARTESIAN_POINT('',(-5.526212371798E-1,1.6079822E-1,-8.506019416583E0));
#1686=LINE('',#1685,#1684);
#1687=DIRECTION('',(1.587346812560E-12,-1.E0,0.E0));
#1688=VECTOR('',#1687,1.52068022E0);
#1689=CARTESIAN_POINT('',(-5.656197615166E-1,1.6079822E-1,-8.519000196449E0));
#1690=LINE('',#1689,#1688);
#1691=DIRECTION('',(-1.532590575350E-12,-1.E0,0.E0));
#1692=VECTOR('',#1691,1.52068022E0);
#1693=CARTESIAN_POINT('',(-1.189462214188E1,1.6079822E-1,-8.519000196449E0));
#1694=LINE('',#1693,#1692);
#1695=DIRECTION('',(0.E0,-1.E0,2.216532482261E-12));
#1696=VECTOR('',#1695,1.52068022E0);
#1697=CARTESIAN_POINT('',(-1.290761881546E1,1.6079822E-1,-7.506000304273E0));
#1698=LINE('',#1697,#1696);
#1699=DIRECTION('',(0.E0,-1.E0,1.518572978624E-13));
#1700=VECTOR('',#1699,1.52068022E0);
#1701=CARTESIAN_POINT('',(-1.290761881546E1,1.6079822E-1,-3.063000345231E0));
#1702=LINE('',#1701,#1700);
#1703=DIRECTION('',(-5.408456070023E-13,-1.E0,0.E0));
#1704=VECTOR('',#1703,1.52068022E0);
#1705=CARTESIAN_POINT('',(-1.289462214188E1,1.6079822E-1,-3.049000167838E0));
#1706=LINE('',#1705,#1704);
#1707=DIRECTION('',(2.106143908046E-12,-1.E0,0.E0));
#1708=VECTOR('',#1707,1.52068022E0);
#1709=CARTESIAN_POINT('',(-1.170062189774E1,1.6079822E-1,-3.049000167838E0));
#1710=LINE('',#1709,#1708);
#1711=DIRECTION('',(4.991280710134E-10,-1.E0,1.087823912572E-13));
#1712=VECTOR('',#1711,1.52068022E0);
#1713=CARTESIAN_POINT('',(-1.169981665491E1,1.6079822E-1,-1.876000233962E0));
#1714=LINE('',#1713,#1712);
#1715=DIRECTION('',(4.141416704377E-7,-9.999999999999E-1,1.086363746246E-13));
#1716=VECTOR('',#1715,1.52068022E0);
#1717=CARTESIAN_POINT('',(-1.288762295401E1,1.6079822E-1,-1.876000293665E0));
#1718=LINE('',#1717,#1716);
#1719=DIRECTION('',(0.E0,-1.E0,8.181311922338E-13));
#1720=VECTOR('',#1719,1.52068022E0);
#1721=CARTESIAN_POINT('',(-1.290761881546E1,1.6079822E-1,-1.864000225064E0));
#1722=LINE('',#1721,#1720);
#1723=DIRECTION('',(-1.986369148286E-4,-9.999999802717E-1,1.098045055189E-13));
#1724=VECTOR('',#1723,1.52068025E0);
#1725=CARTESIAN_POINT('',(-1.109518016899E1,1.6079822E-1,6.299999870495E0));
#1726=LINE('',#1725,#1724);
#1727=DIRECTION('',(-1.276185368575E-11,-1.E0,1.103885742154E-13));
#1728=VECTOR('',#1727,1.52068022E0);
#1729=CARTESIAN_POINT('',(-9.694621352832E0,1.6079822E-1,6.299999812235E0));
#1730=LINE('',#1729,#1728);
#1731=DIRECTION('',(-1.967963676003E-4,-9.999999806356E-1,-2.184408780798E-13));
#1732=VECTOR('',#1731,1.520680249447E0);
#1733=CARTESIAN_POINT('',(-7.495176433770E0,1.6079822E-1,6.299999872202E0));
#1734=LINE('',#1733,#1732);
#1735=DIRECTION('',(-1.481075907383E-11,-1.E0,-2.190249488400E-13));
#1736=VECTOR('',#1735,1.52068022E0);
#1737=CARTESIAN_POINT('',(-6.094619060897E0,1.6079822E-1,6.299999812585E0));
#1738=LINE('',#1737,#1736);
#1739=DIRECTION('',(-1.980862510621E-4,-9.999999803809E-1,2.196090110617E-13));
#1740=VECTOR('',#1739,1.520680249834E0);
#1741=CARTESIAN_POINT('',(-3.895181648673E0,1.6079822E-1,6.299999872165E0));
#1742=LINE('',#1741,#1740);
#1743=DIRECTION('',(-1.421851561216E-11,-1.E0,2.196090153703E-13));
#1744=VECTOR('',#1743,1.52068022E0);
#1745=CARTESIAN_POINT('',(-2.494620587507E0,1.6079822E-1,6.299999812506E0));
#1746=LINE('',#1745,#1744);
#1747=CARTESIAN_POINT('',(-1.324120394079E1,-3.441203919916E0,8.5E0));
#1748=CARTESIAN_POINT('',(-1.334120394079E1,-3.341203919916E0,8.5E0));
#1749=VERTEX_POINT('',#1747);
#1750=VERTEX_POINT('',#1748);
#1751=CARTESIAN_POINT('',(-1.334120394079E1,3.341203919916E0,8.5E0));
#1752=CARTESIAN_POINT('',(-1.324120394079E1,3.441203919916E0,8.5E0));
#1753=VERTEX_POINT('',#1751);
#1754=VERTEX_POINT('',#1752);
#1755=CARTESIAN_POINT('',(1.324120394079E1,3.441203919916E0,8.5E0));
#1756=CARTESIAN_POINT('',(1.334120394079E1,3.341203919916E0,8.5E0));
#1757=VERTEX_POINT('',#1755);
#1758=VERTEX_POINT('',#1756);
#1759=CARTESIAN_POINT('',(1.334120394079E1,-3.341203919916E0,8.5E0));
#1760=CARTESIAN_POINT('',(1.324120394079E1,-3.441203919916E0,8.5E0));
#1761=VERTEX_POINT('',#1759);
#1762=VERTEX_POINT('',#1760);
#1763=CARTESIAN_POINT('',(-1.334120394079E1,-3.341203919916E0,6.5E0));
#1764=VERTEX_POINT('',#1763);
#1765=CARTESIAN_POINT('',(-1.324120394079E1,-3.441203919916E0,6.5E0));
#1766=VERTEX_POINT('',#1765);
#1767=CARTESIAN_POINT('',(1.324120394079E1,-3.441203919916E0,6.5E0));
#1768=VERTEX_POINT('',#1767);
#1769=CARTESIAN_POINT('',(1.334120394079E1,-3.341203919916E0,6.5E0));
#1770=VERTEX_POINT('',#1769);
#1771=CARTESIAN_POINT('',(1.334120394079E1,3.341203919916E0,6.5E0));
#1772=VERTEX_POINT('',#1771);
#1773=CARTESIAN_POINT('',(1.324120394079E1,3.441203919916E0,6.5E0));
#1774=VERTEX_POINT('',#1773);
#1775=CARTESIAN_POINT('',(-1.324120394079E1,3.441203919916E0,6.5E0));
#1776=VERTEX_POINT('',#1775);
#1777=CARTESIAN_POINT('',(-1.334120394079E1,3.341203919916E0,6.5E0));
#1778=VERTEX_POINT('',#1777);
#1779=CARTESIAN_POINT('',(-1.189461986647E1,1.6079822E-1,1.260000000123E1));
#1780=CARTESIAN_POINT('',(-1.189462183359E1,-1.359882E0,1.260000000123E1));
#1781=VERTEX_POINT('',#1779);
#1782=VERTEX_POINT('',#1780);
#1783=CARTESIAN_POINT('',(-1.148062086374E1,-1.359882E0,1.218760615504E1));
#1784=CARTESIAN_POINT('',(-1.148062086374E1,1.6079822E-1,1.218760429054E1));
#1785=VERTEX_POINT('',#1783);
#1786=VERTEX_POINT('',#1784);
#1787=CARTESIAN_POINT('',(-1.249443047950E1,1.6079822E-1,1.260000000608E1));
#1788=VERTEX_POINT('',#1787);
#1789=CARTESIAN_POINT('',(-1.249443047830E1,-1.359882E0,1.260000000608E1));
#1790=VERTEX_POINT('',#1789);
#1791=CARTESIAN_POINT('',(-1.290761881546E1,1.6079822E-1,1.218699989321E1));
#1792=CARTESIAN_POINT('',(-1.290761881546E1,-1.359882E0,1.218699989322E1));
#1793=VERTEX_POINT('',#1791);
#1794=VERTEX_POINT('',#1792);
#1795=CARTESIAN_POINT('',(-1.288762295401E1,1.6079822E-1,-1.876000293665E0));
#1796=CARTESIAN_POINT('',(-1.288762232423E1,-1.359882E0,-1.876000293665E0));
#1797=VERTEX_POINT('',#1795);
#1798=VERTEX_POINT('',#1796);
#1799=CARTESIAN_POINT('',(-1.290761881546E1,1.6079822E-1,-1.864000225064E0));
#1800=CARTESIAN_POINT('',(-1.290761881546E1,-1.359882E0,-1.864000225063E0));
#1801=VERTEX_POINT('',#1799);
#1802=VERTEX_POINT('',#1800);
#1803=CARTESIAN_POINT('',(-1.169981665491E1,1.6079822E-1,-1.876000233962E0));
#1804=VERTEX_POINT('',#1803);
#1805=CARTESIAN_POINT('',(-1.169981665415E1,-1.359882E0,-1.876000233961E0));
#1806=VERTEX_POINT('',#1805);
#1807=CARTESIAN_POINT('',(-1.170062189774E1,1.6079822E-1,-3.049000167838E0));
#1808=CARTESIAN_POINT('',(-1.170062189774E1,-1.359882E0,-3.049000167838E0));
#1809=VERTEX_POINT('',#1807);
#1810=VERTEX_POINT('',#1808);
#1811=CARTESIAN_POINT('',(-1.289462214188E1,1.6079822E-1,-3.049000167838E0));
#1812=VERTEX_POINT('',#1811);
#1813=CARTESIAN_POINT('',(-1.289462214188E1,-1.359882E0,-3.049000167838E0));
#1814=VERTEX_POINT('',#1813);
#1815=CARTESIAN_POINT('',(-1.290761881546E1,1.6079822E-1,-3.063000345231E0));
#1816=CARTESIAN_POINT('',(-1.290761881546E1,-1.359882E0,-3.063000345231E0));
#1817=VERTEX_POINT('',#1815);
#1818=VERTEX_POINT('',#1816);
#1819=CARTESIAN_POINT('',(-1.290761881546E1,1.6079822E-1,-7.506000304273E0));
#1820=VERTEX_POINT('',#1819);
#1821=CARTESIAN_POINT('',(-1.290761881546E1,-1.359882E0,-7.506000304269E0));
#1822=VERTEX_POINT('',#1821);
#1823=CARTESIAN_POINT('',(-1.189462214188E1,1.6079822E-1,-8.519000196449E0));
#1824=CARTESIAN_POINT('',(-1.189462214189E1,-1.359882E0,-8.519000196449E0));
#1825=VERTEX_POINT('',#1823);
#1826=VERTEX_POINT('',#1824);
#1827=CARTESIAN_POINT('',(-5.656197615166E-1,1.6079822E-1,-8.519000196449E0));
#1828=VERTEX_POINT('',#1827);
#1829=CARTESIAN_POINT('',(-5.656197615142E-1,-1.359882E0,-8.519000196449E0));
#1830=VERTEX_POINT('',#1829);
#1831=CARTESIAN_POINT('',(-5.526212371798E-1,1.6079822E-1,-8.506019416583E0));
#1832=CARTESIAN_POINT('',(-5.526212371800E-1,-1.359882E0,-8.506022417109E0));
#1833=VERTEX_POINT('',#1831);
#1834=VERTEX_POINT('',#1832);
#1835=CARTESIAN_POINT('',(-5.526325004828E-1,1.6079822E-1,-6.910854745946E0));
#1836=VERTEX_POINT('',#1835);
#1837=CARTESIAN_POINT('',(-5.526325004830E-1,-1.359882E0,-6.910816411872E0));
#1838=VERTEX_POINT('',#1837);
#1839=VERTEX_POINT('',#1674);
#1840=VERTEX_POINT('',#1677);
#1841=CARTESIAN_POINT('',(-1.646187849501E-1,1.6079822E-1,-6.519000285856E0));
#1842=CARTESIAN_POINT('',(-1.646187849501E-1,-1.359882E0,-6.519000285856E0));
#1843=VERTEX_POINT('',#1841);
#1844=VERTEX_POINT('',#1842);
#1845=VERTEX_POINT('',#1669);
#1846=VERTEX_POINT('',#1672);
#1847=CARTESIAN_POINT('',(7.128380482628E0,1.6079822E-1,-6.519000285856E0));
#1848=VERTEX_POINT('',#1847);
#1849=CARTESIAN_POINT('',(7.128380482629E0,-1.359882E0,-6.519000285856E0));
#1850=VERTEX_POINT('',#1849);
#1851=VERTEX_POINT('',#1656);
#1852=VERTEX_POINT('',#1659);
#1853=CARTESIAN_POINT('',(7.528380463404E0,1.6079822E-1,-6.889990998138E0));
#1854=CARTESIAN_POINT('',(7.528380463404E0,-1.359882E0,-6.889986155279E0));
#1855=VERTEX_POINT('',#1853);
#1856=VERTEX_POINT('',#1854);
#1857=VERTEX_POINT('',#1651);
#1858=VERTEX_POINT('',#1654);
#1859=CARTESIAN_POINT('',(7.528393477951E0,1.6079822E-1,-8.485219578589E0));
#1860=VERTEX_POINT('',#1859);
#1861=CARTESIAN_POINT('',(7.528393477952E0,-1.359882E0,-8.485278193992E0));
#1862=VERTEX_POINT('',#1861);
#1863=CARTESIAN_POINT('',(7.541365048145E0,1.6079822E-1,-8.518996416420E0));
#1864=CARTESIAN_POINT('',(7.541359825053E0,-1.359882E0,-8.518996416420E0));
#1865=VERTEX_POINT('',#1863);
#1866=VERTEX_POINT('',#1864);
#1867=VERTEX_POINT('',#1638);
#1868=VERTEX_POINT('',#1641);
#1869=CARTESIAN_POINT('',(1.189731891752E1,1.6079822E-1,-8.518977065874E0));
#1870=VERTEX_POINT('',#1869);
#1871=CARTESIAN_POINT('',(1.189728392157E1,-1.359882E0,-8.518977065874E0));
#1872=VERTEX_POINT('',#1871);
#1873=VERTEX_POINT('',#1620);
#1874=VERTEX_POINT('',#1623);
#1875=VERTEX_POINT('',#1625);
#1876=VERTEX_POINT('',#1628);
#1877=CARTESIAN_POINT('',(1.291938085631E1,1.6079822E-1,-7.509959769834E0));
#1878=CARTESIAN_POINT('',(1.291938085631E1,-1.359882E0,-7.509907909254E0));
#1879=VERTEX_POINT('',#1877);
#1880=VERTEX_POINT('',#1878);
#1881=CARTESIAN_POINT('',(1.291938084979E1,1.6079822E-1,-2.119000341201E0));
#1882=VERTEX_POINT('',#1881);
#1883=CARTESIAN_POINT('',(1.291938084979E1,-1.359882E0,-2.119000341201E0));
#1884=VERTEX_POINT('',#1883);
#1885=CARTESIAN_POINT('',(1.289544123096E1,1.6079822E-1,-2.100377848102E0));
#1886=CARTESIAN_POINT('',(1.289549282032E1,-1.359882E0,-2.100377848102E0));
#1887=VERTEX_POINT('',#1885);
#1888=VERTEX_POINT('',#1886);
#1889=VERTEX_POINT('',#1607);
#1890=VERTEX_POINT('',#1610);
#1891=CARTESIAN_POINT('',(1.265248331050E1,1.6079822E-1,-2.100863533002E0));
#1892=VERTEX_POINT('',#1891);
#1893=CARTESIAN_POINT('',(1.265247845482E1,-1.359882E0,-2.100863533002E0));
#1894=VERTEX_POINT('',#1893);
#1895=CARTESIAN_POINT('',(1.241938084884E1,1.6079822E-1,-1.864000225059E0));
#1896=CARTESIAN_POINT('',(1.241938084884E1,-1.359882E0,-1.864000225058E0));
#1897=VERTEX_POINT('',#1895);
#1898=VERTEX_POINT('',#1896);
#1899=CARTESIAN_POINT('',(1.241938084884E1,1.6079822E-1,-5.570000648902E-1));
#1900=VERTEX_POINT('',#1899);
#1901=CARTESIAN_POINT('',(1.241938084884E1,-1.359882E0,-5.570000648844E-1));
#1902=VERTEX_POINT('',#1901);
#1903=CARTESIAN_POINT('',(1.265538090988E1,1.6079822E-1,-3.200000762857E-1));
#1904=CARTESIAN_POINT('',(1.265538090987E1,-1.359882E0,-3.200000762856E-1));
#1905=VERTEX_POINT('',#1903);
#1906=VERTEX_POINT('',#1904);
#1907=CARTESIAN_POINT('',(1.289938039108E1,1.6079822E-1,-3.200000762855E-1));
#1908=VERTEX_POINT('',#1907);
#1909=CARTESIAN_POINT('',(1.289938039108E1,-1.359882E0,-3.200000762855E-1));
#1910=VERTEX_POINT('',#1909);
#1911=CARTESIAN_POINT('',(1.291938082760E1,1.6079822E-1,-3.000001741245E-1));
#1912=CARTESIAN_POINT('',(1.291938082760E1,-1.359882E0,-3.000001741178E-1));
#1913=VERTEX_POINT('',#1911);
#1914=VERTEX_POINT('',#1912);
#1915=VERTEX_POINT('',#1578);
#1916=VERTEX_POINT('',#1581);
#1917=CARTESIAN_POINT('',(1.250539616574E1,1.6079822E-1,1.259999886656E1));
#1918=CARTESIAN_POINT('',(1.250539423229E1,-1.359882E0,1.259999886656E1));
#1919=VERTEX_POINT('',#1917);
#1920=VERTEX_POINT('',#1918);
#1921=CARTESIAN_POINT('',(1.291938066426E1,1.6079822E-1,1.218759401263E1));
#1922=CARTESIAN_POINT('',(1.291938066427E1,-1.359882E0,1.218759584591E1));
#1923=VERTEX_POINT('',#1921);
#1924=VERTEX_POINT('',#1922);
#1925=CARTESIAN_POINT('',(1.130508033306E1,1.6079822E-1,1.259999187464E1));
#1926=VERTEX_POINT('',#1925);
#1927=CARTESIAN_POINT('',(1.130501835263E1,-1.359882E0,1.259999187464E1));
#1928=VERTEX_POINT('',#1927);
#1929=CARTESIAN_POINT('',(1.129237990390E1,1.6079822E-1,1.258712762523E1));
#1930=CARTESIAN_POINT('',(1.129237990390E1,-1.359882E0,1.258706356841E1));
#1931=VERTEX_POINT('',#1929);
#1932=VERTEX_POINT('',#1930);
#1933=CARTESIAN_POINT('',(1.050537937438E1,1.6079822E-1,1.260000000123E1));
#1934=CARTESIAN_POINT('',(1.050537937351E1,-1.359882E0,1.260000000124E1));
#1935=VERTEX_POINT('',#1933);
#1936=VERTEX_POINT('',#1934);
#1937=CARTESIAN_POINT('',(1.051937932296E1,1.6079822E-1,1.258699951172E1));
#1938=CARTESIAN_POINT('',(1.051937932296E1,-1.359882E0,1.258699951172E1));
#1939=VERTEX_POINT('',#1937);
#1940=VERTEX_POINT('',#1938);
#1941=CARTESIAN_POINT('',(9.305627204212E0,1.6079822E-1,1.259999999964E1));
#1942=VERTEX_POINT('',#1941);
#1943=CARTESIAN_POINT('',(9.305803572865E0,-1.359882E0,1.259999999964E1));
#1944=VERTEX_POINT('',#1943);
#1945=CARTESIAN_POINT('',(8.892383974495E0,1.6079822E-1,1.218731155501E1));
#1946=CARTESIAN_POINT('',(8.892391753161E0,-1.359882E0,1.218767377673E1));
#1947=VERTEX_POINT('',#1945);
#1948=VERTEX_POINT('',#1946);
#1949=CARTESIAN_POINT('',(8.318308741243E0,1.6079822E-1,6.199963638668E0));
#1950=CARTESIAN_POINT('',(8.318334623877E0,-1.359882E0,6.199966700664E0));
#1951=VERTEX_POINT('',#1949);
#1952=VERTEX_POINT('',#1950);
#1953=CARTESIAN_POINT('',(8.324604702706E0,1.6079822E-1,6.198443687821E0));
#1954=VERTEX_POINT('',#1953);
#1955=VERTEX_POINT('',#1540);
#1956=CARTESIAN_POINT('',(7.750812800288E0,1.6079822E-1,6.199970668800E0));
#1957=VERTEX_POINT('',#1956);
#1958=CARTESIAN_POINT('',(7.750837563556E0,-1.359882E0,6.199973730797E0));
#1959=VERTEX_POINT('',#1958);
#1960=CARTESIAN_POINT('',(7.727379506061E0,1.6079822E-1,6.180999374391E0));
#1961=CARTESIAN_POINT('',(7.727379506067E0,-1.359882E0,6.180999374398E0));
#1962=VERTEX_POINT('',#1960);
#1963=VERTEX_POINT('',#1961);
#1964=VERTEX_POINT('',#1524);
#1965=VERTEX_POINT('',#1527);
#1966=CARTESIAN_POINT('',(6.678379719713E0,1.6079822E-1,4.954999542265E0));
#1967=CARTESIAN_POINT('',(6.678379719703E0,-1.359882E0,4.954999542253E0));
#1968=VERTEX_POINT('',#1966);
#1969=VERTEX_POINT('',#1967);
#1970=VERTEX_POINT('',#1511);
#1971=VERTEX_POINT('',#1514);
#1972=CARTESIAN_POINT('',(6.148380940408E0,1.6079822E-1,4.706999397281E0));
#1973=CARTESIAN_POINT('',(6.148380940411E0,-1.359882E0,4.706999397282E0));
#1974=VERTEX_POINT('',#1972);
#1975=VERTEX_POINT('',#1973);
#1976=VERTEX_POINT('',#1506);
#1977=VERTEX_POINT('',#1509);
#1978=CARTESIAN_POINT('',(-1.646187849310E-1,1.6079822E-1,4.706999397279E0));
#1979=VERTEX_POINT('',#1978);
#1980=CARTESIAN_POINT('',(-1.646187849318E-1,-1.359882E0,4.706999397280E0));
#1981=VERTEX_POINT('',#1980);
#1982=VERTEX_POINT('',#1493);
#1983=VERTEX_POINT('',#1496);
#1984=CARTESIAN_POINT('',(-6.819917655774E-1,1.6079822E-1,4.963761927698E0));
#1985=CARTESIAN_POINT('',(-6.820642315046E-1,-1.359882E0,4.963461727138E0));
#1986=VERTEX_POINT('',#1984);
#1987=VERTEX_POINT('',#1985);
#1988=CARTESIAN_POINT('',(-6.807558903388E-1,1.6079822E-1,4.968048024893E0));
#1989=CARTESIAN_POINT('',(-6.806271655901E-1,-1.359882E0,4.968064722480E0));
#1990=VERTEX_POINT('',#1988);
#1991=VERTEX_POINT('',#1989);
#1992=CARTESIAN_POINT('',(-1.094619105287E0,1.6079822E-1,1.260000000123E1));
#1993=CARTESIAN_POINT('',(-1.094619105299E0,-1.359882E0,1.260000000123E1));
#1994=VERTEX_POINT('',#1992);
#1995=VERTEX_POINT('',#1993);
#1996=CARTESIAN_POINT('',(-6.806253338510E-1,1.6079822E-1,1.218807264623E1));
#1997=CARTESIAN_POINT('',(-6.806328629954E-1,-1.359882E0,1.218809272240E1));
#1998=VERTEX_POINT('',#1996);
#1999=VERTEX_POINT('',#1997);
#2000=CARTESIAN_POINT('',(-1.694431242441E0,1.6079822E-1,1.260000000608E1));
#2001=VERTEX_POINT('',#2000);
#2002=CARTESIAN_POINT('',(-1.694431241241E0,-1.359882E0,1.260000000609E1));
#2003=VERTEX_POINT('',#2002);
#2004=CARTESIAN_POINT('',(-2.107619578401E0,1.6079822E-1,1.218699989321E1));
#2005=CARTESIAN_POINT('',(-2.107619578402E0,-1.359882E0,1.218699989322E1));
#2006=VERTEX_POINT('',#2004);
#2007=VERTEX_POINT('',#2005);
#2008=CARTESIAN_POINT('',(-2.494620587507E0,1.6079822E-1,6.299999812506E0));
#2009=CARTESIAN_POINT('',(-2.494620587528E0,-1.359882E0,6.299999812506E0));
#2010=VERTEX_POINT('',#2008);
#2011=VERTEX_POINT('',#2009);
#2012=CARTESIAN_POINT('',(-3.895181648673E0,1.6079822E-1,6.299999872165E0));
#2013=VERTEX_POINT('',#2012);
#2014=CARTESIAN_POINT('',(-3.895482874523E0,-1.359882E0,6.299999872165E0));
#2015=VERTEX_POINT('',#2014);
#2016=CARTESIAN_POINT('',(-4.694619143381E0,1.6079822E-1,1.260000000129E1));
#2017=CARTESIAN_POINT('',(-4.694621076830E0,-1.359882E0,1.260000000129E1));
#2018=VERTEX_POINT('',#2016);
#2019=VERTEX_POINT('',#2017);
#2020=CARTESIAN_POINT('',(-4.280620098675E0,1.6079822E-1,1.218759401267E1));
#2021=CARTESIAN_POINT('',(-4.280620098675E0,-1.359882E0,1.218759584596E1));
#2022=VERTEX_POINT('',#2020);
#2023=VERTEX_POINT('',#2021);
#2024=CARTESIAN_POINT('',(-5.294422309E0,1.6079822E-1,1.260000000625E1));
#2025=VERTEX_POINT('',#2024);
#2026=CARTESIAN_POINT('',(-5.294422310172E0,-1.359882E0,1.260000000625E1));
#2027=VERTEX_POINT('',#2026);
#2028=CARTESIAN_POINT('',(-5.707621867221E0,1.6079822E-1,1.218699989460E1));
#2029=CARTESIAN_POINT('',(-5.707621867221E0,-1.359882E0,1.218699989341E1));
#2030=VERTEX_POINT('',#2028);
#2031=VERTEX_POINT('',#2029);
#2032=CARTESIAN_POINT('',(-6.094619060897E0,1.6079822E-1,6.299999812585E0));
#2033=CARTESIAN_POINT('',(-6.094619060920E0,-1.359882E0,6.299999812585E0));
#2034=VERTEX_POINT('',#2032);
#2035=VERTEX_POINT('',#2033);
#2036=CARTESIAN_POINT('',(-7.495176433770E0,1.6079822E-1,6.299999872202E0));
#2037=VERTEX_POINT('',#2036);
#2038=CARTESIAN_POINT('',(-7.495475698119E0,-1.359882E0,6.299999872202E0));
#2039=VERTEX_POINT('',#2038);
#2040=CARTESIAN_POINT('',(-8.294617597799E0,1.6079822E-1,1.260000000123E1));
#2041=CARTESIAN_POINT('',(-8.294619547601E0,-1.359882E0,1.260000000123E1));
#2042=VERTEX_POINT('',#2040);
#2043=VERTEX_POINT('',#2041);
#2044=CARTESIAN_POINT('',(-7.880622388071E0,1.6079822E-1,1.218760132116E1));
#2045=CARTESIAN_POINT('',(-7.880622388071E0,-1.359882E0,1.218760316967E1));
#2046=VERTEX_POINT('',#2044);
#2047=VERTEX_POINT('',#2045);
#2048=CARTESIAN_POINT('',(-8.894432005381E0,1.6079822E-1,1.260000000608E1));
#2049=VERTEX_POINT('',#2048);
#2050=CARTESIAN_POINT('',(-8.894432004182E0,-1.359882E0,1.260000000609E1));
#2051=VERTEX_POINT('',#2050);
#2052=CARTESIAN_POINT('',(-9.307620341341E0,1.6079822E-1,1.218699989321E1));
#2053=CARTESIAN_POINT('',(-9.307620341341E0,-1.359882E0,1.218699989322E1));
#2054=VERTEX_POINT('',#2052);
#2055=VERTEX_POINT('',#2053);
#2056=CARTESIAN_POINT('',(-9.694621352832E0,1.6079822E-1,6.299999812235E0));
#2057=CARTESIAN_POINT('',(-9.694621352851E0,-1.359882E0,6.299999812235E0));
#2058=VERTEX_POINT('',#2056);
#2059=VERTEX_POINT('',#2057);
#2060=CARTESIAN_POINT('',(-1.109518016899E1,1.6079822E-1,6.299999870495E0));
#2061=VERTEX_POINT('',#2060);
#2062=CARTESIAN_POINT('',(-1.109548223222E1,-1.359882E0,6.299999870495E0));
#2063=VERTEX_POINT('',#2062);
#2064=CARTESIAN_POINT('',(-6.737309830753E-1,1.6079822E-1,-6.790552841888E0));
#2065=VERTEX_POINT('',#2064);
#2066=CARTESIAN_POINT('',(7.260700255988E0,1.6079822E-1,-6.376031329359E0));
#2067=VERTEX_POINT('',#2066);
#2068=CARTESIAN_POINT('',(1.199037999436E1,1.6079822E-1,-8.519000196449E0));
#2069=VERTEX_POINT('',#2068);
#2070=CARTESIAN_POINT('',(-4.744135113930E0,1.6079822E-1,1.178836148535E1));
#2071=CARTESIAN_POINT('',(-5.244134113930E0,1.6079822E-1,1.178836148535E1));
#2072=VERTEX_POINT('',#2070);
#2073=VERTEX_POINT('',#2071);
#2074=CARTESIAN_POINT('',(-1.194413595393E1,1.6079822E-1,1.178836148535E1));
#2075=CARTESIAN_POINT('',(-1.244413495393E1,1.6079822E-1,1.178836148535E1));
#2076=VERTEX_POINT('',#2074);
#2077=VERTEX_POINT('',#2075);
#2078=CARTESIAN_POINT('',(-8.344135533930E0,1.6079822E-1,1.178836148535E1));
#2079=CARTESIAN_POINT('',(-8.844134533930E0,1.6079822E-1,1.178836148535E1));
#2080=VERTEX_POINT('',#2078);
#2081=VERTEX_POINT('',#2079);
#2082=CARTESIAN_POINT('',(-1.144134693930E0,1.6079822E-1,1.178836148535E1));
#2083=CARTESIAN_POINT('',(-1.644133693930E0,1.6079822E-1,1.178836148535E1));
#2084=VERTEX_POINT('',#2082);
#2085=VERTEX_POINT('',#2083);
#2086=CARTESIAN_POINT('',(9.855861086070E0,1.6079822E-1,1.178836148535E1));
#2087=CARTESIAN_POINT('',(9.355862086070E0,1.6079822E-1,1.178836148535E1));
#2088=VERTEX_POINT('',#2086);
#2089=VERTEX_POINT('',#2087);
#2090=CARTESIAN_POINT('',(5.533379977186E0,1.6079822E-1,-8.950003623880E-1));
#2091=CARTESIAN_POINT('',(4.333800725540E-1,1.6079822E-1,-8.950003623880E-1));
#2092=VERTEX_POINT('',#2090);
#2093=VERTEX_POINT('',#2091);
#2094=CARTESIAN_POINT('',(1.245586096607E1,1.6079822E-1,1.178836148535E1));
#2095=CARTESIAN_POINT('',(1.195586196607E1,1.6079822E-1,1.178836148535E1));
#2096=VERTEX_POINT('',#2094);
#2097=VERTEX_POINT('',#2095);
#2098=CARTESIAN_POINT('',(-4.744135113930E0,-1.359882E0,1.178836148535E1));
#2099=VERTEX_POINT('',#2098);
#2100=CARTESIAN_POINT('',(-5.244134113930E0,-1.359882E0,1.178836148535E1));
#2101=VERTEX_POINT('',#2100);
#2102=CARTESIAN_POINT('',(1.199037999436E1,-1.359882E0,-8.519000196449E0));
#2103=VERTEX_POINT('',#2102);
#2104=CARTESIAN_POINT('',(7.260716756458E0,-1.359882E0,-6.376022084209E0));
#2105=VERTEX_POINT('',#2104);
#2106=CARTESIAN_POINT('',(-6.737333870548E-1,-1.359882E0,-6.790548671467E0));
#2107=VERTEX_POINT('',#2106);
#2108=CARTESIAN_POINT('',(-1.244413495393E1,-1.359882E0,1.178836148535E1));
#2109=CARTESIAN_POINT('',(-1.194413595393E1,-1.359882E0,1.178836148535E1));
#2110=VERTEX_POINT('',#2108);
#2111=VERTEX_POINT('',#2109);
#2112=CARTESIAN_POINT('',(-8.844134533930E0,-1.359882E0,1.178836148535E1));
#2113=CARTESIAN_POINT('',(-8.344135533930E0,-1.359882E0,1.178836148535E1));
#2114=VERTEX_POINT('',#2112);
#2115=VERTEX_POINT('',#2113);
#2116=CARTESIAN_POINT('',(-1.644133693930E0,-1.359882E0,1.178836148535E1));
#2117=CARTESIAN_POINT('',(-1.144134693930E0,-1.359882E0,1.178836148535E1));
#2118=VERTEX_POINT('',#2116);
#2119=VERTEX_POINT('',#2117);
#2120=CARTESIAN_POINT('',(9.355862086070E0,-1.359882E0,1.178836148535E1));
#2121=CARTESIAN_POINT('',(9.855861086070E0,-1.359882E0,1.178836148535E1));
#2122=VERTEX_POINT('',#2120);
#2123=VERTEX_POINT('',#2121);
#2124=CARTESIAN_POINT('',(4.333800725540E-1,-1.359882E0,-8.950003623880E-1));
#2125=CARTESIAN_POINT('',(5.533379977186E0,-1.359882E0,-8.950003623880E-1));
#2126=VERTEX_POINT('',#2124);
#2127=VERTEX_POINT('',#2125);
#2128=CARTESIAN_POINT('',(1.195586196607E1,-1.359882E0,1.178836148535E1));
#2129=CARTESIAN_POINT('',(1.245586096607E1,-1.359882E0,1.178836148535E1));
#2130=VERTEX_POINT('',#2128);
#2131=VERTEX_POINT('',#2129);
#2132=CARTESIAN_POINT('',(-1.290761881546E1,1.6079822E-1,8.5E0));
#2133=CARTESIAN_POINT('',(-1.290761881546E1,-1.359882E0,8.5E0));
#2134=VERTEX_POINT('',#2132);
#2135=VERTEX_POINT('',#2133);
#2136=CARTESIAN_POINT('',(1.291938084884E1,-1.359882E0,8.5E0));
#2137=CARTESIAN_POINT('',(1.291938084884E1,1.6079822E-1,8.5E0));
#2138=VERTEX_POINT('',#2136);
#2139=VERTEX_POINT('',#2137);
#2140=CARTESIAN_POINT('',(1.129237813278E1,1.6079822E-1,8.5E0));
#2141=CARTESIAN_POINT('',(1.129237813278E1,-1.359882E0,8.5E0));
#2142=VERTEX_POINT('',#2140);
#2143=VERTEX_POINT('',#2141);
#2144=CARTESIAN_POINT('',(1.051937932297E1,-1.359882E0,8.5E0));
#2145=CARTESIAN_POINT('',(1.051937932297E1,1.6079822E-1,8.5E0));
#2146=VERTEX_POINT('',#2144);
#2147=VERTEX_POINT('',#2145);
#2148=CARTESIAN_POINT('',(8.892380421600E0,1.6079822E-1,8.5E0));
#2149=CARTESIAN_POINT('',(8.892380421600E0,-1.359882E0,8.5E0));
#2150=VERTEX_POINT('',#2148);
#2151=VERTEX_POINT('',#2149);
#2152=CARTESIAN_POINT('',(-6.806214399800E-1,-1.359882E0,8.5E0));
#2153=CARTESIAN_POINT('',(-6.806214399800E-1,1.6079822E-1,8.5E0));
#2154=VERTEX_POINT('',#2152);
#2155=VERTEX_POINT('',#2153);
#2156=CARTESIAN_POINT('',(-2.107619578400E0,1.6079822E-1,8.5E0));
#2157=CARTESIAN_POINT('',(-2.107619578400E0,-1.359882E0,8.5E0));
#2158=VERTEX_POINT('',#2156);
#2159=VERTEX_POINT('',#2157);
#2160=CARTESIAN_POINT('',(-4.280619914100E0,-1.359882E0,8.5E0));
#2161=CARTESIAN_POINT('',(-4.280619914100E0,1.6079822E-1,8.5E0));
#2162=VERTEX_POINT('',#2160);
#2163=VERTEX_POINT('',#2161);
#2164=CARTESIAN_POINT('',(-5.707621867220E0,1.6079822E-1,8.5E0));
#2165=CARTESIAN_POINT('',(-5.707621867220E0,-1.359882E0,8.5E0));
#2166=VERTEX_POINT('',#2164);
#2167=VERTEX_POINT('',#2165);
#2168=CARTESIAN_POINT('',(-7.880622202910E0,-1.359882E0,8.5E0));
#2169=CARTESIAN_POINT('',(-7.880622202910E0,1.6079822E-1,8.5E0));
#2170=VERTEX_POINT('',#2168);
#2171=VERTEX_POINT('',#2169);
#2172=CARTESIAN_POINT('',(-9.307620341340E0,1.6079822E-1,8.5E0));
#2173=CARTESIAN_POINT('',(-9.307620341340E0,-1.359882E0,8.5E0));
#2174=VERTEX_POINT('',#2172);
#2175=VERTEX_POINT('',#2173);
#2176=CARTESIAN_POINT('',(-1.148062067703E1,-1.359882E0,8.5E0));
#2177=CARTESIAN_POINT('',(-1.148062067703E1,1.6079822E-1,8.5E0));
#2178=VERTEX_POINT('',#2176);
#2179=VERTEX_POINT('',#2177);
#2180=CARTESIAN_POINT('',(-1.290761881546E1,-1.359882E0,6.5E0));
#2181=CARTESIAN_POINT('',(-1.290761881546E1,1.6079822E-1,6.5E0));
#2182=VERTEX_POINT('',#2180);
#2183=VERTEX_POINT('',#2181);
#2184=CARTESIAN_POINT('',(1.291938084884E1,1.6079822E-1,6.5E0));
#2185=CARTESIAN_POINT('',(1.291938084884E1,-1.359882E0,6.5E0));
#2186=VERTEX_POINT('',#2184);
#2187=VERTEX_POINT('',#2185);
#2188=CARTESIAN_POINT('',(1.124440506718E1,-1.359882E0,6.5E0));
#2189=CARTESIAN_POINT('',(1.124440506718E1,1.6079822E-1,6.5E0));
#2190=VERTEX_POINT('',#2188);
#2191=VERTEX_POINT('',#2189);
#2192=CARTESIAN_POINT('',(1.056735238856E1,1.6079822E-1,6.5E0));
#2193=CARTESIAN_POINT('',(1.056735238856E1,-1.359882E0,6.5E0));
#2194=VERTEX_POINT('',#2192);
#2195=VERTEX_POINT('',#2193);
#2196=CARTESIAN_POINT('',(8.930208855980E0,-1.359882E0,6.5E0));
#2197=CARTESIAN_POINT('',(8.930208855980E0,1.6079822E-1,6.5E0));
#2198=VERTEX_POINT('',#2196);
#2199=VERTEX_POINT('',#2197);
#2200=CARTESIAN_POINT('',(-6.806214399800E-1,1.6079822E-1,6.5E0));
#2201=CARTESIAN_POINT('',(-6.806214399800E-1,-1.359882E0,6.5E0));
#2202=VERTEX_POINT('',#2200);
#2203=VERTEX_POINT('',#2201);
#2204=CARTESIAN_POINT('',(-2.155311167962E0,-1.359882E0,6.5E0));
#2205=CARTESIAN_POINT('',(-2.155311167962E0,1.6079822E-1,6.5E0));
#2206=VERTEX_POINT('',#2204);
#2207=VERTEX_POINT('',#2205);
#2208=CARTESIAN_POINT('',(-4.232931254188E0,1.6079822E-1,6.5E0));
#2209=CARTESIAN_POINT('',(-4.232931254188E0,-1.359882E0,6.5E0));
#2210=VERTEX_POINT('',#2208);
#2211=VERTEX_POINT('',#2209);
#2212=CARTESIAN_POINT('',(-5.755310791833E0,-1.359882E0,6.5E0));
#2213=CARTESIAN_POINT('',(-5.755310791833E0,1.6079822E-1,6.5E0));
#2214=VERTEX_POINT('',#2212);
#2215=VERTEX_POINT('',#2213);
#2216=CARTESIAN_POINT('',(-7.832930877028E0,1.6079822E-1,6.5E0));
#2217=CARTESIAN_POINT('',(-7.832930877028E0,-1.359882E0,6.5E0));
#2218=VERTEX_POINT('',#2216);
#2219=VERTEX_POINT('',#2217);
#2220=CARTESIAN_POINT('',(-9.355309267692E0,-1.359882E0,6.5E0));
#2221=CARTESIAN_POINT('',(-9.355309267692E0,1.6079822E-1,6.5E0));
#2222=VERTEX_POINT('',#2220);
#2223=VERTEX_POINT('',#2221);
#2224=CARTESIAN_POINT('',(-1.143293201684E1,1.6079822E-1,6.5E0));
#2225=CARTESIAN_POINT('',(-1.143293201684E1,-1.359882E0,6.5E0));
#2226=VERTEX_POINT('',#2224);
#2227=VERTEX_POINT('',#2225);
#2228=CARTESIAN_POINT('',(-1.387485209842E1,-3.578852076713E0,8.5E0));
#2229=CARTESIAN_POINT('',(-1.387485209842E1,-1.192950692238E0,8.5E0));
#2230=CARTESIAN_POINT('',(-1.387485209842E1,1.192950692238E0,8.5E0));
#2231=CARTESIAN_POINT('',(-1.387485209842E1,3.578852076713E0,8.5E0));
#2232=CARTESIAN_POINT('',(-4.624950699473E0,-3.578852076713E0,8.5E0));
#2233=CARTESIAN_POINT('',(-4.624950699473E0,-1.192950692238E0,8.5E0));
#2234=CARTESIAN_POINT('',(-4.624950699473E0,1.192950692238E0,8.5E0));
#2235=CARTESIAN_POINT('',(-4.624950699473E0,3.578852076713E0,8.5E0));
#2236=CARTESIAN_POINT('',(4.624950699473E0,-3.578852076713E0,8.5E0));
#2237=CARTESIAN_POINT('',(4.624950699473E0,-1.192950692238E0,8.5E0));
#2238=CARTESIAN_POINT('',(4.624950699473E0,1.192950692238E0,8.5E0));
#2239=CARTESIAN_POINT('',(4.624950699473E0,3.578852076713E0,8.5E0));
#2240=CARTESIAN_POINT('',(1.387485209842E1,-3.578852076713E0,8.5E0));
#2241=CARTESIAN_POINT('',(1.387485209842E1,-1.192950692238E0,8.5E0));
#2242=CARTESIAN_POINT('',(1.387485209842E1,1.192950692238E0,8.5E0));
#2243=CARTESIAN_POINT('',(1.387485209842E1,3.578852076713E0,8.5E0));
#2244=B_SPLINE_SURFACE_WITH_KNOTS('',3,3,((#2228,#2229,#2230,#2231),(#2232,
#2233,#2234,#2235),(#2236,#2237,#2238,#2239),(#2240,#2241,#2242,#2243)),
.UNSPECIFIED.,.F.,.F.,.F.,(4,4),(4,4),(-1.387485209842E1,1.387485209842E1),(
-3.578852076713E0,3.578852076713E0),.UNSPECIFIED.);
#2246=ORIENTED_EDGE('',*,*,#2245,.T.);
#2248=ORIENTED_EDGE('',*,*,#2247,.F.);
#2250=ORIENTED_EDGE('',*,*,#2249,.T.);
#2252=ORIENTED_EDGE('',*,*,#2251,.F.);
#2254=ORIENTED_EDGE('',*,*,#2253,.T.);
#2256=ORIENTED_EDGE('',*,*,#2255,.F.);
#2258=ORIENTED_EDGE('',*,*,#2257,.T.);
#2260=ORIENTED_EDGE('',*,*,#2259,.F.);
#2261=EDGE_LOOP('',(#2246,#2248,#2250,#2252,#2254,#2256,#2258,#2260));
#2262=FACE_OUTER_BOUND('',#2261,.F.);
#2264=ORIENTED_EDGE('',*,*,#2263,.T.);
#2266=ORIENTED_EDGE('',*,*,#2265,.T.);
#2268=ORIENTED_EDGE('',*,*,#2267,.T.);
#2270=ORIENTED_EDGE('',*,*,#2269,.T.);
#2271=EDGE_LOOP('',(#2264,#2266,#2268,#2270));
#2272=FACE_BOUND('',#2271,.F.);
#2274=ORIENTED_EDGE('',*,*,#2273,.T.);
#2276=ORIENTED_EDGE('',*,*,#2275,.T.);
#2278=ORIENTED_EDGE('',*,*,#2277,.T.);
#2280=ORIENTED_EDGE('',*,*,#2279,.T.);
#2281=EDGE_LOOP('',(#2274,#2276,#2278,#2280));
#2282=FACE_BOUND('',#2281,.F.);
#2284=ORIENTED_EDGE('',*,*,#2283,.T.);
#2286=ORIENTED_EDGE('',*,*,#2285,.T.);
#2288=ORIENTED_EDGE('',*,*,#2287,.T.);
#2290=ORIENTED_EDGE('',*,*,#2289,.T.);
#2291=EDGE_LOOP('',(#2284,#2286,#2288,#2290));
#2292=FACE_BOUND('',#2291,.F.);
#2294=ORIENTED_EDGE('',*,*,#2293,.T.);
#2296=ORIENTED_EDGE('',*,*,#2295,.T.);
#2298=ORIENTED_EDGE('',*,*,#2297,.T.);
#2300=ORIENTED_EDGE('',*,*,#2299,.T.);
#2301=EDGE_LOOP('',(#2294,#2296,#2298,#2300));
#2302=FACE_BOUND('',#2301,.F.);
#2304=ORIENTED_EDGE('',*,*,#2303,.T.);
#2306=ORIENTED_EDGE('',*,*,#2305,.T.);
#2308=ORIENTED_EDGE('',*,*,#2307,.T.);
#2310=ORIENTED_EDGE('',*,*,#2309,.T.);
#2311=EDGE_LOOP('',(#2304,#2306,#2308,#2310));
#2312=FACE_BOUND('',#2311,.F.);
#2314=ORIENTED_EDGE('',*,*,#2313,.T.);
#2316=ORIENTED_EDGE('',*,*,#2315,.T.);
#2318=ORIENTED_EDGE('',*,*,#2317,.T.);
#2320=ORIENTED_EDGE('',*,*,#2319,.T.);
#2321=EDGE_LOOP('',(#2314,#2316,#2318,#2320));
#2322=FACE_BOUND('',#2321,.F.);
#2323=ADVANCED_FACE('',(#2262,#2272,#2282,#2292,#2302,#2312,#2322),#2244,.T.);
#2324=FILL_AREA_STYLE_COLOUR('',#9);
#2325=FILL_AREA_STYLE('',(#2324));
#2326=SURFACE_STYLE_FILL_AREA(#2325);
#2327=SURFACE_SIDE_STYLE('',(#2326));
#2328=SURFACE_STYLE_USAGE(.BOTH.,#2327);
#2329=PRESENTATION_STYLE_ASSIGNMENT((#2328));
#2330=STYLED_ITEM('',(#2329),#2323);
#2331=CARTESIAN_POINT('',(-1.324120394079E1,-3.441203919916E0,
8.543267370104E0));
#2332=CARTESIAN_POINT('',(-1.324120394079E1,-3.441203919916E0,
6.456732629896E0));
#2334=CARTESIAN_POINT('',(-1.324120394079E1,-3.341203919916E0,8.54E0));
#2335=DIRECTION('',(0.E0,0.E0,-1.E0));
#2336=AXIS1_PLACEMENT('',#2334,#2335);
#2337=SURFACE_OF_REVOLUTION('',#2333,#2336);
#2339=ORIENTED_EDGE('',*,*,#2338,.F.);
#2341=ORIENTED_EDGE('',*,*,#2340,.F.);
#2342=ORIENTED_EDGE('',*,*,#2245,.F.);
#2344=ORIENTED_EDGE('',*,*,#2343,.F.);
#2345=EDGE_LOOP('',(#2339,#2341,#2342,#2344));
#2346=FACE_OUTER_BOUND('',#2345,.F.);
#2347=ADVANCED_FACE('',(#2346),#2337,.T.);
#2348=FILL_AREA_STYLE_COLOUR('',#9);
#2349=FILL_AREA_STYLE('',(#2348));
#2350=SURFACE_STYLE_FILL_AREA(#2349);
#2351=SURFACE_SIDE_STYLE('',(#2350));
#2352=SURFACE_STYLE_USAGE(.BOTH.,#2351);
#2353=PRESENTATION_STYLE_ASSIGNMENT((#2352));
#2354=STYLED_ITEM('',(#2353),#2347);
#2355=CARTESIAN_POINT('',(-1.387485209842E1,-3.578852076713E0,6.5E0));
#2356=CARTESIAN_POINT('',(-1.387485209842E1,-1.192950692238E0,6.5E0));
#2357=CARTESIAN_POINT('',(-1.387485209842E1,1.192950692238E0,6.5E0));
#2358=CARTESIAN_POINT('',(-1.387485209842E1,3.578852076713E0,6.5E0));
#2359=CARTESIAN_POINT('',(-4.624950699473E0,-3.578852076713E0,6.5E0));
#2360=CARTESIAN_POINT('',(-4.624950699473E0,-1.192950692238E0,6.5E0));
#2361=CARTESIAN_POINT('',(-4.624950699473E0,1.192950692238E0,6.5E0));
#2362=CARTESIAN_POINT('',(-4.624950699473E0,3.578852076713E0,6.5E0));
#2363=CARTESIAN_POINT('',(4.624950699473E0,-3.578852076713E0,6.5E0));
#2364=CARTESIAN_POINT('',(4.624950699473E0,-1.192950692238E0,6.5E0));
#2365=CARTESIAN_POINT('',(4.624950699473E0,1.192950692238E0,6.5E0));
#2366=CARTESIAN_POINT('',(4.624950699473E0,3.578852076713E0,6.5E0));
#2367=CARTESIAN_POINT('',(1.387485209842E1,-3.578852076713E0,6.5E0));
#2368=CARTESIAN_POINT('',(1.387485209842E1,-1.192950692238E0,6.5E0));
#2369=CARTESIAN_POINT('',(1.387485209842E1,1.192950692238E0,6.5E0));
#2370=CARTESIAN_POINT('',(1.387485209842E1,3.578852076713E0,6.5E0));
#2371=B_SPLINE_SURFACE_WITH_KNOTS('',3,3,((#2355,#2356,#2357,#2358),(#2359,
#2360,#2361,#2362),(#2363,#2364,#2365,#2366),(#2367,#2368,#2369,#2370)),
.UNSPECIFIED.,.F.,.F.,.F.,(4,4),(4,4),(-1.387485209842E1,1.387485209842E1),(
-3.578852076713E0,3.578852076713E0),.UNSPECIFIED.);
#2372=ORIENTED_EDGE('',*,*,#2338,.T.);
#2374=ORIENTED_EDGE('',*,*,#2373,.F.);
#2376=ORIENTED_EDGE('',*,*,#2375,.T.);
#2378=ORIENTED_EDGE('',*,*,#2377,.F.);
#2380=ORIENTED_EDGE('',*,*,#2379,.T.);
#2382=ORIENTED_EDGE('',*,*,#2381,.F.);
#2384=ORIENTED_EDGE('',*,*,#2383,.T.);
#2386=ORIENTED_EDGE('',*,*,#2385,.F.);
#2387=EDGE_LOOP('',(#2372,#2374,#2376,#2378,#2380,#2382,#2384,#2386));
#2388=FACE_OUTER_BOUND('',#2387,.F.);
#2390=ORIENTED_EDGE('',*,*,#2389,.T.);
#2392=ORIENTED_EDGE('',*,*,#2391,.T.);
#2394=ORIENTED_EDGE('',*,*,#2393,.T.);
#2396=ORIENTED_EDGE('',*,*,#2395,.T.);
#2397=EDGE_LOOP('',(#2390,#2392,#2394,#2396));
#2398=FACE_BOUND('',#2397,.F.);
#2400=ORIENTED_EDGE('',*,*,#2399,.T.);
#2402=ORIENTED_EDGE('',*,*,#2401,.T.);
#2404=ORIENTED_EDGE('',*,*,#2403,.T.);
#2406=ORIENTED_EDGE('',*,*,#2405,.T.);
#2407=EDGE_LOOP('',(#2400,#2402,#2404,#2406));
#2408=FACE_BOUND('',#2407,.F.);
#2410=ORIENTED_EDGE('',*,*,#2409,.T.);
#2412=ORIENTED_EDGE('',*,*,#2411,.T.);
#2414=ORIENTED_EDGE('',*,*,#2413,.T.);
#2416=ORIENTED_EDGE('',*,*,#2415,.T.);
#2417=EDGE_LOOP('',(#2410,#2412,#2414,#2416));
#2418=FACE_BOUND('',#2417,.F.);
#2420=ORIENTED_EDGE('',*,*,#2419,.T.);
#2422=ORIENTED_EDGE('',*,*,#2421,.T.);
#2424=ORIENTED_EDGE('',*,*,#2423,.T.);
#2426=ORIENTED_EDGE('',*,*,#2425,.T.);
#2427=EDGE_LOOP('',(#2420,#2422,#2424,#2426));
#2428=FACE_BOUND('',#2427,.F.);
#2430=ORIENTED_EDGE('',*,*,#2429,.T.);
#2432=ORIENTED_EDGE('',*,*,#2431,.T.);
#2434=ORIENTED_EDGE('',*,*,#2433,.T.);
#2436=ORIENTED_EDGE('',*,*,#2435,.T.);
#2437=EDGE_LOOP('',(#2430,#2432,#2434,#2436));
#2438=FACE_BOUND('',#2437,.F.);
#2440=ORIENTED_EDGE('',*,*,#2439,.T.);
#2442=ORIENTED_EDGE('',*,*,#2441,.T.);
#2444=ORIENTED_EDGE('',*,*,#2443,.T.);
#2446=ORIENTED_EDGE('',*,*,#2445,.T.);
#2447=EDGE_LOOP('',(#2440,#2442,#2444,#2446));
#2448=FACE_BOUND('',#2447,.F.);
#2449=ADVANCED_FACE('',(#2388,#2398,#2408,#2418,#2428,#2438,#2448),#2371,.F.);
#2450=FILL_AREA_STYLE_COLOUR('',#9);
#2451=FILL_AREA_STYLE('',(#2450));
#2452=SURFACE_STYLE_FILL_AREA(#2451);
#2453=SURFACE_SIDE_STYLE('',(#2452));
#2454=SURFACE_STYLE_USAGE(.BOTH.,#2453);
#2455=PRESENTATION_STYLE_ASSIGNMENT((#2454));
#2456=STYLED_ITEM('',(#2455),#2449);
#2457=CARTESIAN_POINT('',(-1.377085209842E1,-3.441203919916E0,
6.456732629896E0));
#2458=CARTESIAN_POINT('',(-1.377085209842E1,-3.441203919916E0,
7.152244209965E0));
#2459=CARTESIAN_POINT('',(-1.377085209842E1,-3.441203919916E0,
7.847755790035E0));
#2460=CARTESIAN_POINT('',(-1.377085209842E1,-3.441203919916E0,
8.543267370104E0));
#2461=CARTESIAN_POINT('',(-4.590284032807E0,-3.441203919916E0,
6.456732629896E0));
#2462=CARTESIAN_POINT('',(-4.590284032807E0,-3.441203919916E0,
7.152244209965E0));
#2463=CARTESIAN_POINT('',(-4.590284032807E0,-3.441203919916E0,
7.847755790035E0));
#2464=CARTESIAN_POINT('',(-4.590284032807E0,-3.441203919916E0,
8.543267370104E0));
#2465=CARTESIAN_POINT('',(4.590284032807E0,-3.441203919916E0,6.456732629896E0));
#2466=CARTESIAN_POINT('',(4.590284032807E0,-3.441203919916E0,7.152244209965E0));
#2467=CARTESIAN_POINT('',(4.590284032807E0,-3.441203919916E0,7.847755790035E0));
#2468=CARTESIAN_POINT('',(4.590284032807E0,-3.441203919916E0,8.543267370104E0));
#2469=CARTESIAN_POINT('',(1.377085209842E1,-3.441203919916E0,6.456732629896E0));
#2470=CARTESIAN_POINT('',(1.377085209842E1,-3.441203919916E0,7.152244209965E0));
#2471=CARTESIAN_POINT('',(1.377085209842E1,-3.441203919916E0,7.847755790035E0));
#2472=CARTESIAN_POINT('',(1.377085209842E1,-3.441203919916E0,8.543267370104E0));
#2473=B_SPLINE_SURFACE_WITH_KNOTS('',3,3,((#2457,#2458,#2459,#2460),(#2461,
#2462,#2463,#2464),(#2465,#2466,#2467,#2468),(#2469,#2470,#2471,#2472)),
.UNSPECIFIED.,.F.,.F.,.F.,(4,4),(4,4),(-4.296481576332E-1,2.711205603921E1),(
-2.043267370104E0,4.326737010358E-2),.UNSPECIFIED.);
#2474=ORIENTED_EDGE('',*,*,#2343,.T.);
#2475=ORIENTED_EDGE('',*,*,#2259,.T.);
#2477=ORIENTED_EDGE('',*,*,#2476,.F.);
#2478=ORIENTED_EDGE('',*,*,#2373,.T.);
#2479=EDGE_LOOP('',(#2474,#2475,#2477,#2478));
#2480=FACE_OUTER_BOUND('',#2479,.F.);
#2481=ADVANCED_FACE('',(#2480),#2473,.T.);
#2482=FILL_AREA_STYLE_COLOUR('',#9);
#2483=FILL_AREA_STYLE('',(#2482));
#2484=SURFACE_STYLE_FILL_AREA(#2483);
#2485=SURFACE_SIDE_STYLE('',(#2484));
#2486=SURFACE_STYLE_USAGE(.BOTH.,#2485);
#2487=PRESENTATION_STYLE_ASSIGNMENT((#2486));
#2488=STYLED_ITEM('',(#2487),#2481);
#2489=CARTESIAN_POINT('',(1.334120394079E1,-3.341203919916E0,8.543267370104E0));
#2490=CARTESIAN_POINT('',(1.334120394079E1,-3.341203919916E0,6.456732629896E0));
#2492=CARTESIAN_POINT('',(1.324120394079E1,-3.341203919916E0,8.54E0));
#2493=DIRECTION('',(0.E0,0.E0,-1.E0));
#2494=AXIS1_PLACEMENT('',#2492,#2493);
#2495=SURFACE_OF_REVOLUTION('',#2491,#2494);
#2496=ORIENTED_EDGE('',*,*,#2375,.F.);
#2497=ORIENTED_EDGE('',*,*,#2476,.T.);
#2498=ORIENTED_EDGE('',*,*,#2257,.F.);
#2500=ORIENTED_EDGE('',*,*,#2499,.F.);
#2501=EDGE_LOOP('',(#2496,#2497,#2498,#2500));
#2502=FACE_OUTER_BOUND('',#2501,.F.);
#2503=ADVANCED_FACE('',(#2502),#2495,.T.);
#2504=FILL_AREA_STYLE_COLOUR('',#9);
#2505=FILL_AREA_STYLE('',(#2504));
#2506=SURFACE_STYLE_FILL_AREA(#2505);
#2507=SURFACE_SIDE_STYLE('',(#2506));
#2508=SURFACE_STYLE_USAGE(.BOTH.,#2507);
#2509=PRESENTATION_STYLE_ASSIGNMENT((#2508));
#2510=STYLED_ITEM('',(#2509),#2503);
#2511=CARTESIAN_POINT('',(1.334120394079E1,-3.474852076713E0,6.456732629896E0));
#2512=CARTESIAN_POINT('',(1.334120394079E1,-3.474852076713E0,7.152244209965E0));
#2513=CARTESIAN_POINT('',(1.334120394079E1,-3.474852076713E0,7.847755790035E0));
#2514=CARTESIAN_POINT('',(1.334120394079E1,-3.474852076713E0,8.543267370104E0));
#2515=CARTESIAN_POINT('',(1.334120394079E1,-1.158284025571E0,6.456732629896E0));
#2516=CARTESIAN_POINT('',(1.334120394079E1,-1.158284025571E0,7.152244209965E0));
#2517=CARTESIAN_POINT('',(1.334120394079E1,-1.158284025571E0,7.847755790035E0));
#2518=CARTESIAN_POINT('',(1.334120394079E1,-1.158284025571E0,8.543267370104E0));
#2519=CARTESIAN_POINT('',(1.334120394079E1,1.158284025571E0,6.456732629896E0));
#2520=CARTESIAN_POINT('',(1.334120394079E1,1.158284025571E0,7.152244209965E0));
#2521=CARTESIAN_POINT('',(1.334120394079E1,1.158284025571E0,7.847755790035E0));
#2522=CARTESIAN_POINT('',(1.334120394079E1,1.158284025571E0,8.543267370104E0));
#2523=CARTESIAN_POINT('',(1.334120394079E1,3.474852076713E0,6.456732629896E0));
#2524=CARTESIAN_POINT('',(1.334120394079E1,3.474852076713E0,7.152244209965E0));
#2525=CARTESIAN_POINT('',(1.334120394079E1,3.474852076713E0,7.847755790035E0));
#2526=CARTESIAN_POINT('',(1.334120394079E1,3.474852076713E0,8.543267370104E0));
#2527=B_SPLINE_SURFACE_WITH_KNOTS('',3,3,((#2511,#2512,#2513,#2514),(#2515,
#2516,#2517,#2518),(#2519,#2520,#2521,#2522),(#2523,#2524,#2525,#2526)),
.UNSPECIFIED.,.F.,.F.,.F.,(4,4),(4,4),(-3.364815679628E-2,6.916055996629E0),(
-2.043267370104E0,4.326737010358E-2),.UNSPECIFIED.);
#2528=ORIENTED_EDGE('',*,*,#2499,.T.);
#2529=ORIENTED_EDGE('',*,*,#2255,.T.);
#2531=ORIENTED_EDGE('',*,*,#2530,.F.);
#2532=ORIENTED_EDGE('',*,*,#2377,.T.);
#2533=EDGE_LOOP('',(#2528,#2529,#2531,#2532));
#2534=FACE_OUTER_BOUND('',#2533,.F.);
#2535=ADVANCED_FACE('',(#2534),#2527,.T.);
#2536=FILL_AREA_STYLE_COLOUR('',#9);
#2537=FILL_AREA_STYLE('',(#2536));
#2538=SURFACE_STYLE_FILL_AREA(#2537);
#2539=SURFACE_SIDE_STYLE('',(#2538));
#2540=SURFACE_STYLE_USAGE(.BOTH.,#2539);
#2541=PRESENTATION_STYLE_ASSIGNMENT((#2540));
#2542=STYLED_ITEM('',(#2541),#2535);
#2543=CARTESIAN_POINT('',(1.324120394079E1,3.441203919916E0,8.543267370104E0));
#2544=CARTESIAN_POINT('',(1.324120394079E1,3.441203919916E0,6.456732629896E0));
#2546=CARTESIAN_POINT('',(1.324120394079E1,3.341203919916E0,8.54E0));
#2547=DIRECTION('',(0.E0,0.E0,-1.E0));
#2548=AXIS1_PLACEMENT('',#2546,#2547);
#2549=SURFACE_OF_REVOLUTION('',#2545,#2548);
#2550=ORIENTED_EDGE('',*,*,#2379,.F.);
#2551=ORIENTED_EDGE('',*,*,#2530,.T.);
#2552=ORIENTED_EDGE('',*,*,#2253,.F.);
#2554=ORIENTED_EDGE('',*,*,#2553,.F.);
#2555=EDGE_LOOP('',(#2550,#2551,#2552,#2554));
#2556=FACE_OUTER_BOUND('',#2555,.F.);
#2557=ADVANCED_FACE('',(#2556),#2549,.T.);
#2558=FILL_AREA_STYLE_COLOUR('',#9);
#2559=FILL_AREA_STYLE('',(#2558));
#2560=SURFACE_STYLE_FILL_AREA(#2559);
#2561=SURFACE_SIDE_STYLE('',(#2560));
#2562=SURFACE_STYLE_USAGE(.BOTH.,#2561);
#2563=PRESENTATION_STYLE_ASSIGNMENT((#2562));
#2564=STYLED_ITEM('',(#2563),#2557);
#2565=CARTESIAN_POINT('',(1.377085209842E1,3.441203919916E0,6.456732629896E0));
#2566=CARTESIAN_POINT('',(1.377085209842E1,3.441203919916E0,7.152244209965E0));
#2567=CARTESIAN_POINT('',(1.377085209842E1,3.441203919916E0,7.847755790035E0));
#2568=CARTESIAN_POINT('',(1.377085209842E1,3.441203919916E0,8.543267370104E0));
#2569=CARTESIAN_POINT('',(4.590284032807E0,3.441203919916E0,6.456732629896E0));
#2570=CARTESIAN_POINT('',(4.590284032807E0,3.441203919916E0,7.152244209965E0));
#2571=CARTESIAN_POINT('',(4.590284032807E0,3.441203919916E0,7.847755790035E0));
#2572=CARTESIAN_POINT('',(4.590284032807E0,3.441203919916E0,8.543267370104E0));
#2573=CARTESIAN_POINT('',(-4.590284032807E0,3.441203919916E0,6.456732629896E0));
#2574=CARTESIAN_POINT('',(-4.590284032807E0,3.441203919916E0,7.152244209965E0));
#2575=CARTESIAN_POINT('',(-4.590284032807E0,3.441203919916E0,7.847755790035E0));
#2576=CARTESIAN_POINT('',(-4.590284032807E0,3.441203919916E0,8.543267370104E0));
#2577=CARTESIAN_POINT('',(-1.377085209842E1,3.441203919916E0,6.456732629896E0));
#2578=CARTESIAN_POINT('',(-1.377085209842E1,3.441203919916E0,7.152244209965E0));
#2579=CARTESIAN_POINT('',(-1.377085209842E1,3.441203919916E0,7.847755790035E0));
#2580=CARTESIAN_POINT('',(-1.377085209842E1,3.441203919916E0,8.543267370104E0));
#2581=B_SPLINE_SURFACE_WITH_KNOTS('',3,3,((#2565,#2566,#2567,#2568),(#2569,
#2570,#2571,#2572),(#2573,#2574,#2575,#2576),(#2577,#2578,#2579,#2580)),
.UNSPECIFIED.,.F.,.F.,.F.,(4,4),(4,4),(-4.296481576332E-1,2.711205603921E1),(
-2.043267370104E0,4.326737010358E-2),.UNSPECIFIED.);
#2582=ORIENTED_EDGE('',*,*,#2553,.T.);
#2583=ORIENTED_EDGE('',*,*,#2251,.T.);
#2585=ORIENTED_EDGE('',*,*,#2584,.F.);
#2586=ORIENTED_EDGE('',*,*,#2381,.T.);
#2587=EDGE_LOOP('',(#2582,#2583,#2585,#2586));
#2588=FACE_OUTER_BOUND('',#2587,.F.);
#2589=ADVANCED_FACE('',(#2588),#2581,.T.);
#2590=FILL_AREA_STYLE_COLOUR('',#9);
#2591=FILL_AREA_STYLE('',(#2590));
#2592=SURFACE_STYLE_FILL_AREA(#2591);
#2593=SURFACE_SIDE_STYLE('',(#2592));
#2594=SURFACE_STYLE_USAGE(.BOTH.,#2593);
#2595=PRESENTATION_STYLE_ASSIGNMENT((#2594));
#2596=STYLED_ITEM('',(#2595),#2589);
#2597=CARTESIAN_POINT('',(-1.334120394079E1,3.341203919916E0,8.543267370104E0));
#2598=CARTESIAN_POINT('',(-1.334120394079E1,3.341203919916E0,6.456732629896E0));
#2600=CARTESIAN_POINT('',(-1.324120394079E1,3.341203919916E0,8.54E0));
#2601=DIRECTION('',(0.E0,0.E0,-1.E0));
#2602=AXIS1_PLACEMENT('',#2600,#2601);
#2603=SURFACE_OF_REVOLUTION('',#2599,#2602);
#2604=ORIENTED_EDGE('',*,*,#2383,.F.);
#2605=ORIENTED_EDGE('',*,*,#2584,.T.);
#2606=ORIENTED_EDGE('',*,*,#2249,.F.);
#2608=ORIENTED_EDGE('',*,*,#2607,.F.);
#2609=EDGE_LOOP('',(#2604,#2605,#2606,#2608));
#2610=FACE_OUTER_BOUND('',#2609,.F.);
#2611=ADVANCED_FACE('',(#2610),#2603,.T.);
#2612=FILL_AREA_STYLE_COLOUR('',#9);
#2613=FILL_AREA_STYLE('',(#2612));
#2614=SURFACE_STYLE_FILL_AREA(#2613);
#2615=SURFACE_SIDE_STYLE('',(#2614));
#2616=SURFACE_STYLE_USAGE(.BOTH.,#2615);
#2617=PRESENTATION_STYLE_ASSIGNMENT((#2616));
#2618=STYLED_ITEM('',(#2617),#2611);
#2619=CARTESIAN_POINT('',(-1.334120394079E1,3.474852076713E0,6.456732629896E0));
#2620=CARTESIAN_POINT('',(-1.334120394079E1,3.474852076713E0,7.152244209965E0));
#2621=CARTESIAN_POINT('',(-1.334120394079E1,3.474852076713E0,7.847755790035E0));
#2622=CARTESIAN_POINT('',(-1.334120394079E1,3.474852076713E0,8.543267370104E0));
#2623=CARTESIAN_POINT('',(-1.334120394079E1,1.158284025571E0,6.456732629896E0));
#2624=CARTESIAN_POINT('',(-1.334120394079E1,1.158284025571E0,7.152244209965E0));
#2625=CARTESIAN_POINT('',(-1.334120394079E1,1.158284025571E0,7.847755790035E0));
#2626=CARTESIAN_POINT('',(-1.334120394079E1,1.158284025571E0,8.543267370104E0));
#2627=CARTESIAN_POINT('',(-1.334120394079E1,-1.158284025571E0,
6.456732629896E0));
#2628=CARTESIAN_POINT('',(-1.334120394079E1,-1.158284025571E0,
7.152244209965E0));
#2629=CARTESIAN_POINT('',(-1.334120394079E1,-1.158284025571E0,
7.847755790035E0));
#2630=CARTESIAN_POINT('',(-1.334120394079E1,-1.158284025571E0,
8.543267370104E0));
#2631=CARTESIAN_POINT('',(-1.334120394079E1,-3.474852076713E0,
6.456732629896E0));
#2632=CARTESIAN_POINT('',(-1.334120394079E1,-3.474852076713E0,
7.152244209965E0));
#2633=CARTESIAN_POINT('',(-1.334120394079E1,-3.474852076713E0,
7.847755790035E0));
#2634=CARTESIAN_POINT('',(-1.334120394079E1,-3.474852076713E0,
8.543267370104E0));
#2635=B_SPLINE_SURFACE_WITH_KNOTS('',3,3,((#2619,#2620,#2621,#2622),(#2623,
#2624,#2625,#2626),(#2627,#2628,#2629,#2630),(#2631,#2632,#2633,#2634)),
.UNSPECIFIED.,.F.,.F.,.F.,(4,4),(4,4),(-3.364815679628E-2,6.916055996629E0),(
-2.043267370104E0,4.326737010358E-2),.UNSPECIFIED.);
#2636=ORIENTED_EDGE('',*,*,#2340,.T.);
#2637=ORIENTED_EDGE('',*,*,#2385,.T.);
#2638=ORIENTED_EDGE('',*,*,#2607,.T.);
#2639=ORIENTED_EDGE('',*,*,#2247,.T.);
#2640=EDGE_LOOP('',(#2636,#2637,#2638,#2639));
#2641=FACE_OUTER_BOUND('',#2640,.F.);
#2642=ADVANCED_FACE('',(#2641),#2635,.T.);
#2643=FILL_AREA_STYLE_COLOUR('',#9);
#2644=FILL_AREA_STYLE('',(#2643));
#2645=SURFACE_STYLE_FILL_AREA(#2644);
#2646=SURFACE_SIDE_STYLE('',(#2645));
#2647=SURFACE_STYLE_USAGE(.BOTH.,#2646);
#2648=PRESENTATION_STYLE_ASSIGNMENT((#2647));
#2649=STYLED_ITEM('',(#2648),#2642);
#2650=CARTESIAN_POINT('',(-1.290761881546E1,2.040655901036E-1,
-2.145020227427E0));
#2651=CARTESIAN_POINT('',(-1.290761881546E1,-3.316727299655E-1,
-2.145020227427E0));
#2652=CARTESIAN_POINT('',(-1.290761881546E1,-8.674110500345E-1,
-2.145020227427E0));
#2653=CARTESIAN_POINT('',(-1.290761881546E1,-1.403149370104E0,
-2.145020227427E0));
#2654=CARTESIAN_POINT('',(-1.290761881546E1,2.040655901036E-1,
2.725993146905E0));
#2655=CARTESIAN_POINT('',(-1.290761881546E1,-3.316727299655E-1,
2.725993146905E0));
#2656=CARTESIAN_POINT('',(-1.290761881546E1,-8.674110500345E-1,
2.725993146905E0));
#2657=CARTESIAN_POINT('',(-1.290761881546E1,-1.403149370104E0,
2.725993146905E0));
#2658=CARTESIAN_POINT('',(-1.290761881546E1,2.040655901036E-1,
7.597006521238E0));
#2659=CARTESIAN_POINT('',(-1.290761881546E1,-3.316727299655E-1,
7.597006521238E0));
#2660=CARTESIAN_POINT('',(-1.290761881546E1,-8.674110500345E-1,
7.597006521238E0));
#2661=CARTESIAN_POINT('',(-1.290761881546E1,-1.403149370104E0,
7.597006521238E0));
#2662=CARTESIAN_POINT('',(-1.290761881546E1,2.040655901036E-1,
1.246801989557E1));
#2663=CARTESIAN_POINT('',(-1.290761881546E1,-3.316727299655E-1,
1.246801989557E1));
#2664=CARTESIAN_POINT('',(-1.290761881546E1,-8.674110500345E-1,
1.246801989557E1));
#2665=CARTESIAN_POINT('',(-1.290761881546E1,-1.403149370104E0,
1.246801989557E1));
#2666=B_SPLINE_SURFACE_WITH_KNOTS('',3,3,((#2650,#2651,#2652,#2653),(#2654,
#2655,#2656,#2657),(#2658,#2659,#2660,#2661),(#2662,#2663,#2664,#2665)),
.UNSPECIFIED.,.F.,.F.,.F.,(4,4),(4,4),(-2.810200023683E-1,1.433202012062E1),(
-1.563947590103E0,4.326737010366E-2),.UNSPECIFIED.);
#2667=ORIENTED_EDGE('',*,*,#2263,.F.);
#2669=ORIENTED_EDGE('',*,*,#2668,.F.);
#2671=ORIENTED_EDGE('',*,*,#2670,.T.);
#2673=ORIENTED_EDGE('',*,*,#2672,.F.);
#2674=EDGE_LOOP('',(#2667,#2669,#2671,#2673));
#2675=FACE_OUTER_BOUND('',#2674,.F.);
#2676=ADVANCED_FACE('',(#2675),#2666,.F.);
#2677=FILL_AREA_STYLE_COLOUR('',#2);
#2678=FILL_AREA_STYLE('',(#2677));
#2679=SURFACE_STYLE_FILL_AREA(#2678);
#2680=SURFACE_SIDE_STYLE('',(#2679));
#2681=SURFACE_STYLE_USAGE(.BOTH.,#2680);
#2682=PRESENTATION_STYLE_ASSIGNMENT((#2681));
#2683=STYLED_ITEM('',(#2682),#2676);
#2684=CARTESIAN_POINT('',(-1.290761881546E1,2.040655901036E-1,
-2.145020227427E0));
#2685=CARTESIAN_POINT('',(-1.290761881546E1,-3.316727299655E-1,
-2.145020227427E0));
#2686=CARTESIAN_POINT('',(-1.290761881546E1,-8.674110500345E-1,
-2.145020227427E0));
#2687=CARTESIAN_POINT('',(-1.290761881546E1,-1.403149370104E0,
-2.145020227427E0));
#2688=CARTESIAN_POINT('',(-1.290761881546E1,2.040655901036E-1,
2.725993146905E0));
#2689=CARTESIAN_POINT('',(-1.290761881546E1,-3.316727299655E-1,
2.725993146905E0));
#2690=CARTESIAN_POINT('',(-1.290761881546E1,-8.674110500345E-1,
2.725993146905E0));
#2691=CARTESIAN_POINT('',(-1.290761881546E1,-1.403149370104E0,
2.725993146905E0));
#2692=CARTESIAN_POINT('',(-1.290761881546E1,2.040655901036E-1,
7.597006521238E0));
#2693=CARTESIAN_POINT('',(-1.290761881546E1,-3.316727299655E-1,
7.597006521238E0));
#2694=CARTESIAN_POINT('',(-1.290761881546E1,-8.674110500345E-1,
7.597006521238E0));
#2695=CARTESIAN_POINT('',(-1.290761881546E1,-1.403149370104E0,
7.597006521238E0));
#2696=CARTESIAN_POINT('',(-1.290761881546E1,2.040655901036E-1,
1.246801989557E1));
#2697=CARTESIAN_POINT('',(-1.290761881546E1,-3.316727299655E-1,
1.246801989557E1));
#2698=CARTESIAN_POINT('',(-1.290761881546E1,-8.674110500345E-1,
1.246801989557E1));
#2699=CARTESIAN_POINT('',(-1.290761881546E1,-1.403149370104E0,
1.246801989557E1));
#2700=B_SPLINE_SURFACE_WITH_KNOTS('',3,3,((#2684,#2685,#2686,#2687),(#2688,
#2689,#2690,#2691),(#2692,#2693,#2694,#2695),(#2696,#2697,#2698,#2699)),
.UNSPECIFIED.,.F.,.F.,.F.,(4,4),(4,4),(-2.810200023683E-1,1.433202012062E1),(
-1.563947590103E0,4.326737010366E-2),.UNSPECIFIED.);
#2701=ORIENTED_EDGE('',*,*,#2389,.F.);
#2703=ORIENTED_EDGE('',*,*,#2702,.F.);
#2705=ORIENTED_EDGE('',*,*,#2704,.F.);
#2707=ORIENTED_EDGE('',*,*,#2706,.F.);
#2708=EDGE_LOOP('',(#2701,#2703,#2705,#2707));
#2709=FACE_OUTER_BOUND('',#2708,.F.);
#2710=ADVANCED_FACE('',(#2709),#2700,.F.);
#2711=FILL_AREA_STYLE_COLOUR('',#2);
#2712=FILL_AREA_STYLE('',(#2711));
#2713=SURFACE_STYLE_FILL_AREA(#2712);
#2714=SURFACE_SIDE_STYLE('',(#2713));
#2715=SURFACE_STYLE_USAGE(.POSITIVE.,#2714);
#2716=PRESENTATION_STYLE_ASSIGNMENT((#2715));
#2717=STYLED_ITEM('',(#2716),#2710);
#2718=CARTESIAN_POINT('',(1.343592084502E1,1.6079822E-1,1.302245987432E1));
#2719=CARTESIAN_POINT('',(1.343592084502E1,1.6079822E-1,5.699822119615E0));
#2720=CARTESIAN_POINT('',(1.343592084502E1,1.6079822E-1,-1.622815635094E0));
#2721=CARTESIAN_POINT('',(1.343592084502E1,1.6079822E-1,-8.945453389802E0));
#2722=CARTESIAN_POINT('',(4.482560960411E0,1.6079822E-1,1.302245987432E1));
#2723=CARTESIAN_POINT('',(4.482560960411E0,1.6079822E-1,5.699822119615E0));
#2724=CARTESIAN_POINT('',(4.482560960411E0,1.6079822E-1,-1.622815635094E0));
#2725=CARTESIAN_POINT('',(4.482560960411E0,1.6079822E-1,-8.945453389802E0));
#2726=CARTESIAN_POINT('',(-4.470798924196E0,1.6079822E-1,1.302245987432E1));
#2727=CARTESIAN_POINT('',(-4.470798924196E0,1.6079822E-1,5.699822119615E0));
#2728=CARTESIAN_POINT('',(-4.470798924196E0,1.6079822E-1,-1.622815635094E0));
#2729=CARTESIAN_POINT('',(-4.470798924196E0,1.6079822E-1,-8.945453389802E0));
#2730=CARTESIAN_POINT('',(-1.342415880880E1,1.6079822E-1,1.302245987432E1));
#2731=CARTESIAN_POINT('',(-1.342415880880E1,1.6079822E-1,5.699822119615E0));
#2732=CARTESIAN_POINT('',(-1.342415880880E1,1.6079822E-1,-1.622815635094E0));
#2733=CARTESIAN_POINT('',(-1.342415880880E1,1.6079822E-1,-8.945453389802E0));
#2734=B_SPLINE_SURFACE_WITH_KNOTS('',3,3,((#2718,#2719,#2720,#2721),(#2722,
#2723,#2724,#2725),(#2726,#2727,#2728,#2729),(#2730,#2731,#2732,#2733)),
.UNSPECIFIED.,.F.,.F.,.F.,(4,4),(4,4),(-2.533054298690E1,1.529536666920E0),(
-4.224598743284E-1,2.154545338980E1),.UNSPECIFIED.);
#2735=ORIENTED_EDGE('',*,*,#2275,.F.);
#2737=ORIENTED_EDGE('',*,*,#2736,.T.);
#2739=ORIENTED_EDGE('',*,*,#2738,.T.);
#2741=ORIENTED_EDGE('',*,*,#2740,.T.);
#2743=ORIENTED_EDGE('',*,*,#2742,.T.);
#2745=ORIENTED_EDGE('',*,*,#2744,.T.);
#2746=EDGE_LOOP('',(#2735,#2737,#2739,#2741,#2743,#2745));
#2747=FACE_OUTER_BOUND('',#2746,.F.);
#2749=ORIENTED_EDGE('',*,*,#2748,.T.);
#2751=ORIENTED_EDGE('',*,*,#2750,.T.);
#2752=EDGE_LOOP('',(#2749,#2751));
#2753=FACE_BOUND('',#2752,.F.);
#2754=ADVANCED_FACE('',(#2747,#2753),#2734,.F.);
#2755=FILL_AREA_STYLE_COLOUR('',#2);
#2756=FILL_AREA_STYLE('',(#2755));
#2757=SURFACE_STYLE_FILL_AREA(#2756);
#2758=SURFACE_SIDE_STYLE('',(#2757));
#2759=SURFACE_STYLE_USAGE(.BOTH.,#2758);
#2760=PRESENTATION_STYLE_ASSIGNMENT((#2759));
#2761=STYLED_ITEM('',(#2760),#2754);
#2762=CARTESIAN_POINT('',(1.343592084502E1,1.6079822E-1,1.302245987432E1));
#2763=CARTESIAN_POINT('',(1.343592084502E1,1.6079822E-1,5.699822119615E0));
#2764=CARTESIAN_POINT('',(1.343592084502E1,1.6079822E-1,-1.622815635094E0));
#2765=CARTESIAN_POINT('',(1.343592084502E1,1.6079822E-1,-8.945453389802E0));
#2766=CARTESIAN_POINT('',(4.482560960411E0,1.6079822E-1,1.302245987432E1));
#2767=CARTESIAN_POINT('',(4.482560960411E0,1.6079822E-1,5.699822119615E0));
#2768=CARTESIAN_POINT('',(4.482560960411E0,1.6079822E-1,-1.622815635094E0));
#2769=CARTESIAN_POINT('',(4.482560960411E0,1.6079822E-1,-8.945453389802E0));
#2770=CARTESIAN_POINT('',(-4.470798924196E0,1.6079822E-1,1.302245987432E1));
#2771=CARTESIAN_POINT('',(-4.470798924196E0,1.6079822E-1,5.699822119615E0));
#2772=CARTESIAN_POINT('',(-4.470798924196E0,1.6079822E-1,-1.622815635094E0));
#2773=CARTESIAN_POINT('',(-4.470798924196E0,1.6079822E-1,-8.945453389802E0));
#2774=CARTESIAN_POINT('',(-1.342415880880E1,1.6079822E-1,1.302245987432E1));
#2775=CARTESIAN_POINT('',(-1.342415880880E1,1.6079822E-1,5.699822119615E0));
#2776=CARTESIAN_POINT('',(-1.342415880880E1,1.6079822E-1,-1.622815635094E0));
#2777=CARTESIAN_POINT('',(-1.342415880880E1,1.6079822E-1,-8.945453389802E0));
#2778=B_SPLINE_SURFACE_WITH_KNOTS('',3,3,((#2762,#2763,#2764,#2765),(#2766,
#2767,#2768,#2769),(#2770,#2771,#2772,#2773),(#2774,#2775,#2776,#2777)),
.UNSPECIFIED.,.F.,.F.,.F.,(4,4),(4,4),(-2.533054298690E1,1.529536666920E0),(
-4.224598743284E-1,2.154545338980E1),.UNSPECIFIED.);
#2779=ORIENTED_EDGE('',*,*,#2285,.F.);
#2781=ORIENTED_EDGE('',*,*,#2780,.T.);
#2783=ORIENTED_EDGE('',*,*,#2782,.T.);
#2785=ORIENTED_EDGE('',*,*,#2784,.T.);
#2787=ORIENTED_EDGE('',*,*,#2786,.T.);
#2789=ORIENTED_EDGE('',*,*,#2788,.T.);
#2790=EDGE_LOOP('',(#2779,#2781,#2783,#2785,#2787,#2789));
#2791=FACE_OUTER_BOUND('',#2790,.F.);
#2793=ORIENTED_EDGE('',*,*,#2792,.T.);
#2795=ORIENTED_EDGE('',*,*,#2794,.T.);
#2796=EDGE_LOOP('',(#2793,#2795));
#2797=FACE_BOUND('',#2796,.F.);
#2798=ADVANCED_FACE('',(#2791,#2797),#2778,.F.);
#2799=FILL_AREA_STYLE_COLOUR('',#2);
#2800=FILL_AREA_STYLE('',(#2799));
#2801=SURFACE_STYLE_FILL_AREA(#2800);
#2802=SURFACE_SIDE_STYLE('',(#2801));
#2803=SURFACE_STYLE_USAGE(.POSITIVE.,#2802);
#2804=PRESENTATION_STYLE_ASSIGNMENT((#2803));
#2805=STYLED_ITEM('',(#2804),#2798);
#2806=CARTESIAN_POINT('',(1.343592084502E1,1.6079822E-1,1.302245987432E1));
#2807=CARTESIAN_POINT('',(1.343592084502E1,1.6079822E-1,5.699822119615E0));
#2808=CARTESIAN_POINT('',(1.343592084502E1,1.6079822E-1,-1.622815635094E0));
#2809=CARTESIAN_POINT('',(1.343592084502E1,1.6079822E-1,-8.945453389802E0));
#2810=CARTESIAN_POINT('',(4.482560960411E0,1.6079822E-1,1.302245987432E1));
#2811=CARTESIAN_POINT('',(4.482560960411E0,1.6079822E-1,5.699822119615E0));
#2812=CARTESIAN_POINT('',(4.482560960411E0,1.6079822E-1,-1.622815635094E0));
#2813=CARTESIAN_POINT('',(4.482560960411E0,1.6079822E-1,-8.945453389802E0));
#2814=CARTESIAN_POINT('',(-4.470798924196E0,1.6079822E-1,1.302245987432E1));
#2815=CARTESIAN_POINT('',(-4.470798924196E0,1.6079822E-1,5.699822119615E0));
#2816=CARTESIAN_POINT('',(-4.470798924196E0,1.6079822E-1,-1.622815635094E0));
#2817=CARTESIAN_POINT('',(-4.470798924196E0,1.6079822E-1,-8.945453389802E0));
#2818=CARTESIAN_POINT('',(-1.342415880880E1,1.6079822E-1,1.302245987432E1));
#2819=CARTESIAN_POINT('',(-1.342415880880E1,1.6079822E-1,5.699822119615E0));
#2820=CARTESIAN_POINT('',(-1.342415880880E1,1.6079822E-1,-1.622815635094E0));
#2821=CARTESIAN_POINT('',(-1.342415880880E1,1.6079822E-1,-8.945453389802E0));
#2822=B_SPLINE_SURFACE_WITH_KNOTS('',3,3,((#2806,#2807,#2808,#2809),(#2810,
#2811,#2812,#2813),(#2814,#2815,#2816,#2817),(#2818,#2819,#2820,#2821)),
.UNSPECIFIED.,.F.,.F.,.F.,(4,4),(4,4),(-2.533054298690E1,1.529536666920E0),(
-4.224598743284E-1,2.154545338980E1),.UNSPECIFIED.);
#2823=ORIENTED_EDGE('',*,*,#2295,.F.);
#2825=ORIENTED_EDGE('',*,*,#2824,.T.);
#2827=ORIENTED_EDGE('',*,*,#2826,.T.);
#2829=ORIENTED_EDGE('',*,*,#2828,.T.);
#2831=ORIENTED_EDGE('',*,*,#2830,.T.);
#2833=ORIENTED_EDGE('',*,*,#2832,.T.);
#2834=EDGE_LOOP('',(#2823,#2825,#2827,#2829,#2831,#2833));
#2835=FACE_OUTER_BOUND('',#2834,.F.);
#2837=ORIENTED_EDGE('',*,*,#2836,.T.);
#2839=ORIENTED_EDGE('',*,*,#2838,.T.);
#2840=EDGE_LOOP('',(#2837,#2839));
#2841=FACE_BOUND('',#2840,.F.);
#2842=ADVANCED_FACE('',(#2835,#2841),#2822,.F.);
#2843=FILL_AREA_STYLE_COLOUR('',#2);
#2844=FILL_AREA_STYLE('',(#2843));
#2845=SURFACE_STYLE_FILL_AREA(#2844);
#2846=SURFACE_SIDE_STYLE('',(#2845));
#2847=SURFACE_STYLE_USAGE(.POSITIVE.,#2846);
#2848=PRESENTATION_STYLE_ASSIGNMENT((#2847));
#2849=STYLED_ITEM('',(#2848),#2842);
#2850=CARTESIAN_POINT('',(1.343592084502E1,1.6079822E-1,1.302245987432E1));
#2851=CARTESIAN_POINT('',(1.343592084502E1,1.6079822E-1,5.699822119615E0));
#2852=CARTESIAN_POINT('',(1.343592084502E1,1.6079822E-1,-1.622815635094E0));
#2853=CARTESIAN_POINT('',(1.343592084502E1,1.6079822E-1,-8.945453389802E0));
#2854=CARTESIAN_POINT('',(4.482560960411E0,1.6079822E-1,1.302245987432E1));
#2855=CARTESIAN_POINT('',(4.482560960411E0,1.6079822E-1,5.699822119615E0));
#2856=CARTESIAN_POINT('',(4.482560960411E0,1.6079822E-1,-1.622815635094E0));
#2857=CARTESIAN_POINT('',(4.482560960411E0,1.6079822E-1,-8.945453389802E0));
#2858=CARTESIAN_POINT('',(-4.470798924196E0,1.6079822E-1,1.302245987432E1));
#2859=CARTESIAN_POINT('',(-4.470798924196E0,1.6079822E-1,5.699822119615E0));
#2860=CARTESIAN_POINT('',(-4.470798924196E0,1.6079822E-1,-1.622815635094E0));
#2861=CARTESIAN_POINT('',(-4.470798924196E0,1.6079822E-1,-8.945453389802E0));
#2862=CARTESIAN_POINT('',(-1.342415880880E1,1.6079822E-1,1.302245987432E1));
#2863=CARTESIAN_POINT('',(-1.342415880880E1,1.6079822E-1,5.699822119615E0));
#2864=CARTESIAN_POINT('',(-1.342415880880E1,1.6079822E-1,-1.622815635094E0));
#2865=CARTESIAN_POINT('',(-1.342415880880E1,1.6079822E-1,-8.945453389802E0));
#2866=B_SPLINE_SURFACE_WITH_KNOTS('',3,3,((#2850,#2851,#2852,#2853),(#2854,
#2855,#2856,#2857),(#2858,#2859,#2860,#2861),(#2862,#2863,#2864,#2865)),
.UNSPECIFIED.,.F.,.F.,.F.,(4,4),(4,4),(-2.533054298690E1,1.529536666920E0),(
-4.224598743284E-1,2.154545338980E1),.UNSPECIFIED.);
#2867=ORIENTED_EDGE('',*,*,#2305,.F.);
#2869=ORIENTED_EDGE('',*,*,#2868,.T.);
#2871=ORIENTED_EDGE('',*,*,#2870,.T.);
#2873=ORIENTED_EDGE('',*,*,#2872,.T.);
#2875=ORIENTED_EDGE('',*,*,#2874,.T.);
#2877=ORIENTED_EDGE('',*,*,#2876,.T.);
#2878=EDGE_LOOP('',(#2867,#2869,#2871,#2873,#2875,#2877));
#2879=FACE_OUTER_BOUND('',#2878,.F.);
#2881=ORIENTED_EDGE('',*,*,#2880,.T.);
#2883=ORIENTED_EDGE('',*,*,#2882,.T.);
#2884=EDGE_LOOP('',(#2881,#2883));
#2885=FACE_BOUND('',#2884,.F.);
#2886=ADVANCED_FACE('',(#2879,#2885),#2866,.F.);
#2887=FILL_AREA_STYLE_COLOUR('',#2);
#2888=FILL_AREA_STYLE('',(#2887));
#2889=SURFACE_STYLE_FILL_AREA(#2888);
#2890=SURFACE_SIDE_STYLE('',(#2889));
#2891=SURFACE_STYLE_USAGE(.POSITIVE.,#2890);
#2892=PRESENTATION_STYLE_ASSIGNMENT((#2891));
#2893=STYLED_ITEM('',(#2892),#2886);
#2894=CARTESIAN_POINT('',(1.343592084502E1,1.6079822E-1,1.302245987432E1));
#2895=CARTESIAN_POINT('',(1.343592084502E1,1.6079822E-1,5.699822119615E0));
#2896=CARTESIAN_POINT('',(1.343592084502E1,1.6079822E-1,-1.622815635094E0));
#2897=CARTESIAN_POINT('',(1.343592084502E1,1.6079822E-1,-8.945453389802E0));
#2898=CARTESIAN_POINT('',(4.482560960411E0,1.6079822E-1,1.302245987432E1));
#2899=CARTESIAN_POINT('',(4.482560960411E0,1.6079822E-1,5.699822119615E0));
#2900=CARTESIAN_POINT('',(4.482560960411E0,1.6079822E-1,-1.622815635094E0));
#2901=CARTESIAN_POINT('',(4.482560960411E0,1.6079822E-1,-8.945453389802E0));
#2902=CARTESIAN_POINT('',(-4.470798924196E0,1.6079822E-1,1.302245987432E1));
#2903=CARTESIAN_POINT('',(-4.470798924196E0,1.6079822E-1,5.699822119615E0));
#2904=CARTESIAN_POINT('',(-4.470798924196E0,1.6079822E-1,-1.622815635094E0));
#2905=CARTESIAN_POINT('',(-4.470798924196E0,1.6079822E-1,-8.945453389802E0));
#2906=CARTESIAN_POINT('',(-1.342415880880E1,1.6079822E-1,1.302245987432E1));
#2907=CARTESIAN_POINT('',(-1.342415880880E1,1.6079822E-1,5.699822119615E0));
#2908=CARTESIAN_POINT('',(-1.342415880880E1,1.6079822E-1,-1.622815635094E0));
#2909=CARTESIAN_POINT('',(-1.342415880880E1,1.6079822E-1,-8.945453389802E0));
#2910=B_SPLINE_SURFACE_WITH_KNOTS('',3,3,((#2894,#2895,#2896,#2897),(#2898,
#2899,#2900,#2901),(#2902,#2903,#2904,#2905),(#2906,#2907,#2908,#2909)),
.UNSPECIFIED.,.F.,.F.,.F.,(4,4),(4,4),(-2.533054298690E1,1.529536666920E0),(
-4.224598743284E-1,2.154545338980E1),.UNSPECIFIED.);
#2911=ORIENTED_EDGE('',*,*,#2315,.F.);
#2913=ORIENTED_EDGE('',*,*,#2912,.T.);
#2915=ORIENTED_EDGE('',*,*,#2914,.T.);
#2917=ORIENTED_EDGE('',*,*,#2916,.T.);
#2919=ORIENTED_EDGE('',*,*,#2918,.T.);
#2921=ORIENTED_EDGE('',*,*,#2920,.T.);
#2922=EDGE_LOOP('',(#2911,#2913,#2915,#2917,#2919,#2921));
#2923=FACE_OUTER_BOUND('',#2922,.F.);
#2925=ORIENTED_EDGE('',*,*,#2924,.T.);
#2927=ORIENTED_EDGE('',*,*,#2926,.T.);
#2928=EDGE_LOOP('',(#2925,#2927));
#2929=FACE_BOUND('',#2928,.F.);
#2930=ADVANCED_FACE('',(#2923,#2929),#2910,.F.);
#2931=FILL_AREA_STYLE_COLOUR('',#2);
#2932=FILL_AREA_STYLE('',(#2931));
#2933=SURFACE_STYLE_FILL_AREA(#2932);
#2934=SURFACE_SIDE_STYLE('',(#2933));
#2935=SURFACE_STYLE_USAGE(.POSITIVE.,#2934);
#2936=PRESENTATION_STYLE_ASSIGNMENT((#2935));
#2937=STYLED_ITEM('',(#2936),#2930);
#2938=CARTESIAN_POINT('',(1.343592084502E1,1.6079822E-1,1.302245987432E1));
#2939=CARTESIAN_POINT('',(1.343592084502E1,1.6079822E-1,5.699822119615E0));
#2940=CARTESIAN_POINT('',(1.343592084502E1,1.6079822E-1,-1.622815635094E0));
#2941=CARTESIAN_POINT('',(1.343592084502E1,1.6079822E-1,-8.945453389802E0));
#2942=CARTESIAN_POINT('',(4.482560960411E0,1.6079822E-1,1.302245987432E1));
#2943=CARTESIAN_POINT('',(4.482560960411E0,1.6079822E-1,5.699822119615E0));
#2944=CARTESIAN_POINT('',(4.482560960411E0,1.6079822E-1,-1.622815635094E0));
#2945=CARTESIAN_POINT('',(4.482560960411E0,1.6079822E-1,-8.945453389802E0));
#2946=CARTESIAN_POINT('',(-4.470798924196E0,1.6079822E-1,1.302245987432E1));
#2947=CARTESIAN_POINT('',(-4.470798924196E0,1.6079822E-1,5.699822119615E0));
#2948=CARTESIAN_POINT('',(-4.470798924196E0,1.6079822E-1,-1.622815635094E0));
#2949=CARTESIAN_POINT('',(-4.470798924196E0,1.6079822E-1,-8.945453389802E0));
#2950=CARTESIAN_POINT('',(-1.342415880880E1,1.6079822E-1,1.302245987432E1));
#2951=CARTESIAN_POINT('',(-1.342415880880E1,1.6079822E-1,5.699822119615E0));
#2952=CARTESIAN_POINT('',(-1.342415880880E1,1.6079822E-1,-1.622815635094E0));
#2953=CARTESIAN_POINT('',(-1.342415880880E1,1.6079822E-1,-8.945453389802E0));
#2954=B_SPLINE_SURFACE_WITH_KNOTS('',3,3,((#2938,#2939,#2940,#2941),(#2942,
#2943,#2944,#2945),(#2946,#2947,#2948,#2949),(#2950,#2951,#2952,#2953)),
.UNSPECIFIED.,.F.,.F.,.F.,(4,4),(4,4),(-2.533054298690E1,1.529536666920E0),(
-4.224598743284E-1,2.154545338980E1),.UNSPECIFIED.);
#2955=ORIENTED_EDGE('',*,*,#2269,.F.);
#2957=ORIENTED_EDGE('',*,*,#2956,.T.);
#2959=ORIENTED_EDGE('',*,*,#2958,.T.);
#2961=ORIENTED_EDGE('',*,*,#2960,.T.);
#2963=ORIENTED_EDGE('',*,*,#2962,.T.);
#2964=ORIENTED_EDGE('',*,*,#2668,.T.);
#2965=EDGE_LOOP('',(#2955,#2957,#2959,#2961,#2963,#2964));
#2966=FACE_OUTER_BOUND('',#2965,.F.);
#2968=ORIENTED_EDGE('',*,*,#2967,.T.);
#2970=ORIENTED_EDGE('',*,*,#2969,.T.);
#2971=EDGE_LOOP('',(#2968,#2970));
#2972=FACE_BOUND('',#2971,.F.);
#2973=ADVANCED_FACE('',(#2966,#2972),#2954,.F.);
#2974=FILL_AREA_STYLE_COLOUR('',#2);
#2975=FILL_AREA_STYLE('',(#2974));
#2976=SURFACE_STYLE_FILL_AREA(#2975);
#2977=SURFACE_SIDE_STYLE('',(#2976));
#2978=SURFACE_STYLE_USAGE(.POSITIVE.,#2977);
#2979=PRESENTATION_STYLE_ASSIGNMENT((#2978));
#2980=STYLED_ITEM('',(#2979),#2973);
#2981=CARTESIAN_POINT('',(1.343592084502E1,1.6079822E-1,1.302245987432E1));
#2982=CARTESIAN_POINT('',(1.343592084502E1,1.6079822E-1,5.699822119615E0));
#2983=CARTESIAN_POINT('',(1.343592084502E1,1.6079822E-1,-1.622815635094E0));
#2984=CARTESIAN_POINT('',(1.343592084502E1,1.6079822E-1,-8.945453389802E0));
#2985=CARTESIAN_POINT('',(4.482560960411E0,1.6079822E-1,1.302245987432E1));
#2986=CARTESIAN_POINT('',(4.482560960411E0,1.6079822E-1,5.699822119615E0));
#2987=CARTESIAN_POINT('',(4.482560960411E0,1.6079822E-1,-1.622815635094E0));
#2988=CARTESIAN_POINT('',(4.482560960411E0,1.6079822E-1,-8.945453389802E0));
#2989=CARTESIAN_POINT('',(-4.470798924196E0,1.6079822E-1,1.302245987432E1));
#2990=CARTESIAN_POINT('',(-4.470798924196E0,1.6079822E-1,5.699822119615E0));
#2991=CARTESIAN_POINT('',(-4.470798924196E0,1.6079822E-1,-1.622815635094E0));
#2992=CARTESIAN_POINT('',(-4.470798924196E0,1.6079822E-1,-8.945453389802E0));
#2993=CARTESIAN_POINT('',(-1.342415880880E1,1.6079822E-1,1.302245987432E1));
#2994=CARTESIAN_POINT('',(-1.342415880880E1,1.6079822E-1,5.699822119615E0));
#2995=CARTESIAN_POINT('',(-1.342415880880E1,1.6079822E-1,-1.622815635094E0));
#2996=CARTESIAN_POINT('',(-1.342415880880E1,1.6079822E-1,-8.945453389802E0));
#2997=B_SPLINE_SURFACE_WITH_KNOTS('',3,3,((#2981,#2982,#2983,#2984),(#2985,
#2986,#2987,#2988),(#2989,#2990,#2991,#2992),(#2993,#2994,#2995,#2996)),
.UNSPECIFIED.,.F.,.F.,.F.,(4,4),(4,4),(-2.533054298690E1,1.529536666920E0),(
-4.224598743284E-1,2.154545338980E1),.UNSPECIFIED.);
#2998=ORIENTED_EDGE('',*,*,#2391,.F.);
#2999=ORIENTED_EDGE('',*,*,#2706,.T.);
#3001=ORIENTED_EDGE('',*,*,#3000,.T.);
#3003=ORIENTED_EDGE('',*,*,#3002,.T.);
#3005=ORIENTED_EDGE('',*,*,#3004,.T.);
#3007=ORIENTED_EDGE('',*,*,#3006,.T.);
#3009=ORIENTED_EDGE('',*,*,#3008,.T.);
#3011=ORIENTED_EDGE('',*,*,#3010,.T.);
#3013=ORIENTED_EDGE('',*,*,#3012,.T.);
#3015=ORIENTED_EDGE('',*,*,#3014,.T.);
#3017=ORIENTED_EDGE('',*,*,#3016,.T.);
#3019=ORIENTED_EDGE('',*,*,#3018,.T.);
#3021=ORIENTED_EDGE('',*,*,#3020,.T.);
#3023=ORIENTED_EDGE('',*,*,#3022,.T.);
#3025=ORIENTED_EDGE('',*,*,#3024,.T.);
#3027=ORIENTED_EDGE('',*,*,#3026,.T.);
#3029=ORIENTED_EDGE('',*,*,#3028,.T.);
#3031=ORIENTED_EDGE('',*,*,#3030,.T.);
#3033=ORIENTED_EDGE('',*,*,#3032,.T.);
#3035=ORIENTED_EDGE('',*,*,#3034,.T.);
#3037=ORIENTED_EDGE('',*,*,#3036,.T.);
#3039=ORIENTED_EDGE('',*,*,#3038,.T.);
#3041=ORIENTED_EDGE('',*,*,#3040,.T.);
#3043=ORIENTED_EDGE('',*,*,#3042,.T.);
#3045=ORIENTED_EDGE('',*,*,#3044,.T.);
#3047=ORIENTED_EDGE('',*,*,#3046,.T.);
#3049=ORIENTED_EDGE('',*,*,#3048,.T.);
#3051=ORIENTED_EDGE('',*,*,#3050,.T.);
#3053=ORIENTED_EDGE('',*,*,#3052,.T.);
#3055=ORIENTED_EDGE('',*,*,#3054,.T.);
#3057=ORIENTED_EDGE('',*,*,#3056,.T.);
#3059=ORIENTED_EDGE('',*,*,#3058,.T.);
#3061=ORIENTED_EDGE('',*,*,#3060,.T.);
#3063=ORIENTED_EDGE('',*,*,#3062,.T.);
#3065=ORIENTED_EDGE('',*,*,#3064,.T.);
#3067=ORIENTED_EDGE('',*,*,#3066,.T.);
#3069=ORIENTED_EDGE('',*,*,#3068,.T.);
#3071=ORIENTED_EDGE('',*,*,#3070,.T.);
#3073=ORIENTED_EDGE('',*,*,#3072,.T.);
#3075=ORIENTED_EDGE('',*,*,#3074,.T.);
#3076=ORIENTED_EDGE('',*,*,#2405,.F.);
#3078=ORIENTED_EDGE('',*,*,#3077,.T.);
#3079=ORIENTED_EDGE('',*,*,#2415,.F.);
#3081=ORIENTED_EDGE('',*,*,#3080,.T.);
#3083=ORIENTED_EDGE('',*,*,#3082,.T.);
#3085=ORIENTED_EDGE('',*,*,#3084,.T.);
#3087=ORIENTED_EDGE('',*,*,#3086,.T.);
#3089=ORIENTED_EDGE('',*,*,#3088,.T.);
#3091=ORIENTED_EDGE('',*,*,#3090,.T.);
#3093=ORIENTED_EDGE('',*,*,#3092,.T.);
#3095=ORIENTED_EDGE('',*,*,#3094,.T.);
#3097=ORIENTED_EDGE('',*,*,#3096,.T.);
#3099=ORIENTED_EDGE('',*,*,#3098,.T.);
#3101=ORIENTED_EDGE('',*,*,#3100,.T.);
#3103=ORIENTED_EDGE('',*,*,#3102,.T.);
#3105=ORIENTED_EDGE('',*,*,#3104,.T.);
#3107=ORIENTED_EDGE('',*,*,#3106,.T.);
#3108=ORIENTED_EDGE('',*,*,#2425,.F.);
#3110=ORIENTED_EDGE('',*,*,#3109,.T.);
#3112=ORIENTED_EDGE('',*,*,#3111,.T.);
#3114=ORIENTED_EDGE('',*,*,#3113,.T.);
#3115=ORIENTED_EDGE('',*,*,#2435,.F.);
#3117=ORIENTED_EDGE('',*,*,#3116,.T.);
#3119=ORIENTED_EDGE('',*,*,#3118,.T.);
#3121=ORIENTED_EDGE('',*,*,#3120,.T.);
#3122=ORIENTED_EDGE('',*,*,#2445,.F.);
#3124=ORIENTED_EDGE('',*,*,#3123,.T.);
#3126=ORIENTED_EDGE('',*,*,#3125,.T.);
#3128=ORIENTED_EDGE('',*,*,#3127,.T.);
#3129=EDGE_LOOP('',(#2998,#2999,#3001,#3003,#3005,#3007,#3009,#3011,#3013,#3015,
#3017,#3019,#3021,#3023,#3025,#3027,#3029,#3031,#3033,#3035,#3037,#3039,#3041,
#3043,#3045,#3047,#3049,#3051,#3053,#3055,#3057,#3059,#3061,#3063,#3065,#3067,
#3069,#3071,#3073,#3075,#3076,#3078,#3079,#3081,#3083,#3085,#3087,#3089,#3091,
#3093,#3095,#3097,#3099,#3101,#3103,#3105,#3107,#3108,#3110,#3112,#3114,#3115,
#3117,#3119,#3121,#3122,#3124,#3126,#3128));
#3130=FACE_OUTER_BOUND('',#3129,.F.);
#3132=ORIENTED_EDGE('',*,*,#3131,.T.);
#3134=ORIENTED_EDGE('',*,*,#3133,.T.);
#3135=EDGE_LOOP('',(#3132,#3134));
#3136=FACE_BOUND('',#3135,.F.);
#3137=ADVANCED_FACE('',(#3130,#3136),#2997,.F.);
#3138=FILL_AREA_STYLE_COLOUR('',#2);
#3139=FILL_AREA_STYLE('',(#3138));
#3140=SURFACE_STYLE_FILL_AREA(#3139);
#3141=SURFACE_SIDE_STYLE('',(#3140));
#3142=SURFACE_STYLE_USAGE(.POSITIVE.,#3141);
#3143=PRESENTATION_STYLE_ASSIGNMENT((#3142));
#3144=STYLED_ITEM('',(#3143),#3137);
#3145=CARTESIAN_POINT('',(-4.744135113930E0,2.040655901036E-1,
1.178836148535E1));
#3146=CARTESIAN_POINT('',(-4.744135113930E0,-1.403149370104E0,
1.178836148535E1));
#3148=CARTESIAN_POINT('',(-4.994134613930E0,2.008776435251E-1,
1.178836148535E1));
#3149=DIRECTION('',(0.E0,-1.E0,0.E0));
#3150=AXIS1_PLACEMENT('',#3148,#3149);
#3151=SURFACE_OF_REVOLUTION('',#3147,#3150);
#3152=ORIENTED_EDGE('',*,*,#2880,.F.);
#3154=ORIENTED_EDGE('',*,*,#3153,.F.);
#3156=ORIENTED_EDGE('',*,*,#3155,.F.);
#3158=ORIENTED_EDGE('',*,*,#3157,.F.);
#3159=EDGE_LOOP('',(#3152,#3154,#3156,#3158));
#3160=FACE_OUTER_BOUND('',#3159,.F.);
#3161=ADVANCED_FACE('',(#3160),#3151,.F.);
#3162=FILL_AREA_STYLE_COLOUR('',#2);
#3163=FILL_AREA_STYLE('',(#3162));
#3164=SURFACE_STYLE_FILL_AREA(#3163);
#3165=SURFACE_SIDE_STYLE('',(#3164));
#3166=SURFACE_STYLE_USAGE(.BOTH.,#3165);
#3167=PRESENTATION_STYLE_ASSIGNMENT((#3166));
#3168=STYLED_ITEM('',(#3167),#3161);
#3169=CARTESIAN_POINT('',(-4.744135113930E0,2.040655901036E-1,
1.178836148535E1));
#3170=CARTESIAN_POINT('',(-4.744135113930E0,-1.403149370104E0,
1.178836148535E1));
#3172=CARTESIAN_POINT('',(-4.994134613930E0,2.008776435251E-1,
1.178836148535E1));
#3173=DIRECTION('',(0.E0,-1.E0,0.E0));
#3174=AXIS1_PLACEMENT('',#3172,#3173);
#3175=SURFACE_OF_REVOLUTION('',#3171,#3174);
#3176=ORIENTED_EDGE('',*,*,#2882,.F.);
#3177=ORIENTED_EDGE('',*,*,#3157,.T.);
#3179=ORIENTED_EDGE('',*,*,#3178,.F.);
#3180=ORIENTED_EDGE('',*,*,#3153,.T.);
#3181=EDGE_LOOP('',(#3176,#3177,#3179,#3180));
#3182=FACE_OUTER_BOUND('',#3181,.F.);
#3183=ADVANCED_FACE('',(#3182),#3175,.F.);
#3184=FILL_AREA_STYLE_COLOUR('',#2);
#3185=FILL_AREA_STYLE('',(#3184));
#3186=SURFACE_STYLE_FILL_AREA(#3185);
#3187=SURFACE_SIDE_STYLE('',(#3186));
#3188=SURFACE_STYLE_USAGE(.BOTH.,#3187);
#3189=PRESENTATION_STYLE_ASSIGNMENT((#3188));
#3190=STYLED_ITEM('',(#3189),#3183);
#3191=CARTESIAN_POINT('',(1.343592084502E1,-1.359882E0,1.302246000992E1));
#3192=CARTESIAN_POINT('',(1.343592084502E1,-1.359882E0,5.699819904964E0));
#3193=CARTESIAN_POINT('',(1.343592084502E1,-1.359882E0,-1.622820199993E0));
#3194=CARTESIAN_POINT('',(1.343592084502E1,-1.359882E0,-8.945460304949E0));
#3195=CARTESIAN_POINT('',(4.482560960411E0,-1.359882E0,1.302246000992E1));
#3196=CARTESIAN_POINT('',(4.482560960411E0,-1.359882E0,5.699819904964E0));
#3197=CARTESIAN_POINT('',(4.482560960411E0,-1.359882E0,-1.622820199993E0));
#3198=CARTESIAN_POINT('',(4.482560960411E0,-1.359882E0,-8.945460304949E0));
#3199=CARTESIAN_POINT('',(-4.470798924196E0,-1.359882E0,1.302246000992E1));
#3200=CARTESIAN_POINT('',(-4.470798924196E0,-1.359882E0,5.699819904964E0));
#3201=CARTESIAN_POINT('',(-4.470798924196E0,-1.359882E0,-1.622820199993E0));
#3202=CARTESIAN_POINT('',(-4.470798924196E0,-1.359882E0,-8.945460304949E0));
#3203=CARTESIAN_POINT('',(-1.342415880880E1,-1.359882E0,1.302246000992E1));
#3204=CARTESIAN_POINT('',(-1.342415880880E1,-1.359882E0,5.699819904964E0));
#3205=CARTESIAN_POINT('',(-1.342415880880E1,-1.359882E0,-1.622820199993E0));
#3206=CARTESIAN_POINT('',(-1.342415880880E1,-1.359882E0,-8.945460304949E0));
#3207=B_SPLINE_SURFACE_WITH_KNOTS('',3,3,((#3191,#3192,#3193,#3194),(#3195,
#3196,#3197,#3198),(#3199,#3200,#3201,#3202),(#3203,#3204,#3205,#3206)),
.UNSPECIFIED.,.F.,.F.,.F.,(4,4),(4,4),(-2.533054298690E1,1.529536666919E0),(
-4.224600099205E-1,2.154546030495E1),.UNSPECIFIED.);
#3208=ORIENTED_EDGE('',*,*,#2265,.F.);
#3209=ORIENTED_EDGE('',*,*,#2672,.T.);
#3211=ORIENTED_EDGE('',*,*,#3210,.T.);
#3213=ORIENTED_EDGE('',*,*,#3212,.T.);
#3215=ORIENTED_EDGE('',*,*,#3214,.T.);
#3217=ORIENTED_EDGE('',*,*,#3216,.T.);
#3218=EDGE_LOOP('',(#3208,#3209,#3211,#3213,#3215,#3217));
#3219=FACE_OUTER_BOUND('',#3218,.F.);
#3221=ORIENTED_EDGE('',*,*,#3220,.T.);
#3223=ORIENTED_EDGE('',*,*,#3222,.T.);
#3224=EDGE_LOOP('',(#3221,#3223));
#3225=FACE_BOUND('',#3224,.F.);
#3226=ADVANCED_FACE('',(#3219,#3225),#3207,.T.);
#3227=FILL_AREA_STYLE_COLOUR('',#2);
#3228=FILL_AREA_STYLE('',(#3227));
#3229=SURFACE_STYLE_FILL_AREA(#3228);
#3230=SURFACE_SIDE_STYLE('',(#3229));
#3231=SURFACE_STYLE_USAGE(.BOTH.,#3230);
#3232=PRESENTATION_STYLE_ASSIGNMENT((#3231));
#3233=STYLED_ITEM('',(#3232),#3226);
#3234=CARTESIAN_POINT('',(1.343592084502E1,-1.359882E0,1.302246000992E1));
#3235=CARTESIAN_POINT('',(1.343592084502E1,-1.359882E0,5.699819904964E0));
#3236=CARTESIAN_POINT('',(1.343592084502E1,-1.359882E0,-1.622820199993E0));
#3237=CARTESIAN_POINT('',(1.343592084502E1,-1.359882E0,-8.945460304949E0));
#3238=CARTESIAN_POINT('',(4.482560960411E0,-1.359882E0,1.302246000992E1));
#3239=CARTESIAN_POINT('',(4.482560960411E0,-1.359882E0,5.699819904964E0));
#3240=CARTESIAN_POINT('',(4.482560960411E0,-1.359882E0,-1.622820199993E0));
#3241=CARTESIAN_POINT('',(4.482560960411E0,-1.359882E0,-8.945460304949E0));
#3242=CARTESIAN_POINT('',(-4.470798924196E0,-1.359882E0,1.302246000992E1));
#3243=CARTESIAN_POINT('',(-4.470798924196E0,-1.359882E0,5.699819904964E0));
#3244=CARTESIAN_POINT('',(-4.470798924196E0,-1.359882E0,-1.622820199993E0));
#3245=CARTESIAN_POINT('',(-4.470798924196E0,-1.359882E0,-8.945460304949E0));
#3246=CARTESIAN_POINT('',(-1.342415880880E1,-1.359882E0,1.302246000992E1));
#3247=CARTESIAN_POINT('',(-1.342415880880E1,-1.359882E0,5.699819904964E0));
#3248=CARTESIAN_POINT('',(-1.342415880880E1,-1.359882E0,-1.622820199993E0));
#3249=CARTESIAN_POINT('',(-1.342415880880E1,-1.359882E0,-8.945460304949E0));
#3250=B_SPLINE_SURFACE_WITH_KNOTS('',3,3,((#3234,#3235,#3236,#3237),(#3238,
#3239,#3240,#3241),(#3242,#3243,#3244,#3245),(#3246,#3247,#3248,#3249)),
.UNSPECIFIED.,.F.,.F.,.F.,(4,4),(4,4),(-2.533054298690E1,1.529536666919E0),(
-4.224600099205E-1,2.154546030495E1),.UNSPECIFIED.);
#3251=ORIENTED_EDGE('',*,*,#2319,.F.);
#3253=ORIENTED_EDGE('',*,*,#3252,.T.);
#3255=ORIENTED_EDGE('',*,*,#3254,.T.);
#3257=ORIENTED_EDGE('',*,*,#3256,.T.);
#3259=ORIENTED_EDGE('',*,*,#3258,.T.);
#3261=ORIENTED_EDGE('',*,*,#3260,.T.);
#3262=EDGE_LOOP('',(#3251,#3253,#3255,#3257,#3259,#3261));
#3263=FACE_OUTER_BOUND('',#3262,.F.);
#3265=ORIENTED_EDGE('',*,*,#3264,.T.);
#3267=ORIENTED_EDGE('',*,*,#3266,.T.);
#3268=EDGE_LOOP('',(#3265,#3267));
#3269=FACE_BOUND('',#3268,.F.);
#3270=ADVANCED_FACE('',(#3263,#3269),#3250,.T.);
#3271=FILL_AREA_STYLE_COLOUR('',#2);
#3272=FILL_AREA_STYLE('',(#3271));
#3273=SURFACE_STYLE_FILL_AREA(#3272);
#3274=SURFACE_SIDE_STYLE('',(#3273));
#3275=SURFACE_STYLE_USAGE(.POSITIVE.,#3274);
#3276=PRESENTATION_STYLE_ASSIGNMENT((#3275));
#3277=STYLED_ITEM('',(#3276),#3270);
#3278=CARTESIAN_POINT('',(1.343592084502E1,-1.359882E0,1.302246000992E1));
#3279=CARTESIAN_POINT('',(1.343592084502E1,-1.359882E0,5.699819904964E0));
#3280=CARTESIAN_POINT('',(1.343592084502E1,-1.359882E0,-1.622820199993E0));
#3281=CARTESIAN_POINT('',(1.343592084502E1,-1.359882E0,-8.945460304949E0));
#3282=CARTESIAN_POINT('',(4.482560960411E0,-1.359882E0,1.302246000992E1));
#3283=CARTESIAN_POINT('',(4.482560960411E0,-1.359882E0,5.699819904964E0));
#3284=CARTESIAN_POINT('',(4.482560960411E0,-1.359882E0,-1.622820199993E0));
#3285=CARTESIAN_POINT('',(4.482560960411E0,-1.359882E0,-8.945460304949E0));
#3286=CARTESIAN_POINT('',(-4.470798924196E0,-1.359882E0,1.302246000992E1));
#3287=CARTESIAN_POINT('',(-4.470798924196E0,-1.359882E0,5.699819904964E0));
#3288=CARTESIAN_POINT('',(-4.470798924196E0,-1.359882E0,-1.622820199993E0));
#3289=CARTESIAN_POINT('',(-4.470798924196E0,-1.359882E0,-8.945460304949E0));
#3290=CARTESIAN_POINT('',(-1.342415880880E1,-1.359882E0,1.302246000992E1));
#3291=CARTESIAN_POINT('',(-1.342415880880E1,-1.359882E0,5.699819904964E0));
#3292=CARTESIAN_POINT('',(-1.342415880880E1,-1.359882E0,-1.622820199993E0));
#3293=CARTESIAN_POINT('',(-1.342415880880E1,-1.359882E0,-8.945460304949E0));
#3294=B_SPLINE_SURFACE_WITH_KNOTS('',3,3,((#3278,#3279,#3280,#3281),(#3282,
#3283,#3284,#3285),(#3286,#3287,#3288,#3289),(#3290,#3291,#3292,#3293)),
.UNSPECIFIED.,.F.,.F.,.F.,(4,4),(4,4),(-2.533054298690E1,1.529536666919E0),(
-4.224600099205E-1,2.154546030495E1),.UNSPECIFIED.);
#3295=ORIENTED_EDGE('',*,*,#2309,.F.);
#3297=ORIENTED_EDGE('',*,*,#3296,.T.);
#3299=ORIENTED_EDGE('',*,*,#3298,.T.);
#3301=ORIENTED_EDGE('',*,*,#3300,.T.);
#3303=ORIENTED_EDGE('',*,*,#3302,.T.);
#3305=ORIENTED_EDGE('',*,*,#3304,.T.);
#3306=EDGE_LOOP('',(#3295,#3297,#3299,#3301,#3303,#3305));
#3307=FACE_OUTER_BOUND('',#3306,.F.);
#3308=ORIENTED_EDGE('',*,*,#3155,.T.);
#3309=ORIENTED_EDGE('',*,*,#3178,.T.);
#3310=EDGE_LOOP('',(#3308,#3309));
#3311=FACE_BOUND('',#3310,.F.);
#3312=ADVANCED_FACE('',(#3307,#3311),#3294,.T.);
#3313=FILL_AREA_STYLE_COLOUR('',#2);
#3314=FILL_AREA_STYLE('',(#3313));
#3315=SURFACE_STYLE_FILL_AREA(#3314);
#3316=SURFACE_SIDE_STYLE('',(#3315));
#3317=SURFACE_STYLE_USAGE(.POSITIVE.,#3316);
#3318=PRESENTATION_STYLE_ASSIGNMENT((#3317));
#3319=STYLED_ITEM('',(#3318),#3312);
#3320=CARTESIAN_POINT('',(1.343592084502E1,-1.359882E0,1.302246000992E1));
#3321=CARTESIAN_POINT('',(1.343592084502E1,-1.359882E0,5.699819904964E0));
#3322=CARTESIAN_POINT('',(1.343592084502E1,-1.359882E0,-1.622820199993E0));
#3323=CARTESIAN_POINT('',(1.343592084502E1,-1.359882E0,-8.945460304949E0));
#3324=CARTESIAN_POINT('',(4.482560960411E0,-1.359882E0,1.302246000992E1));
#3325=CARTESIAN_POINT('',(4.482560960411E0,-1.359882E0,5.699819904964E0));
#3326=CARTESIAN_POINT('',(4.482560960411E0,-1.359882E0,-1.622820199993E0));
#3327=CARTESIAN_POINT('',(4.482560960411E0,-1.359882E0,-8.945460304949E0));
#3328=CARTESIAN_POINT('',(-4.470798924196E0,-1.359882E0,1.302246000992E1));
#3329=CARTESIAN_POINT('',(-4.470798924196E0,-1.359882E0,5.699819904964E0));
#3330=CARTESIAN_POINT('',(-4.470798924196E0,-1.359882E0,-1.622820199993E0));
#3331=CARTESIAN_POINT('',(-4.470798924196E0,-1.359882E0,-8.945460304949E0));
#3332=CARTESIAN_POINT('',(-1.342415880880E1,-1.359882E0,1.302246000992E1));
#3333=CARTESIAN_POINT('',(-1.342415880880E1,-1.359882E0,5.699819904964E0));
#3334=CARTESIAN_POINT('',(-1.342415880880E1,-1.359882E0,-1.622820199993E0));
#3335=CARTESIAN_POINT('',(-1.342415880880E1,-1.359882E0,-8.945460304949E0));
#3336=B_SPLINE_SURFACE_WITH_KNOTS('',3,3,((#3320,#3321,#3322,#3323),(#3324,
#3325,#3326,#3327),(#3328,#3329,#3330,#3331),(#3332,#3333,#3334,#3335)),
.UNSPECIFIED.,.F.,.F.,.F.,(4,4),(4,4),(-2.533054298690E1,1.529536666919E0),(
-4.224600099205E-1,2.154546030495E1),.UNSPECIFIED.);
#3337=ORIENTED_EDGE('',*,*,#2299,.F.);
#3339=ORIENTED_EDGE('',*,*,#3338,.T.);
#3341=ORIENTED_EDGE('',*,*,#3340,.T.);
#3343=ORIENTED_EDGE('',*,*,#3342,.T.);
#3345=ORIENTED_EDGE('',*,*,#3344,.T.);
#3347=ORIENTED_EDGE('',*,*,#3346,.T.);
#3348=EDGE_LOOP('',(#3337,#3339,#3341,#3343,#3345,#3347));
#3349=FACE_OUTER_BOUND('',#3348,.F.);
#3351=ORIENTED_EDGE('',*,*,#3350,.T.);
#3353=ORIENTED_EDGE('',*,*,#3352,.T.);
#3354=EDGE_LOOP('',(#3351,#3353));
#3355=FACE_BOUND('',#3354,.F.);
#3356=ADVANCED_FACE('',(#3349,#3355),#3336,.T.);
#3357=FILL_AREA_STYLE_COLOUR('',#2);
#3358=FILL_AREA_STYLE('',(#3357));
#3359=SURFACE_STYLE_FILL_AREA(#3358);
#3360=SURFACE_SIDE_STYLE('',(#3359));
#3361=SURFACE_STYLE_USAGE(.POSITIVE.,#3360);
#3362=PRESENTATION_STYLE_ASSIGNMENT((#3361));
#3363=STYLED_ITEM('',(#3362),#3356);
#3364=CARTESIAN_POINT('',(1.343592084502E1,-1.359882E0,1.302246000992E1));
#3365=CARTESIAN_POINT('',(1.343592084502E1,-1.359882E0,5.699819904964E0));
#3366=CARTESIAN_POINT('',(1.343592084502E1,-1.359882E0,-1.622820199993E0));
#3367=CARTESIAN_POINT('',(1.343592084502E1,-1.359882E0,-8.945460304949E0));
#3368=CARTESIAN_POINT('',(4.482560960411E0,-1.359882E0,1.302246000992E1));
#3369=CARTESIAN_POINT('',(4.482560960411E0,-1.359882E0,5.699819904964E0));
#3370=CARTESIAN_POINT('',(4.482560960411E0,-1.359882E0,-1.622820199993E0));
#3371=CARTESIAN_POINT('',(4.482560960411E0,-1.359882E0,-8.945460304949E0));
#3372=CARTESIAN_POINT('',(-4.470798924196E0,-1.359882E0,1.302246000992E1));
#3373=CARTESIAN_POINT('',(-4.470798924196E0,-1.359882E0,5.699819904964E0));
#3374=CARTESIAN_POINT('',(-4.470798924196E0,-1.359882E0,-1.622820199993E0));
#3375=CARTESIAN_POINT('',(-4.470798924196E0,-1.359882E0,-8.945460304949E0));
#3376=CARTESIAN_POINT('',(-1.342415880880E1,-1.359882E0,1.302246000992E1));
#3377=CARTESIAN_POINT('',(-1.342415880880E1,-1.359882E0,5.699819904964E0));
#3378=CARTESIAN_POINT('',(-1.342415880880E1,-1.359882E0,-1.622820199993E0));
#3379=CARTESIAN_POINT('',(-1.342415880880E1,-1.359882E0,-8.945460304949E0));
#3380=B_SPLINE_SURFACE_WITH_KNOTS('',3,3,((#3364,#3365,#3366,#3367),(#3368,
#3369,#3370,#3371),(#3372,#3373,#3374,#3375),(#3376,#3377,#3378,#3379)),
.UNSPECIFIED.,.F.,.F.,.F.,(4,4),(4,4),(-2.533054298690E1,1.529536666919E0),(
-4.224600099205E-1,2.154546030495E1),.UNSPECIFIED.);
#3381=ORIENTED_EDGE('',*,*,#2289,.F.);
#3383=ORIENTED_EDGE('',*,*,#3382,.T.);
#3385=ORIENTED_EDGE('',*,*,#3384,.T.);
#3387=ORIENTED_EDGE('',*,*,#3386,.T.);
#3389=ORIENTED_EDGE('',*,*,#3388,.T.);
#3391=ORIENTED_EDGE('',*,*,#3390,.T.);
#3392=EDGE_LOOP('',(#3381,#3383,#3385,#3387,#3389,#3391));
#3393=FACE_OUTER_BOUND('',#3392,.F.);
#3395=ORIENTED_EDGE('',*,*,#3394,.T.);
#3397=ORIENTED_EDGE('',*,*,#3396,.T.);
#3398=EDGE_LOOP('',(#3395,#3397));
#3399=FACE_BOUND('',#3398,.F.);
#3400=ADVANCED_FACE('',(#3393,#3399),#3380,.T.);
#3401=FILL_AREA_STYLE_COLOUR('',#2);
#3402=FILL_AREA_STYLE('',(#3401));
#3403=SURFACE_STYLE_FILL_AREA(#3402);
#3404=SURFACE_SIDE_STYLE('',(#3403));
#3405=SURFACE_STYLE_USAGE(.POSITIVE.,#3404);
#3406=PRESENTATION_STYLE_ASSIGNMENT((#3405));
#3407=STYLED_ITEM('',(#3406),#3400);
#3408=CARTESIAN_POINT('',(1.343592084502E1,-1.359882E0,1.302246000992E1));
#3409=CARTESIAN_POINT('',(1.343592084502E1,-1.359882E0,5.699819904964E0));
#3410=CARTESIAN_POINT('',(1.343592084502E1,-1.359882E0,-1.622820199993E0));
#3411=CARTESIAN_POINT('',(1.343592084502E1,-1.359882E0,-8.945460304949E0));
#3412=CARTESIAN_POINT('',(4.482560960411E0,-1.359882E0,1.302246000992E1));
#3413=CARTESIAN_POINT('',(4.482560960411E0,-1.359882E0,5.699819904964E0));
#3414=CARTESIAN_POINT('',(4.482560960411E0,-1.359882E0,-1.622820199993E0));
#3415=CARTESIAN_POINT('',(4.482560960411E0,-1.359882E0,-8.945460304949E0));
#3416=CARTESIAN_POINT('',(-4.470798924196E0,-1.359882E0,1.302246000992E1));
#3417=CARTESIAN_POINT('',(-4.470798924196E0,-1.359882E0,5.699819904964E0));
#3418=CARTESIAN_POINT('',(-4.470798924196E0,-1.359882E0,-1.622820199993E0));
#3419=CARTESIAN_POINT('',(-4.470798924196E0,-1.359882E0,-8.945460304949E0));
#3420=CARTESIAN_POINT('',(-1.342415880880E1,-1.359882E0,1.302246000992E1));
#3421=CARTESIAN_POINT('',(-1.342415880880E1,-1.359882E0,5.699819904964E0));
#3422=CARTESIAN_POINT('',(-1.342415880880E1,-1.359882E0,-1.622820199993E0));
#3423=CARTESIAN_POINT('',(-1.342415880880E1,-1.359882E0,-8.945460304949E0));
#3424=B_SPLINE_SURFACE_WITH_KNOTS('',3,3,((#3408,#3409,#3410,#3411),(#3412,
#3413,#3414,#3415),(#3416,#3417,#3418,#3419),(#3420,#3421,#3422,#3423)),
.UNSPECIFIED.,.F.,.F.,.F.,(4,4),(4,4),(-2.533054298690E1,1.529536666919E0),(
-4.224600099205E-1,2.154546030495E1),.UNSPECIFIED.);
#3425=ORIENTED_EDGE('',*,*,#2279,.F.);
#3427=ORIENTED_EDGE('',*,*,#3426,.T.);
#3429=ORIENTED_EDGE('',*,*,#3428,.T.);
#3431=ORIENTED_EDGE('',*,*,#3430,.T.);
#3433=ORIENTED_EDGE('',*,*,#3432,.T.);
#3435=ORIENTED_EDGE('',*,*,#3434,.T.);
#3436=EDGE_LOOP('',(#3425,#3427,#3429,#3431,#3433,#3435));
#3437=FACE_OUTER_BOUND('',#3436,.F.);
#3439=ORIENTED_EDGE('',*,*,#3438,.T.);
#3441=ORIENTED_EDGE('',*,*,#3440,.T.);
#3442=EDGE_LOOP('',(#3439,#3441));
#3443=FACE_BOUND('',#3442,.F.);
#3444=ADVANCED_FACE('',(#3437,#3443),#3424,.T.);
#3445=FILL_AREA_STYLE_COLOUR('',#2);
#3446=FILL_AREA_STYLE('',(#3445));
#3447=SURFACE_STYLE_FILL_AREA(#3446);
#3448=SURFACE_SIDE_STYLE('',(#3447));
#3449=SURFACE_STYLE_USAGE(.POSITIVE.,#3448);
#3450=PRESENTATION_STYLE_ASSIGNMENT((#3449));
#3451=STYLED_ITEM('',(#3450),#3444);
#3452=CARTESIAN_POINT('',(1.343592084502E1,-1.359882E0,1.302246000992E1));
#3453=CARTESIAN_POINT('',(1.343592084502E1,-1.359882E0,5.699819904964E0));
#3454=CARTESIAN_POINT('',(1.343592084502E1,-1.359882E0,-1.622820199993E0));
#3455=CARTESIAN_POINT('',(1.343592084502E1,-1.359882E0,-8.945460304949E0));
#3456=CARTESIAN_POINT('',(4.482560960411E0,-1.359882E0,1.302246000992E1));
#3457=CARTESIAN_POINT('',(4.482560960411E0,-1.359882E0,5.699819904964E0));
#3458=CARTESIAN_POINT('',(4.482560960411E0,-1.359882E0,-1.622820199993E0));
#3459=CARTESIAN_POINT('',(4.482560960411E0,-1.359882E0,-8.945460304949E0));
#3460=CARTESIAN_POINT('',(-4.470798924196E0,-1.359882E0,1.302246000992E1));
#3461=CARTESIAN_POINT('',(-4.470798924196E0,-1.359882E0,5.699819904964E0));
#3462=CARTESIAN_POINT('',(-4.470798924196E0,-1.359882E0,-1.622820199993E0));
#3463=CARTESIAN_POINT('',(-4.470798924196E0,-1.359882E0,-8.945460304949E0));
#3464=CARTESIAN_POINT('',(-1.342415880880E1,-1.359882E0,1.302246000992E1));
#3465=CARTESIAN_POINT('',(-1.342415880880E1,-1.359882E0,5.699819904964E0));
#3466=CARTESIAN_POINT('',(-1.342415880880E1,-1.359882E0,-1.622820199993E0));
#3467=CARTESIAN_POINT('',(-1.342415880880E1,-1.359882E0,-8.945460304949E0));
#3468=B_SPLINE_SURFACE_WITH_KNOTS('',3,3,((#3452,#3453,#3454,#3455),(#3456,
#3457,#3458,#3459),(#3460,#3461,#3462,#3463),(#3464,#3465,#3466,#3467)),
.UNSPECIFIED.,.F.,.F.,.F.,(4,4),(4,4),(-2.533054298690E1,1.529536666919E0),(
-4.224600099205E-1,2.154546030495E1),.UNSPECIFIED.);
#3469=ORIENTED_EDGE('',*,*,#2401,.F.);
#3471=ORIENTED_EDGE('',*,*,#3470,.T.);
#3473=ORIENTED_EDGE('',*,*,#3472,.T.);
#3475=ORIENTED_EDGE('',*,*,#3474,.T.);
#3477=ORIENTED_EDGE('',*,*,#3476,.T.);
#3479=ORIENTED_EDGE('',*,*,#3478,.T.);
#3481=ORIENTED_EDGE('',*,*,#3480,.T.);
#3483=ORIENTED_EDGE('',*,*,#3482,.T.);
#3485=ORIENTED_EDGE('',*,*,#3484,.T.);
#3487=ORIENTED_EDGE('',*,*,#3486,.T.);
#3489=ORIENTED_EDGE('',*,*,#3488,.T.);
#3491=ORIENTED_EDGE('',*,*,#3490,.T.);
#3493=ORIENTED_EDGE('',*,*,#3492,.T.);
#3495=ORIENTED_EDGE('',*,*,#3494,.T.);
#3497=ORIENTED_EDGE('',*,*,#3496,.T.);
#3499=ORIENTED_EDGE('',*,*,#3498,.T.);
#3501=ORIENTED_EDGE('',*,*,#3500,.T.);
#3503=ORIENTED_EDGE('',*,*,#3502,.T.);
#3505=ORIENTED_EDGE('',*,*,#3504,.T.);
#3507=ORIENTED_EDGE('',*,*,#3506,.T.);
#3509=ORIENTED_EDGE('',*,*,#3508,.T.);
#3511=ORIENTED_EDGE('',*,*,#3510,.T.);
#3513=ORIENTED_EDGE('',*,*,#3512,.T.);
#3515=ORIENTED_EDGE('',*,*,#3514,.T.);
#3517=ORIENTED_EDGE('',*,*,#3516,.T.);
#3519=ORIENTED_EDGE('',*,*,#3518,.T.);
#3521=ORIENTED_EDGE('',*,*,#3520,.T.);
#3523=ORIENTED_EDGE('',*,*,#3522,.T.);
#3525=ORIENTED_EDGE('',*,*,#3524,.T.);
#3527=ORIENTED_EDGE('',*,*,#3526,.T.);
#3529=ORIENTED_EDGE('',*,*,#3528,.T.);
#3531=ORIENTED_EDGE('',*,*,#3530,.T.);
#3533=ORIENTED_EDGE('',*,*,#3532,.T.);
#3535=ORIENTED_EDGE('',*,*,#3534,.T.);
#3537=ORIENTED_EDGE('',*,*,#3536,.T.);
#3539=ORIENTED_EDGE('',*,*,#3538,.T.);
#3541=ORIENTED_EDGE('',*,*,#3540,.T.);
#3543=ORIENTED_EDGE('',*,*,#3542,.T.);
#3545=ORIENTED_EDGE('',*,*,#3544,.T.);
#3546=ORIENTED_EDGE('',*,*,#2702,.T.);
#3547=ORIENTED_EDGE('',*,*,#2395,.F.);
#3549=ORIENTED_EDGE('',*,*,#3548,.T.);
#3551=ORIENTED_EDGE('',*,*,#3550,.T.);
#3553=ORIENTED_EDGE('',*,*,#3552,.T.);
#3554=ORIENTED_EDGE('',*,*,#2441,.F.);
#3556=ORIENTED_EDGE('',*,*,#3555,.T.);
#3558=ORIENTED_EDGE('',*,*,#3557,.T.);
#3560=ORIENTED_EDGE('',*,*,#3559,.T.);
#3561=ORIENTED_EDGE('',*,*,#2431,.F.);
#3563=ORIENTED_EDGE('',*,*,#3562,.T.);
#3565=ORIENTED_EDGE('',*,*,#3564,.T.);
#3567=ORIENTED_EDGE('',*,*,#3566,.T.);
#3568=ORIENTED_EDGE('',*,*,#2421,.F.);
#3570=ORIENTED_EDGE('',*,*,#3569,.T.);
#3572=ORIENTED_EDGE('',*,*,#3571,.T.);
#3574=ORIENTED_EDGE('',*,*,#3573,.T.);
#3576=ORIENTED_EDGE('',*,*,#3575,.T.);
#3578=ORIENTED_EDGE('',*,*,#3577,.T.);
#3580=ORIENTED_EDGE('',*,*,#3579,.T.);
#3582=ORIENTED_EDGE('',*,*,#3581,.T.);
#3584=ORIENTED_EDGE('',*,*,#3583,.T.);
#3586=ORIENTED_EDGE('',*,*,#3585,.T.);
#3588=ORIENTED_EDGE('',*,*,#3587,.T.);
#3590=ORIENTED_EDGE('',*,*,#3589,.T.);
#3592=ORIENTED_EDGE('',*,*,#3591,.T.);
#3594=ORIENTED_EDGE('',*,*,#3593,.T.);
#3596=ORIENTED_EDGE('',*,*,#3595,.T.);
#3597=ORIENTED_EDGE('',*,*,#2411,.F.);
#3599=ORIENTED_EDGE('',*,*,#3598,.T.);
#3600=EDGE_LOOP('',(#3469,#3471,#3473,#3475,#3477,#3479,#3481,#3483,#3485,#3487,
#3489,#3491,#3493,#3495,#3497,#3499,#3501,#3503,#3505,#3507,#3509,#3511,#3513,
#3515,#3517,#3519,#3521,#3523,#3525,#3527,#3529,#3531,#3533,#3535,#3537,#3539,
#3541,#3543,#3545,#3546,#3547,#3549,#3551,#3553,#3554,#3556,#3558,#3560,#3561,
#3563,#3565,#3567,#3568,#3570,#3572,#3574,#3576,#3578,#3580,#3582,#3584,#3586,
#3588,#3590,#3592,#3594,#3596,#3597,#3599));
#3601=FACE_OUTER_BOUND('',#3600,.F.);
#3603=ORIENTED_EDGE('',*,*,#3602,.T.);
#3605=ORIENTED_EDGE('',*,*,#3604,.T.);
#3606=EDGE_LOOP('',(#3603,#3605));
#3607=FACE_BOUND('',#3606,.F.);
#3608=ADVANCED_FACE('',(#3601,#3607),#3468,.T.);
#3609=FILL_AREA_STYLE_COLOUR('',#2);
#3610=FILL_AREA_STYLE('',(#3609));
#3611=SURFACE_STYLE_FILL_AREA(#3610);
#3612=SURFACE_SIDE_STYLE('',(#3611));
#3613=SURFACE_STYLE_USAGE(.POSITIVE.,#3612);
#3614=PRESENTATION_STYLE_ASSIGNMENT((#3613));
#3615=STYLED_ITEM('',(#3614),#3608);
#3616=CARTESIAN_POINT('',(-1.194413595393E1,2.040655901036E-1,
1.178836148535E1));
#3617=CARTESIAN_POINT('',(-1.194413595393E1,-1.403149370104E0,
1.178836148535E1));
#3619=CARTESIAN_POINT('',(-1.219413545393E1,2.008776435251E-1,
1.178836148535E1));
#3620=DIRECTION('',(0.E0,-1.E0,0.E0));
#3621=AXIS1_PLACEMENT('',#3619,#3620);
#3622=SURFACE_OF_REVOLUTION('',#3618,#3621);
#3623=ORIENTED_EDGE('',*,*,#2967,.F.);
#3625=ORIENTED_EDGE('',*,*,#3624,.F.);
#3626=ORIENTED_EDGE('',*,*,#3220,.F.);
#3628=ORIENTED_EDGE('',*,*,#3627,.F.);
#3629=EDGE_LOOP('',(#3623,#3625,#3626,#3628));
#3630=FACE_OUTER_BOUND('',#3629,.F.);
#3631=ADVANCED_FACE('',(#3630),#3622,.F.);
#3632=FILL_AREA_STYLE_COLOUR('',#2);
#3633=FILL_AREA_STYLE('',(#3632));
#3634=SURFACE_STYLE_FILL_AREA(#3633);
#3635=SURFACE_SIDE_STYLE('',(#3634));
#3636=SURFACE_STYLE_USAGE(.BOTH.,#3635);
#3637=PRESENTATION_STYLE_ASSIGNMENT((#3636));
#3638=STYLED_ITEM('',(#3637),#3631);
#3639=CARTESIAN_POINT('',(-1.194413595393E1,2.040655901036E-1,
1.178836148535E1));
#3640=CARTESIAN_POINT('',(-1.194413595393E1,-1.403149370104E0,
1.178836148535E1));
#3642=CARTESIAN_POINT('',(-1.219413545393E1,2.008776435251E-1,
1.178836148535E1));
#3643=DIRECTION('',(0.E0,-1.E0,0.E0));
#3644=AXIS1_PLACEMENT('',#3642,#3643);
#3645=SURFACE_OF_REVOLUTION('',#3641,#3644);
#3646=ORIENTED_EDGE('',*,*,#2969,.F.);
#3647=ORIENTED_EDGE('',*,*,#3627,.T.);
#3648=ORIENTED_EDGE('',*,*,#3222,.F.);
#3649=ORIENTED_EDGE('',*,*,#3624,.T.);
#3650=EDGE_LOOP('',(#3646,#3647,#3648,#3649));
#3651=FACE_OUTER_BOUND('',#3650,.F.);
#3652=ADVANCED_FACE('',(#3651),#3645,.F.);
#3653=FILL_AREA_STYLE_COLOUR('',#2);
#3654=FILL_AREA_STYLE('',(#3653));
#3655=SURFACE_STYLE_FILL_AREA(#3654);
#3656=SURFACE_SIDE_STYLE('',(#3655));
#3657=SURFACE_STYLE_USAGE(.BOTH.,#3656);
#3658=PRESENTATION_STYLE_ASSIGNMENT((#3657));
#3659=STYLED_ITEM('',(#3658),#3652);
#3660=CARTESIAN_POINT('',(-8.344135533930E0,2.040655901036E-1,
1.178836148535E1));
#3661=CARTESIAN_POINT('',(-8.344135533930E0,-1.403149370104E0,
1.178836148535E1));
#3663=CARTESIAN_POINT('',(-8.594135033930E0,2.008776435251E-1,
1.178836148535E1));
#3664=DIRECTION('',(0.E0,-1.E0,0.E0));
#3665=AXIS1_PLACEMENT('',#3663,#3664);
#3666=SURFACE_OF_REVOLUTION('',#3662,#3665);
#3667=ORIENTED_EDGE('',*,*,#2924,.F.);
#3669=ORIENTED_EDGE('',*,*,#3668,.F.);
#3670=ORIENTED_EDGE('',*,*,#3264,.F.);
#3672=ORIENTED_EDGE('',*,*,#3671,.F.);
#3673=EDGE_LOOP('',(#3667,#3669,#3670,#3672));
#3674=FACE_OUTER_BOUND('',#3673,.F.);
#3675=ADVANCED_FACE('',(#3674),#3666,.F.);
#3676=FILL_AREA_STYLE_COLOUR('',#2);
#3677=FILL_AREA_STYLE('',(#3676));
#3678=SURFACE_STYLE_FILL_AREA(#3677);
#3679=SURFACE_SIDE_STYLE('',(#3678));
#3680=SURFACE_STYLE_USAGE(.BOTH.,#3679);
#3681=PRESENTATION_STYLE_ASSIGNMENT((#3680));
#3682=STYLED_ITEM('',(#3681),#3675);
#3683=CARTESIAN_POINT('',(-8.344135533930E0,2.040655901036E-1,
1.178836148535E1));
#3684=CARTESIAN_POINT('',(-8.344135533930E0,-1.403149370104E0,
1.178836148535E1));
#3686=CARTESIAN_POINT('',(-8.594135033930E0,2.008776435251E-1,
1.178836148535E1));
#3687=DIRECTION('',(0.E0,-1.E0,0.E0));
#3688=AXIS1_PLACEMENT('',#3686,#3687);
#3689=SURFACE_OF_REVOLUTION('',#3685,#3688);
#3690=ORIENTED_EDGE('',*,*,#2926,.F.);
#3691=ORIENTED_EDGE('',*,*,#3671,.T.);
#3692=ORIENTED_EDGE('',*,*,#3266,.F.);
#3693=ORIENTED_EDGE('',*,*,#3668,.T.);
#3694=EDGE_LOOP('',(#3690,#3691,#3692,#3693));
#3695=FACE_OUTER_BOUND('',#3694,.F.);
#3696=ADVANCED_FACE('',(#3695),#3689,.F.);
#3697=FILL_AREA_STYLE_COLOUR('',#2);
#3698=FILL_AREA_STYLE('',(#3697));
#3699=SURFACE_STYLE_FILL_AREA(#3698);
#3700=SURFACE_SIDE_STYLE('',(#3699));
#3701=SURFACE_STYLE_USAGE(.BOTH.,#3700);
#3702=PRESENTATION_STYLE_ASSIGNMENT((#3701));
#3703=STYLED_ITEM('',(#3702),#3696);
#3704=CARTESIAN_POINT('',(-1.144134693930E0,2.040655901036E-1,
1.178836148535E1));
#3705=CARTESIAN_POINT('',(-1.144134693930E0,-1.403149370104E0,
1.178836148535E1));
#3707=CARTESIAN_POINT('',(-1.394134193930E0,2.008776435251E-1,
1.178836148535E1));
#3708=DIRECTION('',(0.E0,-1.E0,0.E0));
#3709=AXIS1_PLACEMENT('',#3707,#3708);
#3710=SURFACE_OF_REVOLUTION('',#3706,#3709);
#3711=ORIENTED_EDGE('',*,*,#2836,.F.);
#3713=ORIENTED_EDGE('',*,*,#3712,.F.);
#3714=ORIENTED_EDGE('',*,*,#3350,.F.);
#3716=ORIENTED_EDGE('',*,*,#3715,.F.);
#3717=EDGE_LOOP('',(#3711,#3713,#3714,#3716));
#3718=FACE_OUTER_BOUND('',#3717,.F.);
#3719=ADVANCED_FACE('',(#3718),#3710,.F.);
#3720=FILL_AREA_STYLE_COLOUR('',#2);
#3721=FILL_AREA_STYLE('',(#3720));
#3722=SURFACE_STYLE_FILL_AREA(#3721);
#3723=SURFACE_SIDE_STYLE('',(#3722));
#3724=SURFACE_STYLE_USAGE(.BOTH.,#3723);
#3725=PRESENTATION_STYLE_ASSIGNMENT((#3724));
#3726=STYLED_ITEM('',(#3725),#3719);
#3727=CARTESIAN_POINT('',(-1.144134693930E0,2.040655901036E-1,
1.178836148535E1));
#3728=CARTESIAN_POINT('',(-1.144134693930E0,-1.403149370104E0,
1.178836148535E1));
#3730=CARTESIAN_POINT('',(-1.394134193930E0,2.008776435251E-1,
1.178836148535E1));
#3731=DIRECTION('',(0.E0,-1.E0,0.E0));
#3732=AXIS1_PLACEMENT('',#3730,#3731);
#3733=SURFACE_OF_REVOLUTION('',#3729,#3732);
#3734=ORIENTED_EDGE('',*,*,#2838,.F.);
#3735=ORIENTED_EDGE('',*,*,#3715,.T.);
#3736=ORIENTED_EDGE('',*,*,#3352,.F.);
#3737=ORIENTED_EDGE('',*,*,#3712,.T.);
#3738=EDGE_LOOP('',(#3734,#3735,#3736,#3737));
#3739=FACE_OUTER_BOUND('',#3738,.F.);
#3740=ADVANCED_FACE('',(#3739),#3733,.F.);
#3741=FILL_AREA_STYLE_COLOUR('',#2);
#3742=FILL_AREA_STYLE('',(#3741));
#3743=SURFACE_STYLE_FILL_AREA(#3742);
#3744=SURFACE_SIDE_STYLE('',(#3743));
#3745=SURFACE_STYLE_USAGE(.BOTH.,#3744);
#3746=PRESENTATION_STYLE_ASSIGNMENT((#3745));
#3747=STYLED_ITEM('',(#3746),#3740);
#3748=CARTESIAN_POINT('',(9.855861086070E0,2.040655901036E-1,1.178836148535E1));
#3749=CARTESIAN_POINT('',(9.855861086070E0,-1.403149370104E0,1.178836148535E1));
#3751=CARTESIAN_POINT('',(9.605861586070E0,2.008776435251E-1,1.178836148535E1));
#3752=DIRECTION('',(0.E0,-1.E0,0.E0));
#3753=AXIS1_PLACEMENT('',#3751,#3752);
#3754=SURFACE_OF_REVOLUTION('',#3750,#3753);
#3755=ORIENTED_EDGE('',*,*,#2792,.F.);
#3757=ORIENTED_EDGE('',*,*,#3756,.F.);
#3758=ORIENTED_EDGE('',*,*,#3394,.F.);
#3760=ORIENTED_EDGE('',*,*,#3759,.F.);
#3761=EDGE_LOOP('',(#3755,#3757,#3758,#3760));
#3762=FACE_OUTER_BOUND('',#3761,.F.);
#3763=ADVANCED_FACE('',(#3762),#3754,.F.);
#3764=FILL_AREA_STYLE_COLOUR('',#2);
#3765=FILL_AREA_STYLE('',(#3764));
#3766=SURFACE_STYLE_FILL_AREA(#3765);
#3767=SURFACE_SIDE_STYLE('',(#3766));
#3768=SURFACE_STYLE_USAGE(.BOTH.,#3767);
#3769=PRESENTATION_STYLE_ASSIGNMENT((#3768));
#3770=STYLED_ITEM('',(#3769),#3763);
#3771=CARTESIAN_POINT('',(9.855861086070E0,2.040655901036E-1,1.178836148535E1));
#3772=CARTESIAN_POINT('',(9.855861086070E0,-1.403149370104E0,1.178836148535E1));
#3774=CARTESIAN_POINT('',(9.605861586070E0,2.008776435251E-1,1.178836148535E1));
#3775=DIRECTION('',(0.E0,-1.E0,0.E0));
#3776=AXIS1_PLACEMENT('',#3774,#3775);
#3777=SURFACE_OF_REVOLUTION('',#3773,#3776);
#3778=ORIENTED_EDGE('',*,*,#2794,.F.);
#3779=ORIENTED_EDGE('',*,*,#3759,.T.);
#3780=ORIENTED_EDGE('',*,*,#3396,.F.);
#3781=ORIENTED_EDGE('',*,*,#3756,.T.);
#3782=EDGE_LOOP('',(#3778,#3779,#3780,#3781));
#3783=FACE_OUTER_BOUND('',#3782,.F.);
#3784=ADVANCED_FACE('',(#3783),#3777,.F.);
#3785=FILL_AREA_STYLE_COLOUR('',#2);
#3786=FILL_AREA_STYLE('',(#3785));
#3787=SURFACE_STYLE_FILL_AREA(#3786);
#3788=SURFACE_SIDE_STYLE('',(#3787));
#3789=SURFACE_STYLE_USAGE(.BOTH.,#3788);
#3790=PRESENTATION_STYLE_ASSIGNMENT((#3789));
#3791=STYLED_ITEM('',(#3790),#3784);
#3792=CARTESIAN_POINT('',(5.533379977186E0,2.040655901036E-1,
-8.950003623880E-1));
#3793=CARTESIAN_POINT('',(5.533379977186E0,-1.403149370104E0,
-8.950003623880E-1));
#3795=CARTESIAN_POINT('',(2.983380024870E0,2.008776435251E-1,
-8.950003623880E-1));
#3796=DIRECTION('',(0.E0,-1.E0,0.E0));
#3797=AXIS1_PLACEMENT('',#3795,#3796);
#3798=SURFACE_OF_REVOLUTION('',#3794,#3797);
#3799=ORIENTED_EDGE('',*,*,#3131,.F.);
#3801=ORIENTED_EDGE('',*,*,#3800,.F.);
#3802=ORIENTED_EDGE('',*,*,#3602,.F.);
#3804=ORIENTED_EDGE('',*,*,#3803,.F.);
#3805=EDGE_LOOP('',(#3799,#3801,#3802,#3804));
#3806=FACE_OUTER_BOUND('',#3805,.F.);
#3807=ADVANCED_FACE('',(#3806),#3798,.F.);
#3808=FILL_AREA_STYLE_COLOUR('',#2);
#3809=FILL_AREA_STYLE('',(#3808));
#3810=SURFACE_STYLE_FILL_AREA(#3809);
#3811=SURFACE_SIDE_STYLE('',(#3810));
#3812=SURFACE_STYLE_USAGE(.BOTH.,#3811);
#3813=PRESENTATION_STYLE_ASSIGNMENT((#3812));
#3814=STYLED_ITEM('',(#3813),#3807);
#3815=CARTESIAN_POINT('',(5.533379977186E0,2.040655901036E-1,
-8.950003623880E-1));
#3816=CARTESIAN_POINT('',(5.533379977186E0,-1.403149370104E0,
-8.950003623880E-1));
#3818=CARTESIAN_POINT('',(2.983380024870E0,2.008776435251E-1,
-8.950003623880E-1));
#3819=DIRECTION('',(0.E0,-1.E0,0.E0));
#3820=AXIS1_PLACEMENT('',#3818,#3819);
#3821=SURFACE_OF_REVOLUTION('',#3817,#3820);
#3822=ORIENTED_EDGE('',*,*,#3133,.F.);
#3823=ORIENTED_EDGE('',*,*,#3803,.T.);
#3824=ORIENTED_EDGE('',*,*,#3604,.F.);
#3825=ORIENTED_EDGE('',*,*,#3800,.T.);
#3826=EDGE_LOOP('',(#3822,#3823,#3824,#3825));
#3827=FACE_OUTER_BOUND('',#3826,.F.);
#3828=ADVANCED_FACE('',(#3827),#3821,.F.);
#3829=FILL_AREA_STYLE_COLOUR('',#2);
#3830=FILL_AREA_STYLE('',(#3829));
#3831=SURFACE_STYLE_FILL_AREA(#3830);
#3832=SURFACE_SIDE_STYLE('',(#3831));
#3833=SURFACE_STYLE_USAGE(.BOTH.,#3832);
#3834=PRESENTATION_STYLE_ASSIGNMENT((#3833));
#3835=STYLED_ITEM('',(#3834),#3828);
#3836=CARTESIAN_POINT('',(1.245586096607E1,2.040655901036E-1,1.178836148535E1));
#3837=CARTESIAN_POINT('',(1.245586096607E1,-1.403149370104E0,1.178836148535E1));
#3839=CARTESIAN_POINT('',(1.220586146607E1,2.008776435251E-1,1.178836148535E1));
#3840=DIRECTION('',(0.E0,-1.E0,0.E0));
#3841=AXIS1_PLACEMENT('',#3839,#3840);
#3842=SURFACE_OF_REVOLUTION('',#3838,#3841);
#3843=ORIENTED_EDGE('',*,*,#2748,.F.);
#3845=ORIENTED_EDGE('',*,*,#3844,.F.);
#3846=ORIENTED_EDGE('',*,*,#3438,.F.);
#3848=ORIENTED_EDGE('',*,*,#3847,.F.);
#3849=EDGE_LOOP('',(#3843,#3845,#3846,#3848));
#3850=FACE_OUTER_BOUND('',#3849,.F.);
#3851=ADVANCED_FACE('',(#3850),#3842,.F.);
#3852=FILL_AREA_STYLE_COLOUR('',#2);
#3853=FILL_AREA_STYLE('',(#3852));
#3854=SURFACE_STYLE_FILL_AREA(#3853);
#3855=SURFACE_SIDE_STYLE('',(#3854));
#3856=SURFACE_STYLE_USAGE(.BOTH.,#3855);
#3857=PRESENTATION_STYLE_ASSIGNMENT((#3856));
#3858=STYLED_ITEM('',(#3857),#3851);
#3859=CARTESIAN_POINT('',(1.245586096607E1,2.040655901036E-1,1.178836148535E1));
#3860=CARTESIAN_POINT('',(1.245586096607E1,-1.403149370104E0,1.178836148535E1));
#3862=CARTESIAN_POINT('',(1.220586146607E1,2.008776435251E-1,1.178836148535E1));
#3863=DIRECTION('',(0.E0,-1.E0,0.E0));
#3864=AXIS1_PLACEMENT('',#3862,#3863);
#3865=SURFACE_OF_REVOLUTION('',#3861,#3864);
#3866=ORIENTED_EDGE('',*,*,#2750,.F.);
#3867=ORIENTED_EDGE('',*,*,#3847,.T.);
#3868=ORIENTED_EDGE('',*,*,#3440,.F.);
#3869=ORIENTED_EDGE('',*,*,#3844,.T.);
#3870=EDGE_LOOP('',(#3866,#3867,#3868,#3869));
#3871=FACE_OUTER_BOUND('',#3870,.F.);
#3872=ADVANCED_FACE('',(#3871),#3865,.F.);
#3873=FILL_AREA_STYLE_COLOUR('',#2);
#3874=FILL_AREA_STYLE('',(#3873));
#3875=SURFACE_STYLE_FILL_AREA(#3874);
#3876=SURFACE_SIDE_STYLE('',(#3875));
#3877=SURFACE_STYLE_USAGE(.BOTH.,#3876);
#3878=PRESENTATION_STYLE_ASSIGNMENT((#3877));
#3879=STYLED_ITEM('',(#3878),#3872);
#3880=CARTESIAN_POINT('',(-1.290761881546E1,2.040655901036E-1,
1.218699989320E1));
#3881=CARTESIAN_POINT('',(-1.290761881546E1,-1.403149370104E0,
1.218699989320E1));
#3883=CARTESIAN_POINT('',(-1.249450119935E1,2.008776435251E-1,
1.218688238444E1));
#3884=DIRECTION('',(0.E0,-1.E0,0.E0));
#3885=AXIS1_PLACEMENT('',#3883,#3884);
#3886=SURFACE_OF_REVOLUTION('',#3882,#3885);
#3887=ORIENTED_EDGE('',*,*,#2670,.F.);
#3888=ORIENTED_EDGE('',*,*,#2962,.F.);
#3890=ORIENTED_EDGE('',*,*,#3889,.T.);
#3891=ORIENTED_EDGE('',*,*,#3210,.F.);
#3892=EDGE_LOOP('',(#3887,#3888,#3890,#3891));
#3893=FACE_OUTER_BOUND('',#3892,.F.);
#3894=ADVANCED_FACE('',(#3893),#3886,.T.);
#3895=FILL_AREA_STYLE_COLOUR('',#2);
#3896=FILL_AREA_STYLE('',(#3895));
#3897=SURFACE_STYLE_FILL_AREA(#3896);
#3898=SURFACE_SIDE_STYLE('',(#3897));
#3899=SURFACE_STYLE_USAGE(.BOTH.,#3898);
#3900=PRESENTATION_STYLE_ASSIGNMENT((#3899));
#3901=STYLED_ITEM('',(#3900),#3894);
#3902=CARTESIAN_POINT('',(-1.253772125850E1,2.040655901036E-1,1.26E1));
#3903=CARTESIAN_POINT('',(-1.253772125850E1,-3.316727299655E-1,1.26E1));
#3904=CARTESIAN_POINT('',(-1.253772125850E1,-8.674110500345E-1,1.26E1));
#3905=CARTESIAN_POINT('',(-1.253772125850E1,-1.403149370104E0,1.26E1));
#3906=CARTESIAN_POINT('',(-1.230893210794E1,2.040655901036E-1,1.26E1));
#3907=CARTESIAN_POINT('',(-1.230893210794E1,-3.316727299655E-1,1.26E1));
#3908=CARTESIAN_POINT('',(-1.230893210794E1,-8.674110500345E-1,1.26E1));
#3909=CARTESIAN_POINT('',(-1.230893210794E1,-1.403149370104E0,1.26E1));
#3910=CARTESIAN_POINT('',(-1.208014295738E1,2.040655901036E-1,1.26E1));
#3911=CARTESIAN_POINT('',(-1.208014295738E1,-3.316727299655E-1,1.26E1));
#3912=CARTESIAN_POINT('',(-1.208014295738E1,-8.674110500345E-1,1.26E1));
#3913=CARTESIAN_POINT('',(-1.208014295738E1,-1.403149370104E0,1.26E1));
#3914=CARTESIAN_POINT('',(-1.185135380682E1,2.040655901036E-1,1.26E1));
#3915=CARTESIAN_POINT('',(-1.185135380682E1,-3.316727299655E-1,1.26E1));
#3916=CARTESIAN_POINT('',(-1.185135380682E1,-8.674110500345E-1,1.26E1));
#3917=CARTESIAN_POINT('',(-1.185135380682E1,-1.403149370104E0,1.26E1));
#3918=B_SPLINE_SURFACE_WITH_KNOTS('',3,3,((#3902,#3903,#3904,#3905),(#3906,
#3907,#3908,#3909),(#3910,#3911,#3912,#3913),(#3914,#3915,#3916,#3917)),
.UNSPECIFIED.,.F.,.F.,.F.,(4,4),(4,4),(-4.310064250177E-2,6.432668091807E-1),(
-1.563947590103E0,4.326737010366E-2),.UNSPECIFIED.);
#3919=ORIENTED_EDGE('',*,*,#3889,.F.);
#3920=ORIENTED_EDGE('',*,*,#2960,.F.);
#3922=ORIENTED_EDGE('',*,*,#3921,.T.);
#3923=ORIENTED_EDGE('',*,*,#3212,.F.);
#3924=EDGE_LOOP('',(#3919,#3920,#3922,#3923));
#3925=FACE_OUTER_BOUND('',#3924,.F.);
#3926=ADVANCED_FACE('',(#3925),#3918,.F.);
#3927=FILL_AREA_STYLE_COLOUR('',#2);
#3928=FILL_AREA_STYLE('',(#3927));
#3929=SURFACE_STYLE_FILL_AREA(#3928);
#3930=SURFACE_SIDE_STYLE('',(#3929));
#3931=SURFACE_STYLE_USAGE(.BOTH.,#3930);
#3932=PRESENTATION_STYLE_ASSIGNMENT((#3931));
#3933=STYLED_ITEM('',(#3932),#3926);
#3934=CARTESIAN_POINT('',(-1.189462214188E1,2.040655901036E-1,1.26E1));
#3935=CARTESIAN_POINT('',(-1.189462214188E1,-1.403149370104E0,1.26E1));
#3937=CARTESIAN_POINT('',(-1.189373987208E1,2.008776435251E-1,
1.218688173016E1));
#3938=DIRECTION('',(0.E0,-1.E0,0.E0));
#3939=AXIS1_PLACEMENT('',#3937,#3938);
#3940=SURFACE_OF_REVOLUTION('',#3936,#3939);
#3941=ORIENTED_EDGE('',*,*,#3921,.F.);
#3942=ORIENTED_EDGE('',*,*,#2958,.F.);
#3944=ORIENTED_EDGE('',*,*,#3943,.F.);
#3945=ORIENTED_EDGE('',*,*,#3214,.F.);
#3946=EDGE_LOOP('',(#3941,#3942,#3944,#3945));
#3947=FACE_OUTER_BOUND('',#3946,.F.);
#3948=ADVANCED_FACE('',(#3947),#3940,.T.);
#3949=FILL_AREA_STYLE_COLOUR('',#2);
#3950=FILL_AREA_STYLE('',(#3949));
#3951=SURFACE_STYLE_FILL_AREA(#3950);
#3952=SURFACE_SIDE_STYLE('',(#3951));
#3953=SURFACE_STYLE_USAGE(.BOTH.,#3952);
#3954=PRESENTATION_STYLE_ASSIGNMENT((#3953));
#3955=STYLED_ITEM('',(#3954),#3948);
#3956=CARTESIAN_POINT('',(-1.148062067703E1,2.040655901036E-1,
1.226128331668E1));
#3957=CARTESIAN_POINT('',(-1.148062067703E1,-3.316727299655E-1,
1.226128331668E1));
#3958=CARTESIAN_POINT('',(-1.148062067703E1,-8.674110500345E-1,
1.226128331668E1));
#3959=CARTESIAN_POINT('',(-1.148062067703E1,-1.403149370104E0,
1.226128331668E1));
#3960=CARTESIAN_POINT('',(-1.148062067703E1,2.040655901036E-1,
1.098293866003E1));
#3961=CARTESIAN_POINT('',(-1.148062067703E1,-3.316727299655E-1,
1.098293866003E1));
#3962=CARTESIAN_POINT('',(-1.148062067703E1,-8.674110500345E-1,
1.098293866003E1));
#3963=CARTESIAN_POINT('',(-1.148062067703E1,-1.403149370104E0,
1.098293866003E1));
#3964=CARTESIAN_POINT('',(-1.148062067703E1,2.040655901036E-1,
9.704594003382E0));
#3965=CARTESIAN_POINT('',(-1.148062067703E1,-3.316727299655E-1,
9.704594003382E0));
#3966=CARTESIAN_POINT('',(-1.148062067703E1,-8.674110500345E-1,
9.704594003382E0));
#3967=CARTESIAN_POINT('',(-1.148062067703E1,-1.403149370104E0,
9.704594003382E0));
#3968=CARTESIAN_POINT('',(-1.148062067703E1,2.040655901036E-1,
8.426249346732E0));
#3969=CARTESIAN_POINT('',(-1.148062067703E1,-3.316727299655E-1,
8.426249346732E0));
#3970=CARTESIAN_POINT('',(-1.148062067703E1,-8.674110500345E-1,
8.426249346732E0));
#3971=CARTESIAN_POINT('',(-1.148062067703E1,-1.403149370104E0,
8.426249346732E0));
#3972=B_SPLINE_SURFACE_WITH_KNOTS('',3,3,((#3956,#3957,#3958,#3959),(#3960,
#3961,#3962,#3963),(#3964,#3965,#3966,#3967),(#3968,#3969,#3970,#3971)),
.UNSPECIFIED.,.F.,.F.,.F.,(4,4),(4,4),(-7.428342349042E-2,3.760750546459E0),(
-1.563947590103E0,4.326737010366E-2),.UNSPECIFIED.);
#3973=ORIENTED_EDGE('',*,*,#2267,.F.);
#3974=ORIENTED_EDGE('',*,*,#3216,.F.);
#3975=ORIENTED_EDGE('',*,*,#3943,.T.);
#3976=ORIENTED_EDGE('',*,*,#2956,.F.);
#3977=EDGE_LOOP('',(#3973,#3974,#3975,#3976));
#3978=FACE_OUTER_BOUND('',#3977,.F.);
#3979=ADVANCED_FACE('',(#3978),#3972,.F.);
#3980=FILL_AREA_STYLE_COLOUR('',#2);
#3981=FILL_AREA_STYLE('',(#3980));
#3982=SURFACE_STYLE_FILL_AREA(#3981);
#3983=SURFACE_SIDE_STYLE('',(#3982));
#3984=SURFACE_STYLE_USAGE(.BOTH.,#3983);
#3985=PRESENTATION_STYLE_ASSIGNMENT((#3984));
#3986=STYLED_ITEM('',(#3985),#3979);
#3987=CARTESIAN_POINT('',(-9.307620341340E0,2.040655901036E-1,
8.426260002136E0));
#3988=CARTESIAN_POINT('',(-9.307620341340E0,-3.316727299655E-1,
8.426260002136E0));
#3989=CARTESIAN_POINT('',(-9.307620341340E0,-8.674110500345E-1,
8.426260002136E0));
#3990=CARTESIAN_POINT('',(-9.307620341340E0,-1.403149370104E0,
8.426260002136E0));
#3991=CARTESIAN_POINT('',(-9.307620341340E0,2.040655901036E-1,
9.704419965114E0));
#3992=CARTESIAN_POINT('',(-9.307620341340E0,-3.316727299655E-1,
9.704419965114E0));
#3993=CARTESIAN_POINT('',(-9.307620341340E0,-8.674110500345E-1,
9.704419965114E0));
#3994=CARTESIAN_POINT('',(-9.307620341340E0,-1.403149370104E0,
9.704419965114E0));
#3995=CARTESIAN_POINT('',(-9.307620341340E0,2.040655901036E-1,
1.098257992809E1));
#3996=CARTESIAN_POINT('',(-9.307620341340E0,-3.316727299655E-1,
1.098257992809E1));
#3997=CARTESIAN_POINT('',(-9.307620341340E0,-8.674110500345E-1,
1.098257992809E1));
#3998=CARTESIAN_POINT('',(-9.307620341340E0,-1.403149370104E0,
1.098257992809E1));
#3999=CARTESIAN_POINT('',(-9.307620341340E0,2.040655901036E-1,
1.226073989107E1));
#4000=CARTESIAN_POINT('',(-9.307620341340E0,-3.316727299655E-1,
1.226073989107E1));
#4001=CARTESIAN_POINT('',(-9.307620341340E0,-8.674110500345E-1,
1.226073989107E1));
#4002=CARTESIAN_POINT('',(-9.307620341340E0,-1.403149370104E0,
1.226073989107E1));
#4003=B_SPLINE_SURFACE_WITH_KNOTS('',3,3,((#3987,#3988,#3989,#3990),(#3991,
#3992,#3993,#3994),(#3995,#3996,#3997,#3998),(#3999,#4000,#4001,#4002)),
.UNSPECIFIED.,.F.,.F.,.F.,(4,4),(4,4),(1.732260139466E0,5.566740028399E0),(
-1.563947590103E0,4.326737010366E-2),.UNSPECIFIED.);
#4004=ORIENTED_EDGE('',*,*,#2317,.F.);
#4005=ORIENTED_EDGE('',*,*,#2920,.F.);
#4007=ORIENTED_EDGE('',*,*,#4006,.T.);
#4008=ORIENTED_EDGE('',*,*,#3252,.F.);
#4009=EDGE_LOOP('',(#4004,#4005,#4007,#4008));
#4010=FACE_OUTER_BOUND('',#4009,.F.);
#4011=ADVANCED_FACE('',(#4010),#4003,.F.);
#4012=FILL_AREA_STYLE_COLOUR('',#2);
#4013=FILL_AREA_STYLE('',(#4012));
#4014=SURFACE_STYLE_FILL_AREA(#4013);
#4015=SURFACE_SIDE_STYLE('',(#4014));
#4016=SURFACE_STYLE_USAGE(.BOTH.,#4015);
#4017=PRESENTATION_STYLE_ASSIGNMENT((#4016));
#4018=STYLED_ITEM('',(#4017),#4011);
#4019=CARTESIAN_POINT('',(-9.307620341344E0,2.040655901036E-1,
1.218699989320E1));
#4020=CARTESIAN_POINT('',(-9.307620341344E0,-1.403149370104E0,
1.218699989320E1));
#4022=CARTESIAN_POINT('',(-8.894502725230E0,2.008776435251E-1,
1.218688238444E1));
#4023=DIRECTION('',(0.E0,-1.E0,0.E0));
#4024=AXIS1_PLACEMENT('',#4022,#4023);
#4025=SURFACE_OF_REVOLUTION('',#4021,#4024);
#4026=ORIENTED_EDGE('',*,*,#4006,.F.);
#4027=ORIENTED_EDGE('',*,*,#2918,.F.);
#4029=ORIENTED_EDGE('',*,*,#4028,.T.);
#4030=ORIENTED_EDGE('',*,*,#3254,.F.);
#4031=EDGE_LOOP('',(#4026,#4027,#4029,#4030));
#4032=FACE_OUTER_BOUND('',#4031,.F.);
#4033=ADVANCED_FACE('',(#4032),#4025,.T.);
#4034=FILL_AREA_STYLE_COLOUR('',#2);
#4035=FILL_AREA_STYLE('',(#4034));
#4036=SURFACE_STYLE_FILL_AREA(#4035);
#4037=SURFACE_SIDE_STYLE('',(#4036));
#4038=SURFACE_STYLE_USAGE(.BOTH.,#4037);
#4039=PRESENTATION_STYLE_ASSIGNMENT((#4038));
#4040=STYLED_ITEM('',(#4039),#4033);
#4041=CARTESIAN_POINT('',(-8.937722784380E0,2.040655901036E-1,1.26E1));
#4042=CARTESIAN_POINT('',(-8.937722784380E0,-3.316727299655E-1,1.26E1));
#4043=CARTESIAN_POINT('',(-8.937722784380E0,-8.674110500345E-1,1.26E1));
#4044=CARTESIAN_POINT('',(-8.937722784380E0,-1.403149370104E0,1.26E1));
#4045=CARTESIAN_POINT('',(-8.708932365082E0,2.040655901036E-1,1.26E1));
#4046=CARTESIAN_POINT('',(-8.708932365082E0,-3.316727299655E-1,1.26E1));
#4047=CARTESIAN_POINT('',(-8.708932365082E0,-8.674110500345E-1,1.26E1));
#4048=CARTESIAN_POINT('',(-8.708932365082E0,-1.403149370104E0,1.26E1));
#4049=CARTESIAN_POINT('',(-8.480141945785E0,2.040655901036E-1,1.26E1));
#4050=CARTESIAN_POINT('',(-8.480141945785E0,-3.316727299655E-1,1.26E1));
#4051=CARTESIAN_POINT('',(-8.480141945785E0,-8.674110500345E-1,1.26E1));
#4052=CARTESIAN_POINT('',(-8.480141945785E0,-1.403149370104E0,1.26E1));
#4053=CARTESIAN_POINT('',(-8.251351526488E0,2.040655901036E-1,1.26E1));
#4054=CARTESIAN_POINT('',(-8.251351526488E0,-3.316727299655E-1,1.26E1));
#4055=CARTESIAN_POINT('',(-8.251351526488E0,-8.674110500345E-1,1.26E1));
#4056=CARTESIAN_POINT('',(-8.251351526488E0,-1.403149370104E0,1.26E1));
#4057=B_SPLINE_SURFACE_WITH_KNOTS('',3,3,((#4041,#4042,#4043,#4044),(#4045,
#4046,#4047,#4048),(#4049,#4050,#4051,#4052),(#4053,#4054,#4055,#4056)),
.UNSPECIFIED.,.F.,.F.,.F.,(4,4),(4,4),(-4.310064249969E-2,6.432706153923E-1),(
-1.563947590103E0,4.326737010366E-2),.UNSPECIFIED.);
#4058=ORIENTED_EDGE('',*,*,#4028,.F.);
#4059=ORIENTED_EDGE('',*,*,#2916,.F.);
#4061=ORIENTED_EDGE('',*,*,#4060,.T.);
#4062=ORIENTED_EDGE('',*,*,#3256,.F.);
#4063=EDGE_LOOP('',(#4058,#4059,#4061,#4062));
#4064=FACE_OUTER_BOUND('',#4063,.F.);
#4065=ADVANCED_FACE('',(#4064),#4057,.F.);
#4066=FILL_AREA_STYLE_COLOUR('',#2);
#4067=FILL_AREA_STYLE('',(#4066));
#4068=SURFACE_STYLE_FILL_AREA(#4067);
#4069=SURFACE_SIDE_STYLE('',(#4068));
#4070=SURFACE_STYLE_USAGE(.BOTH.,#4069);
#4071=PRESENTATION_STYLE_ASSIGNMENT((#4070));
#4072=STYLED_ITEM('',(#4071),#4065);
#4073=CARTESIAN_POINT('',(-8.294619853061E0,2.040655901036E-1,1.26E1));
#4074=CARTESIAN_POINT('',(-8.294619853061E0,-1.403149370104E0,1.26E1));
#4076=CARTESIAN_POINT('',(-8.293741384130E0,2.008776435251E-1,
1.218688173589E1));
#4077=DIRECTION('',(0.E0,-1.E0,0.E0));
#4078=AXIS1_PLACEMENT('',#4076,#4077);
#4079=SURFACE_OF_REVOLUTION('',#4075,#4078);
#4080=ORIENTED_EDGE('',*,*,#4060,.F.);
#4081=ORIENTED_EDGE('',*,*,#2914,.F.);
#4083=ORIENTED_EDGE('',*,*,#4082,.T.);
#4084=ORIENTED_EDGE('',*,*,#3258,.F.);
#4085=EDGE_LOOP('',(#4080,#4081,#4083,#4084));
#4086=FACE_OUTER_BOUND('',#4085,.F.);
#4087=ADVANCED_FACE('',(#4086),#4079,.T.);
#4088=FILL_AREA_STYLE_COLOUR('',#2);
#4089=FILL_AREA_STYLE('',(#4088));
#4090=SURFACE_STYLE_FILL_AREA(#4089);
#4091=SURFACE_SIDE_STYLE('',(#4090));
#4092=SURFACE_STYLE_USAGE(.BOTH.,#4091);
#4093=PRESENTATION_STYLE_ASSIGNMENT((#4092));
#4094=STYLED_ITEM('',(#4093),#4087);
#4095=CARTESIAN_POINT('',(-7.880622202910E0,2.040655901036E-1,
1.226128063636E1));
#4096=CARTESIAN_POINT('',(-7.880622202910E0,-3.316727299655E-1,
1.226128063636E1));
#4097=CARTESIAN_POINT('',(-7.880622202910E0,-8.674110500345E-1,
1.226128063636E1));
#4098=CARTESIAN_POINT('',(-7.880622202910E0,-1.403149370104E0,
1.226128063636E1));
#4099=CARTESIAN_POINT('',(-7.880622202910E0,2.040655901036E-1,
1.098293689067E1));
#4100=CARTESIAN_POINT('',(-7.880622202910E0,-3.316727299655E-1,
1.098293689067E1));
#4101=CARTESIAN_POINT('',(-7.880622202910E0,-8.674110500345E-1,
1.098293689067E1));
#4102=CARTESIAN_POINT('',(-7.880622202910E0,-1.403149370104E0,
1.098293689067E1));
#4103=CARTESIAN_POINT('',(-7.880622202910E0,2.040655901036E-1,
9.704593144979E0));
#4104=CARTESIAN_POINT('',(-7.880622202910E0,-3.316727299655E-1,
9.704593144979E0));
#4105=CARTESIAN_POINT('',(-7.880622202910E0,-8.674110500345E-1,
9.704593144979E0));
#4106=CARTESIAN_POINT('',(-7.880622202910E0,-1.403149370104E0,
9.704593144979E0));
#4107=CARTESIAN_POINT('',(-7.880622202910E0,2.040655901036E-1,
8.426249399287E0));
#4108=CARTESIAN_POINT('',(-7.880622202910E0,-3.316727299655E-1,
8.426249399287E0));
#4109=CARTESIAN_POINT('',(-7.880622202910E0,-8.674110500345E-1,
8.426249399287E0));
#4110=CARTESIAN_POINT('',(-7.880622202910E0,-1.403149370104E0,
8.426249399287E0));
#4111=B_SPLINE_SURFACE_WITH_KNOTS('',3,3,((#4095,#4096,#4097,#4098),(#4099,
#4100,#4101,#4102),(#4103,#4104,#4105,#4106),(#4107,#4108,#4109,#4110)),
.UNSPECIFIED.,.F.,.F.,.F.,(4,4),(4,4),(-7.428074317737E-2,3.760750493902E0),(
-1.563947590103E0,4.326737010366E-2),.UNSPECIFIED.);
#4112=ORIENTED_EDGE('',*,*,#2313,.F.);
#4113=ORIENTED_EDGE('',*,*,#3260,.F.);
#4114=ORIENTED_EDGE('',*,*,#4082,.F.);
#4115=ORIENTED_EDGE('',*,*,#2912,.F.);
#4116=EDGE_LOOP('',(#4112,#4113,#4114,#4115));
#4117=FACE_OUTER_BOUND('',#4116,.F.);
#4118=ADVANCED_FACE('',(#4117),#4111,.F.);
#4119=FILL_AREA_STYLE_COLOUR('',#2);
#4120=FILL_AREA_STYLE('',(#4119));
#4121=SURFACE_STYLE_FILL_AREA(#4120);
#4122=SURFACE_SIDE_STYLE('',(#4121));
#4123=SURFACE_STYLE_USAGE(.BOTH.,#4122);
#4124=PRESENTATION_STYLE_ASSIGNMENT((#4123));
#4125=STYLED_ITEM('',(#4124),#4118);
#4126=CARTESIAN_POINT('',(-5.707621867220E0,2.040655901036E-1,
8.426260002124E0));
#4127=CARTESIAN_POINT('',(-5.707621867220E0,-3.316727299655E-1,
8.426260002124E0));
#4128=CARTESIAN_POINT('',(-5.707621867220E0,-8.674110500345E-1,
8.426260002124E0));
#4129=CARTESIAN_POINT('',(-5.707621867220E0,-1.403149370104E0,
8.426260002124E0));
#4130=CARTESIAN_POINT('',(-5.707621867220E0,2.040655901036E-1,
9.704419965308E0));
#4131=CARTESIAN_POINT('',(-5.707621867220E0,-3.316727299655E-1,
9.704419965308E0));
#4132=CARTESIAN_POINT('',(-5.707621867220E0,-8.674110500345E-1,
9.704419965308E0));
#4133=CARTESIAN_POINT('',(-5.707621867220E0,-1.403149370104E0,
9.704419965308E0));
#4134=CARTESIAN_POINT('',(-5.707621867220E0,2.040655901036E-1,
1.098257992849E1));
#4135=CARTESIAN_POINT('',(-5.707621867220E0,-3.316727299655E-1,
1.098257992849E1));
#4136=CARTESIAN_POINT('',(-5.707621867220E0,-8.674110500345E-1,
1.098257992849E1));
#4137=CARTESIAN_POINT('',(-5.707621867220E0,-1.403149370104E0,
1.098257992849E1));
#4138=CARTESIAN_POINT('',(-5.707621867220E0,2.040655901036E-1,
1.226073989168E1));
#4139=CARTESIAN_POINT('',(-5.707621867220E0,-3.316727299655E-1,
1.226073989168E1));
#4140=CARTESIAN_POINT('',(-5.707621867220E0,-8.674110500345E-1,
1.226073989168E1));
#4141=CARTESIAN_POINT('',(-5.707621867220E0,-1.403149370104E0,
1.226073989168E1));
#4142=B_SPLINE_SURFACE_WITH_KNOTS('',3,3,((#4126,#4127,#4128,#4129),(#4130,
#4131,#4132,#4133),(#4134,#4135,#4136,#4137),(#4138,#4139,#4140,#4141)),
.UNSPECIFIED.,.F.,.F.,.F.,(4,4),(4,4),(1.732260139454E0,5.566740029006E0),(
-1.563947590103E0,4.326737010366E-2),.UNSPECIFIED.);
#4143=ORIENTED_EDGE('',*,*,#2307,.F.);
#4144=ORIENTED_EDGE('',*,*,#2876,.F.);
#4146=ORIENTED_EDGE('',*,*,#4145,.T.);
#4147=ORIENTED_EDGE('',*,*,#3296,.F.);
#4148=EDGE_LOOP('',(#4143,#4144,#4146,#4147));
#4149=FACE_OUTER_BOUND('',#4148,.F.);
#4150=ADVANCED_FACE('',(#4149),#4142,.F.);
#4151=FILL_AREA_STYLE_COLOUR('',#2);
#4152=FILL_AREA_STYLE('',(#4151));
#4153=SURFACE_STYLE_FILL_AREA(#4152);
#4154=SURFACE_SIDE_STYLE('',(#4153));
#4155=SURFACE_STYLE_USAGE(.BOTH.,#4154);
#4156=PRESENTATION_STYLE_ASSIGNMENT((#4155));
#4157=STYLED_ITEM('',(#4156),#4150);
#4158=CARTESIAN_POINT('',(-5.707621867223E0,2.040655901036E-1,
1.218699989319E1));
#4159=CARTESIAN_POINT('',(-5.707621867223E0,-1.403149370104E0,
1.218699989319E1));
#4161=CARTESIAN_POINT('',(-5.294497736320E0,2.008776435251E-1,
1.218687586853E1));
#4162=DIRECTION('',(0.E0,-1.E0,0.E0));
#4163=AXIS1_PLACEMENT('',#4161,#4162);
#4164=SURFACE_OF_REVOLUTION('',#4160,#4163);
#4165=ORIENTED_EDGE('',*,*,#4145,.F.);
#4166=ORIENTED_EDGE('',*,*,#2874,.F.);
#4168=ORIENTED_EDGE('',*,*,#4167,.T.);
#4169=ORIENTED_EDGE('',*,*,#3298,.F.);
#4170=EDGE_LOOP('',(#4165,#4166,#4168,#4169));
#4171=FACE_OUTER_BOUND('',#4170,.F.);
#4172=ADVANCED_FACE('',(#4171),#4164,.T.);
#4173=FILL_AREA_STYLE_COLOUR('',#2);
#4174=FILL_AREA_STYLE('',(#4173));
#4175=SURFACE_STYLE_FILL_AREA(#4174);
#4176=SURFACE_SIDE_STYLE('',(#4175));
#4177=SURFACE_STYLE_USAGE(.BOTH.,#4176);
#4178=PRESENTATION_STYLE_ASSIGNMENT((#4177));
#4179=STYLED_ITEM('',(#4178),#4172);
#4180=CARTESIAN_POINT('',(-5.337714003789E0,2.040655901036E-1,1.26E1));
#4181=CARTESIAN_POINT('',(-5.337714003789E0,-3.316727299655E-1,1.26E1));
#4182=CARTESIAN_POINT('',(-5.337714003789E0,-8.674110500345E-1,1.26E1));
#4183=CARTESIAN_POINT('',(-5.337714003789E0,-1.403149370104E0,1.26E1));
#4184=CARTESIAN_POINT('',(-5.108927022738E0,2.040655901036E-1,1.26E1));
#4185=CARTESIAN_POINT('',(-5.108927022738E0,-3.316727299655E-1,1.26E1));
#4186=CARTESIAN_POINT('',(-5.108927022738E0,-8.674110500345E-1,1.26E1));
#4187=CARTESIAN_POINT('',(-5.108927022738E0,-1.403149370104E0,1.26E1));
#4188=CARTESIAN_POINT('',(-4.880140041688E0,2.040655901036E-1,1.26E1));
#4189=CARTESIAN_POINT('',(-4.880140041688E0,-3.316727299655E-1,1.26E1));
#4190=CARTESIAN_POINT('',(-4.880140041688E0,-8.674110500345E-1,1.26E1));
#4191=CARTESIAN_POINT('',(-4.880140041688E0,-1.403149370104E0,1.26E1));
#4192=CARTESIAN_POINT('',(-4.651353060637E0,2.040655901036E-1,1.26E1));
#4193=CARTESIAN_POINT('',(-4.651353060637E0,-3.316727299655E-1,1.26E1));
#4194=CARTESIAN_POINT('',(-4.651353060637E0,-8.674110500345E-1,1.26E1));
#4195=CARTESIAN_POINT('',(-4.651353060637E0,-1.403149370104E0,1.26E1));
#4196=B_SPLINE_SURFACE_WITH_KNOTS('',3,3,((#4180,#4181,#4182,#4183),(#4184,
#4185,#4186,#4187),(#4188,#4189,#4190,#4191),(#4192,#4193,#4194,#4195)),
.UNSPECIFIED.,.F.,.F.,.F.,(4,4),(4,4),(-4.309415072949E-2,6.432667924228E-1),(
-1.563947590103E0,4.326737010366E-2),.UNSPECIFIED.);
#4197=ORIENTED_EDGE('',*,*,#4167,.F.);
#4198=ORIENTED_EDGE('',*,*,#2872,.F.);
#4200=ORIENTED_EDGE('',*,*,#4199,.T.);
#4201=ORIENTED_EDGE('',*,*,#3300,.F.);
#4202=EDGE_LOOP('',(#4197,#4198,#4200,#4201));
#4203=FACE_OUTER_BOUND('',#4202,.F.);
#4204=ADVANCED_FACE('',(#4203),#4196,.F.);
#4205=FILL_AREA_STYLE_COLOUR('',#2);
#4206=FILL_AREA_STYLE('',(#4205));
#4207=SURFACE_STYLE_FILL_AREA(#4206);
#4208=SURFACE_SIDE_STYLE('',(#4207));
#4209=SURFACE_STYLE_USAGE(.BOTH.,#4208);
#4210=PRESENTATION_STYLE_ASSIGNMENT((#4209));
#4211=STYLED_ITEM('',(#4210),#4204);
#4212=CARTESIAN_POINT('',(-4.694621378940E0,2.040655901036E-1,
1.260000000001E1));
#4213=CARTESIAN_POINT('',(-4.694621378940E0,-1.403149370104E0,
1.260000000001E1));
#4215=CARTESIAN_POINT('',(-4.693745599E0,2.008776435251E-1,1.218687522457E1));
#4216=DIRECTION('',(0.E0,-1.E0,0.E0));
#4217=AXIS1_PLACEMENT('',#4215,#4216);
#4218=SURFACE_OF_REVOLUTION('',#4214,#4217);
#4219=ORIENTED_EDGE('',*,*,#4199,.F.);
#4220=ORIENTED_EDGE('',*,*,#2870,.F.);
#4222=ORIENTED_EDGE('',*,*,#4221,.T.);
#4223=ORIENTED_EDGE('',*,*,#3302,.F.);
#4224=EDGE_LOOP('',(#4219,#4220,#4222,#4223));
#4225=FACE_OUTER_BOUND('',#4224,.F.);
#4226=ADVANCED_FACE('',(#4225),#4218,.T.);
#4227=FILL_AREA_STYLE_COLOUR('',#2);
#4228=FILL_AREA_STYLE('',(#4227));
#4229=SURFACE_STYLE_FILL_AREA(#4228);
#4230=SURFACE_SIDE_STYLE('',(#4229));
#4231=SURFACE_STYLE_USAGE(.BOTH.,#4230);
#4232=PRESENTATION_STYLE_ASSIGNMENT((#4231));
#4233=STYLED_ITEM('',(#4232),#4226);
#4234=CARTESIAN_POINT('',(-4.280619914100E0,2.040655901036E-1,
1.226127407474E1));
#4235=CARTESIAN_POINT('',(-4.280619914100E0,-3.316727299655E-1,
1.226127407474E1));
#4236=CARTESIAN_POINT('',(-4.280619914100E0,-8.674110500345E-1,
1.226127407474E1));
#4237=CARTESIAN_POINT('',(-4.280619914100E0,-1.403149370104E0,
1.226127407474E1));
#4238=CARTESIAN_POINT('',(-4.280619914100E0,2.040655901036E-1,
1.098293255914E1));
#4239=CARTESIAN_POINT('',(-4.280619914100E0,-3.316727299655E-1,
1.098293255914E1));
#4240=CARTESIAN_POINT('',(-4.280619914100E0,-8.674110500345E-1,
1.098293255914E1));
#4241=CARTESIAN_POINT('',(-4.280619914100E0,-1.403149370104E0,
1.098293255914E1));
#4242=CARTESIAN_POINT('',(-4.280619914100E0,2.040655901036E-1,
9.704591043545E0));
#4243=CARTESIAN_POINT('',(-4.280619914100E0,-3.316727299655E-1,
9.704591043545E0));
#4244=CARTESIAN_POINT('',(-4.280619914100E0,-8.674110500345E-1,
9.704591043545E0));
#4245=CARTESIAN_POINT('',(-4.280619914100E0,-1.403149370104E0,
9.704591043545E0));
#4246=CARTESIAN_POINT('',(-4.280619914100E0,2.040655901036E-1,
8.426249527946E0));
#4247=CARTESIAN_POINT('',(-4.280619914100E0,-3.316727299655E-1,
8.426249527946E0));
#4248=CARTESIAN_POINT('',(-4.280619914100E0,-8.674110500345E-1,
8.426249527946E0));
#4249=CARTESIAN_POINT('',(-4.280619914100E0,-1.403149370104E0,
8.426249527946E0));
#4250=B_SPLINE_SURFACE_WITH_KNOTS('',3,3,((#4234,#4235,#4236,#4237),(#4238,
#4239,#4240,#4241),(#4242,#4243,#4244,#4245),(#4246,#4247,#4248,#4249)),
.UNSPECIFIED.,.F.,.F.,.F.,(4,4),(4,4),(-7.427418155807E-2,3.760750365242E0),(
-1.563947590103E0,4.326737010366E-2),.UNSPECIFIED.);
#4251=ORIENTED_EDGE('',*,*,#2303,.F.);
#4252=ORIENTED_EDGE('',*,*,#3304,.F.);
#4253=ORIENTED_EDGE('',*,*,#4221,.F.);
#4254=ORIENTED_EDGE('',*,*,#2868,.F.);
#4255=EDGE_LOOP('',(#4251,#4252,#4253,#4254));
#4256=FACE_OUTER_BOUND('',#4255,.F.);
#4257=ADVANCED_FACE('',(#4256),#4250,.F.);
#4258=FILL_AREA_STYLE_COLOUR('',#2);
#4259=FILL_AREA_STYLE('',(#4258));
#4260=SURFACE_STYLE_FILL_AREA(#4259);
#4261=SURFACE_SIDE_STYLE('',(#4260));
#4262=SURFACE_STYLE_USAGE(.BOTH.,#4261);
#4263=PRESENTATION_STYLE_ASSIGNMENT((#4262));
#4264=STYLED_ITEM('',(#4263),#4257);
#4265=CARTESIAN_POINT('',(-2.107619578400E0,2.040655901036E-1,
8.426260002136E0));
#4266=CARTESIAN_POINT('',(-2.107619578400E0,-3.316727299655E-1,
8.426260002136E0));
#4267=CARTESIAN_POINT('',(-2.107619578400E0,-8.674110500345E-1,
8.426260002136E0));
#4268=CARTESIAN_POINT('',(-2.107619578400E0,-1.403149370104E0,
8.426260002136E0));
#4269=CARTESIAN_POINT('',(-2.107619578400E0,2.040655901036E-1,
9.704419965114E0));
#4270=CARTESIAN_POINT('',(-2.107619578400E0,-3.316727299655E-1,
9.704419965114E0));
#4271=CARTESIAN_POINT('',(-2.107619578400E0,-8.674110500345E-1,
9.704419965114E0));
#4272=CARTESIAN_POINT('',(-2.107619578400E0,-1.403149370104E0,
9.704419965114E0));
#4273=CARTESIAN_POINT('',(-2.107619578400E0,2.040655901036E-1,
1.098257992809E1));
#4274=CARTESIAN_POINT('',(-2.107619578400E0,-3.316727299655E-1,
1.098257992809E1));
#4275=CARTESIAN_POINT('',(-2.107619578400E0,-8.674110500345E-1,
1.098257992809E1));
#4276=CARTESIAN_POINT('',(-2.107619578400E0,-1.403149370104E0,
1.098257992809E1));
#4277=CARTESIAN_POINT('',(-2.107619578400E0,2.040655901036E-1,
1.226073989107E1));
#4278=CARTESIAN_POINT('',(-2.107619578400E0,-3.316727299655E-1,
1.226073989107E1));
#4279=CARTESIAN_POINT('',(-2.107619578400E0,-8.674110500345E-1,
1.226073989107E1));
#4280=CARTESIAN_POINT('',(-2.107619578400E0,-1.403149370104E0,
1.226073989107E1));
#4281=B_SPLINE_SURFACE_WITH_KNOTS('',3,3,((#4265,#4266,#4267,#4268),(#4269,
#4270,#4271,#4272),(#4273,#4274,#4275,#4276),(#4277,#4278,#4279,#4280)),
.UNSPECIFIED.,.F.,.F.,.F.,(4,4),(4,4),(1.732260139466E0,5.566740028399E0),(
-1.563947590103E0,4.326737010366E-2),.UNSPECIFIED.);
#4282=ORIENTED_EDGE('',*,*,#2297,.F.);
#4283=ORIENTED_EDGE('',*,*,#2832,.F.);
#4285=ORIENTED_EDGE('',*,*,#4284,.T.);
#4286=ORIENTED_EDGE('',*,*,#3338,.F.);
#4287=EDGE_LOOP('',(#4282,#4283,#4285,#4286));
#4288=FACE_OUTER_BOUND('',#4287,.F.);
#4289=ADVANCED_FACE('',(#4288),#4281,.F.);
#4290=FILL_AREA_STYLE_COLOUR('',#2);
#4291=FILL_AREA_STYLE('',(#4290));
#4292=SURFACE_STYLE_FILL_AREA(#4291);
#4293=SURFACE_SIDE_STYLE('',(#4292));
#4294=SURFACE_STYLE_USAGE(.BOTH.,#4293);
#4295=PRESENTATION_STYLE_ASSIGNMENT((#4294));
#4296=STYLED_ITEM('',(#4295),#4289);
#4297=CARTESIAN_POINT('',(-2.107619578404E0,2.040655901036E-1,
1.218699989320E1));
#4298=CARTESIAN_POINT('',(-2.107619578404E0,-1.403149370104E0,
1.218699989320E1));
#4300=CARTESIAN_POINT('',(-1.694501962290E0,2.008776435251E-1,
1.218688238444E1));
#4301=DIRECTION('',(0.E0,-1.E0,0.E0));
#4302=AXIS1_PLACEMENT('',#4300,#4301);
#4303=SURFACE_OF_REVOLUTION('',#4299,#4302);
#4304=ORIENTED_EDGE('',*,*,#4284,.F.);
#4305=ORIENTED_EDGE('',*,*,#2830,.F.);
#4307=ORIENTED_EDGE('',*,*,#4306,.T.);
#4308=ORIENTED_EDGE('',*,*,#3340,.F.);
#4309=EDGE_LOOP('',(#4304,#4305,#4307,#4308));
#4310=FACE_OUTER_BOUND('',#4309,.F.);
#4311=ADVANCED_FACE('',(#4310),#4303,.T.);
#4312=FILL_AREA_STYLE_COLOUR('',#2);
#4313=FILL_AREA_STYLE('',(#4312));
#4314=SURFACE_STYLE_FILL_AREA(#4313);
#4315=SURFACE_SIDE_STYLE('',(#4314));
#4316=SURFACE_STYLE_USAGE(.BOTH.,#4315);
#4317=PRESENTATION_STYLE_ASSIGNMENT((#4316));
#4318=STYLED_ITEM('',(#4317),#4311);
#4319=CARTESIAN_POINT('',(-1.737722021439E0,2.040655901036E-1,1.26E1));
#4320=CARTESIAN_POINT('',(-1.737722021439E0,-3.316727299655E-1,1.26E1));
#4321=CARTESIAN_POINT('',(-1.737722021439E0,-8.674110500345E-1,1.26E1));
#4322=CARTESIAN_POINT('',(-1.737722021439E0,-1.403149370104E0,1.26E1));
#4323=CARTESIAN_POINT('',(-1.508931922773E0,2.040655901036E-1,1.26E1));
#4324=CARTESIAN_POINT('',(-1.508931922773E0,-3.316727299655E-1,1.26E1));
#4325=CARTESIAN_POINT('',(-1.508931922773E0,-8.674110500345E-1,1.26E1));
#4326=CARTESIAN_POINT('',(-1.508931922773E0,-1.403149370104E0,1.26E1));
#4327=CARTESIAN_POINT('',(-1.280141824106E0,2.040655901036E-1,1.26E1));
#4328=CARTESIAN_POINT('',(-1.280141824106E0,-3.316727299655E-1,1.26E1));
#4329=CARTESIAN_POINT('',(-1.280141824106E0,-8.674110500345E-1,1.26E1));
#4330=CARTESIAN_POINT('',(-1.280141824106E0,-1.403149370104E0,1.26E1));
#4331=CARTESIAN_POINT('',(-1.051351725439E0,2.040655901036E-1,1.26E1));
#4332=CARTESIAN_POINT('',(-1.051351725439E0,-3.316727299655E-1,1.26E1));
#4333=CARTESIAN_POINT('',(-1.051351725439E0,-8.674110500345E-1,1.26E1));
#4334=CARTESIAN_POINT('',(-1.051351725439E0,-1.403149370104E0,1.26E1));
#4335=B_SPLINE_SURFACE_WITH_KNOTS('',3,3,((#4319,#4320,#4321,#4322),(#4323,
#4324,#4325,#4326),(#4327,#4328,#4329,#4330),(#4331,#4332,#4333,#4334)),
.UNSPECIFIED.,.F.,.F.,.F.,(4,4),(4,4),(-4.310064249918E-2,6.432696535008E-1),(
-1.563947590103E0,4.326737010366E-2),.UNSPECIFIED.);
#4336=ORIENTED_EDGE('',*,*,#4306,.F.);
#4337=ORIENTED_EDGE('',*,*,#2828,.F.);
#4339=ORIENTED_EDGE('',*,*,#4338,.T.);
#4340=ORIENTED_EDGE('',*,*,#3342,.F.);
#4341=EDGE_LOOP('',(#4336,#4337,#4339,#4340));
#4342=FACE_OUTER_BOUND('',#4341,.F.);
#4343=ADVANCED_FACE('',(#4342),#4335,.F.);
#4344=FILL_AREA_STYLE_COLOUR('',#2);
#4345=FILL_AREA_STYLE('',(#4344));
#4346=SURFACE_STYLE_FILL_AREA(#4345);
#4347=SURFACE_SIDE_STYLE('',(#4346));
#4348=SURFACE_STYLE_USAGE(.BOTH.,#4347);
#4349=PRESENTATION_STYLE_ASSIGNMENT((#4348));
#4350=STYLED_ITEM('',(#4349),#4343);
#4351=CARTESIAN_POINT('',(-1.094619090121E0,2.040655901036E-1,1.26E1));
#4352=CARTESIAN_POINT('',(-1.094619090121E0,-1.403149370104E0,1.26E1));
#4354=CARTESIAN_POINT('',(-1.093740621190E0,2.008776435251E-1,
1.218688173589E1));
#4355=DIRECTION('',(0.E0,-1.E0,0.E0));
#4356=AXIS1_PLACEMENT('',#4354,#4355);
#4357=SURFACE_OF_REVOLUTION('',#4353,#4356);
#4358=ORIENTED_EDGE('',*,*,#4338,.F.);
#4359=ORIENTED_EDGE('',*,*,#2826,.F.);
#4361=ORIENTED_EDGE('',*,*,#4360,.T.);
#4362=ORIENTED_EDGE('',*,*,#3344,.F.);
#4363=EDGE_LOOP('',(#4358,#4359,#4361,#4362));
#4364=FACE_OUTER_BOUND('',#4363,.F.);
#4365=ADVANCED_FACE('',(#4364),#4357,.T.);
#4366=FILL_AREA_STYLE_COLOUR('',#2);
#4367=FILL_AREA_STYLE('',(#4366));
#4368=SURFACE_STYLE_FILL_AREA(#4367);
#4369=SURFACE_SIDE_STYLE('',(#4368));
#4370=SURFACE_STYLE_USAGE(.BOTH.,#4369);
#4371=PRESENTATION_STYLE_ASSIGNMENT((#4370));
#4372=STYLED_ITEM('',(#4371),#4365);
#4373=CARTESIAN_POINT('',(-6.806214399800E-1,2.040655901036E-1,
1.233225874666E1));
#4374=CARTESIAN_POINT('',(-6.806214399800E-1,-3.316727299655E-1,
1.233225874666E1));
#4375=CARTESIAN_POINT('',(-6.806214399800E-1,-8.674110500345E-1,
1.233225874666E1));
#4376=CARTESIAN_POINT('',(-6.806214399800E-1,-1.403149370104E0,
1.233225874666E1));
#4377=CARTESIAN_POINT('',(-6.806214399800E-1,2.040655901036E-1,
9.829393984304E0));
#4378=CARTESIAN_POINT('',(-6.806214399800E-1,-3.316727299655E-1,
9.829393984304E0));
#4379=CARTESIAN_POINT('',(-6.806214399800E-1,-8.674110500345E-1,
9.829393984304E0));
#4380=CARTESIAN_POINT('',(-6.806214399800E-1,-1.403149370104E0,
9.829393984304E0));
#4381=CARTESIAN_POINT('',(-6.806214399800E-1,2.040655901036E-1,
7.326529221946E0));
#4382=CARTESIAN_POINT('',(-6.806214399800E-1,-3.316727299655E-1,
7.326529221946E0));
#4383=CARTESIAN_POINT('',(-6.806214399800E-1,-8.674110500345E-1,
7.326529221946E0));
#4384=CARTESIAN_POINT('',(-6.806214399800E-1,-1.403149370104E0,
7.326529221946E0));
#4385=CARTESIAN_POINT('',(-6.806214399800E-1,2.040655901036E-1,
4.823664459588E0));
#4386=CARTESIAN_POINT('',(-6.806214399800E-1,-3.316727299655E-1,
4.823664459588E0));
#4387=CARTESIAN_POINT('',(-6.806214399800E-1,-8.674110500345E-1,
4.823664459588E0));
#4388=CARTESIAN_POINT('',(-6.806214399800E-1,-1.403149370104E0,
4.823664459588E0));
#4389=B_SPLINE_SURFACE_WITH_KNOTS('',3,3,((#4373,#4374,#4375,#4376),(#4377,
#4378,#4379,#4380),(#4381,#4382,#4383,#4384),(#4385,#4386,#4387,#4388)),
.UNSPECIFIED.,.F.,.F.,.F.,(4,4),(4,4),(-1.452588534697E-1,7.363335433602E0),(
-1.563947590103E0,4.326737010366E-2),.UNSPECIFIED.);
#4390=ORIENTED_EDGE('',*,*,#2293,.F.);
#4391=ORIENTED_EDGE('',*,*,#3346,.F.);
#4392=ORIENTED_EDGE('',*,*,#4360,.F.);
#4393=ORIENTED_EDGE('',*,*,#2824,.F.);
#4394=EDGE_LOOP('',(#4390,#4391,#4392,#4393));
#4395=FACE_OUTER_BOUND('',#4394,.F.);
#4396=ADVANCED_FACE('',(#4395),#4389,.F.);
#4397=FILL_AREA_STYLE_COLOUR('',#2);
#4398=FILL_AREA_STYLE('',(#4397));
#4399=SURFACE_STYLE_FILL_AREA(#4398);
#4400=SURFACE_SIDE_STYLE('',(#4399));
#4401=SURFACE_STYLE_USAGE(.BOTH.,#4400);
#4402=PRESENTATION_STYLE_ASSIGNMENT((#4401));
#4403=STYLED_ITEM('',(#4402),#4396);
#4404=CARTESIAN_POINT('',(-6.806214399800E-1,2.040655901036E-1,
1.233225874666E1));
#4405=CARTESIAN_POINT('',(-6.806214399800E-1,-3.316727299655E-1,
1.233225874666E1));
#4406=CARTESIAN_POINT('',(-6.806214399800E-1,-8.674110500345E-1,
1.233225874666E1));
#4407=CARTESIAN_POINT('',(-6.806214399800E-1,-1.403149370104E0,
1.233225874666E1));
#4408=CARTESIAN_POINT('',(-6.806214399800E-1,2.040655901036E-1,
9.829393984304E0));
#4409=CARTESIAN_POINT('',(-6.806214399800E-1,-3.316727299655E-1,
9.829393984304E0));
#4410=CARTESIAN_POINT('',(-6.806214399800E-1,-8.674110500345E-1,
9.829393984304E0));
#4411=CARTESIAN_POINT('',(-6.806214399800E-1,-1.403149370104E0,
9.829393984304E0));
#4412=CARTESIAN_POINT('',(-6.806214399800E-1,2.040655901036E-1,
7.326529221946E0));
#4413=CARTESIAN_POINT('',(-6.806214399800E-1,-3.316727299655E-1,
7.326529221946E0));
#4414=CARTESIAN_POINT('',(-6.806214399800E-1,-8.674110500345E-1,
7.326529221946E0));
#4415=CARTESIAN_POINT('',(-6.806214399800E-1,-1.403149370104E0,
7.326529221946E0));
#4416=CARTESIAN_POINT('',(-6.806214399800E-1,2.040655901036E-1,
4.823664459588E0));
#4417=CARTESIAN_POINT('',(-6.806214399800E-1,-3.316727299655E-1,
4.823664459588E0));
#4418=CARTESIAN_POINT('',(-6.806214399800E-1,-8.674110500345E-1,
4.823664459588E0));
#4419=CARTESIAN_POINT('',(-6.806214399800E-1,-1.403149370104E0,
4.823664459588E0));
#4420=B_SPLINE_SURFACE_WITH_KNOTS('',3,3,((#4404,#4405,#4406,#4407),(#4408,
#4409,#4410,#4411),(#4412,#4413,#4414,#4415),(#4416,#4417,#4418,#4419)),
.UNSPECIFIED.,.F.,.F.,.F.,(4,4),(4,4),(-1.452588534697E-1,7.363335433602E0),(
-1.563947590103E0,4.326737010366E-2),.UNSPECIFIED.);
#4421=ORIENTED_EDGE('',*,*,#2419,.F.);
#4422=ORIENTED_EDGE('',*,*,#3106,.F.);
#4424=ORIENTED_EDGE('',*,*,#4423,.T.);
#4425=ORIENTED_EDGE('',*,*,#3569,.F.);
#4426=EDGE_LOOP('',(#4421,#4422,#4424,#4425));
#4427=FACE_OUTER_BOUND('',#4426,.F.);
#4428=ADVANCED_FACE('',(#4427),#4420,.F.);
#4429=FILL_AREA_STYLE_COLOUR('',#2);
#4430=FILL_AREA_STYLE('',(#4429));
#4431=SURFACE_STYLE_FILL_AREA(#4430);
#4432=SURFACE_SIDE_STYLE('',(#4431));
#4433=SURFACE_STYLE_USAGE(.POSITIVE.,#4432);
#4434=PRESENTATION_STYLE_ASSIGNMENT((#4433));
#4435=STYLED_ITEM('',(#4434),#4428);
#4436=CARTESIAN_POINT('',(-6.805711259061E-1,2.040655901036E-1,
4.968151068761E0));
#4437=CARTESIAN_POINT('',(-6.805711259061E-1,-3.316727299655E-1,
4.968151068761E0));
#4438=CARTESIAN_POINT('',(-6.805711259061E-1,-8.674110500345E-1,
4.968151068761E0));
#4439=CARTESIAN_POINT('',(-6.805711259061E-1,-1.403149370104E0,
4.968151068761E0));
#4440=CARTESIAN_POINT('',(-6.811669778134E-1,2.040655901036E-1,
4.966362375917E0));
#4441=CARTESIAN_POINT('',(-6.811669778134E-1,-3.316727299655E-1,
4.966362375917E0));
#4442=CARTESIAN_POINT('',(-6.811669778134E-1,-8.674110500345E-1,
4.966362375917E0));
#4443=CARTESIAN_POINT('',(-6.811669778134E-1,-1.403149370104E0,
4.966362375917E0));
#4444=CARTESIAN_POINT('',(-6.817628297207E-1,2.040655901036E-1,
4.964573683073E0));
#4445=CARTESIAN_POINT('',(-6.817628297207E-1,-3.316727299655E-1,
4.964573683073E0));
#4446=CARTESIAN_POINT('',(-6.817628297207E-1,-8.674110500345E-1,
4.964573683073E0));
#4447=CARTESIAN_POINT('',(-6.817628297207E-1,-1.403149370104E0,
4.964573683073E0));
#4448=CARTESIAN_POINT('',(-6.823586816280E-1,2.040655901036E-1,
4.962784990229E0));
#4449=CARTESIAN_POINT('',(-6.823586816280E-1,-3.316727299655E-1,
4.962784990229E0));
#4450=CARTESIAN_POINT('',(-6.823586816280E-1,-8.674110500345E-1,
4.962784990229E0));
#4451=CARTESIAN_POINT('',(-6.823586816280E-1,-1.403149370104E0,
4.962784990229E0));
#4452=B_SPLINE_SURFACE_WITH_KNOTS('',3,3,((#4436,#4437,#4438,#4439),(#4440,
#4441,#4442,#4443),(#4444,#4445,#4446,#4447),(#4448,#4449,#4450,#4451)),
.UNSPECIFIED.,.F.,.F.,.F.,(4,4),(4,4),(-1.591981666399E-4,5.496785767818E-3),(
-1.563947590103E0,4.326737010366E-2),.UNSPECIFIED.);
#4453=ORIENTED_EDGE('',*,*,#4423,.F.);
#4454=ORIENTED_EDGE('',*,*,#3104,.F.);
#4456=ORIENTED_EDGE('',*,*,#4455,.T.);
#4457=ORIENTED_EDGE('',*,*,#3571,.F.);
#4458=EDGE_LOOP('',(#4453,#4454,#4456,#4457));
#4459=FACE_OUTER_BOUND('',#4458,.F.);
#4460=ADVANCED_FACE('',(#4459),#4452,.F.);
#4461=FILL_AREA_STYLE_COLOUR('',#2);
#4462=FILL_AREA_STYLE('',(#4461));
#4463=SURFACE_STYLE_FILL_AREA(#4462);
#4464=SURFACE_SIDE_STYLE('',(#4463));
#4465=SURFACE_STYLE_USAGE(.BOTH.,#4464);
#4466=PRESENTATION_STYLE_ASSIGNMENT((#4465));
#4467=STYLED_ITEM('',(#4466),#4460);
#4468=CARTESIAN_POINT('',(-6.826203413420E-1,2.040655901036E-1,
4.961999511727E0));
#4469=CARTESIAN_POINT('',(-6.826203413420E-1,-1.403149370104E0,
4.961999511727E0));
#4471=CARTESIAN_POINT('',(-4.256609866700E-1,2.008776435251E-1,
4.833891826650E0));
#4472=DIRECTION('',(0.E0,-1.E0,0.E0));
#4473=AXIS1_PLACEMENT('',#4471,#4472);
#4474=SURFACE_OF_REVOLUTION('',#4470,#4473);
#4475=ORIENTED_EDGE('',*,*,#4455,.F.);
#4476=ORIENTED_EDGE('',*,*,#3102,.F.);
#4478=ORIENTED_EDGE('',*,*,#4477,.T.);
#4479=ORIENTED_EDGE('',*,*,#3573,.F.);
#4480=EDGE_LOOP('',(#4475,#4476,#4478,#4479));
#4481=FACE_OUTER_BOUND('',#4480,.F.);
#4482=ADVANCED_FACE('',(#4481),#4474,.F.);
#4483=FILL_AREA_STYLE_COLOUR('',#2);
#4484=FILL_AREA_STYLE('',(#4483));
#4485=SURFACE_STYLE_FILL_AREA(#4484);
#4486=SURFACE_SIDE_STYLE('',(#4485));
#4487=SURFACE_STYLE_USAGE(.BOTH.,#4486);
#4488=PRESENTATION_STYLE_ASSIGNMENT((#4487));
#4489=STYLED_ITEM('',(#4488),#4482);
#4490=CARTESIAN_POINT('',(-1.766198225437E-1,2.040655901036E-1,
4.690999603272E0));
#4491=CARTESIAN_POINT('',(-1.766198225437E-1,-1.403149370104E0,
4.690999603272E0));
#4493=CARTESIAN_POINT('',(-1.646214786700E-1,2.008776435251E-1,
4.694500684590E0));
#4494=DIRECTION('',(0.E0,-1.E0,0.E0));
#4495=AXIS1_PLACEMENT('',#4493,#4494);
#4496=SURFACE_OF_REVOLUTION('',#4492,#4495);
#4497=ORIENTED_EDGE('',*,*,#4477,.F.);
#4498=ORIENTED_EDGE('',*,*,#3100,.F.);
#4500=ORIENTED_EDGE('',*,*,#4499,.T.);
#4501=ORIENTED_EDGE('',*,*,#3575,.F.);
#4502=EDGE_LOOP('',(#4497,#4498,#4500,#4501));
#4503=FACE_OUTER_BOUND('',#4502,.F.);
#4504=ADVANCED_FACE('',(#4503),#4496,.T.);
#4505=FILL_AREA_STYLE_COLOUR('',#2);
#4506=FILL_AREA_STYLE('',(#4505));
#4507=SURFACE_STYLE_FILL_AREA(#4506);
#4508=SURFACE_SIDE_STYLE('',(#4507));
#4509=SURFACE_STYLE_USAGE(.BOTH.,#4508);
#4510=PRESENTATION_STYLE_ASSIGNMENT((#4509));
#4511=STYLED_ITEM('',(#4510),#4504);
#4512=CARTESIAN_POINT('',(-2.908787794438E-1,2.040655901036E-1,
4.706999397280E0));
#4513=CARTESIAN_POINT('',(-2.908787794438E-1,-3.316727299655E-1,
4.706999397280E0));
#4514=CARTESIAN_POINT('',(-2.908787794438E-1,-8.674110500345E-1,
4.706999397280E0));
#4515=CARTESIAN_POINT('',(-2.908787794438E-1,-1.403149370104E0,
4.706999397280E0));
#4516=CARTESIAN_POINT('',(1.897627792009E0,2.040655901036E-1,4.706999397280E0));
#4517=CARTESIAN_POINT('',(1.897627792009E0,-3.316727299655E-1,
4.706999397280E0));
#4518=CARTESIAN_POINT('',(1.897627792009E0,-8.674110500345E-1,
4.706999397280E0));
#4519=CARTESIAN_POINT('',(1.897627792009E0,-1.403149370104E0,4.706999397280E0));
#4520=CARTESIAN_POINT('',(4.086134363462E0,2.040655901036E-1,4.706999397280E0));
#4521=CARTESIAN_POINT('',(4.086134363462E0,-3.316727299655E-1,
4.706999397280E0));
#4522=CARTESIAN_POINT('',(4.086134363462E0,-8.674110500345E-1,
4.706999397280E0));
#4523=CARTESIAN_POINT('',(4.086134363462E0,-1.403149370104E0,4.706999397280E0));
#4524=CARTESIAN_POINT('',(6.274640934915E0,2.040655901036E-1,4.706999397280E0));
#4525=CARTESIAN_POINT('',(6.274640934915E0,-3.316727299655E-1,
4.706999397280E0));
#4526=CARTESIAN_POINT('',(6.274640934915E0,-8.674110500345E-1,
4.706999397280E0));
#4527=CARTESIAN_POINT('',(6.274640934915E0,-1.403149370104E0,4.706999397280E0));
#4528=B_SPLINE_SURFACE_WITH_KNOTS('',3,3,((#4512,#4513,#4514,#4515),(#4516,
#4517,#4518,#4519),(#4520,#4521,#4522,#4523),(#4524,#4525,#4526,#4527)),
.UNSPECIFIED.,.F.,.F.,.F.,(4,4),(4,4),(-1.262599944938E-1,6.439259719865E0),(
-1.563947590103E0,4.326737010366E-2),.UNSPECIFIED.);
#4529=ORIENTED_EDGE('',*,*,#4499,.F.);
#4530=ORIENTED_EDGE('',*,*,#3098,.F.);
#4532=ORIENTED_EDGE('',*,*,#4531,.T.);
#4533=ORIENTED_EDGE('',*,*,#3577,.F.);
#4534=EDGE_LOOP('',(#4529,#4530,#4532,#4533));
#4535=FACE_OUTER_BOUND('',#4534,.F.);
#4536=ADVANCED_FACE('',(#4535),#4528,.F.);
#4537=FILL_AREA_STYLE_COLOUR('',#2);
#4538=FILL_AREA_STYLE('',(#4537));
#4539=SURFACE_STYLE_FILL_AREA(#4538);
#4540=SURFACE_SIDE_STYLE('',(#4539));
#4541=SURFACE_STYLE_USAGE(.BOTH.,#4540);
#4542=PRESENTATION_STYLE_ASSIGNMENT((#4541));
#4543=STYLED_ITEM('',(#4542),#4536);
#4544=CARTESIAN_POINT('',(6.148380940395E0,2.040655901036E-1,4.706999397284E0));
#4545=CARTESIAN_POINT('',(6.148380940395E0,-1.403149370104E0,4.706999397284E0));
#4547=CARTESIAN_POINT('',(6.147722277630E0,2.008776435251E-1,4.693185851240E0));
#4548=DIRECTION('',(0.E0,-1.E0,0.E0));
#4549=AXIS1_PLACEMENT('',#4547,#4548);
#4550=SURFACE_OF_REVOLUTION('',#4546,#4549);
#4551=ORIENTED_EDGE('',*,*,#4531,.F.);
#4552=ORIENTED_EDGE('',*,*,#3096,.F.);
#4554=ORIENTED_EDGE('',*,*,#4553,.T.);
#4555=ORIENTED_EDGE('',*,*,#3579,.F.);
#4556=EDGE_LOOP('',(#4551,#4552,#4554,#4555));
#4557=FACE_OUTER_BOUND('',#4556,.F.);
#4558=ADVANCED_FACE('',(#4557),#4550,.T.);
#4559=FILL_AREA_STYLE_COLOUR('',#2);
#4560=FILL_AREA_STYLE('',(#4559));
#4561=SURFACE_STYLE_FILL_AREA(#4560);
#4562=SURFACE_SIDE_STYLE('',(#4561));
#4563=SURFACE_STYLE_USAGE(.BOTH.,#4562);
#4564=PRESENTATION_STYLE_ASSIGNMENT((#4563));
#4565=STYLED_ITEM('',(#4564),#4558);
#4566=CARTESIAN_POINT('',(6.161377613985E0,2.040655901036E-1,4.690999603271E0));
#4567=CARTESIAN_POINT('',(6.161377613985E0,-1.403149370104E0,4.690999603271E0));
#4569=CARTESIAN_POINT('',(6.410072412290E0,2.008776435251E-1,4.834141732120E0));
#4570=DIRECTION('',(0.E0,-1.E0,0.E0));
#4571=AXIS1_PLACEMENT('',#4569,#4570);
#4572=SURFACE_OF_REVOLUTION('',#4568,#4571);
#4573=ORIENTED_EDGE('',*,*,#4553,.F.);
#4574=ORIENTED_EDGE('',*,*,#3094,.F.);
#4576=ORIENTED_EDGE('',*,*,#4575,.T.);
#4577=ORIENTED_EDGE('',*,*,#3581,.F.);
#4578=EDGE_LOOP('',(#4573,#4574,#4576,#4577));
#4579=FACE_OUTER_BOUND('',#4578,.F.);
#4580=ADVANCED_FACE('',(#4579),#4572,.F.);
#4581=FILL_AREA_STYLE_COLOUR('',#2);
#4582=FILL_AREA_STYLE('',(#4581));
#4583=SURFACE_STYLE_FILL_AREA(#4582);
#4584=SURFACE_SIDE_STYLE('',(#4583));
#4585=SURFACE_STYLE_USAGE(.BOTH.,#4584);
#4586=PRESENTATION_STYLE_ASSIGNMENT((#4585));
#4587=STYLED_ITEM('',(#4586),#4580);
#4588=CARTESIAN_POINT('',(6.676380818325E0,2.040655901036E-1,4.940999603273E0));
#4589=CARTESIAN_POINT('',(6.676380818325E0,-1.403149370104E0,4.940999603273E0));
#4591=CARTESIAN_POINT('',(6.688887306950E0,2.008776435251E-1,4.946356606030E0));
#4592=DIRECTION('',(0.E0,-1.E0,0.E0));
#4593=AXIS1_PLACEMENT('',#4591,#4592);
#4594=SURFACE_OF_REVOLUTION('',#4590,#4593);
#4595=ORIENTED_EDGE('',*,*,#4575,.F.);
#4596=ORIENTED_EDGE('',*,*,#3092,.F.);
#4598=ORIENTED_EDGE('',*,*,#4597,.T.);
#4599=ORIENTED_EDGE('',*,*,#3583,.F.);
#4600=EDGE_LOOP('',(#4595,#4596,#4598,#4599));
#4601=FACE_OUTER_BOUND('',#4600,.F.);
#4602=ADVANCED_FACE('',(#4601),#4594,.T.);
#4603=FILL_AREA_STYLE_COLOUR('',#2);
#4604=FILL_AREA_STYLE('',(#4603));
#4605=SURFACE_STYLE_FILL_AREA(#4604);
#4606=SURFACE_SIDE_STYLE('',(#4605));
#4607=SURFACE_STYLE_USAGE(.BOTH.,#4606);
#4608=PRESENTATION_STYLE_ASSIGNMENT((#4607));
#4609=STYLED_ITEM('',(#4608),#4602);
#4610=CARTESIAN_POINT('',(6.650250408529E0,2.040655901036E-1,4.922123910415E0));
#4611=CARTESIAN_POINT('',(6.650250408529E0,-3.316727299655E-1,
4.922123910415E0));
#4612=CARTESIAN_POINT('',(6.650250408529E0,-8.674110500345E-1,
4.922123910415E0));
#4613=CARTESIAN_POINT('',(6.650250408529E0,-1.403149370104E0,4.922123910415E0));
#4614=CARTESIAN_POINT('',(7.018669878098E0,2.040655901036E-1,5.352707609020E0));
#4615=CARTESIAN_POINT('',(7.018669878098E0,-3.316727299655E-1,
5.352707609020E0));
#4616=CARTESIAN_POINT('',(7.018669878098E0,-8.674110500345E-1,
5.352707609020E0));
#4617=CARTESIAN_POINT('',(7.018669878098E0,-1.403149370104E0,5.352707609020E0));
#4618=CARTESIAN_POINT('',(7.387089347667E0,2.040655901036E-1,5.783291307624E0));
#4619=CARTESIAN_POINT('',(7.387089347667E0,-3.316727299655E-1,
5.783291307624E0));
#4620=CARTESIAN_POINT('',(7.387089347667E0,-8.674110500345E-1,
5.783291307624E0));
#4621=CARTESIAN_POINT('',(7.387089347667E0,-1.403149370104E0,5.783291307624E0));
#4622=CARTESIAN_POINT('',(7.755508817237E0,2.040655901036E-1,6.213875006229E0));
#4623=CARTESIAN_POINT('',(7.755508817237E0,-3.316727299655E-1,
6.213875006229E0));
#4624=CARTESIAN_POINT('',(7.755508817237E0,-8.674110500345E-1,
6.213875006229E0));
#4625=CARTESIAN_POINT('',(7.755508817237E0,-1.403149370104E0,6.213875006229E0));
#4626=B_SPLINE_SURFACE_WITH_KNOTS('',3,3,((#4610,#4611,#4612,#4613),(#4614,
#4615,#4616,#4617),(#4618,#4619,#4620,#4621),(#4622,#4623,#4624,#4625)),
.UNSPECIFIED.,.F.,.F.,.F.,(4,4),(4,4),(-4.326737008764E-2,1.656796465053E0),(
-1.563947590103E0,4.326737010366E-2),.UNSPECIFIED.);
#4627=ORIENTED_EDGE('',*,*,#4597,.F.);
#4628=ORIENTED_EDGE('',*,*,#3090,.F.);
#4630=ORIENTED_EDGE('',*,*,#4629,.T.);
#4631=ORIENTED_EDGE('',*,*,#3585,.F.);
#4632=EDGE_LOOP('',(#4627,#4628,#4630,#4631));
#4633=FACE_OUTER_BOUND('',#4632,.F.);
#4634=ADVANCED_FACE('',(#4633),#4626,.F.);
#4635=FILL_AREA_STYLE_COLOUR('',#2);
#4636=FILL_AREA_STYLE('',(#4635));
#4637=SURFACE_STYLE_FILL_AREA(#4636);
#4638=SURFACE_SIDE_STYLE('',(#4637));
#4639=SURFACE_STYLE_USAGE(.BOTH.,#4638);
#4640=PRESENTATION_STYLE_ASSIGNMENT((#4639));
#4641=STYLED_ITEM('',(#4640),#4634);
#4642=CARTESIAN_POINT('',(7.727379506058E0,2.040655901036E-1,6.180999374391E0));
#4643=CARTESIAN_POINT('',(7.727379506058E0,-1.403149370104E0,6.180999374391E0));
#4645=CARTESIAN_POINT('',(2.346273918619E1,2.008776435251E-1,
-9.538360511711E0));
#4646=DIRECTION('',(0.E0,-1.E0,0.E0));
#4647=AXIS1_PLACEMENT('',#4645,#4646);
#4648=SURFACE_OF_REVOLUTION('',#4644,#4647);
#4649=ORIENTED_EDGE('',*,*,#4629,.F.);
#4650=ORIENTED_EDGE('',*,*,#3088,.F.);
#4652=ORIENTED_EDGE('',*,*,#4651,.T.);
#4653=ORIENTED_EDGE('',*,*,#3587,.F.);
#4654=EDGE_LOOP('',(#4649,#4650,#4652,#4653));
#4655=FACE_OUTER_BOUND('',#4654,.F.);
#4656=ADVANCED_FACE('',(#4655),#4648,.T.);
#4657=FILL_AREA_STYLE_COLOUR('',#2);
#4658=FILL_AREA_STYLE('',(#4657));
#4659=SURFACE_STYLE_FILL_AREA(#4658);
#4660=SURFACE_SIDE_STYLE('',(#4659));
#4661=SURFACE_STYLE_USAGE(.BOTH.,#4660);
#4662=PRESENTATION_STYLE_ASSIGNMENT((#4661));
#4663=STYLED_ITEM('',(#4662),#4656);
#4664=CARTESIAN_POINT('',(7.742378895715E0,2.040655901036E-1,6.195999717718E0));
#4665=CARTESIAN_POINT('',(7.742378895715E0,-1.403149370104E0,6.195999717718E0));
#4667=CARTESIAN_POINT('',(7.751061485530E0,2.008776435251E-1,6.188587974090E0));
#4668=DIRECTION('',(0.E0,-1.E0,0.E0));
#4669=AXIS1_PLACEMENT('',#4667,#4668);
#4670=SURFACE_OF_REVOLUTION('',#4666,#4669);
#4671=ORIENTED_EDGE('',*,*,#4651,.F.);
#4672=ORIENTED_EDGE('',*,*,#3086,.F.);
#4674=ORIENTED_EDGE('',*,*,#4673,.T.);
#4675=ORIENTED_EDGE('',*,*,#3589,.F.);
#4676=EDGE_LOOP('',(#4671,#4672,#4674,#4675));
#4677=FACE_OUTER_BOUND('',#4676,.F.);
#4678=ADVANCED_FACE('',(#4677),#4670,.T.);
#4679=FILL_AREA_STYLE_COLOUR('',#2);
#4680=FILL_AREA_STYLE('',(#4679));
#4681=SURFACE_STYLE_FILL_AREA(#4680);
#4682=SURFACE_SIDE_STYLE('',(#4681));
#4683=SURFACE_STYLE_USAGE(.BOTH.,#4682);
#4684=PRESENTATION_STYLE_ASSIGNMENT((#4683));
#4685=STYLED_ITEM('',(#4684),#4678);
#4686=CARTESIAN_POINT('',(7.707708975975E0,2.040655901036E-1,6.199999427800E0));
#4687=CARTESIAN_POINT('',(7.707708975975E0,-3.316727299655E-1,
6.199999427800E0));
#4688=CARTESIAN_POINT('',(7.707708975975E0,-8.674110500345E-1,
6.199999427800E0));
#4689=CARTESIAN_POINT('',(7.707708975975E0,-1.403149370104E0,6.199999427800E0));
#4690=CARTESIAN_POINT('',(7.925700413786E0,2.040655901036E-1,6.199999427800E0));
#4691=CARTESIAN_POINT('',(7.925700413786E0,-3.316727299655E-1,
6.199999427800E0));
#4692=CARTESIAN_POINT('',(7.925700413786E0,-8.674110500345E-1,
6.199999427800E0));
#4693=CARTESIAN_POINT('',(7.925700413786E0,-1.403149370104E0,6.199999427800E0));
#4694=CARTESIAN_POINT('',(8.143691851596E0,2.040655901036E-1,6.199999427800E0));
#4695=CARTESIAN_POINT('',(8.143691851596E0,-3.316727299655E-1,
6.199999427800E0));
#4696=CARTESIAN_POINT('',(8.143691851596E0,-8.674110500345E-1,
6.199999427800E0));
#4697=CARTESIAN_POINT('',(8.143691851596E0,-1.403149370104E0,6.199999427800E0));
#4698=CARTESIAN_POINT('',(8.361683289407E0,2.040655901036E-1,6.199999427800E0));
#4699=CARTESIAN_POINT('',(8.361683289407E0,-3.316727299655E-1,
6.199999427800E0));
#4700=CARTESIAN_POINT('',(8.361683289407E0,-8.674110500345E-1,
6.199999427800E0));
#4701=CARTESIAN_POINT('',(8.361683289407E0,-1.403149370104E0,6.199999427800E0));
#4702=B_SPLINE_SURFACE_WITH_KNOTS('',3,3,((#4686,#4687,#4688,#4689),(#4690,
#4691,#4692,#4693),(#4694,#4695,#4696,#4697),(#4698,#4699,#4700,#4701)),
.UNSPECIFIED.,.F.,.F.,.F.,(4,4),(4,4),(-4.366879059463E-2,6.103055228364E-1),(
-1.563947590103E0,4.326737010366E-2),.UNSPECIFIED.);
#4703=ORIENTED_EDGE('',*,*,#4673,.F.);
#4704=ORIENTED_EDGE('',*,*,#3084,.F.);
#4706=ORIENTED_EDGE('',*,*,#4705,.T.);
#4707=ORIENTED_EDGE('',*,*,#3591,.F.);
#4708=EDGE_LOOP('',(#4703,#4704,#4706,#4707));
#4709=FACE_OUTER_BOUND('',#4708,.F.);
#4710=ADVANCED_FACE('',(#4709),#4702,.F.);
#4711=FILL_AREA_STYLE_COLOUR('',#2);
#4712=FILL_AREA_STYLE('',(#4711));
#4713=SURFACE_STYLE_FILL_AREA(#4712);
#4714=SURFACE_SIDE_STYLE('',(#4713));
#4715=SURFACE_STYLE_USAGE(.BOTH.,#4714);
#4716=PRESENTATION_STYLE_ASSIGNMENT((#4715));
#4717=STYLED_ITEM('',(#4716),#4710);
#4718=CARTESIAN_POINT('',(8.318379109341E0,2.040655901036E-1,6.199999427804E0));
#4719=CARTESIAN_POINT('',(8.318379109341E0,-1.403149370104E0,6.199999427804E0));
#4721=CARTESIAN_POINT('',(6.094478312130E0,2.008776435251E-1,
-2.712602528893E0));
#4722=DIRECTION('',(0.E0,-1.E0,0.E0));
#4723=AXIS1_PLACEMENT('',#4721,#4722);
#4724=SURFACE_OF_REVOLUTION('',#4720,#4723);
#4725=ORIENTED_EDGE('',*,*,#4705,.F.);
#4726=ORIENTED_EDGE('',*,*,#3082,.F.);
#4728=ORIENTED_EDGE('',*,*,#4727,.T.);
#4729=ORIENTED_EDGE('',*,*,#3593,.F.);
#4730=EDGE_LOOP('',(#4725,#4726,#4728,#4729));
#4731=FACE_OUTER_BOUND('',#4730,.F.);
#4732=ADVANCED_FACE('',(#4731),#4724,.T.);
#4733=FILL_AREA_STYLE_COLOUR('',#2);
#4734=FILL_AREA_STYLE('',(#4733));
#4735=SURFACE_STYLE_FILL_AREA(#4734);
#4736=SURFACE_SIDE_STYLE('',(#4735));
#4737=SURFACE_STYLE_USAGE(.BOTH.,#4736);
#4738=PRESENTATION_STYLE_ASSIGNMENT((#4737));
#4739=STYLED_ITEM('',(#4738),#4732);
#4740=CARTESIAN_POINT('',(8.326378529504E0,2.040655901036E-1,6.197999572754E0));
#4741=CARTESIAN_POINT('',(8.326378529504E0,-1.403149370104E0,6.197999572754E0));
#4743=CARTESIAN_POINT('',(8.543975034270E0,2.008776435251E-1,6.517589491820E0));
#4744=DIRECTION('',(0.E0,-1.E0,0.E0));
#4745=AXIS1_PLACEMENT('',#4743,#4744);
#4746=SURFACE_OF_REVOLUTION('',#4742,#4745);
#4747=ORIENTED_EDGE('',*,*,#2413,.F.);
#4748=ORIENTED_EDGE('',*,*,#3595,.F.);
#4749=ORIENTED_EDGE('',*,*,#4727,.F.);
#4750=ORIENTED_EDGE('',*,*,#3080,.F.);
#4751=EDGE_LOOP('',(#4747,#4748,#4749,#4750));
#4752=FACE_OUTER_BOUND('',#4751,.F.);
#4753=ADVANCED_FACE('',(#4752),#4746,.F.);
#4754=FILL_AREA_STYLE_COLOUR('',#2);
#4755=FILL_AREA_STYLE('',(#4754));
#4756=SURFACE_STYLE_FILL_AREA(#4755);
#4757=SURFACE_SIDE_STYLE('',(#4756));
#4758=SURFACE_STYLE_USAGE(.BOTH.,#4757);
#4759=PRESENTATION_STYLE_ASSIGNMENT((#4758));
#4760=STYLED_ITEM('',(#4759),#4753);
#4761=CARTESIAN_POINT('',(8.892380421600E0,2.040655901036E-1,8.426253217534E0));
#4762=CARTESIAN_POINT('',(8.892380421600E0,-3.316727299655E-1,
8.426253217534E0));
#4763=CARTESIAN_POINT('',(8.892380421600E0,-8.674110500345E-1,
8.426253217534E0));
#4764=CARTESIAN_POINT('',(8.892380421600E0,-1.403149370104E0,8.426253217534E0));
#4765=CARTESIAN_POINT('',(8.892380421600E0,2.040655901036E-1,9.704530780273E0));
#4766=CARTESIAN_POINT('',(8.892380421600E0,-3.316727299655E-1,
9.704530780273E0));
#4767=CARTESIAN_POINT('',(8.892380421600E0,-8.674110500345E-1,
9.704530780273E0));
#4768=CARTESIAN_POINT('',(8.892380421600E0,-1.403149370104E0,9.704530780273E0));
#4769=CARTESIAN_POINT('',(8.892380421600E0,2.040655901036E-1,1.098280834301E1));
#4770=CARTESIAN_POINT('',(8.892380421600E0,-3.316727299655E-1,
1.098280834301E1));
#4771=CARTESIAN_POINT('',(8.892380421600E0,-8.674110500345E-1,
1.098280834301E1));
#4772=CARTESIAN_POINT('',(8.892380421600E0,-1.403149370104E0,1.098280834301E1));
#4773=CARTESIAN_POINT('',(8.892380421600E0,2.040655901036E-1,1.226108590575E1));
#4774=CARTESIAN_POINT('',(8.892380421600E0,-3.316727299655E-1,
1.226108590575E1));
#4775=CARTESIAN_POINT('',(8.892380421600E0,-8.674110500345E-1,
1.226108590575E1));
#4776=CARTESIAN_POINT('',(8.892380421600E0,-1.403149370104E0,1.226108590575E1));
#4777=B_SPLINE_SURFACE_WITH_KNOTS('',3,3,((#4761,#4762,#4763,#4764),(#4765,
#4766,#4767,#4768),(#4769,#4770,#4771,#4772),(#4773,#4774,#4775,#4776)),
.UNSPECIFIED.,.F.,.F.,.F.,(4,4),(4,4),(1.739253324345E0,5.574086012564E0),(
-1.563947590103E0,4.326737010366E-2),.UNSPECIFIED.);
#4778=ORIENTED_EDGE('',*,*,#2287,.F.);
#4779=ORIENTED_EDGE('',*,*,#2788,.F.);
#4781=ORIENTED_EDGE('',*,*,#4780,.T.);
#4782=ORIENTED_EDGE('',*,*,#3382,.F.);
#4783=EDGE_LOOP('',(#4778,#4779,#4781,#4782));
#4784=FACE_OUTER_BOUND('',#4783,.F.);
#4785=ADVANCED_FACE('',(#4784),#4777,.F.);
#4786=FILL_AREA_STYLE_COLOUR('',#2);
#4787=FILL_AREA_STYLE('',(#4786));
#4788=SURFACE_STYLE_FILL_AREA(#4787);
#4789=SURFACE_SIDE_STYLE('',(#4788));
#4790=SURFACE_STYLE_USAGE(.BOTH.,#4789);
#4791=PRESENTATION_STYLE_ASSIGNMENT((#4790));
#4792=STYLED_ITEM('',(#4791),#4785);
#4793=CARTESIAN_POINT('',(8.892380421596E0,2.040655901036E-1,1.218699989320E1));
#4794=CARTESIAN_POINT('',(8.892380421596E0,-1.403149370104E0,1.218699989320E1));
#4796=CARTESIAN_POINT('',(9.305498037710E0,2.008776435251E-1,1.218688238444E1));
#4797=DIRECTION('',(0.E0,-1.E0,0.E0));
#4798=AXIS1_PLACEMENT('',#4796,#4797);
#4799=SURFACE_OF_REVOLUTION('',#4795,#4798);
#4800=ORIENTED_EDGE('',*,*,#4780,.F.);
#4801=ORIENTED_EDGE('',*,*,#2786,.F.);
#4803=ORIENTED_EDGE('',*,*,#4802,.T.);
#4804=ORIENTED_EDGE('',*,*,#3384,.F.);
#4805=EDGE_LOOP('',(#4800,#4801,#4803,#4804));
#4806=FACE_OUTER_BOUND('',#4805,.F.);
#4807=ADVANCED_FACE('',(#4806),#4799,.T.);
#4808=FILL_AREA_STYLE_COLOUR('',#2);
#4809=FILL_AREA_STYLE('',(#4808));
#4810=SURFACE_STYLE_FILL_AREA(#4809);
#4811=SURFACE_SIDE_STYLE('',(#4810));
#4812=SURFACE_STYLE_USAGE(.BOTH.,#4811);
#4813=PRESENTATION_STYLE_ASSIGNMENT((#4812));
#4814=STYLED_ITEM('',(#4813),#4807);
#4815=CARTESIAN_POINT('',(9.262365648539E0,2.040655901036E-1,1.26E1));
#4816=CARTESIAN_POINT('',(9.262365648539E0,-3.316727299655E-1,1.26E1));
#4817=CARTESIAN_POINT('',(9.262365648539E0,-8.674110500345E-1,1.26E1));
#4818=CARTESIAN_POINT('',(9.262365648539E0,-1.403149370104E0,1.26E1));
#4819=CARTESIAN_POINT('',(9.691126015899E0,2.040655901036E-1,1.26E1));
#4820=CARTESIAN_POINT('',(9.691126015899E0,-3.316727299655E-1,1.26E1));
#4821=CARTESIAN_POINT('',(9.691126015899E0,-8.674110500345E-1,1.26E1));
#4822=CARTESIAN_POINT('',(9.691126015899E0,-1.403149370104E0,1.26E1));
#4823=CARTESIAN_POINT('',(1.011988638326E1,2.040655901036E-1,1.26E1));
#4824=CARTESIAN_POINT('',(1.011988638326E1,-3.316727299655E-1,1.26E1));
#4825=CARTESIAN_POINT('',(1.011988638326E1,-8.674110500345E-1,1.26E1));
#4826=CARTESIAN_POINT('',(1.011988638326E1,-1.403149370104E0,1.26E1));
#4827=CARTESIAN_POINT('',(1.054864675062E1,2.040655901036E-1,1.26E1));
#4828=CARTESIAN_POINT('',(1.054864675062E1,-3.316727299655E-1,1.26E1));
#4829=CARTESIAN_POINT('',(1.054864675062E1,-8.674110500345E-1,1.26E1));
#4830=CARTESIAN_POINT('',(1.054864675062E1,-1.403149370104E0,1.26E1));
#4831=B_SPLINE_SURFACE_WITH_KNOTS('',3,3,((#4815,#4816,#4817,#4818),(#4819,
#4820,#4821,#4822),(#4823,#4824,#4825,#4826),(#4827,#4828,#4829,#4830)),
.UNSPECIFIED.,.F.,.F.,.F.,(4,4),(4,4),(-4.301297252072E-2,1.243268129564E0),(
-1.563947590103E0,4.326737010366E-2),.UNSPECIFIED.);
#4832=ORIENTED_EDGE('',*,*,#4802,.F.);
#4833=ORIENTED_EDGE('',*,*,#2784,.F.);
#4835=ORIENTED_EDGE('',*,*,#4834,.T.);
#4836=ORIENTED_EDGE('',*,*,#3386,.F.);
#4837=EDGE_LOOP('',(#4832,#4833,#4835,#4836));
#4838=FACE_OUTER_BOUND('',#4837,.F.);
#4839=ADVANCED_FACE('',(#4838),#4831,.F.);
#4840=FILL_AREA_STYLE_COLOUR('',#2);
#4841=FILL_AREA_STYLE('',(#4840));
#4842=SURFACE_STYLE_FILL_AREA(#4841);
#4843=SURFACE_SIDE_STYLE('',(#4842));
#4844=SURFACE_STYLE_USAGE(.BOTH.,#4843);
#4845=PRESENTATION_STYLE_ASSIGNMENT((#4844));
#4846=STYLED_ITEM('',(#4845),#4839);
#4847=CARTESIAN_POINT('',(1.050537938400E1,2.040655901036E-1,1.260000000001E1));
#4848=CARTESIAN_POINT('',(1.050537938400E1,-1.403149370104E0,1.260000000001E1));
#4850=CARTESIAN_POINT('',(1.050570141185E1,2.008776435251E-1,1.258630842788E1));
#4851=DIRECTION('',(0.E0,-1.E0,0.E0));
#4852=AXIS1_PLACEMENT('',#4850,#4851);
#4853=SURFACE_OF_REVOLUTION('',#4849,#4852);
#4854=ORIENTED_EDGE('',*,*,#4834,.F.);
#4855=ORIENTED_EDGE('',*,*,#2782,.F.);
#4857=ORIENTED_EDGE('',*,*,#4856,.T.);
#4858=ORIENTED_EDGE('',*,*,#3388,.F.);
#4859=EDGE_LOOP('',(#4854,#4855,#4857,#4858));
#4860=FACE_OUTER_BOUND('',#4859,.F.);
#4861=ADVANCED_FACE('',(#4860),#4853,.T.);
#4862=FILL_AREA_STYLE_COLOUR('',#2);
#4863=FILL_AREA_STYLE('',(#4862));
#4864=SURFACE_STYLE_FILL_AREA(#4863);
#4865=SURFACE_SIDE_STYLE('',(#4864));
#4866=SURFACE_STYLE_USAGE(.BOTH.,#4865);
#4867=PRESENTATION_STYLE_ASSIGNMENT((#4866));
#4868=STYLED_ITEM('',(#4867),#4861);
#4869=CARTESIAN_POINT('',(1.051937932297E1,2.040655901036E-1,1.266873950195E1));
#4870=CARTESIAN_POINT('',(1.051937932297E1,-3.316727299655E-1,
1.266873950195E1));
#4871=CARTESIAN_POINT('',(1.051937932297E1,-8.674110500345E-1,
1.266873950195E1));
#4872=CARTESIAN_POINT('',(1.051937932297E1,-1.403149370104E0,1.266873950195E1));
#4873=CARTESIAN_POINT('',(1.051937932297E1,2.040655901036E-1,1.125191300456E1));
#4874=CARTESIAN_POINT('',(1.051937932297E1,-3.316727299655E-1,
1.125191300456E1));
#4875=CARTESIAN_POINT('',(1.051937932297E1,-8.674110500345E-1,
1.125191300456E1));
#4876=CARTESIAN_POINT('',(1.051937932297E1,-1.403149370104E0,1.125191300456E1));
#4877=CARTESIAN_POINT('',(1.051937932297E1,2.040655901036E-1,9.835086507162E0));
#4878=CARTESIAN_POINT('',(1.051937932297E1,-3.316727299655E-1,
9.835086507162E0));
#4879=CARTESIAN_POINT('',(1.051937932297E1,-8.674110500345E-1,
9.835086507162E0));
#4880=CARTESIAN_POINT('',(1.051937932297E1,-1.403149370104E0,9.835086507162E0));
#4881=CARTESIAN_POINT('',(1.051937932297E1,2.040655901036E-1,8.418260009766E0));
#4882=CARTESIAN_POINT('',(1.051937932297E1,-3.316727299655E-1,
8.418260009766E0));
#4883=CARTESIAN_POINT('',(1.051937932297E1,-8.674110500345E-1,
8.418260009766E0));
#4884=CARTESIAN_POINT('',(1.051937932297E1,-1.403149370104E0,8.418260009766E0));
#4885=B_SPLINE_SURFACE_WITH_KNOTS('',3,3,((#4869,#4870,#4871,#4872),(#4873,
#4874,#4875,#4876),(#4877,#4878,#4879,#4880),(#4881,#4882,#4883,#4884)),
.UNSPECIFIED.,.F.,.F.,.F.,(4,4),(4,4),(-8.173999023480E-2,4.168739501954E0),(
-1.563947590103E0,4.326737010366E-2),.UNSPECIFIED.);
#4886=ORIENTED_EDGE('',*,*,#2283,.F.);
#4887=ORIENTED_EDGE('',*,*,#3390,.F.);
#4888=ORIENTED_EDGE('',*,*,#4856,.F.);
#4889=ORIENTED_EDGE('',*,*,#2780,.F.);
#4890=EDGE_LOOP('',(#4886,#4887,#4888,#4889));
#4891=FACE_OUTER_BOUND('',#4890,.F.);
#4892=ADVANCED_FACE('',(#4891),#4885,.F.);
#4893=FILL_AREA_STYLE_COLOUR('',#2);
#4894=FILL_AREA_STYLE('',(#4893));
#4895=SURFACE_STYLE_FILL_AREA(#4894);
#4896=SURFACE_SIDE_STYLE('',(#4895));
#4897=SURFACE_STYLE_USAGE(.BOTH.,#4896);
#4898=PRESENTATION_STYLE_ASSIGNMENT((#4897));
#4899=STYLED_ITEM('',(#4898),#4892);
#4900=CARTESIAN_POINT('',(1.129237813278E1,2.040655901036E-1,8.418258086902E0));
#4901=CARTESIAN_POINT('',(1.129237813278E1,-3.316727299655E-1,
8.418258086902E0));
#4902=CARTESIAN_POINT('',(1.129237813278E1,-8.674110500345E-1,
8.418258086902E0));
#4903=CARTESIAN_POINT('',(1.129237813278E1,-1.403149370104E0,8.418258086902E0));
#4904=CARTESIAN_POINT('',(1.129237813278E1,2.040655901036E-1,9.835117913931E0));
#4905=CARTESIAN_POINT('',(1.129237813278E1,-3.316727299655E-1,
9.835117913931E0));
#4906=CARTESIAN_POINT('',(1.129237813278E1,-8.674110500345E-1,
9.835117913931E0));
#4907=CARTESIAN_POINT('',(1.129237813278E1,-1.403149370104E0,9.835117913931E0));
#4908=CARTESIAN_POINT('',(1.129237813278E1,2.040655901036E-1,1.125197774096E1));
#4909=CARTESIAN_POINT('',(1.129237813278E1,-3.316727299655E-1,
1.125197774096E1));
#4910=CARTESIAN_POINT('',(1.129237813278E1,-8.674110500345E-1,
1.125197774096E1));
#4911=CARTESIAN_POINT('',(1.129237813278E1,-1.403149370104E0,1.125197774096E1));
#4912=CARTESIAN_POINT('',(1.129237813278E1,2.040655901036E-1,1.266883756799E1));
#4913=CARTESIAN_POINT('',(1.129237813278E1,-3.316727299655E-1,
1.266883756799E1));
#4914=CARTESIAN_POINT('',(1.129237813278E1,-8.674110500345E-1,
1.266883756799E1));
#4915=CARTESIAN_POINT('',(1.129237813278E1,-1.403149370104E0,1.266883756799E1));
#4916=B_SPLINE_SURFACE_WITH_KNOTS('',3,3,((#4900,#4901,#4902,#4903),(#4904,
#4905,#4906,#4907),(#4908,#4909,#4910,#4911),(#4912,#4913,#4914,#4915)),
.UNSPECIFIED.,.F.,.F.,.F.,(4,4),(4,4),(1.731258193712E0,5.981837674796E0),(
-1.563947590103E0,4.326737010366E-2),.UNSPECIFIED.);
#4917=ORIENTED_EDGE('',*,*,#2277,.F.);
#4918=ORIENTED_EDGE('',*,*,#2744,.F.);
#4920=ORIENTED_EDGE('',*,*,#4919,.T.);
#4921=ORIENTED_EDGE('',*,*,#3426,.F.);
#4922=EDGE_LOOP('',(#4917,#4918,#4920,#4921));
#4923=FACE_OUTER_BOUND('',#4922,.F.);
#4924=ADVANCED_FACE('',(#4923),#4916,.F.);
#4925=FILL_AREA_STYLE_COLOUR('',#2);
#4926=FILL_AREA_STYLE('',(#4925));
#4927=SURFACE_STYLE_FILL_AREA(#4926);
#4928=SURFACE_SIDE_STYLE('',(#4927));
#4929=SURFACE_STYLE_USAGE(.BOTH.,#4928);
#4930=PRESENTATION_STYLE_ASSIGNMENT((#4929));
#4931=STYLED_ITEM('',(#4930),#4924);
#4932=CARTESIAN_POINT('',(1.129237813278E1,2.040655901036E-1,1.258699951172E1));
#4933=CARTESIAN_POINT('',(1.129237813278E1,-1.403149370104E0,1.258699951172E1));
#4935=CARTESIAN_POINT('',(1.130608063997E1,2.008776435251E-1,1.258629749281E1));
#4936=DIRECTION('',(0.E0,-1.E0,0.E0));
#4937=AXIS1_PLACEMENT('',#4935,#4936);
#4938=SURFACE_OF_REVOLUTION('',#4934,#4937);
#4939=ORIENTED_EDGE('',*,*,#4919,.F.);
#4940=ORIENTED_EDGE('',*,*,#2742,.F.);
#4942=ORIENTED_EDGE('',*,*,#4941,.T.);
#4943=ORIENTED_EDGE('',*,*,#3428,.F.);
#4944=EDGE_LOOP('',(#4939,#4940,#4942,#4943));
#4945=FACE_OUTER_BOUND('',#4944,.F.);
#4946=ADVANCED_FACE('',(#4945),#4938,.T.);
#4947=FILL_AREA_STYLE_COLOUR('',#2);
#4948=FILL_AREA_STYLE('',(#4947));
#4949=SURFACE_STYLE_FILL_AREA(#4948);
#4950=SURFACE_SIDE_STYLE('',(#4949));
#4951=SURFACE_STYLE_USAGE(.BOTH.,#4950);
#4952=PRESENTATION_STYLE_ASSIGNMENT((#4951));
#4953=STYLED_ITEM('',(#4952),#4946);
#4954=CARTESIAN_POINT('',(1.126177906122E1,2.040655901036E-1,1.26E1));
#4955=CARTESIAN_POINT('',(1.126177906122E1,-3.316727299655E-1,1.26E1));
#4956=CARTESIAN_POINT('',(1.126177906122E1,-8.674110500345E-1,1.26E1));
#4957=CARTESIAN_POINT('',(1.126177906122E1,-1.403149370104E0,1.26E1));
#4958=CARTESIAN_POINT('',(1.169073708450E1,2.040655901036E-1,1.26E1));
#4959=CARTESIAN_POINT('',(1.169073708450E1,-3.316727299655E-1,1.26E1));
#4960=CARTESIAN_POINT('',(1.169073708450E1,-8.674110500345E-1,1.26E1));
#4961=CARTESIAN_POINT('',(1.169073708450E1,-1.403149370104E0,1.26E1));
#4962=CARTESIAN_POINT('',(1.211969510777E1,2.040655901036E-1,1.26E1));
#4963=CARTESIAN_POINT('',(1.211969510777E1,-3.316727299655E-1,1.26E1));
#4964=CARTESIAN_POINT('',(1.211969510777E1,-8.674110500345E-1,1.26E1));
#4965=CARTESIAN_POINT('',(1.211969510777E1,-1.403149370104E0,1.26E1));
#4966=CARTESIAN_POINT('',(1.254865313105E1,2.040655901036E-1,1.26E1));
#4967=CARTESIAN_POINT('',(1.254865313105E1,-3.316727299655E-1,1.26E1));
#4968=CARTESIAN_POINT('',(1.254865313105E1,-8.674110500345E-1,1.26E1));
#4969=CARTESIAN_POINT('',(1.254865313105E1,-1.403149370104E0,1.26E1));
#4970=B_SPLINE_SURFACE_WITH_KNOTS('',3,3,((#4954,#4955,#4956,#4957),(#4958,
#4959,#4960,#4961),(#4962,#4963,#4964,#4965),(#4966,#4967,#4968,#4969)),
.UNSPECIFIED.,.F.,.F.,.F.,(4,4),(4,4),(-4.359955983397E-2,1.243274509993E0),(
-1.563947590103E0,4.326737010366E-2),.UNSPECIFIED.);
#4971=ORIENTED_EDGE('',*,*,#4941,.F.);
#4972=ORIENTED_EDGE('',*,*,#2740,.F.);
#4974=ORIENTED_EDGE('',*,*,#4973,.T.);
#4975=ORIENTED_EDGE('',*,*,#3430,.F.);
#4976=EDGE_LOOP('',(#4971,#4972,#4974,#4975));
#4977=FACE_OUTER_BOUND('',#4976,.F.);
#4978=ADVANCED_FACE('',(#4977),#4970,.F.);
#4979=FILL_AREA_STYLE_COLOUR('',#2);
#4980=FILL_AREA_STYLE('',(#4979));
#4981=SURFACE_STYLE_FILL_AREA(#4980);
#4982=SURFACE_SIDE_STYLE('',(#4981));
#4983=SURFACE_STYLE_USAGE(.BOTH.,#4982);
#4984=PRESENTATION_STYLE_ASSIGNMENT((#4983));
#4985=STYLED_ITEM('',(#4984),#4978);
#4986=CARTESIAN_POINT('',(1.250537938400E1,2.040655901036E-1,1.260000000001E1));
#4987=CARTESIAN_POINT('',(1.250537938400E1,-1.403149370104E0,1.260000000001E1));
#4989=CARTESIAN_POINT('',(1.250625516394E1,2.008776435251E-1,1.218687522457E1));
#4990=DIRECTION('',(0.E0,-1.E0,0.E0));
#4991=AXIS1_PLACEMENT('',#4989,#4990);
#4992=SURFACE_OF_REVOLUTION('',#4988,#4991);
#4993=ORIENTED_EDGE('',*,*,#4973,.F.);
#4994=ORIENTED_EDGE('',*,*,#2738,.F.);
#4996=ORIENTED_EDGE('',*,*,#4995,.T.);
#4997=ORIENTED_EDGE('',*,*,#3432,.F.);
#4998=EDGE_LOOP('',(#4993,#4994,#4996,#4997));
#4999=FACE_OUTER_BOUND('',#4998,.F.);
#5000=ADVANCED_FACE('',(#4999),#4992,.T.);
#5001=FILL_AREA_STYLE_COLOUR('',#2);
#5002=FILL_AREA_STYLE('',(#5001));
#5003=SURFACE_STYLE_FILL_AREA(#5002);
#5004=SURFACE_SIDE_STYLE('',(#5003));
#5005=SURFACE_STYLE_USAGE(.BOTH.,#5004);
#5006=PRESENTATION_STYLE_ASSIGNMENT((#5005));
#5007=STYLED_ITEM('',(#5006),#5000);
#5008=CARTESIAN_POINT('',(1.291938084884E1,2.040655901036E-1,1.243727407713E1));
#5009=CARTESIAN_POINT('',(1.291938084884E1,-3.316727299655E-1,
1.243727407713E1));
#5010=CARTESIAN_POINT('',(1.291938084884E1,-8.674110500345E-1,
1.243727407713E1));
#5011=CARTESIAN_POINT('',(1.291938084884E1,-1.403149370104E0,1.243727407713E1));
#5012=CARTESIAN_POINT('',(1.291938084884E1,2.040655901036E-1,8.108265853511E0));
#5013=CARTESIAN_POINT('',(1.291938084884E1,-3.316727299655E-1,
8.108265853511E0));
#5014=CARTESIAN_POINT('',(1.291938084884E1,-8.674110500345E-1,
8.108265853511E0));
#5015=CARTESIAN_POINT('',(1.291938084884E1,-1.403149370104E0,8.108265853511E0));
#5016=CARTESIAN_POINT('',(1.291938084884E1,2.040655901036E-1,3.779257629893E0));
#5017=CARTESIAN_POINT('',(1.291938084884E1,-3.316727299655E-1,
3.779257629893E0));
#5018=CARTESIAN_POINT('',(1.291938084884E1,-8.674110500345E-1,
3.779257629893E0));
#5019=CARTESIAN_POINT('',(1.291938084884E1,-1.403149370104E0,3.779257629893E0));
#5020=CARTESIAN_POINT('',(1.291938084884E1,2.040655901036E-1,
-5.497505937256E-1));
#5021=CARTESIAN_POINT('',(1.291938084884E1,-3.316727299655E-1,
-5.497505937256E-1));
#5022=CARTESIAN_POINT('',(1.291938084884E1,-8.674110500345E-1,
-5.497505937256E-1));
#5023=CARTESIAN_POINT('',(1.291938084884E1,-1.403149370104E0,
-5.497505937256E-1));
#5024=B_SPLINE_SURFACE_WITH_KNOTS('',3,3,((#5008,#5009,#5010,#5011),(#5012,
#5013,#5014,#5015),(#5016,#5017,#5018,#5019),(#5020,#5021,#5022,#5023)),
.UNSPECIFIED.,.F.,.F.,.F.,(4,4),(4,4),(-2.502741839444E-1,1.273675048692E1),(
-1.563947590103E0,4.326737010366E-2),.UNSPECIFIED.);
#5025=ORIENTED_EDGE('',*,*,#2273,.F.);
#5026=ORIENTED_EDGE('',*,*,#3434,.F.);
#5027=ORIENTED_EDGE('',*,*,#4995,.F.);
#5028=ORIENTED_EDGE('',*,*,#2736,.F.);
#5029=EDGE_LOOP('',(#5025,#5026,#5027,#5028));
#5030=FACE_OUTER_BOUND('',#5029,.F.);
#5031=ADVANCED_FACE('',(#5030),#5024,.F.);
#5032=FILL_AREA_STYLE_COLOUR('',#2);
#5033=FILL_AREA_STYLE('',(#5032));
#5034=SURFACE_STYLE_FILL_AREA(#5033);
#5035=SURFACE_SIDE_STYLE('',(#5034));
#5036=SURFACE_STYLE_USAGE(.BOTH.,#5035);
#5037=PRESENTATION_STYLE_ASSIGNMENT((#5036));
#5038=STYLED_ITEM('',(#5037),#5031);
#5039=CARTESIAN_POINT('',(1.291938084884E1,2.040655901036E-1,1.243727407713E1));
#5040=CARTESIAN_POINT('',(1.291938084884E1,-3.316727299655E-1,
1.243727407713E1));
#5041=CARTESIAN_POINT('',(1.291938084884E1,-8.674110500345E-1,
1.243727407713E1));
#5042=CARTESIAN_POINT('',(1.291938084884E1,-1.403149370104E0,1.243727407713E1));
#5043=CARTESIAN_POINT('',(1.291938084884E1,2.040655901036E-1,8.108265853511E0));
#5044=CARTESIAN_POINT('',(1.291938084884E1,-3.316727299655E-1,
8.108265853511E0));
#5045=CARTESIAN_POINT('',(1.291938084884E1,-8.674110500345E-1,
8.108265853511E0));
#5046=CARTESIAN_POINT('',(1.291938084884E1,-1.403149370104E0,8.108265853511E0));
#5047=CARTESIAN_POINT('',(1.291938084884E1,2.040655901036E-1,3.779257629893E0));
#5048=CARTESIAN_POINT('',(1.291938084884E1,-3.316727299655E-1,
3.779257629893E0));
#5049=CARTESIAN_POINT('',(1.291938084884E1,-8.674110500345E-1,
3.779257629893E0));
#5050=CARTESIAN_POINT('',(1.291938084884E1,-1.403149370104E0,3.779257629893E0));
#5051=CARTESIAN_POINT('',(1.291938084884E1,2.040655901036E-1,
-5.497505937256E-1));
#5052=CARTESIAN_POINT('',(1.291938084884E1,-3.316727299655E-1,
-5.497505937256E-1));
#5053=CARTESIAN_POINT('',(1.291938084884E1,-8.674110500345E-1,
-5.497505937256E-1));
#5054=CARTESIAN_POINT('',(1.291938084884E1,-1.403149370104E0,
-5.497505937256E-1));
#5055=B_SPLINE_SURFACE_WITH_KNOTS('',3,3,((#5039,#5040,#5041,#5042),(#5043,
#5044,#5045,#5046),(#5047,#5048,#5049,#5050),(#5051,#5052,#5053,#5054)),
.UNSPECIFIED.,.F.,.F.,.F.,(4,4),(4,4),(-2.502741839444E-1,1.273675048692E1),(
-1.563947590103E0,4.326737010366E-2),.UNSPECIFIED.);
#5056=ORIENTED_EDGE('',*,*,#2399,.F.);
#5057=ORIENTED_EDGE('',*,*,#3074,.F.);
#5059=ORIENTED_EDGE('',*,*,#5058,.T.);
#5060=ORIENTED_EDGE('',*,*,#3470,.F.);
#5061=EDGE_LOOP('',(#5056,#5057,#5059,#5060));
#5062=FACE_OUTER_BOUND('',#5061,.F.);
#5063=ADVANCED_FACE('',(#5062),#5055,.F.);
#5064=FILL_AREA_STYLE_COLOUR('',#2);
#5065=FILL_AREA_STYLE('',(#5064));
#5066=SURFACE_STYLE_FILL_AREA(#5065);
#5067=SURFACE_SIDE_STYLE('',(#5066));
#5068=SURFACE_STYLE_USAGE(.POSITIVE.,#5067);
#5069=PRESENTATION_STYLE_ASSIGNMENT((#5068));
#5070=STYLED_ITEM('',(#5069),#5063);
#5071=CARTESIAN_POINT('',(1.291938084885E1,2.040655901036E-1,
-3.000000953595E-1));
#5072=CARTESIAN_POINT('',(1.291938084885E1,-1.403149370104E0,
-3.000000953595E-1));
#5074=CARTESIAN_POINT('',(1.290037182854E1,2.008776435251E-1,
-2.959912264960E-1));
#5075=DIRECTION('',(0.E0,-1.E0,0.E0));
#5076=AXIS1_PLACEMENT('',#5074,#5075);
#5077=SURFACE_OF_REVOLUTION('',#5073,#5076);
#5078=ORIENTED_EDGE('',*,*,#5058,.F.);
#5079=ORIENTED_EDGE('',*,*,#3072,.F.);
#5081=ORIENTED_EDGE('',*,*,#5080,.T.);
#5082=ORIENTED_EDGE('',*,*,#3472,.F.);
#5083=EDGE_LOOP('',(#5078,#5079,#5081,#5082));
#5084=FACE_OUTER_BOUND('',#5083,.F.);
#5085=ADVANCED_FACE('',(#5084),#5077,.T.);
#5086=FILL_AREA_STYLE_COLOUR('',#2);
#5087=FILL_AREA_STYLE('',(#5086));
#5088=SURFACE_STYLE_FILL_AREA(#5087);
#5089=SURFACE_SIDE_STYLE('',(#5088));
#5090=SURFACE_STYLE_USAGE(.BOTH.,#5089);
#5091=PRESENTATION_STYLE_ASSIGNMENT((#5090));
#5092=STYLED_ITEM('',(#5091),#5085);
#5093=CARTESIAN_POINT('',(1.291137761398E1,2.040655901036E-1,
-3.120001792824E-1));
#5094=CARTESIAN_POINT('',(1.291137761398E1,-1.403149370104E0,
-3.120001792824E-1));
#5096=CARTESIAN_POINT('',(1.289950775976E1,2.008776435251E-1,
-3.071951883960E-1));
#5097=DIRECTION('',(0.E0,-1.E0,0.E0));
#5098=AXIS1_PLACEMENT('',#5096,#5097);
#5099=SURFACE_OF_REVOLUTION('',#5095,#5098);
#5100=ORIENTED_EDGE('',*,*,#5080,.F.);
#5101=ORIENTED_EDGE('',*,*,#3070,.F.);
#5103=ORIENTED_EDGE('',*,*,#5102,.T.);
#5104=ORIENTED_EDGE('',*,*,#3474,.F.);
#5105=EDGE_LOOP('',(#5100,#5101,#5103,#5104));
#5106=FACE_OUTER_BOUND('',#5105,.F.);
#5107=ADVANCED_FACE('',(#5106),#5099,.T.);
#5108=FILL_AREA_STYLE_COLOUR('',#2);
#5109=FILL_AREA_STYLE('',(#5108));
#5110=SURFACE_STYLE_FILL_AREA(#5109);
#5111=SURFACE_SIDE_STYLE('',(#5110));
#5112=SURFACE_STYLE_USAGE(.BOTH.,#5111);
#5113=PRESENTATION_STYLE_ASSIGNMENT((#5112));
#5114=STYLED_ITEM('',(#5113),#5107);
#5115=CARTESIAN_POINT('',(1.294264776118E1,2.040655901036E-1,
-3.200000762860E-1));
#5116=CARTESIAN_POINT('',(1.294264776118E1,-3.316727299655E-1,
-3.200000762860E-1));
#5117=CARTESIAN_POINT('',(1.294264776118E1,-8.674110500345E-1,
-3.200000762860E-1));
#5118=CARTESIAN_POINT('',(1.294264776118E1,-1.403149370104E0,
-3.200000762860E-1));
#5119=CARTESIAN_POINT('',(1.283246968738E1,2.040655901036E-1,
-3.200000762860E-1));
#5120=CARTESIAN_POINT('',(1.283246968738E1,-3.316727299655E-1,
-3.200000762860E-1));
#5121=CARTESIAN_POINT('',(1.283246968738E1,-8.674110500345E-1,
-3.200000762860E-1));
#5122=CARTESIAN_POINT('',(1.283246968738E1,-1.403149370104E0,
-3.200000762860E-1));
#5123=CARTESIAN_POINT('',(1.272229161358E1,2.040655901036E-1,
-3.200000762860E-1));
#5124=CARTESIAN_POINT('',(1.272229161358E1,-3.316727299655E-1,
-3.200000762860E-1));
#5125=CARTESIAN_POINT('',(1.272229161358E1,-8.674110500345E-1,
-3.200000762860E-1));
#5126=CARTESIAN_POINT('',(1.272229161358E1,-1.403149370104E0,
-3.200000762860E-1));
#5127=CARTESIAN_POINT('',(1.261211353977E1,2.040655901036E-1,
-3.200000762860E-1));
#5128=CARTESIAN_POINT('',(1.261211353977E1,-3.316727299655E-1,
-3.200000762860E-1));
#5129=CARTESIAN_POINT('',(1.261211353977E1,-8.674110500345E-1,
-3.200000762860E-1));
#5130=CARTESIAN_POINT('',(1.261211353977E1,-1.403149370104E0,
-3.200000762860E-1));
#5131=B_SPLINE_SURFACE_WITH_KNOTS('',3,3,((#5115,#5116,#5117,#5118),(#5119,
#5120,#5121,#5122),(#5123,#5124,#5125,#5126),(#5127,#5128,#5129,#5130)),
.UNSPECIFIED.,.F.,.F.,.F.,(4,4),(4,4),(-4.326737010866E-2,2.872668513136E-1),(
-1.563947590103E0,4.326737010366E-2),.UNSPECIFIED.);
#5132=ORIENTED_EDGE('',*,*,#5102,.F.);
#5133=ORIENTED_EDGE('',*,*,#3068,.F.);
#5135=ORIENTED_EDGE('',*,*,#5134,.T.);
#5136=ORIENTED_EDGE('',*,*,#3476,.F.);
#5137=EDGE_LOOP('',(#5132,#5133,#5135,#5136));
#5138=FACE_OUTER_BOUND('',#5137,.F.);
#5139=ADVANCED_FACE('',(#5138),#5131,.F.);
#5140=FILL_AREA_STYLE_COLOUR('',#2);
#5141=FILL_AREA_STYLE('',(#5140));
#5142=SURFACE_STYLE_FILL_AREA(#5141);
#5143=SURFACE_SIDE_STYLE('',(#5142));
#5144=SURFACE_STYLE_USAGE(.BOTH.,#5143);
#5145=PRESENTATION_STYLE_ASSIGNMENT((#5144));
#5146=STYLED_ITEM('',(#5145),#5139);
#5147=CARTESIAN_POINT('',(1.265538090988E1,2.040655901036E-1,
-3.200000762852E-1));
#5148=CARTESIAN_POINT('',(1.265538090988E1,-1.403149370104E0,
-3.200000762852E-1));
#5150=CARTESIAN_POINT('',(1.265496602940E1,2.008776435251E-1,
-5.555891166630E-1));
#5151=DIRECTION('',(0.E0,-1.E0,0.E0));
#5152=AXIS1_PLACEMENT('',#5150,#5151);
#5153=SURFACE_OF_REVOLUTION('',#5149,#5152);
#5154=ORIENTED_EDGE('',*,*,#5134,.F.);
#5155=ORIENTED_EDGE('',*,*,#3066,.F.);
#5157=ORIENTED_EDGE('',*,*,#5156,.T.);
#5158=ORIENTED_EDGE('',*,*,#3478,.F.);
#5159=EDGE_LOOP('',(#5154,#5155,#5157,#5158));
#5160=FACE_OUTER_BOUND('',#5159,.F.);
#5161=ADVANCED_FACE('',(#5160),#5153,.F.);
#5162=FILL_AREA_STYLE_COLOUR('',#2);
#5163=FILL_AREA_STYLE('',(#5162));
#5164=SURFACE_STYLE_FILL_AREA(#5163);
#5165=SURFACE_SIDE_STYLE('',(#5164));
#5166=SURFACE_STYLE_USAGE(.BOTH.,#5165);
#5167=PRESENTATION_STYLE_ASSIGNMENT((#5166));
#5168=STYLED_ITEM('',(#5167),#5161);
#5169=CARTESIAN_POINT('',(1.241938084884E1,2.040655901036E-1,
-5.137326947630E-1));
#5170=CARTESIAN_POINT('',(1.241938084884E1,-3.316727299655E-1,
-5.137326947630E-1));
#5171=CARTESIAN_POINT('',(1.241938084884E1,-8.674110500345E-1,
-5.137326947630E-1));
#5172=CARTESIAN_POINT('',(1.241938084884E1,-1.403149370104E0,
-5.137326947630E-1));
#5173=CARTESIAN_POINT('',(1.241938084884E1,2.040655901036E-1,
-9.782443282294E-1));
#5174=CARTESIAN_POINT('',(1.241938084884E1,-3.316727299655E-1,
-9.782443282294E-1));
#5175=CARTESIAN_POINT('',(1.241938084884E1,-8.674110500345E-1,
-9.782443282294E-1));
#5176=CARTESIAN_POINT('',(1.241938084884E1,-1.403149370104E0,
-9.782443282294E-1));
#5177=CARTESIAN_POINT('',(1.241938084884E1,2.040655901036E-1,
-1.442755961696E0));
#5178=CARTESIAN_POINT('',(1.241938084884E1,-3.316727299655E-1,
-1.442755961696E0));
#5179=CARTESIAN_POINT('',(1.241938084884E1,-8.674110500345E-1,
-1.442755961696E0));
#5180=CARTESIAN_POINT('',(1.241938084884E1,-1.403149370104E0,
-1.442755961696E0));
#5181=CARTESIAN_POINT('',(1.241938084884E1,2.040655901036E-1,
-1.907267595162E0));
#5182=CARTESIAN_POINT('',(1.241938084884E1,-3.316727299655E-1,
-1.907267595162E0));
#5183=CARTESIAN_POINT('',(1.241938084884E1,-8.674110500345E-1,
-1.907267595162E0));
#5184=CARTESIAN_POINT('',(1.241938084884E1,-1.403149370104E0,
-1.907267595162E0));
#5185=B_SPLINE_SURFACE_WITH_KNOTS('',3,3,((#5169,#5170,#5171,#5172),(#5173,
#5174,#5175,#5176),(#5177,#5178,#5179,#5180),(#5181,#5182,#5183,#5184)),
.UNSPECIFIED.,.F.,.F.,.F.,(4,4),(4,4),(-4.326737007897E-2,1.350267530320E0),(
-1.563947590103E0,4.326737010366E-2),.UNSPECIFIED.);
#5186=ORIENTED_EDGE('',*,*,#5156,.F.);
#5187=ORIENTED_EDGE('',*,*,#3064,.F.);
#5189=ORIENTED_EDGE('',*,*,#5188,.T.);
#5190=ORIENTED_EDGE('',*,*,#3480,.F.);
#5191=EDGE_LOOP('',(#5186,#5187,#5189,#5190));
#5192=FACE_OUTER_BOUND('',#5191,.F.);
#5193=ADVANCED_FACE('',(#5192),#5185,.F.);
#5194=FILL_AREA_STYLE_COLOUR('',#2);
#5195=FILL_AREA_STYLE('',(#5194));
#5196=SURFACE_STYLE_FILL_AREA(#5195);
#5197=SURFACE_SIDE_STYLE('',(#5196));
#5198=SURFACE_STYLE_USAGE(.BOTH.,#5197);
#5199=PRESENTATION_STYLE_ASSIGNMENT((#5198));
#5200=STYLED_ITEM('',(#5199),#5193);
#5201=CARTESIAN_POINT('',(1.241938084884E1,2.040655901036E-1,
-1.864000225059E0));
#5202=CARTESIAN_POINT('',(1.241938084884E1,-1.403149370104E0,
-1.864000225059E0));
#5204=CARTESIAN_POINT('',(1.265496522123E1,2.008776435251E-1,
-1.865411977996E0));
#5205=DIRECTION('',(0.E0,-1.E0,0.E0));
#5206=AXIS1_PLACEMENT('',#5204,#5205);
#5207=SURFACE_OF_REVOLUTION('',#5203,#5206);
#5208=ORIENTED_EDGE('',*,*,#5188,.F.);
#5209=ORIENTED_EDGE('',*,*,#3062,.F.);
#5211=ORIENTED_EDGE('',*,*,#5210,.T.);
#5212=ORIENTED_EDGE('',*,*,#3482,.F.);
#5213=EDGE_LOOP('',(#5208,#5209,#5211,#5212));
#5214=FACE_OUTER_BOUND('',#5213,.F.);
#5215=ADVANCED_FACE('',(#5214),#5207,.F.);
#5216=FILL_AREA_STYLE_COLOUR('',#2);
#5217=FILL_AREA_STYLE('',(#5216));
#5218=SURFACE_STYLE_FILL_AREA(#5217);
#5219=SURFACE_SIDE_STYLE('',(#5218));
#5220=SURFACE_STYLE_USAGE(.BOTH.,#5219);
#5221=PRESENTATION_STYLE_ASSIGNMENT((#5220));
#5222=STYLED_ITEM('',(#5221),#5215);
#5223=CARTESIAN_POINT('',(1.260975359296E1,2.040655901036E-1,
-2.101189526969E0));
#5224=CARTESIAN_POINT('',(1.260975359296E1,-3.316727299655E-1,
-2.101189526969E0));
#5225=CARTESIAN_POINT('',(1.260975359296E1,-8.674110500345E-1,
-2.101189526969E0));
#5226=CARTESIAN_POINT('',(1.260975359296E1,-1.403149370104E0,
-2.101189526969E0));
#5227=CARTESIAN_POINT('',(1.271945679188E1,2.040655901036E-1,
-2.100734354894E0));
#5228=CARTESIAN_POINT('',(1.271945679188E1,-3.316727299655E-1,
-2.100734354894E0));
#5229=CARTESIAN_POINT('',(1.271945679188E1,-8.674110500345E-1,
-2.100734354894E0));
#5230=CARTESIAN_POINT('',(1.271945679188E1,-1.403149370104E0,
-2.100734354894E0));
#5231=CARTESIAN_POINT('',(1.282915999079E1,2.040655901036E-1,
-2.100279182819E0));
#5232=CARTESIAN_POINT('',(1.282915999079E1,-3.316727299655E-1,
-2.100279182819E0));
#5233=CARTESIAN_POINT('',(1.282915999079E1,-8.674110500345E-1,
-2.100279182819E0));
#5234=CARTESIAN_POINT('',(1.282915999079E1,-1.403149370104E0,
-2.100279182819E0));
#5235=CARTESIAN_POINT('',(1.293886318971E1,2.040655901036E-1,
-2.099824010744E0));
#5236=CARTESIAN_POINT('',(1.293886318971E1,-3.316727299655E-1,
-2.099824010744E0));
#5237=CARTESIAN_POINT('',(1.293886318971E1,-8.674110500345E-1,
-2.099824010744E0));
#5238=CARTESIAN_POINT('',(1.293886318971E1,-1.403149370104E0,
-2.099824010744E0));
#5239=B_SPLINE_SURFACE_WITH_KNOTS('',3,3,((#5223,#5224,#5225,#5226),(#5227,
#5228,#5229,#5230),(#5231,#5232,#5233,#5234),(#5235,#5236,#5237,#5238)),
.UNSPECIFIED.,.F.,.F.,.F.,(4,4),(4,4),(-4.562770966753E-2,2.834847199243E-1),(
-1.563947590103E0,4.326737010366E-2),.UNSPECIFIED.);
#5240=ORIENTED_EDGE('',*,*,#5210,.F.);
#5241=ORIENTED_EDGE('',*,*,#3060,.F.);
#5243=ORIENTED_EDGE('',*,*,#5242,.T.);
#5244=ORIENTED_EDGE('',*,*,#3484,.F.);
#5245=EDGE_LOOP('',(#5240,#5241,#5243,#5244));
#5246=FACE_OUTER_BOUND('',#5245,.F.);
#5247=ADVANCED_FACE('',(#5246),#5239,.F.);
#5248=FILL_AREA_STYLE_COLOUR('',#2);
#5249=FILL_AREA_STYLE('',(#5248));
#5250=SURFACE_STYLE_FILL_AREA(#5249);
#5251=SURFACE_SIDE_STYLE('',(#5250));
#5252=SURFACE_STYLE_USAGE(.BOTH.,#5251);
#5253=PRESENTATION_STYLE_ASSIGNMENT((#5252));
#5254=STYLED_ITEM('',(#5253),#5247);
#5255=CARTESIAN_POINT('',(1.289637822433E1,2.040655901036E-1,
-2.100000286095E0));
#5256=CARTESIAN_POINT('',(1.289637822433E1,-1.403149370104E0,
-2.100000286095E0));
#5258=CARTESIAN_POINT('',(1.290549461650E1,2.008776435251E-1,
-2.109963144753E0));
#5259=DIRECTION('',(0.E0,-1.E0,0.E0));
#5260=AXIS1_PLACEMENT('',#5258,#5259);
#5261=SURFACE_OF_REVOLUTION('',#5257,#5260);
#5262=ORIENTED_EDGE('',*,*,#5242,.F.);
#5263=ORIENTED_EDGE('',*,*,#3058,.F.);
#5265=ORIENTED_EDGE('',*,*,#5264,.T.);
#5266=ORIENTED_EDGE('',*,*,#3486,.F.);
#5267=EDGE_LOOP('',(#5262,#5263,#5265,#5266));
#5268=FACE_OUTER_BOUND('',#5267,.F.);
#5269=ADVANCED_FACE('',(#5268),#5261,.T.);
#5270=FILL_AREA_STYLE_COLOUR('',#2);
#5271=FILL_AREA_STYLE('',(#5270));
#5272=SURFACE_STYLE_FILL_AREA(#5271);
#5273=SURFACE_SIDE_STYLE('',(#5272));
#5274=SURFACE_STYLE_USAGE(.BOTH.,#5273);
#5275=PRESENTATION_STYLE_ASSIGNMENT((#5274));
#5276=STYLED_ITEM('',(#5275),#5269);
#5277=CARTESIAN_POINT('',(1.291838139816E1,2.040655901036E-1,
-2.114000225059E0));
#5278=CARTESIAN_POINT('',(1.291838139816E1,-1.403149370104E0,
-2.114000225059E0));
#5280=CARTESIAN_POINT('',(1.292388421988E1,2.008776435251E-1,
-2.115500235549E0));
#5281=DIRECTION('',(0.E0,-1.E0,0.E0));
#5282=AXIS1_PLACEMENT('',#5280,#5281);
#5283=SURFACE_OF_REVOLUTION('',#5279,#5282);
#5284=ORIENTED_EDGE('',*,*,#5264,.F.);
#5285=ORIENTED_EDGE('',*,*,#3056,.F.);
#5287=ORIENTED_EDGE('',*,*,#5286,.T.);
#5288=ORIENTED_EDGE('',*,*,#3488,.F.);
#5289=EDGE_LOOP('',(#5284,#5285,#5287,#5288));
#5290=FACE_OUTER_BOUND('',#5289,.F.);
#5291=ADVANCED_FACE('',(#5290),#5283,.F.);
#5292=FILL_AREA_STYLE_COLOUR('',#2);
#5293=FILL_AREA_STYLE('',(#5292));
#5294=SURFACE_STYLE_FILL_AREA(#5293);
#5295=SURFACE_SIDE_STYLE('',(#5294));
#5296=SURFACE_STYLE_USAGE(.BOTH.,#5295);
#5297=PRESENTATION_STYLE_ASSIGNMENT((#5296));
#5298=STYLED_ITEM('',(#5297),#5291);
#5299=CARTESIAN_POINT('',(1.291938084884E1,2.040655901036E-1,
-2.011181555493E0));
#5300=CARTESIAN_POINT('',(1.291938084884E1,-3.316727299655E-1,
-2.011181555493E0));
#5301=CARTESIAN_POINT('',(1.291938084884E1,-8.674110500345E-1,
-2.011181555493E0));
#5302=CARTESIAN_POINT('',(1.291938084884E1,-1.403149370104E0,
-2.011181555493E0));
#5303=CARTESIAN_POINT('',(1.291938084884E1,2.040655901036E-1,
-3.880040478230E0));
#5304=CARTESIAN_POINT('',(1.291938084884E1,-3.316727299655E-1,
-3.880040478230E0));
#5305=CARTESIAN_POINT('',(1.291938084884E1,-8.674110500345E-1,
-3.880040478230E0));
#5306=CARTESIAN_POINT('',(1.291938084884E1,-1.403149370104E0,
-3.880040478230E0));
#5307=CARTESIAN_POINT('',(1.291938084884E1,2.040655901036E-1,
-5.748899400967E0));
#5308=CARTESIAN_POINT('',(1.291938084884E1,-3.316727299655E-1,
-5.748899400967E0));
#5309=CARTESIAN_POINT('',(1.291938084884E1,-8.674110500345E-1,
-5.748899400967E0));
#5310=CARTESIAN_POINT('',(1.291938084884E1,-1.403149370104E0,
-5.748899400967E0));
#5311=CARTESIAN_POINT('',(1.291938084884E1,2.040655901036E-1,
-7.617758323705E0));
#5312=CARTESIAN_POINT('',(1.291938084884E1,-3.316727299655E-1,
-7.617758323705E0));
#5313=CARTESIAN_POINT('',(1.291938084884E1,-8.674110500345E-1,
-7.617758323705E0));
#5314=CARTESIAN_POINT('',(1.291938084884E1,-1.403149370104E0,
-7.617758323705E0));
#5315=B_SPLINE_SURFACE_WITH_KNOTS('',3,3,((#5299,#5300,#5301,#5302),(#5303,
#5304,#5305,#5306),(#5307,#5308,#5309,#5310),(#5311,#5312,#5313,#5314)),
.UNSPECIFIED.,.F.,.F.,.F.,(4,4),(4,4),(-1.078187840069E-1,5.498757984205E0),(
-1.563947590103E0,4.326737010366E-2),.UNSPECIFIED.);
#5316=ORIENTED_EDGE('',*,*,#5286,.F.);
#5317=ORIENTED_EDGE('',*,*,#3054,.F.);
#5319=ORIENTED_EDGE('',*,*,#5318,.T.);
#5320=ORIENTED_EDGE('',*,*,#3490,.F.);
#5321=EDGE_LOOP('',(#5316,#5317,#5319,#5320));
#5322=FACE_OUTER_BOUND('',#5321,.F.);
#5323=ADVANCED_FACE('',(#5322),#5315,.F.);
#5324=FILL_AREA_STYLE_COLOUR('',#2);
#5325=FILL_AREA_STYLE('',(#5324));
#5326=SURFACE_STYLE_FILL_AREA(#5325);
#5327=SURFACE_SIDE_STYLE('',(#5326));
#5328=SURFACE_STYLE_USAGE(.BOTH.,#5327);
#5329=PRESENTATION_STYLE_ASSIGNMENT((#5328));
#5330=STYLED_ITEM('',(#5329),#5323);
#5331=CARTESIAN_POINT('',(1.291938084884E1,2.040655901036E-1,
-7.510000252716E0));
#5332=CARTESIAN_POINT('',(1.291938084884E1,-1.403149370104E0,
-7.510000252716E0));
#5334=CARTESIAN_POINT('',(1.190627254004E1,2.008776435251E-1,
-7.509643395703E0));
#5335=DIRECTION('',(0.E0,-1.E0,0.E0));
#5336=AXIS1_PLACEMENT('',#5334,#5335);
#5337=SURFACE_OF_REVOLUTION('',#5333,#5336);
#5338=ORIENTED_EDGE('',*,*,#5318,.F.);
#5339=ORIENTED_EDGE('',*,*,#3052,.F.);
#5341=ORIENTED_EDGE('',*,*,#5340,.T.);
#5342=ORIENTED_EDGE('',*,*,#3492,.F.);
#5343=EDGE_LOOP('',(#5338,#5339,#5341,#5342));
#5344=FACE_OUTER_BOUND('',#5343,.F.);
#5345=ADVANCED_FACE('',(#5344),#5337,.T.);
#5346=FILL_AREA_STYLE_COLOUR('',#2);
#5347=FILL_AREA_STYLE('',(#5346));
#5348=SURFACE_STYLE_FILL_AREA(#5347);
#5349=SURFACE_SIDE_STYLE('',(#5348));
#5350=SURFACE_STYLE_USAGE(.BOTH.,#5349);
#5351=PRESENTATION_STYLE_ASSIGNMENT((#5350));
#5352=STYLED_ITEM('',(#5351),#5345);
#5353=CARTESIAN_POINT('',(1.199037999436E1,2.040655901036E-1,
-8.519000196449E0));
#5354=CARTESIAN_POINT('',(1.199037999436E1,-1.403149370104E0,
-8.519000196449E0));
#5356=CARTESIAN_POINT('',(1.190628931478E1,1.912118244E-1,-7.637239439069E0));
#5357=DIRECTION('',(0.E0,-1.E0,0.E0));
#5358=AXIS1_PLACEMENT('',#5356,#5357);
#5359=SURFACE_OF_REVOLUTION('',#5355,#5358);
#5360=ORIENTED_EDGE('',*,*,#5340,.F.);
#5361=ORIENTED_EDGE('',*,*,#3050,.F.);
#5362=ORIENTED_EDGE('',*,*,#3048,.F.);
#5364=ORIENTED_EDGE('',*,*,#5363,.T.);
#5365=ORIENTED_EDGE('',*,*,#3496,.F.);
#5366=ORIENTED_EDGE('',*,*,#3494,.F.);
#5367=EDGE_LOOP('',(#5360,#5361,#5362,#5364,#5365,#5366));
#5368=FACE_OUTER_BOUND('',#5367,.F.);
#5369=ADVANCED_FACE('',(#5368),#5359,.T.);
#5370=FILL_AREA_STYLE_COLOUR('',#2);
#5371=FILL_AREA_STYLE('',(#5370));
#5372=SURFACE_STYLE_FILL_AREA(#5371);
#5373=SURFACE_SIDE_STYLE('',(#5372));
#5374=SURFACE_STYLE_USAGE(.BOTH.,#5373);
#5375=PRESENTATION_STYLE_ASSIGNMENT((#5374));
#5376=STYLED_ITEM('',(#5375),#5369);
#5377=CARTESIAN_POINT('',(1.190538090988E1,2.040655901036E-1,
-8.523000383368E0));
#5378=CARTESIAN_POINT('',(1.190538090988E1,-1.403149370104E0,
-8.523000383368E0));
#5380=CARTESIAN_POINT('',(1.190613130284E1,2.008776435251E-1,
-8.511492870382E0));
#5381=DIRECTION('',(0.E0,-1.E0,0.E0));
#5382=AXIS1_PLACEMENT('',#5380,#5381);
#5383=SURFACE_OF_REVOLUTION('',#5379,#5382);
#5384=ORIENTED_EDGE('',*,*,#5363,.F.);
#5385=ORIENTED_EDGE('',*,*,#3046,.F.);
#5387=ORIENTED_EDGE('',*,*,#5386,.T.);
#5388=ORIENTED_EDGE('',*,*,#3498,.F.);
#5389=EDGE_LOOP('',(#5384,#5385,#5387,#5388));
#5390=FACE_OUTER_BOUND('',#5389,.F.);
#5391=ADVANCED_FACE('',(#5390),#5383,.T.);
#5392=FILL_AREA_STYLE_COLOUR('',#2);
#5393=FILL_AREA_STYLE('',(#5392));
#5394=SURFACE_STYLE_FILL_AREA(#5393);
#5395=SURFACE_SIDE_STYLE('',(#5394));
#5396=SURFACE_STYLE_USAGE(.BOTH.,#5395);
#5397=PRESENTATION_STYLE_ASSIGNMENT((#5396));
#5398=STYLED_ITEM('',(#5397),#5391);
#5399=CARTESIAN_POINT('',(1.198440130074E1,2.040655901036E-1,
-8.519000196449E0));
#5400=CARTESIAN_POINT('',(1.198440130074E1,-3.316727299655E-1,
-8.519000196449E0));
#5401=CARTESIAN_POINT('',(1.198440130074E1,-8.674110500345E-1,
-8.519000196449E0));
#5402=CARTESIAN_POINT('',(1.198440130074E1,-1.403149370104E0,
-8.519000196449E0));
#5403=CARTESIAN_POINT('',(1.047435162464E1,2.040655901036E-1,
-8.519000196449E0));
#5404=CARTESIAN_POINT('',(1.047435162464E1,-3.316727299655E-1,
-8.519000196449E0));
#5405=CARTESIAN_POINT('',(1.047435162464E1,-8.674110500345E-1,
-8.519000196449E0));
#5406=CARTESIAN_POINT('',(1.047435162464E1,-1.403149370104E0,
-8.519000196449E0));
#5407=CARTESIAN_POINT('',(8.964301948539E0,2.040655901036E-1,
-8.519000196449E0));
#5408=CARTESIAN_POINT('',(8.964301948539E0,-3.316727299655E-1,
-8.519000196449E0));
#5409=CARTESIAN_POINT('',(8.964301948539E0,-8.674110500345E-1,
-8.519000196449E0));
#5410=CARTESIAN_POINT('',(8.964301948539E0,-1.403149370104E0,
-8.519000196449E0));
#5411=CARTESIAN_POINT('',(7.454252272436E0,2.040655901036E-1,
-8.519000196449E0));
#5412=CARTESIAN_POINT('',(7.454252272436E0,-3.316727299655E-1,
-8.519000196449E0));
#5413=CARTESIAN_POINT('',(7.454252272436E0,-8.674110500345E-1,
-8.519000196449E0));
#5414=CARTESIAN_POINT('',(7.454252272436E0,-1.403149370104E0,
-8.519000196449E0));
#5415=B_SPLINE_SURFACE_WITH_KNOTS('',3,3,((#5399,#5400,#5401,#5402),(#5403,
#5404,#5405,#5406),(#5407,#5408,#5409,#5410),(#5411,#5412,#5413,#5414)),
.UNSPECIFIED.,.F.,.F.,.F.,(4,4),(4,4),(-8.702362573175E-2,4.443125402574E0),(
-1.563947590103E0,4.326737010366E-2),.UNSPECIFIED.);
#5416=ORIENTED_EDGE('',*,*,#5386,.F.);
#5417=ORIENTED_EDGE('',*,*,#3044,.F.);
#5419=ORIENTED_EDGE('',*,*,#5418,.T.);
#5420=ORIENTED_EDGE('',*,*,#3500,.F.);
#5421=EDGE_LOOP('',(#5416,#5417,#5419,#5420));
#5422=FACE_OUTER_BOUND('',#5421,.F.);
#5423=ADVANCED_FACE('',(#5422),#5415,.F.);
#5424=FILL_AREA_STYLE_COLOUR('',#2);
#5425=FILL_AREA_STYLE('',(#5424));
#5426=SURFACE_STYLE_FILL_AREA(#5425);
#5427=SURFACE_SIDE_STYLE('',(#5426));
#5428=SURFACE_STYLE_USAGE(.BOTH.,#5427);
#5429=PRESENTATION_STYLE_ASSIGNMENT((#5428));
#5430=STYLED_ITEM('',(#5429),#5423);
#5431=CARTESIAN_POINT('',(7.541378682090E0,2.040655901036E-1,
-8.519000196449E0));
#5432=CARTESIAN_POINT('',(7.541378682090E0,-1.403149370104E0,
-8.519000196449E0));
#5434=CARTESIAN_POINT('',(7.541440634700E0,2.008776435251E-1,
-8.506416132422E0));
#5435=DIRECTION('',(0.E0,-1.E0,0.E0));
#5436=AXIS1_PLACEMENT('',#5434,#5435);
#5437=SURFACE_OF_REVOLUTION('',#5433,#5436);
#5438=ORIENTED_EDGE('',*,*,#5418,.F.);
#5439=ORIENTED_EDGE('',*,*,#3042,.F.);
#5441=ORIENTED_EDGE('',*,*,#5440,.T.);
#5442=ORIENTED_EDGE('',*,*,#3502,.F.);
#5443=EDGE_LOOP('',(#5438,#5439,#5441,#5442));
#5444=FACE_OUTER_BOUND('',#5443,.F.);
#5445=ADVANCED_FACE('',(#5444),#5437,.T.);
#5446=FILL_AREA_STYLE_COLOUR('',#2);
#5447=FILL_AREA_STYLE('',(#5446));
#5448=SURFACE_STYLE_FILL_AREA(#5447);
#5449=SURFACE_SIDE_STYLE('',(#5448));
#5450=SURFACE_STYLE_USAGE(.BOTH.,#5449);
#5451=PRESENTATION_STYLE_ASSIGNMENT((#5450));
#5452=STYLED_ITEM('',(#5451),#5445);
#5453=CARTESIAN_POINT('',(7.534378712612E0,2.040655901036E-1,
-8.496000194541E0));
#5454=CARTESIAN_POINT('',(7.534378712612E0,-1.403149370104E0,
-8.496000194541E0));
#5456=CARTESIAN_POINT('',(7.546337395430E0,2.008776435251E-1,
-8.482340046163E0));
#5457=DIRECTION('',(0.E0,-1.E0,0.E0));
#5458=AXIS1_PLACEMENT('',#5456,#5457);
#5459=SURFACE_OF_REVOLUTION('',#5455,#5458);
#5460=ORIENTED_EDGE('',*,*,#5440,.F.);
#5461=ORIENTED_EDGE('',*,*,#3040,.F.);
#5463=ORIENTED_EDGE('',*,*,#5462,.T.);
#5464=ORIENTED_EDGE('',*,*,#3504,.F.);
#5465=EDGE_LOOP('',(#5460,#5461,#5463,#5464));
#5466=FACE_OUTER_BOUND('',#5465,.F.);
#5467=ADVANCED_FACE('',(#5466),#5459,.T.);
#5468=FILL_AREA_STYLE_COLOUR('',#2);
#5469=FILL_AREA_STYLE('',(#5468));
#5470=SURFACE_STYLE_FILL_AREA(#5469);
#5471=SURFACE_SIDE_STYLE('',(#5470));
#5472=SURFACE_STYLE_USAGE(.BOTH.,#5471);
#5473=PRESENTATION_STYLE_ASSIGNMENT((#5472));
#5474=STYLED_ITEM('',(#5473),#5467);
#5475=CARTESIAN_POINT('',(7.528378193810E0,2.040655901036E-1,
-8.528523478205E0));
#5476=CARTESIAN_POINT('',(7.528378193810E0,-3.316727299655E-1,
-8.528523478205E0));
#5477=CARTESIAN_POINT('',(7.528378193810E0,-8.674110500345E-1,
-8.528523478205E0));
#5478=CARTESIAN_POINT('',(7.528378193810E0,-1.403149370104E0,
-8.528523478205E0));
#5479=CARTESIAN_POINT('',(7.528378193810E0,2.040655901036E-1,
-7.967924733259E0));
#5480=CARTESIAN_POINT('',(7.528378193810E0,-3.316727299655E-1,
-7.967924733259E0));
#5481=CARTESIAN_POINT('',(7.528378193810E0,-8.674110500345E-1,
-7.967924733259E0));
#5482=CARTESIAN_POINT('',(7.528378193810E0,-1.403149370104E0,
-7.967924733259E0));
#5483=CARTESIAN_POINT('',(7.528378193810E0,2.040655901036E-1,
-7.407325988313E0));
#5484=CARTESIAN_POINT('',(7.528378193810E0,-3.316727299655E-1,
-7.407325988313E0));
#5485=CARTESIAN_POINT('',(7.528378193810E0,-8.674110500345E-1,
-7.407325988313E0));
#5486=CARTESIAN_POINT('',(7.528378193810E0,-1.403149370104E0,
-7.407325988313E0));
#5487=CARTESIAN_POINT('',(7.528378193810E0,2.040655901036E-1,
-6.846727243367E0));
#5488=CARTESIAN_POINT('',(7.528378193810E0,-3.316727299655E-1,
-6.846727243367E0));
#5489=CARTESIAN_POINT('',(7.528378193810E0,-8.674110500345E-1,
-6.846727243367E0));
#5490=CARTESIAN_POINT('',(7.528378193810E0,-1.403149370104E0,
-6.846727243367E0));
#5491=B_SPLINE_SURFACE_WITH_KNOTS('',3,3,((#5475,#5476,#5477,#5478),(#5479,
#5480,#5481,#5482),(#5483,#5484,#5485,#5486),(#5487,#5488,#5489,#5490)),
.UNSPECIFIED.,.F.,.F.,.F.,(4,4),(4,4),(-4.352320164813E-2,1.638273033190E0),(
-1.563947590103E0,4.326737010366E-2),.UNSPECIFIED.);
#5492=ORIENTED_EDGE('',*,*,#5462,.F.);
#5493=ORIENTED_EDGE('',*,*,#3038,.F.);
#5495=ORIENTED_EDGE('',*,*,#5494,.T.);
#5496=ORIENTED_EDGE('',*,*,#3506,.F.);
#5497=EDGE_LOOP('',(#5492,#5493,#5495,#5496));
#5498=FACE_OUTER_BOUND('',#5497,.F.);
#5499=ADVANCED_FACE('',(#5498),#5491,.F.);
#5500=FILL_AREA_STYLE_COLOUR('',#2);
#5501=FILL_AREA_STYLE('',(#5500));
#5502=SURFACE_STYLE_FILL_AREA(#5501);
#5503=SURFACE_SIDE_STYLE('',(#5502));
#5504=SURFACE_STYLE_USAGE(.BOTH.,#5503);
#5505=PRESENTATION_STYLE_ASSIGNMENT((#5504));
#5506=STYLED_ITEM('',(#5505),#5499);
#5507=CARTESIAN_POINT('',(7.528378193813E0,2.040655901036E-1,
-6.890000247948E0));
#5508=CARTESIAN_POINT('',(7.528378193813E0,-1.403149370104E0,
-6.890000247948E0));
#5510=CARTESIAN_POINT('',(7.542081302670E0,2.008776435251E-1,
-6.890703433970E0));
#5511=DIRECTION('',(0.E0,-1.E0,0.E0));
#5512=AXIS1_PLACEMENT('',#5510,#5511);
#5513=SURFACE_OF_REVOLUTION('',#5509,#5512);
#5514=ORIENTED_EDGE('',*,*,#5494,.F.);
#5515=ORIENTED_EDGE('',*,*,#3036,.F.);
#5517=ORIENTED_EDGE('',*,*,#5516,.T.);
#5518=ORIENTED_EDGE('',*,*,#3508,.F.);
#5519=EDGE_LOOP('',(#5514,#5515,#5517,#5518));
#5520=FACE_OUTER_BOUND('',#5519,.F.);
#5521=ADVANCED_FACE('',(#5520),#5513,.T.);
#5522=FILL_AREA_STYLE_COLOUR('',#2);
#5523=FILL_AREA_STYLE('',(#5522));
#5524=SURFACE_STYLE_FILL_AREA(#5523);
#5525=SURFACE_SIDE_STYLE('',(#5524));
#5526=SURFACE_STYLE_USAGE(.BOTH.,#5525);
#5527=PRESENTATION_STYLE_ASSIGNMENT((#5526));
#5528=STYLED_ITEM('',(#5527),#5521);
#5529=CARTESIAN_POINT('',(7.541378682098E0,2.040655901036E-1,
-6.877000296107E0));
#5530=CARTESIAN_POINT('',(7.541378682098E0,-1.403149370104E0,
-6.877000296107E0));
#5532=CARTESIAN_POINT('',(7.401052497650E0,2.008776435251E-1,
-6.626508513181E0));
#5533=DIRECTION('',(0.E0,-1.E0,0.E0));
#5534=AXIS1_PLACEMENT('',#5532,#5533);
#5535=SURFACE_OF_REVOLUTION('',#5531,#5534);
#5536=ORIENTED_EDGE('',*,*,#5516,.F.);
#5537=ORIENTED_EDGE('',*,*,#3034,.F.);
#5538=ORIENTED_EDGE('',*,*,#3032,.F.);
#5540=ORIENTED_EDGE('',*,*,#5539,.T.);
#5541=ORIENTED_EDGE('',*,*,#3512,.F.);
#5542=ORIENTED_EDGE('',*,*,#3510,.F.);
#5543=EDGE_LOOP('',(#5536,#5537,#5538,#5540,#5541,#5542));
#5544=FACE_OUTER_BOUND('',#5543,.F.);
#5545=ADVANCED_FACE('',(#5544),#5535,.F.);
#5546=FILL_AREA_STYLE_COLOUR('',#2);
#5547=FILL_AREA_STYLE('',(#5546));
#5548=SURFACE_STYLE_FILL_AREA(#5547);
#5549=SURFACE_SIDE_STYLE('',(#5548));
#5550=SURFACE_STYLE_USAGE(.BOTH.,#5549);
#5551=PRESENTATION_STYLE_ASSIGNMENT((#5550));
#5552=STYLED_ITEM('',(#5551),#5545);
#5553=CARTESIAN_POINT('',(7.141380970912E0,2.040655901036E-1,
-6.504000270359E0));
#5554=CARTESIAN_POINT('',(7.141380970912E0,-1.403149370104E0,
-6.504000270359E0));
#5556=CARTESIAN_POINT('',(7.129214608210E0,2.008776435251E-1,
-6.506589462650E0));
#5557=DIRECTION('',(0.E0,-1.E0,0.E0));
#5558=AXIS1_PLACEMENT('',#5556,#5557);
#5559=SURFACE_OF_REVOLUTION('',#5555,#5558);
#5560=ORIENTED_EDGE('',*,*,#5539,.F.);
#5561=ORIENTED_EDGE('',*,*,#3030,.F.);
#5563=ORIENTED_EDGE('',*,*,#5562,.T.);
#5564=ORIENTED_EDGE('',*,*,#3514,.F.);
#5565=EDGE_LOOP('',(#5560,#5561,#5563,#5564));
#5566=FACE_OUTER_BOUND('',#5565,.F.);
#5567=ADVANCED_FACE('',(#5566),#5559,.T.);
#5568=FILL_AREA_STYLE_COLOUR('',#2);
#5569=FILL_AREA_STYLE('',(#5568));
#5570=SURFACE_STYLE_FILL_AREA(#5569);
#5571=SURFACE_SIDE_STYLE('',(#5570));
#5572=SURFACE_STYLE_USAGE(.BOTH.,#5571);
#5573=PRESENTATION_STYLE_ASSIGNMENT((#5572));
#5574=STYLED_ITEM('',(#5573),#5567);
#5575=CARTESIAN_POINT('',(7.274240467981E0,2.040655901036E-1,
-6.519000285856E0));
#5576=CARTESIAN_POINT('',(7.274240467981E0,-3.316727299655E-1,
-6.519000285856E0));
#5577=CARTESIAN_POINT('',(7.274240467981E0,-8.674110500345E-1,
-6.519000285856E0));
#5578=CARTESIAN_POINT('',(7.274240467981E0,-1.403149370104E0,
-6.519000285856E0));
#5579=CARTESIAN_POINT('',(4.746000721887E0,2.040655901036E-1,
-6.519000285856E0));
#5580=CARTESIAN_POINT('',(4.746000721887E0,-3.316727299655E-1,
-6.519000285856E0));
#5581=CARTESIAN_POINT('',(4.746000721887E0,-8.674110500345E-1,
-6.519000285856E0));
#5582=CARTESIAN_POINT('',(4.746000721887E0,-1.403149370104E0,
-6.519000285856E0));
#5583=CARTESIAN_POINT('',(2.217760975793E0,2.040655901036E-1,
-6.519000285856E0));
#5584=CARTESIAN_POINT('',(2.217760975793E0,-3.316727299655E-1,
-6.519000285856E0));
#5585=CARTESIAN_POINT('',(2.217760975793E0,-8.674110500345E-1,
-6.519000285856E0));
#5586=CARTESIAN_POINT('',(2.217760975793E0,-1.403149370104E0,
-6.519000285856E0));
#5587=CARTESIAN_POINT('',(-3.104787703016E-1,2.040655901036E-1,
-6.519000285856E0));
#5588=CARTESIAN_POINT('',(-3.104787703016E-1,-3.316727299655E-1,
-6.519000285856E0));
#5589=CARTESIAN_POINT('',(-3.104787703016E-1,-8.674110500345E-1,
-6.519000285856E0));
#5590=CARTESIAN_POINT('',(-3.104787703016E-1,-1.403149370104E0,
-6.519000285856E0));
#5591=B_SPLINE_SURFACE_WITH_KNOTS('',3,3,((#5575,#5576,#5577,#5578),(#5579,
#5580,#5581,#5582),(#5583,#5584,#5585,#5586),(#5587,#5588,#5589,#5590)),
.UNSPECIFIED.,.F.,.F.,.F.,(4,4),(4,4),(-1.458599853507E-1,7.438859252932E0),(
-1.563947590103E0,4.326737010366E-2),.UNSPECIFIED.);
#5592=ORIENTED_EDGE('',*,*,#5562,.F.);
#5593=ORIENTED_EDGE('',*,*,#3028,.F.);
#5595=ORIENTED_EDGE('',*,*,#5594,.T.);
#5596=ORIENTED_EDGE('',*,*,#3516,.F.);
#5597=EDGE_LOOP('',(#5592,#5593,#5595,#5596));
#5598=FACE_OUTER_BOUND('',#5597,.F.);
#5599=ADVANCED_FACE('',(#5598),#5591,.F.);
#5600=FILL_AREA_STYLE_COLOUR('',#2);
#5601=FILL_AREA_STYLE('',(#5600));
#5602=SURFACE_STYLE_FILL_AREA(#5601);
#5603=SURFACE_SIDE_STYLE('',(#5602));
#5604=SURFACE_STYLE_USAGE(.BOTH.,#5603);
#5605=PRESENTATION_STYLE_ASSIGNMENT((#5604));
#5606=STYLED_ITEM('',(#5605),#5599);
#5607=CARTESIAN_POINT('',(-1.646187849497E-1,2.040655901036E-1,
-6.519000285856E0));
#5608=CARTESIAN_POINT('',(-1.646187849497E-1,-1.403149370104E0,
-6.519000285856E0));
#5610=CARTESIAN_POINT('',(-1.645017256800E-1,2.008776435251E-1,
-6.506605797537E0));
#5611=DIRECTION('',(0.E0,-1.E0,0.E0));
#5612=AXIS1_PLACEMENT('',#5610,#5611);
#5613=SURFACE_OF_REVOLUTION('',#5609,#5612);
#5614=ORIENTED_EDGE('',*,*,#5594,.F.);
#5615=ORIENTED_EDGE('',*,*,#3026,.F.);
#5617=ORIENTED_EDGE('',*,*,#5616,.T.);
#5618=ORIENTED_EDGE('',*,*,#3518,.F.);
#5619=EDGE_LOOP('',(#5614,#5615,#5617,#5618));
#5620=FACE_OUTER_BOUND('',#5619,.F.);
#5621=ADVANCED_FACE('',(#5620),#5613,.T.);
#5622=FILL_AREA_STYLE_COLOUR('',#2);
#5623=FILL_AREA_STYLE('',(#5622));
#5624=SURFACE_STYLE_FILL_AREA(#5623);
#5625=SURFACE_SIDE_STYLE('',(#5624));
#5626=SURFACE_STYLE_USAGE(.BOTH.,#5625);
#5627=PRESENTATION_STYLE_ASSIGNMENT((#5626));
#5628=STYLED_ITEM('',(#5627),#5621);
#5629=CARTESIAN_POINT('',(-1.766198225437E-1,2.040655901036E-1,
-6.504000270358E0));
#5630=CARTESIAN_POINT('',(-1.766198225437E-1,-1.403149370104E0,
-6.504000270358E0));
#5632=CARTESIAN_POINT('',(-4.251766048E-1,2.008776435251E-1,-6.647274470911E0));
#5633=DIRECTION('',(0.E0,-1.E0,0.E0));
#5634=AXIS1_PLACEMENT('',#5632,#5633);
#5635=SURFACE_OF_REVOLUTION('',#5631,#5634);
#5636=ORIENTED_EDGE('',*,*,#5616,.F.);
#5637=ORIENTED_EDGE('',*,*,#3024,.F.);
#5638=ORIENTED_EDGE('',*,*,#3022,.F.);
#5640=ORIENTED_EDGE('',*,*,#5639,.T.);
#5641=ORIENTED_EDGE('',*,*,#3522,.F.);
#5642=ORIENTED_EDGE('',*,*,#3520,.F.);
#5643=EDGE_LOOP('',(#5636,#5637,#5638,#5640,#5641,#5642));
#5644=FACE_OUTER_BOUND('',#5643,.F.);
#5645=ADVANCED_FACE('',(#5644),#5635,.F.);
#5646=FILL_AREA_STYLE_COLOUR('',#2);
#5647=FILL_AREA_STYLE('',(#5646));
#5648=SURFACE_STYLE_FILL_AREA(#5647);
#5649=SURFACE_SIDE_STYLE('',(#5648));
#5650=SURFACE_STYLE_USAGE(.BOTH.,#5649);
#5651=PRESENTATION_STYLE_ASSIGNMENT((#5650));
#5652=STYLED_ITEM('',(#5651),#5645);
#5653=CARTESIAN_POINT('',(-5.646203108212E-1,2.040655901036E-1,
-6.898000264160E0));
#5654=CARTESIAN_POINT('',(-5.646203108212E-1,-1.403149370104E0,
-6.898000264160E0));
#5656=CARTESIAN_POINT('',(-5.692607817500E-1,2.008776435251E-1,
-6.914323562603E0));
#5657=DIRECTION('',(0.E0,-1.E0,0.E0));
#5658=AXIS1_PLACEMENT('',#5656,#5657);
#5659=SURFACE_OF_REVOLUTION('',#5655,#5658);
#5660=ORIENTED_EDGE('',*,*,#5639,.F.);
#5661=ORIENTED_EDGE('',*,*,#3020,.F.);
#5663=ORIENTED_EDGE('',*,*,#5662,.T.);
#5664=ORIENTED_EDGE('',*,*,#3524,.F.);
#5665=EDGE_LOOP('',(#5660,#5661,#5663,#5664));
#5666=FACE_OUTER_BOUND('',#5665,.F.);
#5667=ADVANCED_FACE('',(#5666),#5659,.T.);
#5668=FILL_AREA_STYLE_COLOUR('',#2);
#5669=FILL_AREA_STYLE('',(#5668));
#5670=SURFACE_STYLE_FILL_AREA(#5669);
#5671=SURFACE_SIDE_STYLE('',(#5670));
#5672=SURFACE_STYLE_USAGE(.BOTH.,#5671);
#5673=PRESENTATION_STYLE_ASSIGNMENT((#5672));
#5674=STYLED_ITEM('',(#5673),#5667);
#5675=CARTESIAN_POINT('',(-5.526192732300E-1,2.040655901036E-1,
-6.867563030056E0));
#5676=CARTESIAN_POINT('',(-5.526192732300E-1,-3.316727299655E-1,
-6.867563030056E0));
#5677=CARTESIAN_POINT('',(-5.526192732300E-1,-8.674110500345E-1,
-6.867563030056E0));
#5678=CARTESIAN_POINT('',(-5.526192732300E-1,-1.403149370104E0,
-6.867563030056E0));
#5679=CARTESIAN_POINT('',(-5.526192732300E-1,2.040655901036E-1,
-7.428133501703E0));
#5680=CARTESIAN_POINT('',(-5.526192732300E-1,-3.316727299655E-1,
-7.428133501703E0));
#5681=CARTESIAN_POINT('',(-5.526192732300E-1,-8.674110500345E-1,
-7.428133501703E0));
#5682=CARTESIAN_POINT('',(-5.526192732300E-1,-1.403149370104E0,
-7.428133501703E0));
#5683=CARTESIAN_POINT('',(-5.526192732300E-1,2.040655901036E-1,
-7.988703973351E0));
#5684=CARTESIAN_POINT('',(-5.526192732300E-1,-3.316727299655E-1,
-7.988703973351E0));
#5685=CARTESIAN_POINT('',(-5.526192732300E-1,-8.674110500345E-1,
-7.988703973351E0));
#5686=CARTESIAN_POINT('',(-5.526192732300E-1,-1.403149370104E0,
-7.988703973351E0));
#5687=CARTESIAN_POINT('',(-5.526192732300E-1,2.040655901036E-1,
-8.549274444998E0));
#5688=CARTESIAN_POINT('',(-5.526192732300E-1,-3.316727299655E-1,
-8.549274444998E0));
#5689=CARTESIAN_POINT('',(-5.526192732300E-1,-8.674110500345E-1,
-8.549274444998E0));
#5690=CARTESIAN_POINT('',(-5.526192732300E-1,-1.403149370104E0,
-8.549274444998E0));
#5691=B_SPLINE_SURFACE_WITH_KNOTS('',3,3,((#5675,#5676,#5677,#5678),(#5679,
#5680,#5681,#5682),(#5683,#5684,#5685,#5686),(#5687,#5688,#5689,#5690)),
.UNSPECIFIED.,.F.,.F.,.F.,(4,4),(4,4),(-4.343724554850E-2,1.638274169394E0),(
-1.563947590103E0,4.326737010366E-2),.UNSPECIFIED.);
#5692=ORIENTED_EDGE('',*,*,#5662,.F.);
#5693=ORIENTED_EDGE('',*,*,#3018,.F.);
#5695=ORIENTED_EDGE('',*,*,#5694,.T.);
#5696=ORIENTED_EDGE('',*,*,#3526,.F.);
#5697=EDGE_LOOP('',(#5692,#5693,#5695,#5696));
#5698=FACE_OUTER_BOUND('',#5697,.F.);
#5699=ADVANCED_FACE('',(#5698),#5691,.F.);
#5700=FILL_AREA_STYLE_COLOUR('',#2);
#5701=FILL_AREA_STYLE('',(#5700));
#5702=SURFACE_STYLE_FILL_AREA(#5701);
#5703=SURFACE_SIDE_STYLE('',(#5702));
#5704=SURFACE_STYLE_USAGE(.BOTH.,#5703);
#5705=PRESENTATION_STYLE_ASSIGNMENT((#5704));
#5706=STYLED_ITEM('',(#5705),#5699);
#5707=CARTESIAN_POINT('',(-5.526192732229E-1,2.040655901036E-1,
-8.506000185005E0));
#5708=CARTESIAN_POINT('',(-5.526192732229E-1,-1.403149370104E0,
-8.506000185005E0));
#5710=CARTESIAN_POINT('',(-5.646215245800E-1,2.008776435251E-1,
-8.506997981698E0));
#5711=DIRECTION('',(0.E0,-1.E0,0.E0));
#5712=AXIS1_PLACEMENT('',#5710,#5711);
#5713=SURFACE_OF_REVOLUTION('',#5709,#5712);
#5714=ORIENTED_EDGE('',*,*,#5694,.F.);
#5715=ORIENTED_EDGE('',*,*,#3016,.F.);
#5717=ORIENTED_EDGE('',*,*,#5716,.T.);
#5718=ORIENTED_EDGE('',*,*,#3528,.F.);
#5719=EDGE_LOOP('',(#5714,#5715,#5717,#5718));
#5720=FACE_OUTER_BOUND('',#5719,.F.);
#5721=ADVANCED_FACE('',(#5720),#5713,.T.);
#5722=FILL_AREA_STYLE_COLOUR('',#2);
#5723=FILL_AREA_STYLE('',(#5722));
#5724=SURFACE_STYLE_FILL_AREA(#5723);
#5725=SURFACE_SIDE_STYLE('',(#5724));
#5726=SURFACE_STYLE_USAGE(.BOTH.,#5725);
#5727=PRESENTATION_STYLE_ASSIGNMENT((#5726));
#5728=STYLED_ITEM('',(#5727),#5721);
#5729=CARTESIAN_POINT('',(-3.390397139046E-1,2.040655901036E-1,
-8.519000196449E0));
#5730=CARTESIAN_POINT('',(-3.390397139046E-1,-3.316727299655E-1,
-8.519000196449E0));
#5731=CARTESIAN_POINT('',(-3.390397139046E-1,-8.674110500345E-1,
-8.519000196449E0));
#5732=CARTESIAN_POINT('',(-3.390397139046E-1,-1.403149370104E0,
-8.519000196449E0));
#5733=CARTESIAN_POINT('',(-4.266427205766E0,2.040655901036E-1,
-8.519000196449E0));
#5734=CARTESIAN_POINT('',(-4.266427205766E0,-3.316727299655E-1,
-8.519000196449E0));
#5735=CARTESIAN_POINT('',(-4.266427205766E0,-8.674110500345E-1,
-8.519000196449E0));
#5736=CARTESIAN_POINT('',(-4.266427205766E0,-1.403149370104E0,
-8.519000196449E0));
#5737=CARTESIAN_POINT('',(-8.193814697626E0,2.040655901036E-1,
-8.519000196449E0));
#5738=CARTESIAN_POINT('',(-8.193814697626E0,-3.316727299655E-1,
-8.519000196449E0));
#5739=CARTESIAN_POINT('',(-8.193814697626E0,-8.674110500345E-1,
-8.519000196449E0));
#5740=CARTESIAN_POINT('',(-8.193814697626E0,-1.403149370104E0,
-8.519000196449E0));
#5741=CARTESIAN_POINT('',(-1.212120218949E1,2.040655901036E-1,
-8.519000196449E0));
#5742=CARTESIAN_POINT('',(-1.212120218949E1,-3.316727299655E-1,
-8.519000196449E0));
#5743=CARTESIAN_POINT('',(-1.212120218949E1,-8.674110500345E-1,
-8.519000196449E0));
#5744=CARTESIAN_POINT('',(-1.212120218949E1,-1.403149370104E0,
-8.519000196449E0));
#5745=B_SPLINE_SURFACE_WITH_KNOTS('',3,3,((#5729,#5730,#5731,#5732),(#5733,
#5734,#5735,#5736),(#5737,#5738,#5739,#5740),(#5741,#5742,#5743,#5744)),
.UNSPECIFIED.,.F.,.F.,.F.,(4,4),(4,4),(-2.265800476054E-1,1.155558242798E1),(
-1.563947590103E0,4.326737010366E-2),.UNSPECIFIED.);
#5746=ORIENTED_EDGE('',*,*,#5716,.F.);
#5747=ORIENTED_EDGE('',*,*,#3014,.F.);
#5749=ORIENTED_EDGE('',*,*,#5748,.T.);
#5750=ORIENTED_EDGE('',*,*,#3530,.F.);
#5751=EDGE_LOOP('',(#5746,#5747,#5749,#5750));
#5752=FACE_OUTER_BOUND('',#5751,.F.);
#5753=ADVANCED_FACE('',(#5752),#5745,.F.);
#5754=FILL_AREA_STYLE_COLOUR('',#2);
#5755=FILL_AREA_STYLE('',(#5754));
#5756=SURFACE_STYLE_FILL_AREA(#5755);
#5757=SURFACE_SIDE_STYLE('',(#5756));
#5758=SURFACE_STYLE_USAGE(.BOTH.,#5757);
#5759=PRESENTATION_STYLE_ASSIGNMENT((#5758));
#5760=STYLED_ITEM('',(#5759),#5753);
#5761=CARTESIAN_POINT('',(-1.189462214188E1,2.040655901036E-1,
-8.519000196450E0));
#5762=CARTESIAN_POINT('',(-1.189462214188E1,-1.403149370104E0,
-8.519000196450E0));
#5764=CARTESIAN_POINT('',(-1.189530951677E1,2.008776435251E-1,
-7.506690895566E0));
#5765=DIRECTION('',(0.E0,-1.E0,0.E0));
#5766=AXIS1_PLACEMENT('',#5764,#5765);
#5767=SURFACE_OF_REVOLUTION('',#5763,#5766);
#5768=ORIENTED_EDGE('',*,*,#5748,.F.);
#5769=ORIENTED_EDGE('',*,*,#3012,.F.);
#5771=ORIENTED_EDGE('',*,*,#5770,.T.);
#5772=ORIENTED_EDGE('',*,*,#3532,.F.);
#5773=EDGE_LOOP('',(#5768,#5769,#5771,#5772));
#5774=FACE_OUTER_BOUND('',#5773,.F.);
#5775=ADVANCED_FACE('',(#5774),#5767,.T.);
#5776=FILL_AREA_STYLE_COLOUR('',#2);
#5777=FILL_AREA_STYLE('',(#5776));
#5778=SURFACE_STYLE_FILL_AREA(#5777);
#5779=SURFACE_SIDE_STYLE('',(#5778));
#5780=SURFACE_STYLE_USAGE(.BOTH.,#5779);
#5781=PRESENTATION_STYLE_ASSIGNMENT((#5780));
#5782=STYLED_ITEM('',(#5781),#5775);
#5783=CARTESIAN_POINT('',(-1.290761881546E1,2.040655901036E-1,
-7.594860303426E0));
#5784=CARTESIAN_POINT('',(-1.290761881546E1,-3.316727299655E-1,
-7.594860303426E0));
#5785=CARTESIAN_POINT('',(-1.290761881546E1,-8.674110500345E-1,
-7.594860303426E0));
#5786=CARTESIAN_POINT('',(-1.290761881546E1,-1.403149370104E0,
-7.594860303426E0));
#5787=CARTESIAN_POINT('',(-1.290761881546E1,2.040655901036E-1,
-6.054620317633E0));
#5788=CARTESIAN_POINT('',(-1.290761881546E1,-3.316727299655E-1,
-6.054620317633E0));
#5789=CARTESIAN_POINT('',(-1.290761881546E1,-8.674110500345E-1,
-6.054620317633E0));
#5790=CARTESIAN_POINT('',(-1.290761881546E1,-1.403149370104E0,
-6.054620317633E0));
#5791=CARTESIAN_POINT('',(-1.290761881546E1,2.040655901036E-1,
-4.514380331840E0));
#5792=CARTESIAN_POINT('',(-1.290761881546E1,-3.316727299655E-1,
-4.514380331840E0));
#5793=CARTESIAN_POINT('',(-1.290761881546E1,-8.674110500345E-1,
-4.514380331840E0));
#5794=CARTESIAN_POINT('',(-1.290761881546E1,-1.403149370104E0,
-4.514380331840E0));
#5795=CARTESIAN_POINT('',(-1.290761881546E1,2.040655901036E-1,
-2.974140346047E0));
#5796=CARTESIAN_POINT('',(-1.290761881546E1,-3.316727299655E-1,
-2.974140346047E0));
#5797=CARTESIAN_POINT('',(-1.290761881546E1,-8.674110500345E-1,
-2.974140346047E0));
#5798=CARTESIAN_POINT('',(-1.290761881546E1,-1.403149370104E0,
-2.974140346047E0));
#5799=B_SPLINE_SURFACE_WITH_KNOTS('',3,3,((#5783,#5784,#5785,#5786),(#5787,
#5788,#5789,#5790),(#5791,#5792,#5793,#5794),(#5795,#5796,#5797,#5798)),
.UNSPECIFIED.,.F.,.F.,.F.,(4,4),(4,4),(-8.885999921199E-2,4.531859958167E0),(
-1.563947590103E0,4.326737010366E-2),.UNSPECIFIED.);
#5800=ORIENTED_EDGE('',*,*,#5770,.F.);
#5801=ORIENTED_EDGE('',*,*,#3010,.F.);
#5803=ORIENTED_EDGE('',*,*,#5802,.T.);
#5804=ORIENTED_EDGE('',*,*,#3534,.F.);
#5805=EDGE_LOOP('',(#5800,#5801,#5803,#5804));
#5806=FACE_OUTER_BOUND('',#5805,.F.);
#5807=ADVANCED_FACE('',(#5806),#5799,.F.);
#5808=FILL_AREA_STYLE_COLOUR('',#2);
#5809=FILL_AREA_STYLE('',(#5808));
#5810=SURFACE_STYLE_FILL_AREA(#5809);
#5811=SURFACE_SIDE_STYLE('',(#5810));
#5812=SURFACE_STYLE_USAGE(.BOTH.,#5811);
#5813=PRESENTATION_STYLE_ASSIGNMENT((#5812));
#5814=STYLED_ITEM('',(#5813),#5807);
#5815=CARTESIAN_POINT('',(-1.290761881546E1,2.040655901036E-1,
-3.063000345222E0));
#5816=CARTESIAN_POINT('',(-1.290761881546E1,-1.403149370104E0,
-3.063000345222E0));
#5818=CARTESIAN_POINT('',(-1.289393299889E1,2.008776435251E-1,
-3.062672552601E0));
#5819=DIRECTION('',(0.E0,-1.E0,0.E0));
#5820=AXIS1_PLACEMENT('',#5818,#5819);
#5821=SURFACE_OF_REVOLUTION('',#5817,#5820);
#5822=ORIENTED_EDGE('',*,*,#5802,.F.);
#5823=ORIENTED_EDGE('',*,*,#3008,.F.);
#5825=ORIENTED_EDGE('',*,*,#5824,.T.);
#5826=ORIENTED_EDGE('',*,*,#3536,.F.);
#5827=EDGE_LOOP('',(#5822,#5823,#5825,#5826));
#5828=FACE_OUTER_BOUND('',#5827,.F.);
#5829=ADVANCED_FACE('',(#5828),#5821,.T.);
#5830=FILL_AREA_STYLE_COLOUR('',#2);
#5831=FILL_AREA_STYLE('',(#5830));
#5832=SURFACE_STYLE_FILL_AREA(#5831);
#5833=SURFACE_SIDE_STYLE('',(#5832));
#5834=SURFACE_STYLE_USAGE(.BOTH.,#5833);
#5835=PRESENTATION_STYLE_ASSIGNMENT((#5834));
#5836=STYLED_ITEM('',(#5835),#5829);
#5837=CARTESIAN_POINT('',(-1.293788951198E1,2.040655901036E-1,
-3.049000167838E0));
#5838=CARTESIAN_POINT('',(-1.293788951198E1,-3.316727299655E-1,
-3.049000167838E0));
#5839=CARTESIAN_POINT('',(-1.293788951198E1,-8.674110500345E-1,
-3.049000167838E0));
#5840=CARTESIAN_POINT('',(-1.293788951198E1,-1.403149370104E0,
-3.049000167838E0));
#5841=CARTESIAN_POINT('',(-1.251104451720E1,2.040655901036E-1,
-3.049000167838E0));
#5842=CARTESIAN_POINT('',(-1.251104451720E1,-3.316727299655E-1,
-3.049000167838E0));
#5843=CARTESIAN_POINT('',(-1.251104451720E1,-8.674110500345E-1,
-3.049000167838E0));
#5844=CARTESIAN_POINT('',(-1.251104451720E1,-1.403149370104E0,
-3.049000167838E0));
#5845=CARTESIAN_POINT('',(-1.208419952242E1,2.040655901036E-1,
-3.049000167838E0));
#5846=CARTESIAN_POINT('',(-1.208419952242E1,-3.316727299655E-1,
-3.049000167838E0));
#5847=CARTESIAN_POINT('',(-1.208419952242E1,-8.674110500345E-1,
-3.049000167838E0));
#5848=CARTESIAN_POINT('',(-1.208419952242E1,-1.403149370104E0,
-3.049000167838E0));
#5849=CARTESIAN_POINT('',(-1.165735452764E1,2.040655901036E-1,
-3.049000167838E0));
#5850=CARTESIAN_POINT('',(-1.165735452764E1,-3.316727299655E-1,
-3.049000167838E0));
#5851=CARTESIAN_POINT('',(-1.165735452764E1,-8.674110500345E-1,
-3.049000167838E0));
#5852=CARTESIAN_POINT('',(-1.165735452764E1,-1.403149370104E0,
-3.049000167838E0));
#5853=B_SPLINE_SURFACE_WITH_KNOTS('',3,3,((#5837,#5838,#5839,#5840),(#5841,
#5842,#5843,#5844),(#5845,#5846,#5847,#5848),(#5849,#5850,#5851,#5852)),
.UNSPECIFIED.,.F.,.F.,.F.,(4,4),(4,4),(-4.326737009870E-2,1.237267614239E0),(
-1.563947590103E0,4.326737010366E-2),.UNSPECIFIED.);
#5854=ORIENTED_EDGE('',*,*,#5824,.F.);
#5855=ORIENTED_EDGE('',*,*,#3006,.F.);
#5857=ORIENTED_EDGE('',*,*,#5856,.T.);
#5858=ORIENTED_EDGE('',*,*,#3538,.F.);
#5859=EDGE_LOOP('',(#5854,#5855,#5857,#5858));
#5860=FACE_OUTER_BOUND('',#5859,.F.);
#5861=ADVANCED_FACE('',(#5860),#5853,.F.);
#5862=FILL_AREA_STYLE_COLOUR('',#2);
#5863=FILL_AREA_STYLE('',(#5862));
#5864=SURFACE_STYLE_FILL_AREA(#5863);
#5865=SURFACE_SIDE_STYLE('',(#5864));
#5866=SURFACE_STYLE_USAGE(.BOTH.,#5865);
#5867=PRESENTATION_STYLE_ASSIGNMENT((#5866));
#5868=STYLED_ITEM('',(#5867),#5861);
#5869=CARTESIAN_POINT('',(-1.170062189774E1,2.040655901036E-1,
-3.049000167839E0));
#5870=CARTESIAN_POINT('',(-1.170062189774E1,-1.403149370104E0,
-3.049000167839E0));
#5872=CARTESIAN_POINT('',(-1.170012002826E1,2.008776435251E-1,
-2.462500238410E0));
#5873=DIRECTION('',(0.E0,-1.E0,0.E0));
#5874=AXIS1_PLACEMENT('',#5872,#5873);
#5875=SURFACE_OF_REVOLUTION('',#5871,#5874);
#5876=ORIENTED_EDGE('',*,*,#5856,.F.);
#5877=ORIENTED_EDGE('',*,*,#3004,.F.);
#5879=ORIENTED_EDGE('',*,*,#5878,.T.);
#5880=ORIENTED_EDGE('',*,*,#3540,.F.);
#5881=EDGE_LOOP('',(#5876,#5877,#5879,#5880));
#5882=FACE_OUTER_BOUND('',#5881,.F.);
#5883=ADVANCED_FACE('',(#5882),#5875,.F.);
#5884=FILL_AREA_STYLE_COLOUR('',#2);
#5885=FILL_AREA_STYLE('',(#5884));
#5886=SURFACE_STYLE_FILL_AREA(#5885);
#5887=SURFACE_SIDE_STYLE('',(#5886));
#5888=SURFACE_STYLE_USAGE(.BOTH.,#5887);
#5889=PRESENTATION_STYLE_ASSIGNMENT((#5888));
#5890=STYLED_ITEM('',(#5889),#5883);
#5891=CARTESIAN_POINT('',(-1.165664826570E1,2.040655901036E-1,
-1.876000308982E0));
#5892=CARTESIAN_POINT('',(-1.165664826570E1,-3.316727299655E-1,
-1.876000308982E0));
#5893=CARTESIAN_POINT('',(-1.165664826570E1,-8.674110500345E-1,
-1.876000308982E0));
#5894=CARTESIAN_POINT('',(-1.165664826570E1,-1.403149370104E0,
-1.876000308982E0));
#5895=CARTESIAN_POINT('',(-1.208139530547E1,2.040655901036E-1,
-1.876000308982E0));
#5896=CARTESIAN_POINT('',(-1.208139530547E1,-3.316727299655E-1,
-1.876000308982E0));
#5897=CARTESIAN_POINT('',(-1.208139530547E1,-8.674110500345E-1,
-1.876000308982E0));
#5898=CARTESIAN_POINT('',(-1.208139530547E1,-1.403149370104E0,
-1.876000308982E0));
#5899=CARTESIAN_POINT('',(-1.250614234524E1,2.040655901036E-1,
-1.876000308982E0));
#5900=CARTESIAN_POINT('',(-1.250614234524E1,-3.316727299655E-1,
-1.876000308982E0));
#5901=CARTESIAN_POINT('',(-1.250614234524E1,-8.674110500345E-1,
-1.876000308982E0));
#5902=CARTESIAN_POINT('',(-1.250614234524E1,-1.403149370104E0,
-1.876000308982E0));
#5903=CARTESIAN_POINT('',(-1.293088938501E1,2.040655901036E-1,
-1.876000308982E0));
#5904=CARTESIAN_POINT('',(-1.293088938501E1,-3.316727299655E-1,
-1.876000308982E0));
#5905=CARTESIAN_POINT('',(-1.293088938501E1,-8.674110500345E-1,
-1.876000308982E0));
#5906=CARTESIAN_POINT('',(-1.293088938501E1,-1.403149370104E0,
-1.876000308982E0));
#5907=B_SPLINE_SURFACE_WITH_KNOTS('',3,3,((#5891,#5892,#5893,#5894),(#5895,
#5896,#5897,#5898),(#5899,#5900,#5901,#5902),(#5903,#5904,#5905,#5906)),
.UNSPECIFIED.,.F.,.F.,.F.,(4,4),(4,4),(-4.397363204340E-2,1.230267487270E0),(
-1.563947590103E0,4.326737010366E-2),.UNSPECIFIED.);
#5908=ORIENTED_EDGE('',*,*,#5878,.F.);
#5909=ORIENTED_EDGE('',*,*,#3002,.F.);
#5911=ORIENTED_EDGE('',*,*,#5910,.T.);
#5912=ORIENTED_EDGE('',*,*,#3542,.F.);
#5913=EDGE_LOOP('',(#5908,#5909,#5911,#5912));
#5914=FACE_OUTER_BOUND('',#5913,.F.);
#5915=ADVANCED_FACE('',(#5914),#5907,.F.);
#5916=FILL_AREA_STYLE_COLOUR('',#2);
#5917=FILL_AREA_STYLE('',(#5916));
#5918=SURFACE_STYLE_FILL_AREA(#5917);
#5919=SURFACE_SIDE_STYLE('',(#5918));
#5920=SURFACE_STYLE_USAGE(.BOTH.,#5919);
#5921=PRESENTATION_STYLE_ASSIGNMENT((#5920));
#5922=STYLED_ITEM('',(#5921),#5915);
#5923=CARTESIAN_POINT('',(-1.288762217240E1,2.040655901036E-1,
-1.876000308982E0));
#5924=CARTESIAN_POINT('',(-1.288762217240E1,-1.403149370104E0,
-1.876000308982E0));
#5926=CARTESIAN_POINT('',(-1.289312040983E1,2.008776435251E-1,
-1.862501438174E0));
#5927=DIRECTION('',(0.E0,-1.E0,0.E0));
#5928=AXIS1_PLACEMENT('',#5926,#5927);
#5929=SURFACE_OF_REVOLUTION('',#5925,#5928);
#5930=ORIENTED_EDGE('',*,*,#5910,.F.);
#5931=ORIENTED_EDGE('',*,*,#3000,.F.);
#5932=ORIENTED_EDGE('',*,*,#2704,.T.);
#5933=ORIENTED_EDGE('',*,*,#3544,.F.);
#5934=EDGE_LOOP('',(#5930,#5931,#5932,#5933));
#5935=FACE_OUTER_BOUND('',#5934,.F.);
#5936=ADVANCED_FACE('',(#5935),#5929,.T.);
#5937=FILL_AREA_STYLE_COLOUR('',#2);
#5938=FILL_AREA_STYLE('',(#5937));
#5939=SURFACE_STYLE_FILL_AREA(#5938);
#5940=SURFACE_SIDE_STYLE('',(#5939));
#5941=SURFACE_STYLE_USAGE(.BOTH.,#5940);
#5942=PRESENTATION_STYLE_ASSIGNMENT((#5941));
#5943=STYLED_ITEM('',(#5942),#5936);
#5944=CARTESIAN_POINT('',(-1.148062067704E1,2.040655901036E-1,
6.686999893197E0));
#5945=CARTESIAN_POINT('',(-1.148062067704E1,-1.403149370104E0,
6.686999893197E0));
#5947=CARTESIAN_POINT('',(-1.109481507050E1,2.008776435251E-1,
6.685807209570E0));
#5948=DIRECTION('',(0.E0,-1.E0,0.E0));
#5949=AXIS1_PLACEMENT('',#5947,#5948);
#5950=SURFACE_OF_REVOLUTION('',#5946,#5949);
#5951=ORIENTED_EDGE('',*,*,#2393,.F.);
#5952=ORIENTED_EDGE('',*,*,#3127,.F.);
#5954=ORIENTED_EDGE('',*,*,#5953,.T.);
#5955=ORIENTED_EDGE('',*,*,#3548,.F.);
#5956=EDGE_LOOP('',(#5951,#5952,#5954,#5955));
#5957=FACE_OUTER_BOUND('',#5956,.F.);
#5958=ADVANCED_FACE('',(#5957),#5950,.F.);
#5959=FILL_AREA_STYLE_COLOUR('',#2);
#5960=FILL_AREA_STYLE('',(#5959));
#5961=SURFACE_STYLE_FILL_AREA(#5960);
#5962=SURFACE_SIDE_STYLE('',(#5961));
#5963=SURFACE_STYLE_USAGE(.BOTH.,#5962);
#5964=PRESENTATION_STYLE_ASSIGNMENT((#5963));
#5965=STYLED_ITEM('',(#5964),#5958);
#5966=CARTESIAN_POINT('',(-1.113849869755E1,2.040655901036E-1,
6.299999809270E0));
#5967=CARTESIAN_POINT('',(-1.113849869755E1,-3.316727299655E-1,
6.299999809270E0));
#5968=CARTESIAN_POINT('',(-1.113849869755E1,-8.674110500345E-1,
6.299999809270E0));
#5969=CARTESIAN_POINT('',(-1.113849869755E1,-1.403149370104E0,
6.299999809270E0));
#5970=CARTESIAN_POINT('',(-1.064278379659E1,2.040655901036E-1,
6.299999809270E0));
#5971=CARTESIAN_POINT('',(-1.064278379659E1,-3.316727299655E-1,
6.299999809270E0));
#5972=CARTESIAN_POINT('',(-1.064278379659E1,-8.674110500345E-1,
6.299999809270E0));
#5973=CARTESIAN_POINT('',(-1.064278379659E1,-1.403149370104E0,
6.299999809270E0));
#5974=CARTESIAN_POINT('',(-1.014706889563E1,2.040655901036E-1,
6.299999809270E0));
#5975=CARTESIAN_POINT('',(-1.014706889563E1,-3.316727299655E-1,
6.299999809270E0));
#5976=CARTESIAN_POINT('',(-1.014706889563E1,-8.674110500345E-1,
6.299999809270E0));
#5977=CARTESIAN_POINT('',(-1.014706889563E1,-1.403149370104E0,
6.299999809270E0));
#5978=CARTESIAN_POINT('',(-9.651353994671E0,2.040655901036E-1,
6.299999809270E0));
#5979=CARTESIAN_POINT('',(-9.651353994671E0,-3.316727299655E-1,
6.299999809270E0));
#5980=CARTESIAN_POINT('',(-9.651353994671E0,-8.674110500345E-1,
6.299999809270E0));
#5981=CARTESIAN_POINT('',(-9.651353994671E0,-1.403149370104E0,
6.299999809270E0));
#5982=B_SPLINE_SURFACE_WITH_KNOTS('',3,3,((#5966,#5967,#5968,#5969),(#5970,
#5971,#5972,#5973),(#5974,#5975,#5976,#5977),(#5978,#5979,#5980,#5981)),
.UNSPECIFIED.,.F.,.F.,.F.,(4,4),(4,4),(-4.387960742935E-2,1.443265095449E0),(
-1.563947590103E0,4.326737010366E-2),.UNSPECIFIED.);
#5983=ORIENTED_EDGE('',*,*,#5953,.F.);
#5984=ORIENTED_EDGE('',*,*,#3125,.F.);
#5986=ORIENTED_EDGE('',*,*,#5985,.T.);
#5987=ORIENTED_EDGE('',*,*,#3550,.F.);
#5988=EDGE_LOOP('',(#5983,#5984,#5986,#5987));
#5989=FACE_OUTER_BOUND('',#5988,.F.);
#5990=ADVANCED_FACE('',(#5989),#5982,.F.);
#5991=FILL_AREA_STYLE_COLOUR('',#2);
#5992=FILL_AREA_STYLE('',(#5991));
#5993=SURFACE_STYLE_FILL_AREA(#5992);
#5994=SURFACE_SIDE_STYLE('',(#5993));
#5995=SURFACE_STYLE_USAGE(.BOTH.,#5994);
#5996=PRESENTATION_STYLE_ASSIGNMENT((#5995));
#5997=STYLED_ITEM('',(#5996),#5990);
#5998=CARTESIAN_POINT('',(-9.694621378942E0,2.040655901036E-1,
6.299999809271E0));
#5999=CARTESIAN_POINT('',(-9.694621378942E0,-1.403149370104E0,
6.299999809271E0));
#6001=CARTESIAN_POINT('',(-9.693429005590E0,2.008776435251E-1,
6.685808470580E0));
#6002=DIRECTION('',(0.E0,-1.E0,0.E0));
#6003=AXIS1_PLACEMENT('',#6001,#6002);
#6004=SURFACE_OF_REVOLUTION('',#6000,#6003);
#6005=ORIENTED_EDGE('',*,*,#2443,.F.);
#6006=ORIENTED_EDGE('',*,*,#3552,.F.);
#6007=ORIENTED_EDGE('',*,*,#5985,.F.);
#6008=ORIENTED_EDGE('',*,*,#3123,.F.);
#6009=EDGE_LOOP('',(#6005,#6006,#6007,#6008));
#6010=FACE_OUTER_BOUND('',#6009,.F.);
#6011=ADVANCED_FACE('',(#6010),#6004,.F.);
#6012=FILL_AREA_STYLE_COLOUR('',#2);
#6013=FILL_AREA_STYLE('',(#6012));
#6014=SURFACE_STYLE_FILL_AREA(#6013);
#6015=SURFACE_SIDE_STYLE('',(#6014));
#6016=SURFACE_STYLE_USAGE(.BOTH.,#6015);
#6017=PRESENTATION_STYLE_ASSIGNMENT((#6016));
#6018=STYLED_ITEM('',(#6017),#6011);
#6019=CARTESIAN_POINT('',(-7.880622202916E0,2.040655901036E-1,
6.686999893192E0));
#6020=CARTESIAN_POINT('',(-7.880622202916E0,-1.403149370104E0,
6.686999893192E0));
#6022=CARTESIAN_POINT('',(-7.494810103990E0,2.008776435251E-1,
6.685813685200E0));
#6023=DIRECTION('',(0.E0,-1.E0,0.E0));
#6024=AXIS1_PLACEMENT('',#6022,#6023);
#6025=SURFACE_OF_REVOLUTION('',#6021,#6024);
#6026=ORIENTED_EDGE('',*,*,#2439,.F.);
#6027=ORIENTED_EDGE('',*,*,#3120,.F.);
#6029=ORIENTED_EDGE('',*,*,#6028,.T.);
#6030=ORIENTED_EDGE('',*,*,#3555,.F.);
#6031=EDGE_LOOP('',(#6026,#6027,#6029,#6030));
#6032=FACE_OUTER_BOUND('',#6031,.F.);
#6033=ADVANCED_FACE('',(#6032),#6025,.F.);
#6034=FILL_AREA_STYLE_COLOUR('',#2);
#6035=FILL_AREA_STYLE('',(#6034));
#6036=SURFACE_STYLE_FILL_AREA(#6035);
#6037=SURFACE_SIDE_STYLE('',(#6036));
#6038=SURFACE_STYLE_USAGE(.BOTH.,#6037);
#6039=PRESENTATION_STYLE_ASSIGNMENT((#6038));
#6040=STYLED_ITEM('',(#6039),#6033);
#6041=CARTESIAN_POINT('',(-7.538494501980E0,2.040655901036E-1,
6.299999809270E0));
#6042=CARTESIAN_POINT('',(-7.538494501980E0,-3.316727299655E-1,
6.299999809270E0));
#6043=CARTESIAN_POINT('',(-7.538494501980E0,-8.674110500345E-1,
6.299999809270E0));
#6044=CARTESIAN_POINT('',(-7.538494501980E0,-1.403149370104E0,
6.299999809270E0));
#6045=CARTESIAN_POINT('',(-7.042780236036E0,2.040655901036E-1,
6.299999809270E0));
#6046=CARTESIAN_POINT('',(-7.042780236036E0,-3.316727299655E-1,
6.299999809270E0));
#6047=CARTESIAN_POINT('',(-7.042780236036E0,-8.674110500345E-1,
6.299999809270E0));
#6048=CARTESIAN_POINT('',(-7.042780236036E0,-1.403149370104E0,
6.299999809270E0));
#6049=CARTESIAN_POINT('',(-6.547065970091E0,2.040655901036E-1,
6.299999809270E0));
#6050=CARTESIAN_POINT('',(-6.547065970091E0,-3.316727299655E-1,
6.299999809270E0));
#6051=CARTESIAN_POINT('',(-6.547065970091E0,-8.674110500345E-1,
6.299999809270E0));
#6052=CARTESIAN_POINT('',(-6.547065970091E0,-1.403149370104E0,
6.299999809270E0));
#6053=CARTESIAN_POINT('',(-6.051351704147E0,2.040655901036E-1,
6.299999809270E0));
#6054=CARTESIAN_POINT('',(-6.051351704147E0,-3.316727299655E-1,
6.299999809270E0));
#6055=CARTESIAN_POINT('',(-6.051351704147E0,-8.674110500345E-1,
6.299999809270E0));
#6056=CARTESIAN_POINT('',(-6.051351704147E0,-1.403149370104E0,
6.299999809270E0));
#6057=B_SPLINE_SURFACE_WITH_KNOTS('',3,3,((#6041,#6042,#6043,#6044),(#6045,
#6046,#6047,#6048),(#6049,#6050,#6051,#6052),(#6053,#6054,#6055,#6056)),
.UNSPECIFIED.,.F.,.F.,.F.,(4,4),(4,4),(-4.387388598054E-2,1.443268911853E0),(
-1.563947590103E0,4.326737010366E-2),.UNSPECIFIED.);
#6058=ORIENTED_EDGE('',*,*,#6028,.F.);
#6059=ORIENTED_EDGE('',*,*,#3118,.F.);
#6061=ORIENTED_EDGE('',*,*,#6060,.T.);
#6062=ORIENTED_EDGE('',*,*,#3557,.F.);
#6063=EDGE_LOOP('',(#6058,#6059,#6061,#6062));
#6064=FACE_OUTER_BOUND('',#6063,.F.);
#6065=ADVANCED_FACE('',(#6064),#6057,.F.);
#6066=FILL_AREA_STYLE_COLOUR('',#2);
#6067=FILL_AREA_STYLE('',(#6066));
#6068=SURFACE_STYLE_FILL_AREA(#6067);
#6069=SURFACE_SIDE_STYLE('',(#6068));
#6070=SURFACE_STYLE_USAGE(.BOTH.,#6069);
#6071=PRESENTATION_STYLE_ASSIGNMENT((#6070));
#6072=STYLED_ITEM('',(#6071),#6065);
#6073=CARTESIAN_POINT('',(-6.094619090125E0,2.040655901036E-1,
6.299999809267E0));
#6074=CARTESIAN_POINT('',(-6.094619090125E0,-1.403149370104E0,
6.299999809267E0));
#6076=CARTESIAN_POINT('',(-6.093430511500E0,2.008776435251E-1,
6.685808462340E0));
#6077=DIRECTION('',(0.E0,-1.E0,0.E0));
#6078=AXIS1_PLACEMENT('',#6076,#6077);
#6079=SURFACE_OF_REVOLUTION('',#6075,#6078);
#6080=ORIENTED_EDGE('',*,*,#2433,.F.);
#6081=ORIENTED_EDGE('',*,*,#3559,.F.);
#6082=ORIENTED_EDGE('',*,*,#6060,.F.);
#6083=ORIENTED_EDGE('',*,*,#3116,.F.);
#6084=EDGE_LOOP('',(#6080,#6081,#6082,#6083));
#6085=FACE_OUTER_BOUND('',#6084,.F.);
#6086=ADVANCED_FACE('',(#6085),#6079,.F.);
#6087=FILL_AREA_STYLE_COLOUR('',#2);
#6088=FILL_AREA_STYLE('',(#6087));
#6089=SURFACE_STYLE_FILL_AREA(#6088);
#6090=SURFACE_SIDE_STYLE('',(#6089));
#6091=SURFACE_STYLE_USAGE(.BOTH.,#6090);
#6092=PRESENTATION_STYLE_ASSIGNMENT((#6091));
#6093=STYLED_ITEM('',(#6092),#6086);
#6094=CARTESIAN_POINT('',(-4.280619914100E0,2.040655901036E-1,
6.686999893196E0));
#6095=CARTESIAN_POINT('',(-4.280619914100E0,-1.403149370104E0,
6.686999893196E0));
#6097=CARTESIAN_POINT('',(-3.894814310830E0,2.008776435251E-1,
6.685807208220E0));
#6098=DIRECTION('',(0.E0,-1.E0,0.E0));
#6099=AXIS1_PLACEMENT('',#6097,#6098);
#6100=SURFACE_OF_REVOLUTION('',#6096,#6099);
#6101=ORIENTED_EDGE('',*,*,#2429,.F.);
#6102=ORIENTED_EDGE('',*,*,#3113,.F.);
#6104=ORIENTED_EDGE('',*,*,#6103,.T.);
#6105=ORIENTED_EDGE('',*,*,#3562,.F.);
#6106=EDGE_LOOP('',(#6101,#6102,#6104,#6105));
#6107=FACE_OUTER_BOUND('',#6106,.F.);
#6108=ADVANCED_FACE('',(#6107),#6100,.F.);
#6109=FILL_AREA_STYLE_COLOUR('',#2);
#6110=FILL_AREA_STYLE('',(#6109));
#6111=SURFACE_STYLE_FILL_AREA(#6110);
#6112=SURFACE_SIDE_STYLE('',(#6111));
#6113=SURFACE_STYLE_USAGE(.BOTH.,#6112);
#6114=PRESENTATION_STYLE_ASSIGNMENT((#6113));
#6115=STYLED_ITEM('',(#6114),#6108);
#6116=CARTESIAN_POINT('',(-3.938500048123E0,2.040655901036E-1,
6.299999809270E0));
#6117=CARTESIAN_POINT('',(-3.938500048123E0,-3.316727299655E-1,
6.299999809270E0));
#6118=CARTESIAN_POINT('',(-3.938500048123E0,-8.674110500345E-1,
6.299999809270E0));
#6119=CARTESIAN_POINT('',(-3.938500048123E0,-1.403149370104E0,
6.299999809270E0));
#6120=CARTESIAN_POINT('',(-3.442784442228E0,2.040655901036E-1,
6.299999809270E0));
#6121=CARTESIAN_POINT('',(-3.442784442228E0,-3.316727299655E-1,
6.299999809270E0));
#6122=CARTESIAN_POINT('',(-3.442784442228E0,-8.674110500345E-1,
6.299999809270E0));
#6123=CARTESIAN_POINT('',(-3.442784442228E0,-1.403149370104E0,
6.299999809270E0));
#6124=CARTESIAN_POINT('',(-2.947068836332E0,2.040655901036E-1,
6.299999809270E0));
#6125=CARTESIAN_POINT('',(-2.947068836332E0,-3.316727299655E-1,
6.299999809270E0));
#6126=CARTESIAN_POINT('',(-2.947068836332E0,-8.674110500345E-1,
6.299999809270E0));
#6127=CARTESIAN_POINT('',(-2.947068836332E0,-1.403149370104E0,
6.299999809270E0));
#6128=CARTESIAN_POINT('',(-2.451353230436E0,2.040655901036E-1,
6.299999809270E0));
#6129=CARTESIAN_POINT('',(-2.451353230436E0,-3.316727299655E-1,
6.299999809270E0));
#6130=CARTESIAN_POINT('',(-2.451353230436E0,-8.674110500345E-1,
6.299999809270E0));
#6131=CARTESIAN_POINT('',(-2.451353230436E0,-1.403149370104E0,
6.299999809270E0));
#6132=B_SPLINE_SURFACE_WITH_KNOTS('',3,3,((#6116,#6117,#6118,#6119),(#6120,
#6121,#6122,#6123),(#6124,#6125,#6126,#6127),(#6128,#6129,#6130,#6131)),
.UNSPECIFIED.,.F.,.F.,.F.,(4,4),(4,4),(-4.387790624328E-2,1.443268911444E0),(
-1.563947590103E0,4.326737010366E-2),.UNSPECIFIED.);
#6133=ORIENTED_EDGE('',*,*,#6103,.F.);
#6134=ORIENTED_EDGE('',*,*,#3111,.F.);
#6136=ORIENTED_EDGE('',*,*,#6135,.T.);
#6137=ORIENTED_EDGE('',*,*,#3564,.F.);
#6138=EDGE_LOOP('',(#6133,#6134,#6136,#6137));
#6139=FACE_OUTER_BOUND('',#6138,.F.);
#6140=ADVANCED_FACE('',(#6139),#6132,.F.);
#6141=FILL_AREA_STYLE_COLOUR('',#2);
#6142=FILL_AREA_STYLE('',(#6141));
#6143=SURFACE_STYLE_FILL_AREA(#6142);
#6144=SURFACE_SIDE_STYLE('',(#6143));
#6145=SURFACE_STYLE_USAGE(.BOTH.,#6144);
#6146=PRESENTATION_STYLE_ASSIGNMENT((#6145));
#6147=STYLED_ITEM('',(#6146),#6140);
#6148=CARTESIAN_POINT('',(-2.494620615999E0,2.040655901036E-1,
6.299999809272E0));
#6149=CARTESIAN_POINT('',(-2.494620615999E0,-1.403149370104E0,
6.299999809272E0));
#6151=CARTESIAN_POINT('',(-2.493434706570E0,2.008776435251E-1,
6.685814934520E0));
#6152=DIRECTION('',(0.E0,-1.E0,0.E0));
#6153=AXIS1_PLACEMENT('',#6151,#6152);
#6154=SURFACE_OF_REVOLUTION('',#6150,#6153);
#6155=ORIENTED_EDGE('',*,*,#2423,.F.);
#6156=ORIENTED_EDGE('',*,*,#3566,.F.);
#6157=ORIENTED_EDGE('',*,*,#6135,.F.);
#6158=ORIENTED_EDGE('',*,*,#3109,.F.);
#6159=EDGE_LOOP('',(#6155,#6156,#6157,#6158));
#6160=FACE_OUTER_BOUND('',#6159,.F.);
#6161=ADVANCED_FACE('',(#6160),#6154,.F.);
#6162=FILL_AREA_STYLE_COLOUR('',#2);
#6163=FILL_AREA_STYLE('',(#6162));
#6164=SURFACE_STYLE_FILL_AREA(#6163);
#6165=SURFACE_SIDE_STYLE('',(#6164));
#6166=SURFACE_STYLE_USAGE(.BOTH.,#6165);
#6167=PRESENTATION_STYLE_ASSIGNMENT((#6166));
#6168=STYLED_ITEM('',(#6167),#6161);
#6169=CARTESIAN_POINT('',(1.051937932296E1,2.040655901036E-1,6.686999893195E0));
#6170=CARTESIAN_POINT('',(1.051937932296E1,-1.403149370104E0,6.686999893195E0));
#6172=CARTESIAN_POINT('',(1.090587872787E1,2.008776435251E-1,6.686499217870E0));
#6173=DIRECTION('',(0.E0,-1.E0,0.E0));
#6174=AXIS1_PLACEMENT('',#6172,#6173);
#6175=SURFACE_OF_REVOLUTION('',#6171,#6174);
#6176=ORIENTED_EDGE('',*,*,#2403,.F.);
#6177=ORIENTED_EDGE('',*,*,#3598,.F.);
#6178=ORIENTED_EDGE('',*,*,#2409,.F.);
#6179=ORIENTED_EDGE('',*,*,#3077,.F.);
#6180=EDGE_LOOP('',(#6176,#6177,#6178,#6179));
#6181=FACE_OUTER_BOUND('',#6180,.F.);
#6182=ADVANCED_FACE('',(#6181),#6175,.F.);
#6183=FILL_AREA_STYLE_COLOUR('',#2);
#6184=FILL_AREA_STYLE('',(#6183));
#6185=SURFACE_STYLE_FILL_AREA(#6184);
#6186=SURFACE_SIDE_STYLE('',(#6185));
#6187=SURFACE_STYLE_USAGE(.BOTH.,#6186);
#6188=PRESENTATION_STYLE_ASSIGNMENT((#6187));
#6189=STYLED_ITEM('',(#6188),#6182);
#6190=CLOSED_SHELL('',(#2323,#2347,#2449,#2481,#2503,#2535,#2557,#2589,#2611,
#2642,#2676,#2710,#2754,#2798,#2842,#2886,#2930,#2973,#3137,#3161,#3183,#3226,
#3270,#3312,#3356,#3400,#3444,#3608,#3631,#3652,#3675,#3696,#3719,#3740,#3763,
#3784,#3807,#3828,#3851,#3872,#3894,#3926,#3948,#3979,#4011,#4033,#4065,#4087,
#4118,#4150,#4172,#4204,#4226,#4257,#4289,#4311,#4343,#4365,#4396,#4428,#4460,
#4482,#4504,#4536,#4558,#4580,#4602,#4634,#4656,#4678,#4710,#4732,#4753,#4785,
#4807,#4839,#4861,#4892,#4924,#4946,#4978,#5000,#5031,#5063,#5085,#5107,#5139,
#5161,#5193,#5215,#5247,#5269,#5291,#5323,#5345,#5369,#5391,#5423,#5445,#5467,
#5499,#5521,#5545,#5567,#5599,#5621,#5645,#5667,#5699,#5721,#5753,#5775,#5807,
#5829,#5861,#5883,#5915,#5936,#5958,#5990,#6011,#6033,#6065,#6086,#6108,#6140,
#6161,#6182));
#6192=DIRECTION('',(0.E0,1.E0,0.E0));
#6193=VECTOR('',#6192,6.607018746998E0);
#6194=CARTESIAN_POINT('',(-1.320350937350E1,-3.303509373499E0,
-8.999999999999E0));
#6195=LINE('',#6194,#6193);
#6196=DRAUGHTING_PRE_DEFINED_CURVE_FONT('continuous');
#6197=CURVE_STYLE('',#6196,POSITIVE_LENGTH_MEASURE(2.E-2),#6);
#6198=PRESENTATION_STYLE_ASSIGNMENT((#6197));
#6199=STYLED_ITEM('',(#6198),#6195);
#6200=DIRECTION('',(-7.639092427474E-12,1.E0,-3.434405612521E-12));
#6201=VECTOR('',#6200,6.607018746934E0);
#6202=CARTESIAN_POINT('',(-1.355347525687E1,-3.303509373466E0,
-8.654886763121E0));
#6203=LINE('',#6202,#6201);
#6204=CURVE_STYLE('',#6196,POSITIVE_LENGTH_MEASURE(2.E-2),#6);
#6205=PRESENTATION_STYLE_ASSIGNMENT((#6204));
#6206=STYLED_ITEM('',(#6205),#6203);
#6207=DIRECTION('',(-1.396081962829E-2,1.396081963005E-2,9.998050765177E-1));
#6208=VECTOR('',#6207,1.815842626682E1);
#6209=CARTESIAN_POINT('',(-1.355347525692E1,3.303509373468E0,
-8.654886763144E0));
#6210=LINE('',#6209,#6208);
#6211=CURVE_STYLE('',#6196,POSITIVE_LENGTH_MEASURE(2.E-2),#6);
#6212=PRESENTATION_STYLE_ASSIGNMENT((#6211));
#6213=STYLED_ITEM('',(#6212),#6210);
#6214=DIRECTION('',(1.396081962734E-2,1.396081962732E-2,-9.998050765178E-1));
#6215=VECTOR('',#6214,1.815842626680E1);
#6216=CARTESIAN_POINT('',(-1.380698177070E1,-3.557015887293E0,9.5E0));
#6217=LINE('',#6216,#6215);
#6218=CURVE_STYLE('',#6196,POSITIVE_LENGTH_MEASURE(2.E-2),#6);
#6219=PRESENTATION_STYLE_ASSIGNMENT((#6218));
#6220=STYLED_ITEM('',(#6219),#6217);
#6221=CARTESIAN_POINT('',(-1.320350937350E1,3.303509373499E0,-8.65E0));
#6222=DIRECTION('',(-1.396081977776E-2,1.396081962774E-2,9.998050765156E-1));
#6223=DIRECTION('',(-5.075305255430E-14,9.999025240093E-1,-1.396218033986E-2));
#6224=AXIS2_PLACEMENT_3D('',#6221,#6222,#6223);
#6226=CURVE_STYLE('',#6196,POSITIVE_LENGTH_MEASURE(2.E-2),#6);
#6227=PRESENTATION_STYLE_ASSIGNMENT((#6226));
#6228=STYLED_ITEM('',(#6227),#6225);
#6229=CARTESIAN_POINT('',(-1.320350937350E1,3.303509373499E0,-8.65E0));
#6230=DIRECTION('',(0.E0,-1.E0,0.E0));
#6231=DIRECTION('',(-9.999025240072E-1,0.E0,-1.396218048984E-2));
#6232=AXIS2_PLACEMENT_3D('',#6229,#6230,#6231);
#6234=CURVE_STYLE('',#6196,POSITIVE_LENGTH_MEASURE(2.E-2),#6);
#6235=PRESENTATION_STYLE_ASSIGNMENT((#6234));
#6236=STYLED_ITEM('',(#6235),#6233);
#6237=CARTESIAN_POINT('',(-1.320350937350E1,3.303509373499E0,-8.65E0));
#6238=DIRECTION('',(-1.E0,0.E0,0.E0));
#6239=DIRECTION('',(0.E0,9.999025240093E-1,-1.396218034001E-2));
#6240=AXIS2_PLACEMENT_3D('',#6237,#6238,#6239);
#6242=CURVE_STYLE('',#6196,POSITIVE_LENGTH_MEASURE(2.E-2),#6);
#6243=PRESENTATION_STYLE_ASSIGNMENT((#6242));
#6244=STYLED_ITEM('',(#6243),#6241);
#6245=DIRECTION('',(1.E0,0.E0,0.E0));
#6246=VECTOR('',#6245,2.640701874700E1);
#6247=CARTESIAN_POINT('',(-1.320350937350E1,3.303509373499E0,
-8.999999999999E0));
#6248=LINE('',#6247,#6246);
#6249=CURVE_STYLE('',#6196,POSITIVE_LENGTH_MEASURE(2.E-2),#6);
#6250=PRESENTATION_STYLE_ASSIGNMENT((#6249));
#6251=STYLED_ITEM('',(#6250),#6248);
#6252=DIRECTION('',(1.396081962766E-2,-1.396081962708E-2,-9.998050765177E-1));
#6253=VECTOR('',#6252,1.815842626681E1);
#6254=CARTESIAN_POINT('',(-1.345701588733E1,3.906981770725E0,9.5E0));
#6255=LINE('',#6254,#6253);
#6256=CURVE_STYLE('',#6196,POSITIVE_LENGTH_MEASURE(2.E-2),#6);
#6257=PRESENTATION_STYLE_ASSIGNMENT((#6256));
#6258=STYLED_ITEM('',(#6257),#6255);
#6259=DIRECTION('',(1.E0,0.E0,3.343237484097E-13));
#6260=VECTOR('',#6259,2.640701874699E1);
#6261=CARTESIAN_POINT('',(-1.320350937350E1,3.653475256902E0,
-8.654886763129E0));
#6262=LINE('',#6261,#6260);
#6263=CURVE_STYLE('',#6196,POSITIVE_LENGTH_MEASURE(2.E-2),#6);
#6264=PRESENTATION_STYLE_ASSIGNMENT((#6263));
#6265=STYLED_ITEM('',(#6264),#6262);
#6266=DIRECTION('',(1.396081962738E-2,1.396081962708E-2,9.998050765178E-1));
#6267=VECTOR('',#6266,1.815842626680E1);
#6268=CARTESIAN_POINT('',(1.320350937349E1,3.653475256902E0,-8.654886763120E0));
#6269=LINE('',#6268,#6267);
#6270=CURVE_STYLE('',#6196,POSITIVE_LENGTH_MEASURE(2.E-2),#6);
#6271=PRESENTATION_STYLE_ASSIGNMENT((#6270));
#6272=STYLED_ITEM('',(#6271),#6269);
#6273=DIRECTION('',(1.E0,-2.373044632644E-13,-1.741415369960E-11));
#6274=VECTOR('',#6273,2.668602202145E1);
#6275=CARTESIAN_POINT('',(-1.334301101073E1,3.893018227468E0,8.499999863700E0));
#6276=LINE('',#6275,#6274);
#6277=CURVE_STYLE('',#6196,POSITIVE_LENGTH_MEASURE(2.E-2),#6);
#6278=PRESENTATION_STYLE_ASSIGNMENT((#6277));
#6279=STYLED_ITEM('',(#6278),#6276);
#6280=DIRECTION('',(3.389715025199E-5,9.999999994255E-1,2.058079550517E-7));
#6281=VECTOR('',#6280,5.500923161430E-1);
#6282=CARTESIAN_POINT('',(1.334299236415E1,3.342925911635E0,8.499999750022E0));
#6283=LINE('',#6282,#6281);
#6284=CURVE_STYLE('',#6196,POSITIVE_LENGTH_MEASURE(2.E-2),#6);
#6285=PRESENTATION_STYLE_ASSIGNMENT((#6284));
#6286=STYLED_ITEM('',(#6285),#6283);
#6287=CARTESIAN_POINT('',(1.334301101071E1,3.893018227462E0,8.499999863235E0));
#6288=CARTESIAN_POINT('',(1.334766552607E1,3.897672742819E0,8.833333306884E0));
#6289=CARTESIAN_POINT('',(1.335232725537E1,3.902327255368E0,9.166666556351E0));
#6290=CARTESIAN_POINT('',(1.335698177072E1,3.906981770725E0,9.5E0));
#6292=CURVE_STYLE('',#6196,POSITIVE_LENGTH_MEASURE(2.E-2),#6);
#6293=PRESENTATION_STYLE_ASSIGNMENT((#6292));
#6294=STYLED_ITEM('',(#6293),#6291);
#6295=DIRECTION('',(0.E0,1.E0,0.E0));
#6296=VECTOR('',#6295,7.813963541450E0);
#6297=CARTESIAN_POINT('',(1.335698177072E1,-3.906981770725E0,9.5E0));
#6298=LINE('',#6297,#6296);
#6299=CURVE_STYLE('',#6196,POSITIVE_LENGTH_MEASURE(2.E-2),#6);
#6300=PRESENTATION_STYLE_ASSIGNMENT((#6299));
#6301=STYLED_ITEM('',(#6300),#6298);
#6302=DIRECTION('',(1.E0,-1.234146954460E-12,8.878755068061E-14));
#6303=VECTOR('',#6302,1.000341165954E-1);
#6304=CARTESIAN_POINT('',(1.335698177072E1,3.906981770725E0,9.5E0));
#6305=LINE('',#6304,#6303);
#6306=CURVE_STYLE('',#6196,POSITIVE_LENGTH_MEASURE(2.E-2),#6);
#6307=PRESENTATION_STYLE_ASSIGNMENT((#6306));
#6308=STYLED_ITEM('',(#6307),#6305);
#6309=CARTESIAN_POINT('',(1.380698177070E1,3.557015887272E0,9.5E0));
#6310=CARTESIAN_POINT('',(1.380698177071E1,3.593668861067E0,9.5E0));
#6311=CARTESIAN_POINT('',(1.379537267794E1,3.666963459979E0,9.499999762887E0));
#6312=CARTESIAN_POINT('',(1.374484169386E1,3.766138959774E0,9.499999949259E0));
#6313=CARTESIAN_POINT('',(1.366613887601E1,3.844841752643E0,9.499999949258E0));
#6314=CARTESIAN_POINT('',(1.356696339179E1,3.895372694832E0,9.499999762887E0));
#6315=CARTESIAN_POINT('',(1.349366883465E1,3.906981770718E0,9.5E0));
#6316=CARTESIAN_POINT('',(1.345701588732E1,3.906981770725E0,9.5E0));
#6318=CURVE_STYLE('',#6196,POSITIVE_LENGTH_MEASURE(2.E-2),#6);
#6319=PRESENTATION_STYLE_ASSIGNMENT((#6318));
#6320=STYLED_ITEM('',(#6319),#6317);
#6321=CARTESIAN_POINT('',(1.320350937350E1,3.303509373499E0,-8.65E0));
#6322=DIRECTION('',(1.396081962566E-2,1.396081962805E-2,9.998050765178E-1));
#6323=DIRECTION('',(9.999025240093E-1,0.E0,-1.396218033775E-2));
#6324=AXIS2_PLACEMENT_3D('',#6321,#6322,#6323);
#6326=CURVE_STYLE('',#6196,POSITIVE_LENGTH_MEASURE(2.E-2),#6);
#6327=PRESENTATION_STYLE_ASSIGNMENT((#6326));
#6328=STYLED_ITEM('',(#6327),#6325);
#6329=CARTESIAN_POINT('',(1.320350937350E1,3.303509373499E0,-8.65E0));
#6330=DIRECTION('',(-1.E0,-1.302859845138E-13,1.484180492750E-13));
#6331=DIRECTION('',(-1.319579366411E-13,9.999025240093E-1,-1.396218034003E-2));
#6332=AXIS2_PLACEMENT_3D('',#6329,#6330,#6331);
#6334=CURVE_STYLE('',#6196,POSITIVE_LENGTH_MEASURE(2.E-2),#6);
#6335=PRESENTATION_STYLE_ASSIGNMENT((#6334));
#6336=STYLED_ITEM('',(#6335),#6333);
#6337=CARTESIAN_POINT('',(1.320350937350E1,3.303509373499E0,-8.65E0));
#6338=DIRECTION('',(0.E0,-1.E0,0.E0));
#6339=DIRECTION('',(-1.370332418979E-13,0.E0,-1.E0));
#6340=AXIS2_PLACEMENT_3D('',#6337,#6338,#6339);
#6342=CURVE_STYLE('',#6196,POSITIVE_LENGTH_MEASURE(2.E-2),#6);
#6343=PRESENTATION_STYLE_ASSIGNMENT((#6342));
#6344=STYLED_ITEM('',(#6343),#6341);
#6345=DIRECTION('',(1.777964953451E-12,-1.E0,0.E0));
#6346=VECTOR('',#6345,6.607018746998E0);
#6347=CARTESIAN_POINT('',(1.320350937350E1,3.303509373499E0,-8.999999999999E0));
#6348=LINE('',#6347,#6346);
#6349=CURVE_STYLE('',#6196,POSITIVE_LENGTH_MEASURE(2.E-2),#6);
#6350=PRESENTATION_STYLE_ASSIGNMENT((#6349));
#6351=STYLED_ITEM('',(#6350),#6348);
#6352=DIRECTION('',(7.643394172411E-12,-1.E0,-3.426877558885E-12));
#6353=VECTOR('',#6352,6.607018746932E0);
#6354=CARTESIAN_POINT('',(1.355347525687E1,3.303509373465E0,-8.654886763121E0));
#6355=LINE('',#6354,#6353);
#6356=CURVE_STYLE('',#6196,POSITIVE_LENGTH_MEASURE(2.E-2),#6);
#6357=PRESENTATION_STYLE_ASSIGNMENT((#6356));
#6358=STYLED_ITEM('',(#6357),#6355);
#6359=DIRECTION('',(1.396081962838E-2,-1.396081962901E-2,9.998050765177E-1));
#6360=VECTOR('',#6359,1.815842626682E1);
#6361=CARTESIAN_POINT('',(1.355347525692E1,-3.303509373467E0,
-8.654886763144E0));
#6362=LINE('',#6361,#6360);
#6363=CURVE_STYLE('',#6196,POSITIVE_LENGTH_MEASURE(2.E-2),#6);
#6364=PRESENTATION_STYLE_ASSIGNMENT((#6363));
#6365=STYLED_ITEM('',(#6364),#6362);
#6366=DIRECTION('',(-9.548437185960E-12,1.E0,1.208536505754E-13));
#6367=VECTOR('',#6366,7.114031774597E0);
#6368=CARTESIAN_POINT('',(1.380698177077E1,-3.557015887325E0,9.5E0));
#6369=LINE('',#6368,#6367);
#6370=CURVE_STYLE('',#6196,POSITIVE_LENGTH_MEASURE(2.E-2),#6);
#6371=PRESENTATION_STYLE_ASSIGNMENT((#6370));
#6372=STYLED_ITEM('',(#6371),#6369);
#6373=DIRECTION('',(-1.396081962743E-2,-1.396081962625E-2,-9.998050765178E-1));
#6374=VECTOR('',#6373,1.815842626680E1);
#6375=CARTESIAN_POINT('',(1.380698177070E1,3.557015887272E0,9.5E0));
#6376=LINE('',#6375,#6374);
#6377=CURVE_STYLE('',#6196,POSITIVE_LENGTH_MEASURE(2.E-2),#6);
#6378=PRESENTATION_STYLE_ASSIGNMENT((#6377));
#6379=STYLED_ITEM('',(#6378),#6376);
#6380=CARTESIAN_POINT('',(1.345701588733E1,-3.906981770725E0,9.5E0));
#6381=CARTESIAN_POINT('',(1.349366886113E1,-3.906981770733E0,9.5E0));
#6382=CARTESIAN_POINT('',(1.356696346011E1,-3.895372678045E0,9.499999762885E0));
#6383=CARTESIAN_POINT('',(1.366613895994E1,-3.844841693892E0,9.499999949256E0));
#6384=CARTESIAN_POINT('',(1.374484175277E1,-3.766138876065E0,9.499999949255E0));
#6385=CARTESIAN_POINT('',(1.379537269499E1,-3.666963391868E0,9.499999762884E0));
#6386=CARTESIAN_POINT('',(1.380698177077E1,-3.593668834719E0,9.5E0));
#6387=CARTESIAN_POINT('',(1.380698177077E1,-3.557015887325E0,9.5E0));
#6389=CURVE_STYLE('',#6196,POSITIVE_LENGTH_MEASURE(2.E-2),#6);
#6390=PRESENTATION_STYLE_ASSIGNMENT((#6389));
#6391=STYLED_ITEM('',(#6390),#6388);
#6392=CARTESIAN_POINT('',(1.320350937350E1,-3.303509373499E0,-8.65E0));
#6393=DIRECTION('',(0.E0,1.E0,0.E0));
#6394=DIRECTION('',(9.999025240073E-1,0.E0,-1.396218048351E-2));
#6395=AXIS2_PLACEMENT_3D('',#6392,#6393,#6394);
#6397=CURVE_STYLE('',#6196,POSITIVE_LENGTH_MEASURE(2.E-2),#6);
#6398=PRESENTATION_STYLE_ASSIGNMENT((#6397));
#6399=STYLED_ITEM('',(#6398),#6396);
#6400=CARTESIAN_POINT('',(1.320350937350E1,-3.303509373499E0,-8.65E0));
#6401=DIRECTION('',(1.396081977150E-2,-1.396081964356E-2,9.998050765155E-1));
#6402=DIRECTION('',(-5.714793717613E-11,-9.999025240091E-1,-1.396218035488E-2));
#6403=AXIS2_PLACEMENT_3D('',#6400,#6401,#6402);
#6405=CURVE_STYLE('',#6196,POSITIVE_LENGTH_MEASURE(2.E-2),#6);
#6406=PRESENTATION_STYLE_ASSIGNMENT((#6405));
#6407=STYLED_ITEM('',(#6406),#6404);
#6408=CARTESIAN_POINT('',(1.320350937351E1,-3.303509373499E0,-8.65E0));
#6409=DIRECTION('',(1.E0,0.E0,0.E0));
#6410=DIRECTION('',(0.E0,-9.999025240093E-1,-1.396218034001E-2));
#6411=AXIS2_PLACEMENT_3D('',#6408,#6409,#6410);
#6413=CURVE_STYLE('',#6196,POSITIVE_LENGTH_MEASURE(2.E-2),#6);
#6414=PRESENTATION_STYLE_ASSIGNMENT((#6413));
#6415=STYLED_ITEM('',(#6414),#6412);
#6416=DIRECTION('',(-1.E0,0.E0,0.E0));
#6417=VECTOR('',#6416,2.640701874701E1);
#6418=CARTESIAN_POINT('',(1.320350937351E1,-3.303509373499E0,
-8.999999999999E0));
#6419=LINE('',#6418,#6417);
#6420=CURVE_STYLE('',#6196,POSITIVE_LENGTH_MEASURE(2.E-2),#6);
#6421=PRESENTATION_STYLE_ASSIGNMENT((#6420));
#6422=STYLED_ITEM('',(#6421),#6419);
#6423=CARTESIAN_POINT('',(1.334301101073E1,-3.893018227468E0,8.499999863696E0));
#6424=CARTESIAN_POINT('',(1.334766552530E1,-3.897672742040E0,8.833333251117E0));
#6425=CARTESIAN_POINT('',(1.335232725615E1,-3.902327256153E0,9.166666612579E0));
#6426=CARTESIAN_POINT('',(1.335698177072E1,-3.906981770725E0,9.5E0));
#6428=CURVE_STYLE('',#6196,POSITIVE_LENGTH_MEASURE(2.E-2),#6);
#6429=PRESENTATION_STYLE_ASSIGNMENT((#6428));
#6430=STYLED_ITEM('',(#6429),#6427);
#6431=DIRECTION('',(1.E0,1.340692015045E-12,-2.237446276763E-12));
#6432=VECTOR('',#6431,1.000341166127E-1);
#6433=CARTESIAN_POINT('',(1.335698177072E1,-3.906981770725E0,9.5E0));
#6434=LINE('',#6433,#6432);
#6435=CURVE_STYLE('',#6196,POSITIVE_LENGTH_MEASURE(2.E-2),#6);
#6436=PRESENTATION_STYLE_ASSIGNMENT((#6435));
#6437=STYLED_ITEM('',(#6436),#6434);
#6438=DIRECTION('',(-1.396081962778E-2,1.396081962708E-2,-9.998050765177E-1));
#6439=VECTOR('',#6438,1.815842626681E1);
#6440=CARTESIAN_POINT('',(1.345701588733E1,-3.906981770725E0,9.5E0));
#6441=LINE('',#6440,#6439);
#6442=CURVE_STYLE('',#6196,POSITIVE_LENGTH_MEASURE(2.E-2),#6);
#6443=PRESENTATION_STYLE_ASSIGNMENT((#6442));
#6444=STYLED_ITEM('',(#6443),#6441);
#6445=DIRECTION('',(-1.E0,0.E0,4.033410856066E-13));
#6446=VECTOR('',#6445,2.640701874699E1);
#6447=CARTESIAN_POINT('',(1.320350937350E1,-3.653475256902E0,
-8.654886763131E0));
#6448=LINE('',#6447,#6446);
#6449=CURVE_STYLE('',#6196,POSITIVE_LENGTH_MEASURE(2.E-2),#6);
#6450=PRESENTATION_STYLE_ASSIGNMENT((#6449));
#6451=STYLED_ITEM('',(#6450),#6448);
#6452=DIRECTION('',(-1.396081962741E-2,-1.396081962708E-2,9.998050765178E-1));
#6453=VECTOR('',#6452,1.815842626680E1);
#6454=CARTESIAN_POINT('',(-1.320350937349E1,-3.653475256902E0,
-8.654886763120E0));
#6455=LINE('',#6454,#6453);
#6456=CURVE_STYLE('',#6196,POSITIVE_LENGTH_MEASURE(2.E-2),#6);
#6457=PRESENTATION_STYLE_ASSIGNMENT((#6456));
#6458=STYLED_ITEM('',(#6457),#6455);
#6459=DIRECTION('',(3.389727838750E-5,-9.999999994255E-1,2.144046689990E-7));
#6460=VECTOR('',#6459,5.500923193768E-1);
#6461=CARTESIAN_POINT('',(1.334299236410E1,-3.342925908407E0,8.499999745754E0));
#6462=LINE('',#6461,#6460);
#6463=CURVE_STYLE('',#6196,POSITIVE_LENGTH_MEASURE(2.E-2),#6);
#6464=PRESENTATION_STYLE_ASSIGNMENT((#6463));
#6465=STYLED_ITEM('',(#6464),#6462);
#6466=DIRECTION('',(-1.E0,2.328113212531E-13,-1.708951586865E-11));
#6467=VECTOR('',#6466,2.668602202145E1);
#6468=CARTESIAN_POINT('',(1.334301101073E1,-3.893018227468E0,8.499999863696E0));
#6469=LINE('',#6468,#6467);
#6470=CURVE_STYLE('',#6196,POSITIVE_LENGTH_MEASURE(2.E-2),#6);
#6471=PRESENTATION_STYLE_ASSIGNMENT((#6470));
#6472=STYLED_ITEM('',(#6471),#6469);
#6473=CARTESIAN_POINT('',(-1.335698177072E1,3.906981770725E0,9.5E0));
#6474=CARTESIAN_POINT('',(-1.335232725537E1,3.902327255375E0,9.166666556816E0));
#6475=CARTESIAN_POINT('',(-1.334766552608E1,3.897672742818E0,8.833333306884E0));
#6476=CARTESIAN_POINT('',(-1.334301101073E1,3.893018227468E0,8.499999863700E0));
#6478=CURVE_STYLE('',#6196,POSITIVE_LENGTH_MEASURE(2.E-2),#6);
#6479=PRESENTATION_STYLE_ASSIGNMENT((#6478));
#6480=STYLED_ITEM('',(#6479),#6477);
#6481=DIRECTION('',(3.389727885042E-5,-9.999999994255E-1,-2.142423817609E-7));
#6482=VECTOR('',#6481,5.500922962479E-1);
#6483=CARTESIAN_POINT('',(-1.334301101073E1,3.893018227468E0,8.499999863700E0));
#6484=LINE('',#6483,#6482);
#6485=CURVE_STYLE('',#6196,POSITIVE_LENGTH_MEASURE(2.E-2),#6);
#6486=PRESENTATION_STYLE_ASSIGNMENT((#6485));
#6487=STYLED_ITEM('',(#6486),#6484);
#6488=DIRECTION('',(-3.389715212831E-5,-9.999999994255E-1,2.057324662885E-7));
#6489=VECTOR('',#6488,5.500922897287E-1);
#6490=CARTESIAN_POINT('',(-1.334299236415E1,-3.342925938049E0,
8.499999750068E0));
#6491=LINE('',#6490,#6489);
#6492=CURVE_STYLE('',#6196,POSITIVE_LENGTH_MEASURE(2.E-2),#6);
#6493=PRESENTATION_STYLE_ASSIGNMENT((#6492));
#6494=STYLED_ITEM('',(#6493),#6491);
#6495=CARTESIAN_POINT('',(-1.334301101071E1,-3.893018227462E0,
8.499999863240E0));
#6496=CARTESIAN_POINT('',(-1.334766552607E1,-3.897672742819E0,
8.833333306884E0));
#6497=CARTESIAN_POINT('',(-1.335232725537E1,-3.902327255368E0,
9.166666556356E0));
#6498=CARTESIAN_POINT('',(-1.335698177072E1,-3.906981770725E0,9.5E0));
#6500=CURVE_STYLE('',#6196,POSITIVE_LENGTH_MEASURE(2.E-2),#6);
#6501=PRESENTATION_STYLE_ASSIGNMENT((#6500));
#6502=STYLED_ITEM('',(#6501),#6499);
#6503=DIRECTION('',(0.E0,-1.E0,0.E0));
#6504=VECTOR('',#6503,7.813963541450E0);
#6505=CARTESIAN_POINT('',(-1.335698177072E1,3.906981770725E0,9.5E0));
#6506=LINE('',#6505,#6504);
#6507=CURVE_STYLE('',#6196,POSITIVE_LENGTH_MEASURE(2.E-2),#6);
#6508=PRESENTATION_STYLE_ASSIGNMENT((#6507));
#6509=STYLED_ITEM('',(#6508),#6506);
#6510=DIRECTION('',(-1.E0,1.238586331989E-12,1.420600810884E-13));
#6511=VECTOR('',#6510,1.000341165958E-1);
#6512=CARTESIAN_POINT('',(-1.335698177072E1,-3.906981770725E0,9.5E0));
#6513=LINE('',#6512,#6511);
#6514=CURVE_STYLE('',#6196,POSITIVE_LENGTH_MEASURE(2.E-2),#6);
#6515=PRESENTATION_STYLE_ASSIGNMENT((#6514));
#6516=STYLED_ITEM('',(#6515),#6513);
#6517=DIRECTION('',(-9.548437185907E-12,1.E0,-1.206039529496E-13));
#6518=VECTOR('',#6517,7.114031774637E0);
#6519=CARTESIAN_POINT('',(-1.380698177070E1,-3.557015887293E0,9.5E0));
#6520=LINE('',#6519,#6518);
#6521=CURVE_STYLE('',#6196,POSITIVE_LENGTH_MEASURE(2.E-2),#6);
#6522=PRESENTATION_STYLE_ASSIGNMENT((#6521));
#6523=STYLED_ITEM('',(#6522),#6520);
#6524=CARTESIAN_POINT('',(-1.380698177077E1,3.557015887344E0,9.5E0));
#6525=CARTESIAN_POINT('',(-1.380698177077E1,3.595035988092E0,9.5E0));
#6526=CARTESIAN_POINT('',(-1.379523984754E1,3.666876725182E0,9.5E0));
#6527=CARTESIAN_POINT('',(-1.374464437103E1,3.766424473516E0,9.5E0));
#6528=CARTESIAN_POINT('',(-1.366640650014E1,3.844656972406E0,9.5E0));
#6529=CARTESIAN_POINT('',(-1.356686224901E1,3.895243464914E0,9.5E0));
#6530=CARTESIAN_POINT('',(-1.349503012695E1,3.906981770733E0,9.5E0));
#6531=CARTESIAN_POINT('',(-1.345701588733E1,3.906981770725E0,9.5E0));
#6533=CURVE_STYLE('',#6196,POSITIVE_LENGTH_MEASURE(2.E-2),#6);
#6534=PRESENTATION_STYLE_ASSIGNMENT((#6533));
#6535=STYLED_ITEM('',(#6534),#6532);
#6536=DIRECTION('',(1.E0,1.358449525171E-12,2.166416236221E-12));
#6537=VECTOR('',#6536,1.000341166132E-1);
#6538=CARTESIAN_POINT('',(-1.345701588733E1,3.906981770725E0,9.5E0));
#6539=LINE('',#6538,#6537);
#6540=CURVE_STYLE('',#6196,POSITIVE_LENGTH_MEASURE(2.E-2),#6);
#6541=PRESENTATION_STYLE_ASSIGNMENT((#6540));
#6542=STYLED_ITEM('',(#6541),#6539);
#6543=CARTESIAN_POINT('',(-1.380698177070E1,-3.557015887293E0,9.5E0));
#6544=CARTESIAN_POINT('',(-1.380698177070E1,-3.593668861094E0,9.5E0));
#6545=CARTESIAN_POINT('',(-1.379537267793E1,-3.666963459990E0,
9.499999762887E0));
#6546=CARTESIAN_POINT('',(-1.374484169385E1,-3.766138959785E0,
9.499999949259E0));
#6547=CARTESIAN_POINT('',(-1.366613887600E1,-3.844841752648E0,
9.499999949258E0));
#6548=CARTESIAN_POINT('',(-1.356696339179E1,-3.895372694833E0,
9.499999762887E0));
#6549=CARTESIAN_POINT('',(-1.349366883465E1,-3.906981770718E0,9.5E0));
#6550=CARTESIAN_POINT('',(-1.345701588732E1,-3.906981770725E0,9.5E0));
#6552=CURVE_STYLE('',#6196,POSITIVE_LENGTH_MEASURE(2.E-2),#6);
#6553=PRESENTATION_STYLE_ASSIGNMENT((#6552));
#6554=STYLED_ITEM('',(#6553),#6551);
#6555=CARTESIAN_POINT('',(-1.320350937350E1,-3.303509373499E0,-8.65E0));
#6556=DIRECTION('',(-1.396081962566E-2,-1.396081962805E-2,9.998050765178E-1));
#6557=DIRECTION('',(-9.999025240093E-1,0.E0,-1.396218033775E-2));
#6558=AXIS2_PLACEMENT_3D('',#6555,#6556,#6557);
#6560=CURVE_STYLE('',#6196,POSITIVE_LENGTH_MEASURE(2.E-2),#6);
#6561=PRESENTATION_STYLE_ASSIGNMENT((#6560));
#6562=STYLED_ITEM('',(#6561),#6559);
#6563=CARTESIAN_POINT('',(-1.320350937350E1,-3.303509373499E0,-8.65E0));
#6564=DIRECTION('',(1.E0,1.302859845138E-13,1.484180492750E-13));
#6565=DIRECTION('',(1.319579366411E-13,-9.999025240093E-1,-1.396218034003E-2));
#6566=AXIS2_PLACEMENT_3D('',#6563,#6564,#6565);
#6568=CURVE_STYLE('',#6196,POSITIVE_LENGTH_MEASURE(2.E-2),#6);
#6569=PRESENTATION_STYLE_ASSIGNMENT((#6568));
#6570=STYLED_ITEM('',(#6569),#6567);
#6571=CARTESIAN_POINT('',(-1.320350937350E1,-3.303509373499E0,-8.65E0));
#6572=DIRECTION('',(0.E0,1.E0,0.E0));
#6573=DIRECTION('',(1.370332418979E-13,0.E0,-1.E0));
#6574=AXIS2_PLACEMENT_3D('',#6571,#6572,#6573);
#6576=CURVE_STYLE('',#6196,POSITIVE_LENGTH_MEASURE(2.E-2),#6);
#6577=PRESENTATION_STYLE_ASSIGNMENT((#6576));
#6578=STYLED_ITEM('',(#6577),#6575);
#6579=DIRECTION('',(-1.396188214450E-2,-1.395738936661E-2,9.998051095734E-1));
#6580=VECTOR('',#6579,1.695470027687E1);
#6581=CARTESIAN_POINT('',(-1.310627283709E1,-3.106282584691E0,
-8.451396218034E0));
#6582=LINE('',#6581,#6580);
#6583=CURVE_STYLE('',#6196,POSITIVE_LENGTH_MEASURE(2.E-2),#6);
#6584=PRESENTATION_STYLE_ASSIGNMENT((#6583));
#6585=STYLED_ITEM('',(#6584),#6582);
#6586=DIRECTION('',(7.577714015324E-12,1.E0,-6.314113398443E-10));
#6587=VECTOR('',#6586,6.685851869585E0);
#6588=CARTESIAN_POINT('',(-1.334299236415E1,-3.342925938049E0,
8.499999750068E0));
#6589=LINE('',#6588,#6587);
#6590=CURVE_STYLE('',#6196,POSITIVE_LENGTH_MEASURE(2.E-2),#6);
#6591=PRESENTATION_STYLE_ASSIGNMENT((#6590));
#6592=STYLED_ITEM('',(#6591),#6589);
#6593=DIRECTION('',(1.396188214506E-2,-1.395738898599E-2,-9.998051095787E-1));
#6594=VECTOR('',#6593,1.695470027256E1);
#6595=CARTESIAN_POINT('',(-1.334299236410E1,3.342925931536E0,8.499999745847E0));
#6596=LINE('',#6595,#6594);
#6597=CURVE_STYLE('',#6196,POSITIVE_LENGTH_MEASURE(2.E-2),#6);
#6598=PRESENTATION_STYLE_ASSIGNMENT((#6597));
#6599=STYLED_ITEM('',(#6598),#6596);
#6600=DIRECTION('',(-1.396164880561E-2,-8.725684935232E-3,9.998644582067E-1));
#6601=VECTOR('',#6600,1.490341625380E1);
#6602=CARTESIAN_POINT('',(-1.310627283709E1,1.004709771059E0,
-8.451396218034E0));
#6603=LINE('',#6602,#6601);
#6604=CURVE_STYLE('',#6196,POSITIVE_LENGTH_MEASURE(2.E-2),#6);
#6605=PRESENTATION_STYLE_ASSIGNMENT((#6604));
#6606=STYLED_ITEM('',(#6605),#6603);
#6607=DIRECTION('',(1.396164880564E-2,-8.725684935950E-3,-9.998644582067E-1));
#6608=VECTOR('',#6607,1.415336408922E1);
#6609=CARTESIAN_POINT('',(-1.330387713592E1,3.299453247670E-1,
5.700049498835E0));
#6610=LINE('',#6609,#6608);
#6611=CURVE_STYLE('',#6196,POSITIVE_LENGTH_MEASURE(2.E-2),#6);
#6612=PRESENTATION_STYLE_ASSIGNMENT((#6611));
#6613=STYLED_ITEM('',(#6612),#6610);
#6614=DIRECTION('',(-1.396164880542E-2,-8.725684935671E-3,9.998644582067E-1));
#6615=VECTOR('',#6614,1.415336408921E1);
#6616=CARTESIAN_POINT('',(-1.310627283709E1,-1.295290228941E0,
-8.451396218034E0));
#6617=LINE('',#6616,#6615);
#6618=CURVE_STYLE('',#6196,POSITIVE_LENGTH_MEASURE(2.E-2),#6);
#6619=PRESENTATION_STYLE_ASSIGNMENT((#6618));
#6620=STYLED_ITEM('',(#6619),#6617);
#6621=DIRECTION('',(1.396164880566E-2,-8.725684935260E-3,-9.998644582067E-1));
#6622=VECTOR('',#6621,1.490341625380E1);
#6623=CARTESIAN_POINT('',(-1.331434910083E1,-1.963509956368E0,6.45E0));
#6624=LINE('',#6623,#6622);
#6625=CURVE_STYLE('',#6196,POSITIVE_LENGTH_MEASURE(2.E-2),#6);
#6626=PRESENTATION_STYLE_ASSIGNMENT((#6625));
#6627=STYLED_ITEM('',(#6626),#6624);
#6628=CARTESIAN_POINT('',(-1.324299016123E1,-3.442974361079E0,
8.500000017640E0));
#6629=CARTESIAN_POINT('',(-1.325607609136E1,-3.442974094066E0,
8.500000017640E0));
#6630=CARTESIAN_POINT('',(-1.328223019759E1,-3.437769445773E0,
8.499999850820E0));
#6631=CARTESIAN_POINT('',(-1.331548248966E1,-3.415567342061E0,
8.499999931725E0));
#6632=CARTESIAN_POINT('',(-1.333774180699E1,-3.382328000282E0,
8.500000081144E0));
#6633=CARTESIAN_POINT('',(-1.334299236415E1,-3.356039387885E0,
8.499999750068E0));
#6634=CARTESIAN_POINT('',(-1.334299236415E1,-3.342925938049E0,
8.499999750068E0));
#6636=CURVE_STYLE('',#6196,POSITIVE_LENGTH_MEASURE(2.E-2),#6);
#6637=PRESENTATION_STYLE_ASSIGNMENT((#6636));
#6638=STYLED_ITEM('',(#6637),#6635);
#6639=CARTESIAN_POINT('',(-1.300628258469E1,-3.106282584691E0,-8.45E0));
#6640=DIRECTION('',(0.E0,-1.E0,0.E0));
#6641=DIRECTION('',(-9.999025240093E-1,0.E0,-1.396218033773E-2));
#6642=AXIS2_PLACEMENT_3D('',#6639,#6640,#6641);
#6644=CURVE_STYLE('',#6196,POSITIVE_LENGTH_MEASURE(2.E-2),#6);
#6645=PRESENTATION_STYLE_ASSIGNMENT((#6644));
#6646=STYLED_ITEM('',(#6645),#6643);
#6647=CARTESIAN_POINT('',(-1.300628258469E1,-3.106282584691E0,-8.45E0));
#6648=DIRECTION('',(1.396081962565E-2,1.396081962792E-2,-9.998050765178E-1));
#6649=DIRECTION('',(-1.598721155460E-13,-9.999025240093E-1,-1.396218034001E-2));
#6650=AXIS2_PLACEMENT_3D('',#6647,#6648,#6649);
#6652=CURVE_STYLE('',#6196,POSITIVE_LENGTH_MEASURE(2.E-2),#6);
#6653=PRESENTATION_STYLE_ASSIGNMENT((#6652));
#6654=STYLED_ITEM('',(#6653),#6651);
#6655=DIRECTION('',(7.630021214311E-13,1.E0,-8.243930967187E-14));
#6656=VECTOR('',#6655,1.012730113633E0);
#6657=CARTESIAN_POINT('',(-1.310627283709E1,-3.106282584691E0,
-8.451396218034E0));
#6658=LINE('',#6657,#6656);
#6659=CURVE_STYLE('',#6196,POSITIVE_LENGTH_MEASURE(2.E-2),#6);
#6660=PRESENTATION_STYLE_ASSIGNMENT((#6659));
#6661=STYLED_ITEM('',(#6660),#6658);
#6662=CARTESIAN_POINT('',(-1.300628258469E1,-2.093552471059E0,-8.45E0));
#6663=DIRECTION('',(-1.E0,0.E0,0.E0));
#6664=DIRECTION('',(0.E0,9.999619230642E-1,-8.726535496208E-3));
#6665=AXIS2_PLACEMENT_3D('',#6662,#6663,#6664);
#6667=CURVE_STYLE('',#6196,POSITIVE_LENGTH_MEASURE(2.E-2),#6);
#6668=PRESENTATION_STYLE_ASSIGNMENT((#6667));
#6669=STYLED_ITEM('',(#6668),#6666);
#6670=CARTESIAN_POINT('',(-1.300628258469E1,-2.093552471059E0,-8.45E0));
#6671=DIRECTION('',(5.953776695357E-13,1.E0,9.439605339694E-13));
#6672=DIRECTION('',(0.E0,9.459100169806E-13,-1.E0));
#6673=AXIS2_PLACEMENT_3D('',#6670,#6671,#6672);
#6675=CURVE_STYLE('',#6196,POSITIVE_LENGTH_MEASURE(2.E-2),#6);
#6676=PRESENTATION_STYLE_ASSIGNMENT((#6675));
#6677=STYLED_ITEM('',(#6676),#6674);
#6678=CARTESIAN_POINT('',(-1.250086507125E1,-1.993556278753E0,
-8.450872653550E0));
#6679=CARTESIAN_POINT('',(-1.250077989158E1,-1.993641458417E0,
-8.460633276277E0));
#6680=CARTESIAN_POINT('',(-1.249784890179E1,-1.996571496227E0,
-8.480621181829E0));
#6681=CARTESIAN_POINT('',(-1.248276405186E1,-2.011635782508E0,
-8.510483066947E0));
#6682=CARTESIAN_POINT('',(-1.246029794022E1,-2.034142751304E0,
-8.531972129532E0));
#6683=CARTESIAN_POINT('',(-1.243699862999E1,-2.057407838267E0,
-8.544823372950E0));
#6684=CARTESIAN_POINT('',(-1.241366269295E1,-2.080758657053E0,-8.55E0));
#6685=CARTESIAN_POINT('',(-1.240086887894E1,-2.093552471059E0,-8.55E0));
#6687=CURVE_STYLE('',#6196,POSITIVE_LENGTH_MEASURE(2.E-2),#6);
#6688=PRESENTATION_STYLE_ASSIGNMENT((#6687));
#6689=STYLED_ITEM('',(#6688),#6686);
#6690=DIRECTION('',(-1.396164880704E-2,8.725684934955E-3,9.998644582067E-1));
#6691=VECTOR('',#6690,1.490289261834E1);
#6692=CARTESIAN_POINT('',(-1.300628258468E1,-1.993556278706E0,
-8.450872653550E0));
#6693=LINE('',#6692,#6691);
#6694=CURVE_STYLE('',#6196,POSITIVE_LENGTH_MEASURE(2.E-2),#6);
#6695=PRESENTATION_STYLE_ASSIGNMENT((#6694));
#6696=STYLED_ITEM('',(#6695),#6693);
#6697=DIRECTION('',(-1.E0,9.303803463230E-11,-2.214218500691E-13));
#6698=VECTOR('',#6697,5.054175134356E-1);
#6699=CARTESIAN_POINT('',(-1.250086507125E1,-1.993556278753E0,
-8.450872653550E0));
#6700=LINE('',#6699,#6698);
#6701=CURVE_STYLE('',#6196,POSITIVE_LENGTH_MEASURE(2.E-2),#6);
#6702=PRESENTATION_STYLE_ASSIGNMENT((#6701));
#6703=STYLED_ITEM('',(#6702),#6700);
#6704=CARTESIAN_POINT('',(-1.300628258451E1,-2.093552471040E0,
-8.449999999997E0));
#6705=DIRECTION('',(-1.396164880995E-2,8.725684934971E-3,9.998644582067E-1));
#6706=DIRECTION('',(-1.465956242813E-9,9.999619230640E-1,-8.726535518364E-3));
#6707=AXIS2_PLACEMENT_3D('',#6704,#6705,#6706);
#6709=CURVE_STYLE('',#6196,POSITIVE_LENGTH_MEASURE(2.E-2),#6);
#6710=PRESENTATION_STYLE_ASSIGNMENT((#6709));
#6711=STYLED_ITEM('',(#6710),#6708);
#6712=DIRECTION('',(-1.E0,6.866826261241E-11,-6.454513749662E-13));
#6713=VECTOR('',#6712,5.834485207698E-1);
#6714=CARTESIAN_POINT('',(-1.263090301686E1,-1.863518333139E0,6.45E0));
#6715=LINE('',#6714,#6713);
#6716=CURVE_STYLE('',#6196,POSITIVE_LENGTH_MEASURE(2.E-2),#6);
#6717=PRESENTATION_STYLE_ASSIGNMENT((#6716));
#6718=STYLED_ITEM('',(#6717),#6715);
#6719=CARTESIAN_POINT('',(-1.321435153763E1,-1.863518333099E0,6.45E0));
#6720=CARTESIAN_POINT('',(-1.322827818315E1,-1.863518333119E0,6.45E0));
#6721=CARTESIAN_POINT('',(-1.325375722665E1,-1.868940728805E0,6.45E0));
#6722=CARTESIAN_POINT('',(-1.328691739946E1,-1.890945827341E0,6.45E0));
#6723=CARTESIAN_POINT('',(-1.330892398027E1,-1.924104559978E0,6.45E0));
#6724=CARTESIAN_POINT('',(-1.331434910083E1,-1.949583310843E0,6.45E0));
#6725=CARTESIAN_POINT('',(-1.331434910083E1,-1.963509956368E0,6.45E0));
#6727=CURVE_STYLE('',#6196,POSITIVE_LENGTH_MEASURE(2.E-2),#6);
#6728=PRESENTATION_STYLE_ASSIGNMENT((#6727));
#6729=STYLED_ITEM('',(#6728),#6726);
#6730=DIRECTION('',(-4.027249067677E-12,1.E0,-2.684832711785E-13));
#6731=VECTOR('',#6730,2.381855895070E-1);
#6732=CARTESIAN_POINT('',(-1.331434910083E1,-1.963509956368E0,6.45E0));
#6733=LINE('',#6732,#6731);
#6734=CURVE_STYLE('',#6196,POSITIVE_LENGTH_MEASURE(2.E-2),#6);
#6735=PRESENTATION_STYLE_ASSIGNMENT((#6734));
#6736=STYLED_ITEM('',(#6735),#6733);
#6737=CARTESIAN_POINT('',(-1.331434910083E1,-1.725324366861E0,6.45E0));
#6738=CARTESIAN_POINT('',(-1.331085844586E1,-1.623145586169E0,
6.200016499632E0));
#6739=CARTESIAN_POINT('',(-1.330736779089E1,-1.520966805455E0,
5.950032999190E0));
#6740=CARTESIAN_POINT('',(-1.330387713592E1,-1.418788024763E0,
5.700049498822E0));
#6742=CURVE_STYLE('',#6196,POSITIVE_LENGTH_MEASURE(2.E-2),#6);
#6743=PRESENTATION_STYLE_ASSIGNMENT((#6742));
#6744=STYLED_ITEM('',(#6743),#6741);
#6745=DIRECTION('',(-1.E0,0.E0,-4.158588379819E-14));
#6746=VECTOR('',#6745,6.834460839724E-1);
#6747=CARTESIAN_POINT('',(-1.263090301686E1,-1.725324366861E0,6.45E0));
#6748=LINE('',#6747,#6746);
#6749=CURVE_STYLE('',#6196,POSITIVE_LENGTH_MEASURE(2.E-2),#6);
#6750=PRESENTATION_STYLE_ASSIGNMENT((#6749));
#6751=STYLED_ITEM('',(#6750),#6748);
#6752=CARTESIAN_POINT('',(-1.320737003275E1,-1.520961099050E0,
5.950019038467E0));
#6753=CARTESIAN_POINT('',(-1.321098761312E1,-1.520961099055E0,
5.950019038478E0));
#6754=CARTESIAN_POINT('',(-1.321839482070E1,-1.520570878121E0,
5.949064350852E0));
#6755=CARTESIAN_POINT('',(-1.323023108232E1,-1.518492393685E0,
5.943979275437E0));
#6756=CARTESIAN_POINT('',(-1.324152014950E1,-1.514990617828E0,
5.935412074080E0));
#6757=CARTESIAN_POINT('',(-1.325196494049E1,-1.510301854437E0,
5.923940871581E0));
#6758=CARTESIAN_POINT('',(-1.326161988283E1,-1.504504955314E0,
5.909758581243E0));
#6759=CARTESIAN_POINT('',(-1.327044871811E1,-1.497681525849E0,
5.893064853147E0));
#6760=CARTESIAN_POINT('',(-1.327846028089E1,-1.489845838218E0,
5.873894604603E0));
#6761=CARTESIAN_POINT('',(-1.328562268729E1,-1.480982520463E0,
5.852210227648E0));
#6762=CARTESIAN_POINT('',(-1.329186758364E1,-1.471049712375E0,
5.827909310007E0));
#6763=CARTESIAN_POINT('',(-1.329707895284E1,-1.459984147909E0,
5.800837069372E0));
#6764=CARTESIAN_POINT('',(-1.330107861743E1,-1.447699381726E0,
5.770782014584E0));
#6765=CARTESIAN_POINT('',(-1.330360739013E1,-1.434108705259E0,
5.737532010508E0));
#6766=CARTESIAN_POINT('',(-1.330405685497E1,-1.424048777653E0,
5.712920091063E0));
#6767=CARTESIAN_POINT('',(-1.330387713592E1,-1.418788024763E0,
5.700049498822E0));
#6769=CURVE_STYLE('',#6196,POSITIVE_LENGTH_MEASURE(2.E-2),#6);
#6770=PRESENTATION_STYLE_ASSIGNMENT((#6769));
#6771=STYLED_ITEM('',(#6770),#6768);
#6772=CARTESIAN_POINT('',(-1.300628258469E1,-1.295290228941E0,-8.45E0));
#6773=DIRECTION('',(0.E0,-1.E0,0.E0));
#6774=DIRECTION('',(-9.999025240093E-1,0.E0,-1.396218033647E-2));
#6775=AXIS2_PLACEMENT_3D('',#6772,#6773,#6774);
#6777=CURVE_STYLE('',#6196,POSITIVE_LENGTH_MEASURE(2.E-2),#6);
#6778=PRESENTATION_STYLE_ASSIGNMENT((#6777));
#6779=STYLED_ITEM('',(#6778),#6776);
#6780=CARTESIAN_POINT('',(-1.300628258469E1,-1.295290228941E0,-8.45E0));
#6781=DIRECTION('',(1.396164880306E-2,8.725684937078E-3,-9.998644582068E-1));
#6782=DIRECTION('',(3.552713678801E-14,-9.999619230642E-1,-8.726535500010E-3));
#6783=AXIS2_PLACEMENT_3D('',#6780,#6781,#6782);
#6785=CURVE_STYLE('',#6196,POSITIVE_LENGTH_MEASURE(2.E-2),#6);
#6786=PRESENTATION_STYLE_ASSIGNMENT((#6785));
#6787=STYLED_ITEM('',(#6786),#6784);
#6788=DIRECTION('',(-2.838882083231E-14,1.E0,-6.624058194205E-14));
#6789=VECTOR('',#6788,1.501737757882E0);
#6790=CARTESIAN_POINT('',(-1.310627283709E1,-1.295290228941E0,
-8.451396218034E0));
#6791=LINE('',#6790,#6789);
#6792=CURVE_STYLE('',#6196,POSITIVE_LENGTH_MEASURE(2.E-2),#6);
#6793=PRESENTATION_STYLE_ASSIGNMENT((#6792));
#6794=STYLED_ITEM('',(#6793),#6791);
#6795=CARTESIAN_POINT('',(-1.300628258469E1,2.064475289405E-1,-8.45E0));
#6796=DIRECTION('',(-1.E0,0.E0,0.E0));
#6797=DIRECTION('',(0.E0,9.999619230642E-1,-8.726535496226E-3));
#6798=AXIS2_PLACEMENT_3D('',#6795,#6796,#6797);
#6800=CURVE_STYLE('',#6196,POSITIVE_LENGTH_MEASURE(2.E-2),#6);
#6801=PRESENTATION_STYLE_ASSIGNMENT((#6800));
#6802=STYLED_ITEM('',(#6801),#6799);
#6803=CARTESIAN_POINT('',(-1.300628258469E1,2.064475289405E-1,-8.45E0));
#6804=DIRECTION('',(5.953528588873E-13,1.E0,9.457368921616E-13));
#6805=DIRECTION('',(0.E0,9.456324612244E-13,-1.E0));
#6806=AXIS2_PLACEMENT_3D('',#6803,#6804,#6805);
#6808=CURVE_STYLE('',#6196,POSITIVE_LENGTH_MEASURE(2.E-2),#6);
#6809=PRESENTATION_STYLE_ASSIGNMENT((#6808));
#6810=STYLED_ITEM('',(#6809),#6807);
#6811=CARTESIAN_POINT('',(-1.250086507125E1,3.064437212469E-1,
-8.450872653550E0));
#6812=CARTESIAN_POINT('',(-1.250077989158E1,3.063585415828E-1,
-8.460633276276E0));
#6813=CARTESIAN_POINT('',(-1.249784890179E1,3.034285037721E-1,
-8.480621181828E0));
#6814=CARTESIAN_POINT('',(-1.248276405186E1,2.883642174917E-1,
-8.510483066947E0));
#6815=CARTESIAN_POINT('',(-1.246029794022E1,2.658572486956E-1,
-8.531972129532E0));
#6816=CARTESIAN_POINT('',(-1.243699862999E1,2.425921617329E-1,
-8.544823372950E0));
#6817=CARTESIAN_POINT('',(-1.241366269295E1,2.192413429469E-1,-8.55E0));
#6818=CARTESIAN_POINT('',(-1.240086887894E1,2.064475289405E-1,-8.55E0));
#6820=CURVE_STYLE('',#6196,POSITIVE_LENGTH_MEASURE(2.E-2),#6);
#6821=PRESENTATION_STYLE_ASSIGNMENT((#6820));
#6822=STYLED_ITEM('',(#6821),#6819);
#6823=DIRECTION('',(-1.396164880717E-2,8.725684935080E-3,9.998644582067E-1));
#6824=VECTOR('',#6823,1.440284387930E1);
#6825=CARTESIAN_POINT('',(-1.300628258468E1,3.064437212916E-1,
-8.450872653550E0));
#6826=LINE('',#6825,#6824);
#6827=CURVE_STYLE('',#6196,POSITIVE_LENGTH_MEASURE(2.E-2),#6);
#6828=PRESENTATION_STYLE_ASSIGNMENT((#6827));
#6829=STYLED_ITEM('',(#6828),#6826);
#6830=DIRECTION('',(-1.E0,8.845956675431E-11,-1.933047897428E-13));
#6831=VECTOR('',#6830,5.054175134357E-1);
#6832=CARTESIAN_POINT('',(-1.250086507125E1,3.064437212469E-1,
-8.450872653550E0));
#6833=LINE('',#6832,#6831);
#6834=CURVE_STYLE('',#6196,POSITIVE_LENGTH_MEASURE(2.E-2),#6);
#6835=PRESENTATION_STYLE_ASSIGNMENT((#6834));
#6836=STYLED_ITEM('',(#6835),#6833);
#6837=CARTESIAN_POINT('',(-1.300628258451E1,2.064475289437E-1,
-8.449999999997E0));
#6838=DIRECTION('',(-1.396164880995E-2,8.725684935371E-3,9.998644582067E-1));
#6839=DIRECTION('',(-1.469899754886E-9,9.999619230640E-1,-8.726535518826E-3));
#6840=AXIS2_PLACEMENT_3D('',#6837,#6838,#6839);
#6842=CURVE_STYLE('',#6196,POSITIVE_LENGTH_MEASURE(2.E-2),#6);
#6843=PRESENTATION_STYLE_ASSIGNMENT((#6842));
#6844=STYLED_ITEM('',(#6843),#6841);
#6845=DIRECTION('',(-1.E0,6.785540354051E-11,-2.743300633284E-12));
#6846=VECTOR('',#6845,5.808302836406E-1);
#6847=CARTESIAN_POINT('',(-1.262653974911E1,4.321183991122E-1,
5.950019038468E0));
#6848=LINE('',#6847,#6846);
#6849=CURVE_STYLE('',#6196,POSITIVE_LENGTH_MEASURE(2.E-2),#6);
#6850=PRESENTATION_STYLE_ASSIGNMENT((#6849));
#6851=STYLED_ITEM('',(#6850),#6848);
#6852=CARTESIAN_POINT('',(-1.320737003275E1,4.321183991516E-1,
5.950019038466E0));
#6853=CARTESIAN_POINT('',(-1.321100596833E1,4.321183991461E-1,
5.950019038453E0));
#6854=CARTESIAN_POINT('',(-1.321838585242E1,4.317282156095E-1,
5.949064442686E0));
#6855=CARTESIAN_POINT('',(-1.323023302447E1,4.296497846444E-1,
5.943979497942E0));
#6856=CARTESIAN_POINT('',(-1.324151913918E1,4.261480526717E-1,
5.935412403988E0));
#6857=CARTESIAN_POINT('',(-1.325196462192E1,4.214594366891E-1,
5.923941562119E0));
#6858=CARTESIAN_POINT('',(-1.326162052028E1,4.156618518747E-1,
5.909757594218E0));
#6859=CARTESIAN_POINT('',(-1.327044981892E1,4.088378831616E-1,
5.893062546834E0));
#6860=CARTESIAN_POINT('',(-1.327846118600E1,4.010021379022E-1,
5.873892157300E0));
#6861=CARTESIAN_POINT('',(-1.328562354939E1,3.921386206597E-1,
5.852207292294E0));
#6862=CARTESIAN_POINT('',(-1.329186842261E1,3.822055331068E-1,
5.827905690933E0));
#6863=CARTESIAN_POINT('',(-1.329707958615E1,3.711396729928E-1,
5.800832726986E0));
#6864=CARTESIAN_POINT('',(-1.330107892145E1,3.588559422653E-1,
5.770780205471E0));
#6865=CARTESIAN_POINT('',(-1.330360738815E1,3.452634131796E-1,
5.737525668906E0));
#6866=CARTESIAN_POINT('',(-1.330405697977E1,3.352097308253E-1,
5.712929028664E0));
#6867=CARTESIAN_POINT('',(-1.330387713592E1,3.299453247670E-1,
5.700049498835E0));
#6869=CURVE_STYLE('',#6196,POSITIVE_LENGTH_MEASURE(2.E-2),#6);
#6870=PRESENTATION_STYLE_ASSIGNMENT((#6869));
#6871=STYLED_ITEM('',(#6870),#6868);
#6872=CARTESIAN_POINT('',(-1.330387713592E1,3.299453247670E-1,
5.700049498835E0));
#6873=CARTESIAN_POINT('',(-1.330736779089E1,4.321241054578E-1,
5.950032999200E0));
#6874=CARTESIAN_POINT('',(-1.331085844586E1,5.343028861706E-1,
6.200016499635E0));
#6875=CARTESIAN_POINT('',(-1.331434910083E1,6.364816668613E-1,6.45E0));
#6877=CURVE_STYLE('',#6196,POSITIVE_LENGTH_MEASURE(2.E-2),#6);
#6878=PRESENTATION_STYLE_ASSIGNMENT((#6877));
#6879=STYLED_ITEM('',(#6878),#6876);
#6880=DIRECTION('',(6.771744728567E-12,1.E0,1.118680296569E-13));
#6881=VECTOR('',#6880,2.381855895086E-1);
#6882=CARTESIAN_POINT('',(-1.331434910083E1,6.364816668613E-1,6.45E0));
#6883=LINE('',#6882,#6881);
#6884=CURVE_STYLE('',#6196,POSITIVE_LENGTH_MEASURE(2.E-2),#6);
#6885=PRESENTATION_STYLE_ASSIGNMENT((#6884));
#6886=STYLED_ITEM('',(#6885),#6883);
#6887=DIRECTION('',(-1.E0,-4.840856785883E-14,-4.418500153558E-14));
#6888=VECTOR('',#6887,6.834460839724E-1);
#6889=CARTESIAN_POINT('',(-1.263090301686E1,6.364816668613E-1,6.45E0));
#6890=LINE('',#6889,#6888);
#6891=CURVE_STYLE('',#6196,POSITIVE_LENGTH_MEASURE(2.E-2),#6);
#6892=PRESENTATION_STYLE_ASSIGNMENT((#6891));
#6893=STYLED_ITEM('',(#6892),#6890);
#6894=CARTESIAN_POINT('',(-1.321435153763E1,7.746756332006E-1,
6.450000000001E0));
#6895=CARTESIAN_POINT('',(-1.322744276907E1,7.746756331838E-1,
6.450000000001E0));
#6896=CARTESIAN_POINT('',(-1.325361750934E1,7.798826741264E-1,
6.449999849800E0));
#6897=CARTESIAN_POINT('',(-1.328690346615E1,8.021220356120E-1,
6.450000006036E0));
#6898=CARTESIAN_POINT('',(-1.330914278970E1,8.354065370752E-1,
6.449999917441E0));
#6899=CARTESIAN_POINT('',(-1.331434910083E1,8.615780989394E-1,6.45E0));
#6900=CARTESIAN_POINT('',(-1.331434910083E1,8.746672563699E-1,6.45E0));
#6902=CURVE_STYLE('',#6196,POSITIVE_LENGTH_MEASURE(2.E-2),#6);
#6903=PRESENTATION_STYLE_ASSIGNMENT((#6902));
#6904=STYLED_ITEM('',(#6903),#6901);
#6905=CARTESIAN_POINT('',(-1.300628258469E1,1.004709771059E0,-8.45E0));
#6906=DIRECTION('',(0.E0,-1.E0,0.E0));
#6907=DIRECTION('',(-9.999025240093E-1,0.E0,-1.396218033650E-2));
#6908=AXIS2_PLACEMENT_3D('',#6905,#6906,#6907);
#6910=CURVE_STYLE('',#6196,POSITIVE_LENGTH_MEASURE(2.E-2),#6);
#6911=PRESENTATION_STYLE_ASSIGNMENT((#6910));
#6912=STYLED_ITEM('',(#6911),#6909);
#6913=CARTESIAN_POINT('',(-1.300628258469E1,1.004709771059E0,-8.45E0));
#6914=DIRECTION('',(1.396164880309E-2,8.725684937077E-3,-9.998644582068E-1));
#6915=DIRECTION('',(3.552713678801E-14,-9.999619230642E-1,-8.726535500010E-3));
#6916=AXIS2_PLACEMENT_3D('',#6913,#6914,#6915);
#6918=CURVE_STYLE('',#6196,POSITIVE_LENGTH_MEASURE(2.E-2),#6);
#6919=PRESENTATION_STYLE_ASSIGNMENT((#6918));
#6920=STYLED_ITEM('',(#6919),#6917);
#6921=DIRECTION('',(-4.336138404062E-13,1.E0,-4.395305984625E-14));
#6922=VECTOR('',#6921,2.101572813632E0);
#6923=CARTESIAN_POINT('',(-1.310627283709E1,1.004709771059E0,
-8.451396218034E0));
#6924=LINE('',#6923,#6922);
#6925=CURVE_STYLE('',#6196,POSITIVE_LENGTH_MEASURE(2.E-2),#6);
#6926=PRESENTATION_STYLE_ASSIGNMENT((#6925));
#6927=STYLED_ITEM('',(#6926),#6924);
#6928=DIRECTION('',(0.E0,1.E0,1.052416719216E-14));
#6929=VECTOR('',#6928,1.012730113632E0);
#6930=CARTESIAN_POINT('',(-1.300628258469E1,-3.106282584691E0,-8.55E0));
#6931=LINE('',#6930,#6929);
#6932=CURVE_STYLE('',#6196,POSITIVE_LENGTH_MEASURE(2.E-2),#6);
#6933=PRESENTATION_STYLE_ASSIGNMENT((#6932));
#6934=STYLED_ITEM('',(#6933),#6931);
#6935=DIRECTION('',(1.E0,-3.080826653998E-14,-3.696991984798E-13));
#6936=VECTOR('',#6935,6.054137057500E-1);
#6937=CARTESIAN_POINT('',(-1.300628258469E1,-2.093552471059E0,-8.55E0));
#6938=LINE('',#6937,#6936);
#6939=CURVE_STYLE('',#6196,POSITIVE_LENGTH_MEASURE(2.E-2),#6);
#6940=PRESENTATION_STYLE_ASSIGNMENT((#6939));
#6941=STYLED_ITEM('',(#6940),#6938);
#6942=DIRECTION('',(0.E0,1.E0,0.E0));
#6943=VECTOR('',#6942,1.501737757882E0);
#6944=CARTESIAN_POINT('',(-1.300628258469E1,-1.295290228941E0,-8.55E0));
#6945=LINE('',#6944,#6943);
#6946=CURVE_STYLE('',#6196,POSITIVE_LENGTH_MEASURE(2.E-2),#6);
#6947=PRESENTATION_STYLE_ASSIGNMENT((#6946));
#6948=STYLED_ITEM('',(#6947),#6945);
#6949=DIRECTION('',(1.E0,-3.012058201900E-14,-3.696991984798E-13));
#6950=VECTOR('',#6949,6.054137057500E-1);
#6951=CARTESIAN_POINT('',(-1.300628258469E1,2.064475289405E-1,-8.55E0));
#6952=LINE('',#6951,#6950);
#6953=CURVE_STYLE('',#6196,POSITIVE_LENGTH_MEASURE(2.E-2),#6);
#6954=PRESENTATION_STYLE_ASSIGNMENT((#6953));
#6955=STYLED_ITEM('',(#6954),#6952);
#6956=DIRECTION('',(0.E0,1.E0,0.E0));
#6957=VECTOR('',#6956,2.101572813632E0);
#6958=CARTESIAN_POINT('',(-1.300628258469E1,1.004709771059E0,-8.55E0));
#6959=LINE('',#6958,#6957);
#6960=CURVE_STYLE('',#6196,POSITIVE_LENGTH_MEASURE(2.E-2),#6);
#6961=PRESENTATION_STYLE_ASSIGNMENT((#6960));
#6962=STYLED_ITEM('',(#6961),#6959);
#6963=CARTESIAN_POINT('',(-7.257772229612E0,1.543302492276E0,-8.55E0));
#6964=CARTESIAN_POINT('',(-7.313565838337E0,1.546633452885E0,-8.55E0));
#6965=CARTESIAN_POINT('',(-7.352704613507E0,1.557459073775E0,-8.55E0));
#6966=CARTESIAN_POINT('',(-7.374355860714E0,1.574113869763E0,-8.55E0));
#6968=CURVE_STYLE('',#6196,POSITIVE_LENGTH_MEASURE(2.E-2),#6);
#6969=PRESENTATION_STYLE_ASSIGNMENT((#6968));
#6970=STYLED_ITEM('',(#6969),#6967);
#6971=CARTESIAN_POINT('',(-7.374355860714E0,1.574113869763E0,-8.55E0));
#6972=CARTESIAN_POINT('',(-7.396007131935E0,1.590768684223E0,-8.55E0));
#6973=CARTESIAN_POINT('',(-7.406832735389E0,1.642398575843E0,-8.55E0));
#6974=CARTESIAN_POINT('',(-7.406832735389E0,1.729003560396E0,-8.55E0));
#6976=CURVE_STYLE('',#6196,POSITIVE_LENGTH_MEASURE(2.E-2),#6);
#6977=PRESENTATION_STYLE_ASSIGNMENT((#6976));
#6978=STYLED_ITEM('',(#6977),#6975);
#6979=DIRECTION('',(4.124813949224E-1,-9.109660250761E-1,0.E0));
#6980=VECTOR('',#6979,9.973144272061E-1);
#6981=CARTESIAN_POINT('',(-7.406832735389E0,2.408519559503E0,-8.55E0));
#6982=LINE('',#6981,#6980);
#6983=CURVE_STYLE('',#6196,POSITIVE_LENGTH_MEASURE(2.E-2),#6);
#6984=PRESENTATION_STYLE_ASSIGNMENT((#6983));
#6985=STYLED_ITEM('',(#6984),#6982);
#6986=DIRECTION('',(4.049639825949E-1,9.143326379392E-1,0.E0));
#6987=VECTOR('',#6986,1.052841847712E0);
#6988=CARTESIAN_POINT('',(-6.972975112796E0,1.5E0,-8.55E0));
#6989=LINE('',#6988,#6987);
#6990=CURVE_STYLE('',#6196,POSITIVE_LENGTH_MEASURE(2.E-2),#6);
#6991=PRESENTATION_STYLE_ASSIGNMENT((#6990));
#6992=STYLED_ITEM('',(#6991),#6989);
#6993=CARTESIAN_POINT('',(-6.546612085104E0,1.729003560394E0,-8.55E0));
#6994=CARTESIAN_POINT('',(-6.546612085104E0,1.665715304464E0,-8.55E0));
#6995=CARTESIAN_POINT('',(-6.556604971290E0,1.619081847221E0,-8.55E0));
#6996=CARTESIAN_POINT('',(-6.576049043107E0,1.589295201427E0,-8.55E0));
#6998=CURVE_STYLE('',#6196,POSITIVE_LENGTH_MEASURE(2.E-2),#6);
#6999=PRESENTATION_STYLE_ASSIGNMENT((#6998));
#7000=STYLED_ITEM('',(#6999),#6997);
#7001=CARTESIAN_POINT('',(-6.576049043107E0,1.589295201427E0,-8.55E0));
#7002=CARTESIAN_POINT('',(-6.595743781329E0,1.559124556259E0,-8.55E0));
#7003=CARTESIAN_POINT('',(-6.635715326071E0,1.543302492276E0,-8.55E0));
#7004=CARTESIAN_POINT('',(-6.695672573447E0,1.543302492276E0,-8.55E0));
#7006=CURVE_STYLE('',#6196,POSITIVE_LENGTH_MEASURE(2.E-2),#6);
#7007=PRESENTATION_STYLE_ASSIGNMENT((#7006));
#7008=STYLED_ITEM('',(#7007),#7005);
#7009=CARTESIAN_POINT('',(-6.217679715157E0,1.543302492276E0,-8.55E0));
#7010=CARTESIAN_POINT('',(-6.270975154638E0,1.546633452885E0,-8.55E0));
#7011=CARTESIAN_POINT('',(-6.309281090497E0,1.559124556259E0,-8.55E0));
#7012=CARTESIAN_POINT('',(-6.332804661223E0,1.581387881043E0,-8.55E0));
#7014=CURVE_STYLE('',#6196,POSITIVE_LENGTH_MEASURE(2.E-2),#6);
#7015=PRESENTATION_STYLE_ASSIGNMENT((#7014));
#7016=STYLED_ITEM('',(#7015),#7013);
#7017=CARTESIAN_POINT('',(-6.332804661223E0,1.581387881043E0,-8.55E0));
#7018=CARTESIAN_POINT('',(-6.355914652347E0,1.603259783238E0,-8.55E0));
#7019=CARTESIAN_POINT('',(-6.366740273237E0,1.652391462028E0,-8.55E0));
#7020=CARTESIAN_POINT('',(-6.366740273237E0,1.729003560394E0,-8.55E0));
#7022=CURVE_STYLE('',#6196,POSITIVE_LENGTH_MEASURE(2.E-2),#6);
#7023=PRESENTATION_STYLE_ASSIGNMENT((#7022));
#7024=STYLED_ITEM('',(#7023),#7021);
#7025=CARTESIAN_POINT('',(-6.366740273237E0,2.422676188946E0,-8.55E0));
#7026=CARTESIAN_POINT('',(-6.366740273238E0,2.479302497506E0,-8.55E0));
#7027=CARTESIAN_POINT('',(-6.360911060572E0,2.523437715769E0,-8.55E0));
#7028=CARTESIAN_POINT('',(-6.348642407041E0,2.555166929835E0,-8.55E0));
#7030=CURVE_STYLE('',#6196,POSITIVE_LENGTH_MEASURE(2.E-2),#6);
#7031=PRESENTATION_STYLE_ASSIGNMENT((#7030));
#7032=STYLED_ITEM('',(#7031),#7029);
#7033=CARTESIAN_POINT('',(-6.348642407041E0,2.555166929835E0,-8.55E0));
#7034=CARTESIAN_POINT('',(-6.336761544943E0,2.585893236995E0,-8.55E0));
#7035=CARTESIAN_POINT('',(-6.292626396418E0,2.603380805254E0,-8.55E0));
#7036=CARTESIAN_POINT('',(-6.217679715157E0,2.608377213478E0,-8.55E0));
#7038=CURVE_STYLE('',#6196,POSITIVE_LENGTH_MEASURE(2.E-2),#6);
#7039=PRESENTATION_STYLE_ASSIGNMENT((#7038));
#7040=STYLED_ITEM('',(#7039),#7037);
#7041=DIRECTION('',(-4.079719532035E-1,-9.129944607714E-1,0.E0));
#7042=VECTOR('',#7041,9.266913159165E-1);
#7043=CARTESIAN_POINT('',(-6.552441297770E0,2.651679697037E0,-8.55E0));
#7044=LINE('',#7043,#7042);
#7045=CURVE_STYLE('',#6196,POSITIVE_LENGTH_MEASURE(2.E-2),#6);
#7046=PRESENTATION_STYLE_ASSIGNMENT((#7045));
#7047=STYLED_ITEM('',(#7046),#7044);
#7048=DIRECTION('',(-4.102153481398E-1,9.119886886089E-1,0.E0));
#7049=VECTOR('',#7048,9.277133026368E-1);
#7050=CARTESIAN_POINT('',(-6.930505363941E0,1.805615658760E0,-8.55E0));
#7051=LINE('',#7050,#7049);
#7052=CURVE_STYLE('',#6196,POSITIVE_LENGTH_MEASURE(2.E-2),#6);
#7053=PRESENTATION_STYLE_ASSIGNMENT((#7052));
#7054=STYLED_ITEM('',(#7053),#7051);
#7055=CARTESIAN_POINT('',(-7.639999999814E0,2.608377213478E0,-8.55E0));
#7056=CARTESIAN_POINT('',(-7.587537369132E0,2.608377213478E0,-8.55E0));
#7057=CARTESIAN_POINT('',(-7.549231319949E0,2.595886123180E0,-8.55E0));
#7058=CARTESIAN_POINT('',(-7.526123335209E0,2.571540197187E0,-8.55E0));
#7060=CURVE_STYLE('',#6196,POSITIVE_LENGTH_MEASURE(2.E-2),#6);
#7061=PRESENTATION_STYLE_ASSIGNMENT((#7060));
#7062=STYLED_ITEM('',(#7061),#7059);
#7063=CARTESIAN_POINT('',(-7.526123335209E0,2.571540197187E0,-8.55E0));
#7064=CARTESIAN_POINT('',(-7.502597871423E0,2.546754426956E0,-8.55E0));
#7065=CARTESIAN_POINT('',(-7.490939498395E0,2.497622800470E0,-8.55E0));
#7066=CARTESIAN_POINT('',(-7.490939498395E0,2.422676188947E0,-8.55E0));
#7068=CURVE_STYLE('',#6196,POSITIVE_LENGTH_MEASURE(2.E-2),#6);
#7069=PRESENTATION_STYLE_ASSIGNMENT((#7068));
#7070=STYLED_ITEM('',(#7069),#7067);
#7071=CARTESIAN_POINT('',(-7.490939498395E0,1.729003560393E0,-8.55E0));
#7072=CARTESIAN_POINT('',(-7.490939498396E0,1.642398575844E0,-8.55E0));
#7073=CARTESIAN_POINT('',(-7.504263340831E0,1.590768684224E0,-8.55E0));
#7074=CARTESIAN_POINT('',(-7.529245553246E0,1.572448394538E0,-8.55E0));
#7076=CURVE_STYLE('',#6196,POSITIVE_LENGTH_MEASURE(2.E-2),#6);
#7077=PRESENTATION_STYLE_ASSIGNMENT((#7076));
#7078=STYLED_ITEM('',(#7077),#7075);
#7079=CARTESIAN_POINT('',(-7.529245553246E0,1.572448394538E0,-8.55E0));
#7080=CARTESIAN_POINT('',(-7.554227754324E0,1.554128113166E0,-8.55E0));
#7081=CARTESIAN_POINT('',(-7.591701068804E0,1.544967970402E0,-8.55E0));
#7082=CARTESIAN_POINT('',(-7.639999999814E0,1.543302492276E0,-8.55E0));
#7084=CURVE_STYLE('',#6196,POSITIVE_LENGTH_MEASURE(2.E-2),#6);
#7085=PRESENTATION_STYLE_ASSIGNMENT((#7084));
#7086=STYLED_ITEM('',(#7085),#7083);
#7087=DIRECTION('',(0.E0,-1.E0,2.423458673722E-14));
#7088=VECTOR('',#7087,8.062825846910E-1);
#7089=CARTESIAN_POINT('',(-1.175868878941E0,3.106282584691E0,-8.55E0));
#7090=LINE('',#7089,#7088);
#7091=CURVE_STYLE('',#6196,POSITIVE_LENGTH_MEASURE(2.E-2),#6);
#7092=PRESENTATION_STYLE_ASSIGNMENT((#7091));
#7093=STYLED_ITEM('',(#7092),#7090);
#7094=DIRECTION('',(8.725684934875E-3,-1.396164880519E-2,-9.998644582067E-1));
#7095=VECTOR('',#7094,1.901130336165E0);
#7096=CARTESIAN_POINT('',(-1.292453735579E0,3.132825498777E0,-6.55E0));
#7097=LINE('',#7096,#7095);
#7098=CURVE_STYLE('',#6196,POSITIVE_LENGTH_MEASURE(2.E-2),#6);
#7099=PRESENTATION_STYLE_ASSIGNMENT((#7098));
#7100=STYLED_ITEM('',(#7099),#7097);
#7101=DIRECTION('',(-4.801595322639E-6,-9.999998091599E-1,6.177840167390E-4));
#7102=VECTOR('',#7101,7.062830851114E-1);
#7103=CARTESIAN_POINT('',(-1.275865071245E0,3.106282584691E0,
-8.450872653550E0));
#7104=LINE('',#7103,#7102);
#7105=CURVE_STYLE('',#6196,POSITIVE_LENGTH_MEASURE(2.E-2),#6);
#7106=PRESENTATION_STYLE_ASSIGNMENT((#7105));
#7107=STYLED_ITEM('',(#7106),#7104);
#7108=DIRECTION('',(-8.725684934568E-3,1.396164880547E-2,9.998644582067E-1));
#7109=VECTOR('',#7108,1.901653960690E0);
#7110=CARTESIAN_POINT('',(-1.175868879036E0,3.206272837244E0,
-8.451396207102E0));
#7111=LINE('',#7110,#7109);
#7112=CURVE_STYLE('',#6196,POSITIVE_LENGTH_MEASURE(2.E-2),#6);
#7113=PRESENTATION_STYLE_ASSIGNMENT((#7112));
#7114=STYLED_ITEM('',(#7113),#7111);
#7115=DIRECTION('',(-8.725684935417E-3,-1.396164880547E-2,-9.998644582067E-1));
#7116=VECTOR('',#7115,1.901653972385E0);
#7117=CARTESIAN_POINT('',(-1.807537887646E0,3.232823061993E0,-6.55E0));
#7118=LINE('',#7117,#7116);
#7119=CURVE_STYLE('',#6196,POSITIVE_LENGTH_MEASURE(2.E-2),#6);
#7120=PRESENTATION_STYLE_ASSIGNMENT((#7119));
#7121=STYLED_ITEM('',(#7120),#7118);
#7122=DIRECTION('',(-1.396114004196E-2,1.396081956867E-2,9.998050720444E-1));
#7123=VECTOR('',#7122,1.695470118441E1);
#7124=CARTESIAN_POINT('',(-1.300628320404E1,3.206272837007E0,
-8.451396225919E0));
#7125=LINE('',#7124,#7123);
#7126=CURVE_STYLE('',#6196,POSITIVE_LENGTH_MEASURE(2.E-2),#6);
#7127=PRESENTATION_STYLE_ASSIGNMENT((#7126));
#7128=STYLED_ITEM('',(#7127),#7125);
#7129=DIRECTION('',(1.E0,1.931737653544E-12,3.077765735192E-10));
#7130=VECTOR('',#7129,2.648597849826E1);
#7131=CARTESIAN_POINT('',(-1.324299016165E1,3.442974361083E0,8.500000013249E0));
#7132=LINE('',#7131,#7130);
#7133=CURVE_STYLE('',#6196,POSITIVE_LENGTH_MEASURE(2.E-2),#6);
#7134=PRESENTATION_STYLE_ASSIGNMENT((#7133));
#7135=STYLED_ITEM('',(#7134),#7132);
#7136=DIRECTION('',(-1.396118668928E-2,-1.396081955866E-2,-9.998050713932E-1));
#7137=VECTOR('',#7136,1.695470117878E1);
#7138=CARTESIAN_POINT('',(1.324298833661E1,3.442974361134E0,8.500000021401E0));
#7139=LINE('',#7138,#7137);
#7140=CURVE_STYLE('',#6196,POSITIVE_LENGTH_MEASURE(2.E-2),#6);
#7141=PRESENTATION_STYLE_ASSIGNMENT((#7140));
#7142=STYLED_ITEM('',(#7141),#7139);
#7143=DIRECTION('',(1.E0,0.E0,0.E0));
#7144=VECTOR('',#7143,6.150757752947E-1);
#7145=CARTESIAN_POINT('',(-1.807537887646E0,3.232823061993E0,-6.55E0));
#7146=LINE('',#7145,#7144);
#7147=CURVE_STYLE('',#6196,POSITIVE_LENGTH_MEASURE(2.E-2),#6);
#7148=PRESENTATION_STYLE_ASSIGNMENT((#7147));
#7149=STYLED_ITEM('',(#7148),#7146);
#7150=CARTESIAN_POINT('',(-1.192462112352E0,3.232823061993E0,-6.55E0));
#7151=CARTESIAN_POINT('',(-1.206388757878E0,3.232823061993E0,-6.55E0));
#7152=CARTESIAN_POINT('',(-1.231867508744E0,3.227397941431E0,-6.55E0));
#7153=CARTESIAN_POINT('',(-1.265026241379E0,3.205391360617E0,-6.55E0));
#7154=CARTESIAN_POINT('',(-1.287031339928E0,3.172231187811E0,-6.55E0));
#7155=CARTESIAN_POINT('',(-1.292453735580E0,3.146752144303E0,-6.55E0));
#7156=CARTESIAN_POINT('',(-1.292453735579E0,3.132825498777E0,-6.55E0));
#7158=CURVE_STYLE('',#6196,POSITIVE_LENGTH_MEASURE(2.E-2),#6);
#7159=PRESENTATION_STYLE_ASSIGNMENT((#7158));
#7160=STYLED_ITEM('',(#7159),#7157);
#7161=DIRECTION('',(-3.788685659634E-12,-1.E0,-3.151178091826E-14));
#7162=VECTOR('',#7161,7.328255731436E-1);
#7163=CARTESIAN_POINT('',(-1.292453735579E0,3.132825498777E0,-6.55E0));
#7164=LINE('',#7163,#7162);
#7165=CURVE_STYLE('',#6196,POSITIVE_LENGTH_MEASURE(2.E-2),#6);
#7166=PRESENTATION_STYLE_ASSIGNMENT((#7165));
#7167=STYLED_ITEM('',(#7166),#7164);
#7168=DIRECTION('',(8.725684936290E-3,1.396164880424E-2,9.998644582067E-1));
#7169=VECTOR('',#7168,1.901130336165E0);
#7170=CARTESIAN_POINT('',(-1.724134928746E0,3.106282584691E0,
-8.450872653550E0));
#7171=LINE('',#7170,#7169);
#7172=CURVE_STYLE('',#6196,POSITIVE_LENGTH_MEASURE(2.E-2),#6);
#7173=PRESENTATION_STYLE_ASSIGNMENT((#7172));
#7174=STYLED_ITEM('',(#7173),#7171);
#7175=DIRECTION('',(-1.193326903546E-11,-1.E0,1.090792416404E-13));
#7176=VECTOR('',#7175,7.328255731417E-1);
#7177=CARTESIAN_POINT('',(-1.707546264410E0,3.132825498775E0,-6.55E0));
#7178=LINE('',#7177,#7176);
#7179=CURVE_STYLE('',#6196,POSITIVE_LENGTH_MEASURE(2.E-2),#6);
#7180=PRESENTATION_STYLE_ASSIGNMENT((#7179));
#7181=STYLED_ITEM('',(#7180),#7178);
#7182=DIRECTION('',(1.982829823954E-14,1.E0,-1.982829823954E-14));
#7183=VECTOR('',#7182,8.062825846910E-1);
#7184=CARTESIAN_POINT('',(-1.824131121059E0,2.3E0,-8.55E0));
#7185=LINE('',#7184,#7183);
#7186=CURVE_STYLE('',#6196,POSITIVE_LENGTH_MEASURE(2.E-2),#6);
#7187=PRESENTATION_STYLE_ASSIGNMENT((#7186));
#7188=STYLED_ITEM('',(#7187),#7185);
#7189=DIRECTION('',(4.801582815158E-6,-9.999998091599E-1,6.177840167240E-4));
#7190=VECTOR('',#7189,7.062830851113E-1);
#7191=CARTESIAN_POINT('',(-1.724134928746E0,3.106282584691E0,
-8.450872653550E0));
#7192=LINE('',#7191,#7190);
#7193=CURVE_STYLE('',#6196,POSITIVE_LENGTH_MEASURE(2.E-2),#6);
#7194=PRESENTATION_STYLE_ASSIGNMENT((#7193));
#7195=STYLED_ITEM('',(#7194),#7192);
#7196=CARTESIAN_POINT('',(-1.724131537469E0,2.399999634367E0,
-8.450436323149E0));
#7197=CARTESIAN_POINT('',(-1.724174914115E0,2.399956257733E0,
-8.460377679493E0));
#7198=CARTESIAN_POINT('',(-1.727181603620E0,2.396949676600E0,
-8.480530135730E0));
#7199=CARTESIAN_POINT('',(-1.741622455022E0,2.382501012280E0,
-8.509466192488E0));
#7200=CARTESIAN_POINT('',(-1.763623249553E0,2.360508390768E0,
-8.531392884518E0));
#7201=CARTESIAN_POINT('',(-1.789328541564E0,2.334831695881E0,
-8.545454518368E0));
#7202=CARTESIAN_POINT('',(-1.811962617750E0,2.312168503309E0,-8.55E0));
#7203=CARTESIAN_POINT('',(-1.824131121059E0,2.3E0,-8.55E0));
#7205=CURVE_STYLE('',#6196,POSITIVE_LENGTH_MEASURE(2.E-2),#6);
#7206=PRESENTATION_STYLE_ASSIGNMENT((#7205));
#7207=STYLED_ITEM('',(#7206),#7204);
#7208=CARTESIAN_POINT('',(-1.824131121059E0,3.106282584691E0,-8.45E0));
#7209=DIRECTION('',(0.E0,1.E0,0.E0));
#7210=DIRECTION('',(9.999619230642E-1,0.E0,-8.726535496297E-3));
#7211=AXIS2_PLACEMENT_3D('',#7208,#7209,#7210);
#7213=CURVE_STYLE('',#6196,POSITIVE_LENGTH_MEASURE(2.E-2),#6);
#7214=PRESENTATION_STYLE_ASSIGNMENT((#7213));
#7215=STYLED_ITEM('',(#7214),#7212);
#7216=DIRECTION('',(1.E0,6.636942515270E-12,6.371007308120E-10));
#7217=VECTOR('',#7216,1.118215208298E1);
#7218=CARTESIAN_POINT('',(-1.300628320404E1,3.206272837007E0,
-8.451396225919E0));
#7219=LINE('',#7218,#7217);
#7220=CURVE_STYLE('',#6196,POSITIVE_LENGTH_MEASURE(2.E-2),#6);
#7221=PRESENTATION_STYLE_ASSIGNMENT((#7220));
#7222=STYLED_ITEM('',(#7221),#7219);
#7223=CARTESIAN_POINT('',(-1.824131121059E0,3.106282584691E0,-8.45E0));
#7224=DIRECTION('',(-1.E0,0.E0,0.E0));
#7225=DIRECTION('',(0.E0,9.999025240093E-1,-1.396218033998E-2));
#7226=AXIS2_PLACEMENT_3D('',#7223,#7224,#7225);
#7228=CURVE_STYLE('',#6196,POSITIVE_LENGTH_MEASURE(2.E-2),#6);
#7229=PRESENTATION_STYLE_ASSIGNMENT((#7228));
#7230=STYLED_ITEM('',(#7229),#7227);
#7231=DIRECTION('',(-1.E0,0.E0,2.081019441726E-14));
#7232=VECTOR('',#7231,1.118215146363E1);
#7233=CARTESIAN_POINT('',(-1.824131121059E0,3.106282584691E0,-8.55E0));
#7234=LINE('',#7233,#7232);
#7235=CURVE_STYLE('',#6196,POSITIVE_LENGTH_MEASURE(2.E-2),#6);
#7236=PRESENTATION_STYLE_ASSIGNMENT((#7235));
#7237=STYLED_ITEM('',(#7236),#7234);
#7238=CARTESIAN_POINT('',(-1.300628258469E1,3.106282584691E0,-8.45E0));
#7239=DIRECTION('',(-1.E0,0.E0,0.E0));
#7240=DIRECTION('',(0.E0,9.999025240093E-1,-1.396218033773E-2));
#7241=AXIS2_PLACEMENT_3D('',#7238,#7239,#7240);
#7243=CURVE_STYLE('',#6196,POSITIVE_LENGTH_MEASURE(2.E-2),#6);
#7244=PRESENTATION_STYLE_ASSIGNMENT((#7243));
#7245=STYLED_ITEM('',(#7244),#7242);
#7246=CARTESIAN_POINT('',(-1.300628258469E1,3.106282584691E0,-8.45E0));
#7247=DIRECTION('',(0.E0,1.E0,0.E0));
#7248=DIRECTION('',(0.E0,0.E0,-1.E0));
#7249=AXIS2_PLACEMENT_3D('',#7246,#7247,#7248);
#7251=CURVE_STYLE('',#6196,POSITIVE_LENGTH_MEASURE(2.E-2),#6);
#7252=PRESENTATION_STYLE_ASSIGNMENT((#7251));
#7253=STYLED_ITEM('',(#7252),#7250);
#7254=CARTESIAN_POINT('',(-1.300628258457E1,3.106282584694E0,
-8.449999999998E0));
#7255=DIRECTION('',(-1.396081962997E-2,1.396081962697E-2,9.998050765177E-1));
#7256=DIRECTION('',(-2.041241369068E-5,9.999025198217E-1,-1.396246531017E-2));
#7257=AXIS2_PLACEMENT_3D('',#7254,#7255,#7256);
#7259=CURVE_STYLE('',#6196,POSITIVE_LENGTH_MEASURE(2.E-2),#6);
#7260=PRESENTATION_STYLE_ASSIGNMENT((#7259));
#7261=STYLED_ITEM('',(#7260),#7258);
#7262=CARTESIAN_POINT('',(-1.334299236410E1,3.342925931536E0,8.499999745847E0));
#7263=CARTESIAN_POINT('',(-1.334299236410E1,3.356038186926E0,8.499999745847E0));
#7264=CARTESIAN_POINT('',(-1.333774232013E1,3.382323226984E0,8.500000048764E0));
#7265=CARTESIAN_POINT('',(-1.331549422033E1,3.415553228458E0,8.499999909457E0));
#7266=CARTESIAN_POINT('',(-1.328225227498E1,3.437761221378E0,8.499999822496E0));
#7267=CARTESIAN_POINT('',(-1.325608582040E1,3.442974093743E0,8.500000013249E0));
#7268=CARTESIAN_POINT('',(-1.324299016165E1,3.442974361083E0,8.500000013249E0));
#7270=CURVE_STYLE('',#6196,POSITIVE_LENGTH_MEASURE(2.E-2),#6);
#7271=PRESENTATION_STYLE_ASSIGNMENT((#7270));
#7272=STYLED_ITEM('',(#7271),#7269);
#7273=CARTESIAN_POINT('',(-1.824131121040E0,3.106282584681E0,-8.45E0));
#7274=DIRECTION('',(8.725684934971E-3,1.396164880595E-2,9.998644582067E-1));
#7275=DIRECTION('',(9.999619230642E-1,9.106937425547E-11,-8.726535499162E-3));
#7276=AXIS2_PLACEMENT_3D('',#7273,#7274,#7275);
#7278=CURVE_STYLE('',#6196,POSITIVE_LENGTH_MEASURE(2.E-2),#6);
#7279=PRESENTATION_STYLE_ASSIGNMENT((#7278));
#7280=STYLED_ITEM('',(#7279),#7277);
#7281=CARTESIAN_POINT('',(-1.807537887646E0,3.232823061993E0,-6.55E0));
#7282=CARTESIAN_POINT('',(-1.794448482619E0,3.232823061995E0,-6.55E0));
#7283=CARTESIAN_POINT('',(-1.768276596244E0,3.227616544056E0,
-6.550000082560E0));
#7284=CARTESIAN_POINT('',(-1.734992305732E0,3.205377018498E0,
-6.549999993972E0));
#7285=CARTESIAN_POINT('',(-1.712753251969E0,3.172091243025E0,
-6.550000150201E0));
#7286=CARTESIAN_POINT('',(-1.707546264411E0,3.145916652602E0,-6.55E0));
#7287=CARTESIAN_POINT('',(-1.707546264410E0,3.132825498775E0,-6.55E0));
#7289=CURVE_STYLE('',#6196,POSITIVE_LENGTH_MEASURE(2.E-2),#6);
#7290=PRESENTATION_STYLE_ASSIGNMENT((#7289));
#7291=STYLED_ITEM('',(#7290),#7288);
#7292=DIRECTION('',(-1.E0,0.E0,0.E0));
#7293=VECTOR('',#7292,6.482622421180E-1);
#7294=CARTESIAN_POINT('',(-1.175868878941E0,2.3E0,-8.55E0));
#7295=LINE('',#7294,#7293);
#7296=CURVE_STYLE('',#6196,POSITIVE_LENGTH_MEASURE(2.E-2),#6);
#7297=PRESENTATION_STYLE_ASSIGNMENT((#7296));
#7298=STYLED_ITEM('',(#7297),#7295);
#7299=CARTESIAN_POINT('',(-1.275868462531E0,2.399999634367E0,
-8.450436323149E0));
#7300=CARTESIAN_POINT('',(-1.275825079015E0,2.399956250864E0,
-8.460379253851E0));
#7301=CARTESIAN_POINT('',(-1.272814463369E0,2.396947350754E0,
-8.480533990034E0));
#7302=CARTESIAN_POINT('',(-1.258377732060E0,2.382511770815E0,
-8.509464211771E0));
#7303=CARTESIAN_POINT('',(-1.236358943124E0,2.360496692066E0,
-8.531398245036E0));
#7304=CARTESIAN_POINT('',(-1.210740542400E0,2.334839901319E0,
-8.545438266182E0));
#7305=CARTESIAN_POINT('',(-1.188054552093E0,2.312185673152E0,-8.55E0));
#7306=CARTESIAN_POINT('',(-1.175868878941E0,2.3E0,-8.55E0));
#7308=CURVE_STYLE('',#6196,POSITIVE_LENGTH_MEASURE(2.E-2),#6);
#7309=PRESENTATION_STYLE_ASSIGNMENT((#7308));
#7310=STYLED_ITEM('',(#7309),#7307);
#7311=DIRECTION('',(8.726754640825E-3,1.532573975899E-7,9.999619211517E-1));
#7312=VECTOR('',#7311,1.900508692331E0);
#7313=CARTESIAN_POINT('',(-1.724131537469E0,2.399999634367E0,
-8.450436323149E0));
#7314=LINE('',#7313,#7312);
#7315=CURVE_STYLE('',#6196,POSITIVE_LENGTH_MEASURE(2.E-2),#6);
#7316=PRESENTATION_STYLE_ASSIGNMENT((#7315));
#7317=STYLED_ITEM('',(#7316),#7314);
#7318=DIRECTION('',(1.E0,0.E0,0.E0));
#7319=VECTOR('',#7318,4.150925288365E-1);
#7320=CARTESIAN_POINT('',(-1.707546264418E0,2.399999925634E0,-6.55E0));
#7321=LINE('',#7320,#7319);
#7322=CURVE_STYLE('',#6196,POSITIVE_LENGTH_MEASURE(2.E-2),#6);
#7323=PRESENTATION_STYLE_ASSIGNMENT((#7322));
#7324=STYLED_ITEM('',(#7323),#7321);
#7325=DIRECTION('',(8.726754640825E-3,-1.532573973562E-7,-9.999619211517E-1));
#7326=VECTOR('',#7325,1.900508692331E0);
#7327=CARTESIAN_POINT('',(-1.292453735582E0,2.399999925634E0,-6.55E0));
#7328=LINE('',#7327,#7326);
#7329=CURVE_STYLE('',#6196,POSITIVE_LENGTH_MEASURE(2.E-2),#6);
#7330=PRESENTATION_STYLE_ASSIGNMENT((#7329));
#7331=STYLED_ITEM('',(#7330),#7328);
#7332=DIRECTION('',(-1.E0,0.E0,0.E0));
#7333=VECTOR('',#7332,4.482630749380E-1);
#7334=CARTESIAN_POINT('',(-1.275868462531E0,2.399999634367E0,
-8.450436323149E0));
#7335=LINE('',#7334,#7333);
#7336=CURVE_STYLE('',#6196,POSITIVE_LENGTH_MEASURE(2.E-2),#6);
#7337=PRESENTATION_STYLE_ASSIGNMENT((#7336));
#7338=STYLED_ITEM('',(#7337),#7335);
#7339=CARTESIAN_POINT('',(1.324298833661E1,3.442974361134E0,8.500000021401E0));
#7340=CARTESIAN_POINT('',(1.325607580419E1,3.442974586421E0,8.500000021401E0));
#7341=CARTESIAN_POINT('',(1.328222940312E1,3.437769535877E0,8.499999850476E0));
#7342=CARTESIAN_POINT('',(1.331548225974E1,3.415567712898E0,8.499999931644E0));
#7343=CARTESIAN_POINT('',(1.333774173171E1,3.382328214287E0,8.500000080321E0));
#7344=CARTESIAN_POINT('',(1.334299236415E1,3.356039434301E0,8.499999750022E0));
#7345=CARTESIAN_POINT('',(1.334299236415E1,3.342925911635E0,8.499999750022E0));
#7347=CURVE_STYLE('',#6196,POSITIVE_LENGTH_MEASURE(2.E-2),#6);
#7348=PRESENTATION_STYLE_ASSIGNMENT((#7347));
#7349=STYLED_ITEM('',(#7348),#7346);
#7350=DIRECTION('',(1.396164880542E-2,8.725684935785E-3,9.998644582067E-1));
#7351=VECTOR('',#7350,1.415336408920E1);
#7352=CARTESIAN_POINT('',(1.310627283709E1,2.064475289405E-1,
-8.451396218034E0));
#7353=LINE('',#7352,#7351);
#7354=CURVE_STYLE('',#6196,POSITIVE_LENGTH_MEASURE(2.E-2),#6);
#7355=PRESENTATION_STYLE_ASSIGNMENT((#7354));
#7356=STYLED_ITEM('',(#7355),#7353);
#7357=DIRECTION('',(-1.396164880566E-2,8.725684935352E-3,-9.998644582067E-1));
#7358=VECTOR('',#7357,1.490341625380E1);
#7359=CARTESIAN_POINT('',(1.331434910083E1,8.746672563679E-1,6.45E0));
#7360=LINE('',#7359,#7358);
#7361=CURVE_STYLE('',#6196,POSITIVE_LENGTH_MEASURE(2.E-2),#6);
#7362=PRESENTATION_STYLE_ASSIGNMENT((#7361));
#7363=STYLED_ITEM('',(#7362),#7360);
#7364=DIRECTION('',(1.396188214485E-2,1.395738780901E-2,9.998051095951E-1));
#7365=VECTOR('',#7364,1.695470027646E1);
#7366=CARTESIAN_POINT('',(1.310627283709E1,3.106282584691E0,-8.451396218034E0));
#7367=LINE('',#7366,#7365);
#7368=CURVE_STYLE('',#6196,POSITIVE_LENGTH_MEASURE(2.E-2),#6);
#7369=PRESENTATION_STYLE_ASSIGNMENT((#7368));
#7370=STYLED_ITEM('',(#7369),#7367);
#7371=DIRECTION('',(-7.674690532192E-12,-1.E0,-6.383537963548E-10));
#7372=VECTOR('',#7371,6.685851820042E0);
#7373=CARTESIAN_POINT('',(1.334299236415E1,3.342925911635E0,8.499999750022E0));
#7374=LINE('',#7373,#7372);
#7375=CURVE_STYLE('',#6196,POSITIVE_LENGTH_MEASURE(2.E-2),#6);
#7376=PRESENTATION_STYLE_ASSIGNMENT((#7375));
#7377=STYLED_ITEM('',(#7376),#7374);
#7378=DIRECTION('',(-1.396188214537E-2,1.395738762218E-2,-9.998051095977E-1));
#7379=VECTOR('',#7378,1.695470027214E1);
#7380=CARTESIAN_POINT('',(1.334299236410E1,-3.342925908407E0,8.499999745754E0));
#7381=LINE('',#7380,#7379);
#7382=CURVE_STYLE('',#6196,POSITIVE_LENGTH_MEASURE(2.E-2),#6);
#7383=PRESENTATION_STYLE_ASSIGNMENT((#7382));
#7384=STYLED_ITEM('',(#7383),#7381);
#7385=DIRECTION('',(1.396164880561E-2,8.725684935285E-3,9.998644582067E-1));
#7386=VECTOR('',#7385,1.490341625380E1);
#7387=CARTESIAN_POINT('',(1.310627283709E1,-2.093552471060E0,
-8.451396218034E0));
#7388=LINE('',#7387,#7386);
#7389=CURVE_STYLE('',#6196,POSITIVE_LENGTH_MEASURE(2.E-2),#6);
#7390=PRESENTATION_STYLE_ASSIGNMENT((#7389));
#7391=STYLED_ITEM('',(#7390),#7388);
#7392=DIRECTION('',(-1.396164880564E-2,8.725684935866E-3,-9.998644582067E-1));
#7393=VECTOR('',#7392,1.415336408922E1);
#7394=CARTESIAN_POINT('',(1.330387713592E1,-1.418788024767E0,5.700049498835E0));
#7395=LINE('',#7394,#7393);
#7396=CURVE_STYLE('',#6196,POSITIVE_LENGTH_MEASURE(2.E-2),#6);
#7397=PRESENTATION_STYLE_ASSIGNMENT((#7396));
#7398=STYLED_ITEM('',(#7397),#7395);
#7399=DIRECTION('',(0.E0,1.E0,0.E0));
#7400=VECTOR('',#7399,1.501737757882E0);
#7401=CARTESIAN_POINT('',(1.300628258469E1,-1.295290228941E0,-8.55E0));
#7402=LINE('',#7401,#7400);
#7403=CURVE_STYLE('',#6196,POSITIVE_LENGTH_MEASURE(2.E-2),#6);
#7404=PRESENTATION_STYLE_ASSIGNMENT((#7403));
#7405=STYLED_ITEM('',(#7404),#7402);
#7406=DIRECTION('',(3.075455590164E-14,-1.E0,-2.247448315889E-14));
#7407=VECTOR('',#7406,1.501737757883E0);
#7408=CARTESIAN_POINT('',(1.310627283709E1,2.064475289405E-1,
-8.451396218034E0));
#7409=LINE('',#7408,#7407);
#7410=CURVE_STYLE('',#6196,POSITIVE_LENGTH_MEASURE(2.E-2),#6);
#7411=PRESENTATION_STYLE_ASSIGNMENT((#7410));
#7412=STYLED_ITEM('',(#7411),#7409);
#7413=CARTESIAN_POINT('',(1.300628258479E1,2.064475289398E-1,
-8.450000000001E0));
#7414=DIRECTION('',(-1.396164880995E-2,-8.725684935420E-3,-9.998644582067E-1));
#7415=DIRECTION('',(-9.736922388986E-10,9.999619230643E-1,-8.726535484754E-3));
#7416=AXIS2_PLACEMENT_3D('',#7413,#7414,#7415);
#7418=CURVE_STYLE('',#6196,POSITIVE_LENGTH_MEASURE(2.E-2),#6);
#7419=PRESENTATION_STYLE_ASSIGNMENT((#7418));
#7420=STYLED_ITEM('',(#7419),#7417);
#7421=CARTESIAN_POINT('',(1.300628258469E1,2.064475289405E-1,-8.45E0));
#7422=DIRECTION('',(0.E0,1.E0,0.E0));
#7423=DIRECTION('',(9.999025240093E-1,0.E0,-1.396218033916E-2));
#7424=AXIS2_PLACEMENT_3D('',#7421,#7422,#7423);
#7426=CURVE_STYLE('',#6196,POSITIVE_LENGTH_MEASURE(2.E-2),#6);
#7427=PRESENTATION_STYLE_ASSIGNMENT((#7426));
#7428=STYLED_ITEM('',(#7427),#7425);
#7429=DIRECTION('',(-1.396164880722E-2,-8.725684933275E-3,-9.998644582067E-1));
#7430=VECTOR('',#7429,1.440284387930E1);
#7431=CARTESIAN_POINT('',(1.320737003275E1,4.321183990563E-1,5.950019038467E0));
#7432=LINE('',#7431,#7430);
#7433=CURVE_STYLE('',#6196,POSITIVE_LENGTH_MEASURE(2.E-2),#6);
#7434=PRESENTATION_STYLE_ASSIGNMENT((#7433));
#7435=STYLED_ITEM('',(#7434),#7432);
#7436=DIRECTION('',(-1.E0,1.393707295856E-14,-3.814356809712E-13));
#7437=VECTOR('',#7436,6.054137057500E-1);
#7438=CARTESIAN_POINT('',(1.300628258469E1,2.064475289405E-1,-8.55E0));
#7439=LINE('',#7438,#7437);
#7440=CURVE_STYLE('',#6196,POSITIVE_LENGTH_MEASURE(2.E-2),#6);
#7441=PRESENTATION_STYLE_ASSIGNMENT((#7440));
#7442=STYLED_ITEM('',(#7441),#7439);
#7443=DIRECTION('',(1.E0,-4.857134305542E-11,8.681142375723E-13));
#7444=VECTOR('',#7443,5.054175134356E-1);
#7445=CARTESIAN_POINT('',(1.250086507125E1,3.064437212469E-1,
-8.450872653550E0));
#7446=LINE('',#7445,#7444);
#7447=CURVE_STYLE('',#6196,POSITIVE_LENGTH_MEASURE(2.E-2),#6);
#7448=PRESENTATION_STYLE_ASSIGNMENT((#7447));
#7449=STYLED_ITEM('',(#7448),#7446);
#7450=CARTESIAN_POINT('',(1.300628258469E1,2.064475289406E-1,-8.45E0));
#7451=DIRECTION('',(-1.E0,0.E0,0.E0));
#7452=DIRECTION('',(0.E0,9.999619230642E-1,-8.726535500028E-3));
#7453=AXIS2_PLACEMENT_3D('',#7450,#7451,#7452);
#7455=CURVE_STYLE('',#6196,POSITIVE_LENGTH_MEASURE(2.E-2),#6);
#7456=PRESENTATION_STYLE_ASSIGNMENT((#7455));
#7457=STYLED_ITEM('',(#7456),#7454);
#7458=DIRECTION('',(0.E0,1.E0,0.E0));
#7459=VECTOR('',#7458,7.982622421185E-1);
#7460=CARTESIAN_POINT('',(1.240086887894E1,2.064475289405E-1,-8.55E0));
#7461=LINE('',#7460,#7459);
#7462=CURVE_STYLE('',#6196,POSITIVE_LENGTH_MEASURE(2.E-2),#6);
#7463=PRESENTATION_STYLE_ASSIGNMENT((#7462));
#7464=STYLED_ITEM('',(#7463),#7461);
#7465=CARTESIAN_POINT('',(1.250086507125E1,3.064437212469E-1,
-8.450872653550E0));
#7466=CARTESIAN_POINT('',(1.250077989158E1,3.063585415828E-1,
-8.460633276277E0));
#7467=CARTESIAN_POINT('',(1.249784985377E1,3.034275517872E-1,
-8.480621181829E0));
#7468=CARTESIAN_POINT('',(1.248278556749E1,2.883427018542E-1,
-8.510483066948E0));
#7469=CARTESIAN_POINT('',(1.246027859869E1,2.658765902115E-1,
-8.531972129532E0));
#7470=CARTESIAN_POINT('',(1.243701351173E1,2.425772799925E-1,
-8.544823372951E0));
#7471=CARTESIAN_POINT('',(1.241366269295E1,2.192413429470E-1,-8.55E0));
#7472=CARTESIAN_POINT('',(1.240086887894E1,2.064475289405E-1,-8.55E0));
#7474=CURVE_STYLE('',#6196,POSITIVE_LENGTH_MEASURE(2.E-2),#6);
#7475=PRESENTATION_STYLE_ASSIGNMENT((#7474));
#7476=STYLED_ITEM('',(#7475),#7473);
#7477=CARTESIAN_POINT('',(1.250086507125E1,9.047135787529E-1,
-8.450872653550E0));
#7478=CARTESIAN_POINT('',(1.250077989158E1,9.047987584170E-1,
-8.460633276276E0));
#7479=CARTESIAN_POINT('',(1.249784890179E1,9.077287962273E-1,
-8.480621181828E0));
#7480=CARTESIAN_POINT('',(1.248276405186E1,9.227930825079E-1,
-8.510483066947E0));
#7481=CARTESIAN_POINT('',(1.246029794022E1,9.453000513038E-1,
-8.531972129532E0));
#7482=CARTESIAN_POINT('',(1.243699862999E1,9.685651382672E-1,
-8.544823372950E0));
#7483=CARTESIAN_POINT('',(1.241366269295E1,9.919159570527E-1,-8.55E0));
#7484=CARTESIAN_POINT('',(1.240086887894E1,1.004709771059E0,-8.55E0));
#7486=CURVE_STYLE('',#6196,POSITIVE_LENGTH_MEASURE(2.E-2),#6);
#7487=PRESENTATION_STYLE_ASSIGNMENT((#7486));
#7488=STYLED_ITEM('',(#7487),#7485);
#7489=DIRECTION('',(1.E0,-2.934120622855E-14,3.696991984798E-13));
#7490=VECTOR('',#7489,6.054137057500E-1);
#7491=CARTESIAN_POINT('',(1.240086887894E1,1.004709771059E0,-8.55E0));
#7492=LINE('',#7491,#7490);
#7493=CURVE_STYLE('',#6196,POSITIVE_LENGTH_MEASURE(2.E-2),#6);
#7494=PRESENTATION_STYLE_ASSIGNMENT((#7493));
#7495=STYLED_ITEM('',(#7494),#7492);
#7496=DIRECTION('',(1.396164880711E-2,-8.725684935007E-3,9.998644582067E-1));
#7497=VECTOR('',#7496,1.490289261834E1);
#7498=CARTESIAN_POINT('',(1.300628258468E1,9.047135787099E-1,
-8.450872653550E0));
#7499=LINE('',#7498,#7497);
#7500=CURVE_STYLE('',#6196,POSITIVE_LENGTH_MEASURE(2.E-2),#6);
#7501=PRESENTATION_STYLE_ASSIGNMENT((#7500));
#7502=STYLED_ITEM('',(#7501),#7499);
#7503=DIRECTION('',(1.E0,-8.498930644941E-11,-1.616730968759E-13));
#7504=VECTOR('',#7503,5.054175134354E-1);
#7505=CARTESIAN_POINT('',(1.250086507125E1,9.047135787529E-1,
-8.450872653550E0));
#7506=LINE('',#7505,#7504);
#7507=CURVE_STYLE('',#6196,POSITIVE_LENGTH_MEASURE(2.E-2),#6);
#7508=PRESENTATION_STYLE_ASSIGNMENT((#7507));
#7509=STYLED_ITEM('',(#7508),#7506);
#7510=CARTESIAN_POINT('',(1.300628258469E1,1.004709771059E0,-8.45E0));
#7511=DIRECTION('',(1.E0,0.E0,0.E0));
#7512=DIRECTION('',(0.E0,-9.999619230642E-1,-8.726535496279E-3));
#7513=AXIS2_PLACEMENT_3D('',#7510,#7511,#7512);
#7515=CURVE_STYLE('',#6196,POSITIVE_LENGTH_MEASURE(2.E-2),#6);
#7516=PRESENTATION_STYLE_ASSIGNMENT((#7515));
#7517=STYLED_ITEM('',(#7516),#7514);
#7518=CARTESIAN_POINT('',(1.300628258469E1,1.004709771059E0,-8.45E0));
#7519=DIRECTION('',(-1.396164880597E-2,8.725684933156E-3,-9.998644582067E-1));
#7520=DIRECTION('',(9.999025240093E-1,0.E0,-1.396218033939E-2));
#7521=AXIS2_PLACEMENT_3D('',#7518,#7519,#7520);
#7523=CURVE_STYLE('',#6196,POSITIVE_LENGTH_MEASURE(2.E-2),#6);
#7524=PRESENTATION_STYLE_ASSIGNMENT((#7523));
#7525=STYLED_ITEM('',(#7524),#7522);
#7526=DIRECTION('',(-3.668389994860E-13,-1.E0,0.E0));
#7527=VECTOR('',#7526,2.101572813632E0);
#7528=CARTESIAN_POINT('',(1.310627283709E1,3.106282584691E0,-8.451396218034E0));
#7529=LINE('',#7528,#7527);
#7530=CURVE_STYLE('',#6196,POSITIVE_LENGTH_MEASURE(2.E-2),#6);
#7531=PRESENTATION_STYLE_ASSIGNMENT((#7530));
#7532=STYLED_ITEM('',(#7531),#7529);
#7533=CARTESIAN_POINT('',(1.300628258469E1,1.004709771059E0,-8.45E0));
#7534=DIRECTION('',(0.E0,1.E0,0.E0));
#7535=DIRECTION('',(9.999025240093E-1,0.E0,-1.396218034014E-2));
#7536=AXIS2_PLACEMENT_3D('',#7533,#7534,#7535);
#7538=CURVE_STYLE('',#6196,POSITIVE_LENGTH_MEASURE(2.E-2),#6);
#7539=PRESENTATION_STYLE_ASSIGNMENT((#7538));
#7540=STYLED_ITEM('',(#7539),#7537);
#7541=DIRECTION('',(0.E0,1.E0,0.E0));
#7542=VECTOR('',#7541,2.101572813632E0);
#7543=CARTESIAN_POINT('',(1.300628258469E1,1.004709771059E0,-8.55E0));
#7544=LINE('',#7543,#7542);
#7545=CURVE_STYLE('',#6196,POSITIVE_LENGTH_MEASURE(2.E-2),#6);
#7546=PRESENTATION_STYLE_ASSIGNMENT((#7545));
#7547=STYLED_ITEM('',(#7546),#7544);
#7548=CARTESIAN_POINT('',(1.300628258469E1,3.106282584691E0,-8.45E0));
#7549=DIRECTION('',(5.741082253679E-13,1.E0,-8.420544570068E-13));
#7550=DIRECTION('',(9.999025240093E-1,-5.861977570020E-13,-1.396218033992E-2));
#7551=AXIS2_PLACEMENT_3D('',#7548,#7549,#7550);
#7553=CURVE_STYLE('',#6196,POSITIVE_LENGTH_MEASURE(2.E-2),#6);
#7554=PRESENTATION_STYLE_ASSIGNMENT((#7553));
#7555=STYLED_ITEM('',(#7554),#7552);
#7556=CARTESIAN_POINT('',(1.300628258469E1,3.106282584691E0,-8.45E0));
#7557=DIRECTION('',(1.E0,0.E0,0.E0));
#7558=DIRECTION('',(0.E0,-6.661338147746E-13,-1.E0));
#7559=AXIS2_PLACEMENT_3D('',#7556,#7557,#7558);
#7561=CURVE_STYLE('',#6196,POSITIVE_LENGTH_MEASURE(2.E-2),#6);
#7562=PRESENTATION_STYLE_ASSIGNMENT((#7561));
#7563=STYLED_ITEM('',(#7562),#7560);
#7564=CARTESIAN_POINT('',(1.300628258469E1,3.106282584691E0,-8.45E0));
#7565=DIRECTION('',(-1.396081962849E-2,-1.396081962661E-2,-9.998050765177E-1));
#7566=DIRECTION('',(1.776356839400E-14,9.999025240093E-1,-1.396218033870E-2));
#7567=AXIS2_PLACEMENT_3D('',#7564,#7565,#7566);
#7569=CURVE_STYLE('',#6196,POSITIVE_LENGTH_MEASURE(2.E-2),#6);
#7570=PRESENTATION_STYLE_ASSIGNMENT((#7569));
#7571=STYLED_ITEM('',(#7570),#7568);
#7572=DIRECTION('',(-1.E0,0.E0,-1.578187641970E-14));
#7573=VECTOR('',#7572,1.418215146363E1);
#7574=CARTESIAN_POINT('',(1.300628258469E1,3.106282584691E0,-8.55E0));
#7575=LINE('',#7574,#7573);
#7576=CURVE_STYLE('',#6196,POSITIVE_LENGTH_MEASURE(2.E-2),#6);
#7577=PRESENTATION_STYLE_ASSIGNMENT((#7576));
#7578=STYLED_ITEM('',(#7577),#7575);
#7579=DIRECTION('',(1.E0,4.377529901378E-12,4.235935136714E-10));
#7580=VECTOR('',#7579,1.418214946723E1);
#7581=CARTESIAN_POINT('',(-1.175868879036E0,3.206272837244E0,
-8.451396207102E0));
#7582=LINE('',#7581,#7580);
#7583=CURVE_STYLE('',#6196,POSITIVE_LENGTH_MEASURE(2.E-2),#6);
#7584=PRESENTATION_STYLE_ASSIGNMENT((#7583));
#7585=STYLED_ITEM('',(#7584),#7582);
#7586=CARTESIAN_POINT('',(-1.175868878941E0,3.106282584691E0,-8.45E0));
#7587=DIRECTION('',(-1.E0,0.E0,0.E0));
#7588=DIRECTION('',(0.E0,9.999025240093E-1,-1.396218033643E-2));
#7589=AXIS2_PLACEMENT_3D('',#7586,#7587,#7588);
#7591=CURVE_STYLE('',#6196,POSITIVE_LENGTH_MEASURE(2.E-2),#6);
#7592=PRESENTATION_STYLE_ASSIGNMENT((#7591));
#7593=STYLED_ITEM('',(#7592),#7590);
#7594=CARTESIAN_POINT('',(-1.175868878941E0,3.106282584691E0,-8.45E0));
#7595=DIRECTION('',(0.E0,1.E0,0.E0));
#7596=DIRECTION('',(0.E0,0.E0,-1.E0));
#7597=AXIS2_PLACEMENT_3D('',#7594,#7595,#7596);
#7599=CURVE_STYLE('',#6196,POSITIVE_LENGTH_MEASURE(2.E-2),#6);
#7600=PRESENTATION_STYLE_ASSIGNMENT((#7599));
#7601=STYLED_ITEM('',(#7600),#7598);
#7602=CARTESIAN_POINT('',(-1.175868878941E0,3.106282584691E0,-8.45E0));
#7603=DIRECTION('',(8.725684937077E-3,-1.396164880303E-2,-9.998644582068E-1));
#7604=DIRECTION('',(-9.999619230642E-1,-3.108624468950E-14,-8.726535500010E-3));
#7605=AXIS2_PLACEMENT_3D('',#7602,#7603,#7604);
#7607=CURVE_STYLE('',#6196,POSITIVE_LENGTH_MEASURE(2.E-2),#6);
#7608=PRESENTATION_STYLE_ASSIGNMENT((#7607));
#7609=STYLED_ITEM('',(#7608),#7606);
#7610=DIRECTION('',(1.E0,-6.266168298314E-11,-5.921711907111E-13));
#7611=VECTOR('',#7610,5.834485207706E-1);
#7612=CARTESIAN_POINT('',(1.263090301686E1,7.746756331386E-1,6.45E0));
#7613=LINE('',#7612,#7611);
#7614=CURVE_STYLE('',#6196,POSITIVE_LENGTH_MEASURE(2.E-2),#6);
#7615=PRESENTATION_STYLE_ASSIGNMENT((#7614));
#7616=STYLED_ITEM('',(#7615),#7613);
#7617=CARTESIAN_POINT('',(1.321435153763E1,7.746756331020E-1,6.45E0));
#7618=CARTESIAN_POINT('',(1.322827818315E1,7.746756331223E-1,6.45E0));
#7619=CARTESIAN_POINT('',(1.325375722665E1,7.800980288024E-1,6.45E0));
#7620=CARTESIAN_POINT('',(1.328691739946E1,8.021031273404E-1,6.45E0));
#7621=CARTESIAN_POINT('',(1.330892398027E1,8.352618599769E-1,6.45E0));
#7622=CARTESIAN_POINT('',(1.331434910083E1,8.607406108424E-1,6.45E0));
#7623=CARTESIAN_POINT('',(1.331434910083E1,8.746672563679E-1,6.45E0));
#7625=CURVE_STYLE('',#6196,POSITIVE_LENGTH_MEASURE(2.E-2),#6);
#7626=PRESENTATION_STYLE_ASSIGNMENT((#7625));
#7627=STYLED_ITEM('',(#7626),#7624);
#7628=DIRECTION('',(4.012333330398E-12,-1.E0,0.E0));
#7629=VECTOR('',#7628,2.381855895065E-1);
#7630=CARTESIAN_POINT('',(1.331434910083E1,8.746672563679E-1,6.45E0));
#7631=LINE('',#7630,#7629);
#7632=CURVE_STYLE('',#6196,POSITIVE_LENGTH_MEASURE(2.E-2),#6);
#7633=PRESENTATION_STYLE_ASSIGNMENT((#7632));
#7634=STYLED_ITEM('',(#7633),#7631);
#7635=CARTESIAN_POINT('',(1.331434910083E1,6.364816668614E-1,6.45E0));
#7636=CARTESIAN_POINT('',(1.331085844586E1,5.343028861691E-1,6.200016499631E0));
#7637=CARTESIAN_POINT('',(1.330736779089E1,4.321241054566E-1,5.950032999190E0));
#7638=CARTESIAN_POINT('',(1.330387713592E1,3.299453247644E-1,5.700049498821E0));
#7640=CURVE_STYLE('',#6196,POSITIVE_LENGTH_MEASURE(2.E-2),#6);
#7641=PRESENTATION_STYLE_ASSIGNMENT((#7640));
#7642=STYLED_ITEM('',(#7641),#7639);
#7643=CARTESIAN_POINT('',(1.330387713592E1,3.299453247644E-1,5.700049498821E0));
#7644=CARTESIAN_POINT('',(1.330405700941E1,3.352105983343E-1,5.712931151044E0));
#7645=CARTESIAN_POINT('',(1.330360720233E1,3.452657472047E-1,5.737531379172E0));
#7646=CARTESIAN_POINT('',(1.330107807114E1,3.588594982158E-1,5.770788905210E0));
#7647=CARTESIAN_POINT('',(1.329707790984E1,3.711439843823E-1,5.800843274931E0));
#7648=CARTESIAN_POINT('',(1.329186606232E1,3.822098661812E-1,5.827916291930E0));
#7649=CARTESIAN_POINT('',(1.328562070941E1,3.921425597655E-1,5.852216929435E0));
#7650=CARTESIAN_POINT('',(1.327845854323E1,4.010049870339E-1,5.873899127787E0));
#7651=CARTESIAN_POINT('',(1.327044753885E1,4.088398149408E-1,5.893067272990E0));
#7652=CARTESIAN_POINT('',(1.326161935905E1,4.156625244856E-1,5.909759239780E0));
#7653=CARTESIAN_POINT('',(1.325196538696E1,4.214590197874E-1,5.923940542158E0));
#7654=CARTESIAN_POINT('',(1.324152021186E1,4.261474965188E-1,5.935411043334E0));
#7655=CARTESIAN_POINT('',(1.323023876705E1,4.296483550633E-1,5.943976000456E0));
#7656=CARTESIAN_POINT('',(1.321838808834E1,4.317281307111E-1,5.949064234870E0));
#7657=CARTESIAN_POINT('',(1.321100690041E1,4.321183990610E-1,5.950019038479E0));
#7658=CARTESIAN_POINT('',(1.320737003275E1,4.321183990563E-1,5.950019038467E0));
#7660=CURVE_STYLE('',#6196,POSITIVE_LENGTH_MEASURE(2.E-2),#6);
#7661=PRESENTATION_STYLE_ASSIGNMENT((#7660));
#7662=STYLED_ITEM('',(#7661),#7659);
#7663=DIRECTION('',(-1.E0,9.621956852952E-11,1.154510578666E-12));
#7664=VECTOR('',#7663,5.808302836414E-1);
#7665=CARTESIAN_POINT('',(1.320737003275E1,4.321183990563E-1,5.950019038467E0));
#7666=LINE('',#7665,#7664);
#7667=CURVE_STYLE('',#6196,POSITIVE_LENGTH_MEASURE(2.E-2),#6);
#7668=PRESENTATION_STYLE_ASSIGNMENT((#7667));
#7669=STYLED_ITEM('',(#7668),#7666);
#7670=DIRECTION('',(1.E0,0.E0,-4.418500153558E-14));
#7671=VECTOR('',#7670,6.834460839724E-1);
#7672=CARTESIAN_POINT('',(1.263090301686E1,6.364816668614E-1,6.45E0));
#7673=LINE('',#7672,#7671);
#7674=CURVE_STYLE('',#6196,POSITIVE_LENGTH_MEASURE(2.E-2),#6);
#7675=PRESENTATION_STYLE_ASSIGNMENT((#7674));
#7676=STYLED_ITEM('',(#7675),#7673);
#7677=DIRECTION('',(0.E0,1.E0,0.E0));
#7678=VECTOR('',#7677,5.982698575059E-1);
#7679=CARTESIAN_POINT('',(1.250086507125E1,3.064437212469E-1,
-8.450872653550E0));
#7680=LINE('',#7679,#7678);
#7681=CURVE_STYLE('',#6196,POSITIVE_LENGTH_MEASURE(2.E-2),#6);
#7682=PRESENTATION_STYLE_ASSIGNMENT((#7681));
#7683=STYLED_ITEM('',(#7682),#7680);
#7684=CARTESIAN_POINT('',(1.250086507125E1,9.047135787529E-1,
-8.450872653550E0));
#7685=CARTESIAN_POINT('',(1.254421105312E1,8.613675968814E-1,
-3.483915102367E0));
#7686=CARTESIAN_POINT('',(1.258755703499E1,8.180216150101E-1,1.483042448817E0));
#7687=CARTESIAN_POINT('',(1.263090301686E1,7.746756331386E-1,6.45E0));
#7689=CURVE_STYLE('',#6196,POSITIVE_LENGTH_MEASURE(2.E-2),#6);
#7690=PRESENTATION_STYLE_ASSIGNMENT((#7689));
#7691=STYLED_ITEM('',(#7690),#7688);
#7692=DIRECTION('',(0.E0,-1.E0,1.156867552562E-13));
#7693=VECTOR('',#7692,1.381939662772E-1);
#7694=CARTESIAN_POINT('',(1.263090301686E1,7.746756331386E-1,6.45E0));
#7695=LINE('',#7694,#7693);
#7696=CURVE_STYLE('',#6196,POSITIVE_LENGTH_MEASURE(2.E-2),#6);
#7697=PRESENTATION_STYLE_ASSIGNMENT((#7696));
#7698=STYLED_ITEM('',(#7697),#7695);
#7699=CARTESIAN_POINT('',(1.263090301686E1,6.364816668614E-1,6.45E0));
#7700=CARTESIAN_POINT('',(1.262944859428E1,5.683605776117E-1,6.283339679489E0));
#7701=CARTESIAN_POINT('',(1.262799417169E1,5.002394883619E-1,6.116679358979E0));
#7702=CARTESIAN_POINT('',(1.262653974911E1,4.321183991122E-1,5.950019038468E0));
#7704=CURVE_STYLE('',#6196,POSITIVE_LENGTH_MEASURE(2.E-2),#6);
#7705=PRESENTATION_STYLE_ASSIGNMENT((#7704));
#7706=STYLED_ITEM('',(#7705),#7703);
#7707=CARTESIAN_POINT('',(1.262653974911E1,4.321183991122E-1,5.950019038468E0));
#7708=CARTESIAN_POINT('',(1.258464818982E1,3.902268398238E-1,1.149721807795E0));
#7709=CARTESIAN_POINT('',(1.254275663054E1,3.483352805354E-1,
-3.650575422877E0));
#7710=CARTESIAN_POINT('',(1.250086507125E1,3.064437212469E-1,
-8.450872653550E0));
#7712=CURVE_STYLE('',#6196,POSITIVE_LENGTH_MEASURE(2.E-2),#6);
#7713=PRESENTATION_STYLE_ASSIGNMENT((#7712));
#7714=STYLED_ITEM('',(#7713),#7711);
#7715=CARTESIAN_POINT('',(1.300628258469E1,-1.295290228941E0,-8.45E0));
#7716=DIRECTION('',(1.E0,0.E0,0.E0));
#7717=DIRECTION('',(0.E0,-9.999619230642E-1,-8.726535496226E-3));
#7718=AXIS2_PLACEMENT_3D('',#7715,#7716,#7717);
#7720=CURVE_STYLE('',#6196,POSITIVE_LENGTH_MEASURE(2.E-2),#6);
#7721=PRESENTATION_STYLE_ASSIGNMENT((#7720));
#7722=STYLED_ITEM('',(#7721),#7719);
#7723=CARTESIAN_POINT('',(1.300628258469E1,-1.295290228941E0,-8.45E0));
#7724=DIRECTION('',(-5.953528715697E-13,-1.E0,9.457368930071E-13));
#7725=DIRECTION('',(0.E0,-9.459100169806E-13,-1.E0));
#7726=AXIS2_PLACEMENT_3D('',#7723,#7724,#7725);
#7728=CURVE_STYLE('',#6196,POSITIVE_LENGTH_MEASURE(2.E-2),#6);
#7729=PRESENTATION_STYLE_ASSIGNMENT((#7728));
#7730=STYLED_ITEM('',(#7729),#7727);
#7731=CARTESIAN_POINT('',(1.250086507125E1,-1.395286421247E0,
-8.450872653550E0));
#7732=CARTESIAN_POINT('',(1.250077989158E1,-1.395201241583E0,
-8.460633276277E0));
#7733=CARTESIAN_POINT('',(1.249784890179E1,-1.392271203773E0,
-8.480621181829E0));
#7734=CARTESIAN_POINT('',(1.248276405186E1,-1.377206917492E0,
-8.510483066947E0));
#7735=CARTESIAN_POINT('',(1.246029794022E1,-1.354699948696E0,
-8.531972129532E0));
#7736=CARTESIAN_POINT('',(1.243699862999E1,-1.331434861733E0,
-8.544823372950E0));
#7737=CARTESIAN_POINT('',(1.241366269295E1,-1.308084042947E0,-8.55E0));
#7738=CARTESIAN_POINT('',(1.240086887894E1,-1.295290228941E0,-8.55E0));
#7740=CURVE_STYLE('',#6196,POSITIVE_LENGTH_MEASURE(2.E-2),#6);
#7741=PRESENTATION_STYLE_ASSIGNMENT((#7740));
#7742=STYLED_ITEM('',(#7741),#7739);
#7743=DIRECTION('',(1.E0,-3.080826653998E-14,3.696991984798E-13));
#7744=VECTOR('',#7743,6.054137057500E-1);
#7745=CARTESIAN_POINT('',(1.240086887894E1,-1.295290228941E0,-8.55E0));
#7746=LINE('',#7745,#7744);
#7747=CURVE_STYLE('',#6196,POSITIVE_LENGTH_MEASURE(2.E-2),#6);
#7748=PRESENTATION_STYLE_ASSIGNMENT((#7747));
#7749=STYLED_ITEM('',(#7748),#7746);
#7750=DIRECTION('',(1.396164880696E-2,-8.725684935007E-3,9.998644582067E-1));
#7751=VECTOR('',#7750,1.440284387930E1);
#7752=CARTESIAN_POINT('',(1.300628258468E1,-1.395286421296E0,
-8.450872653550E0));
#7753=LINE('',#7752,#7751);
#7754=CURVE_STYLE('',#6196,POSITIVE_LENGTH_MEASURE(2.E-2),#6);
#7755=PRESENTATION_STYLE_ASSIGNMENT((#7754));
#7756=STYLED_ITEM('',(#7755),#7753);
#7757=DIRECTION('',(1.E0,-9.655793912183E-11,-2.635974405583E-13));
#7758=VECTOR('',#7757,5.054175134359E-1);
#7759=CARTESIAN_POINT('',(1.250086507125E1,-1.395286421247E0,
-8.450872653550E0));
#7760=LINE('',#7759,#7758);
#7761=CURVE_STYLE('',#6196,POSITIVE_LENGTH_MEASURE(2.E-2),#6);
#7762=PRESENTATION_STYLE_ASSIGNMENT((#7761));
#7763=STYLED_ITEM('',(#7762),#7760);
#7764=CARTESIAN_POINT('',(1.300628258451E1,-1.295290228960E0,
-8.449999999997E0));
#7765=DIRECTION('',(1.396164880995E-2,-8.725684934971E-3,9.998644582067E-1));
#7766=DIRECTION('',(1.477253872188E-9,-9.999619230640E-1,-8.726535518524E-3));
#7767=AXIS2_PLACEMENT_3D('',#7764,#7765,#7766);
#7769=CURVE_STYLE('',#6196,POSITIVE_LENGTH_MEASURE(2.E-2),#6);
#7770=PRESENTATION_STYLE_ASSIGNMENT((#7769));
#7771=STYLED_ITEM('',(#7770),#7768);
#7772=DIRECTION('',(1.E0,-7.388905932335E-11,-3.491056491537E-12));
#7773=VECTOR('',#7772,5.808302836378E-1);
#7774=CARTESIAN_POINT('',(1.262653974911E1,-1.520961099112E0,5.950019038468E0));
#7775=LINE('',#7774,#7773);
#7776=CURVE_STYLE('',#6196,POSITIVE_LENGTH_MEASURE(2.E-2),#6);
#7777=PRESENTATION_STYLE_ASSIGNMENT((#7776));
#7778=STYLED_ITEM('',(#7777),#7775);
#7779=CARTESIAN_POINT('',(1.320737003275E1,-1.520961099155E0,5.950019038466E0));
#7780=CARTESIAN_POINT('',(1.321100596833E1,-1.520961099149E0,5.950019038453E0));
#7781=CARTESIAN_POINT('',(1.321838585242E1,-1.520570915623E0,5.949064442722E0));
#7782=CARTESIAN_POINT('',(1.323023302448E1,-1.518492484651E0,5.943979497957E0));
#7783=CARTESIAN_POINT('',(1.324151913919E1,-1.514990752678E0,5.935412404002E0));
#7784=CARTESIAN_POINT('',(1.325196462193E1,-1.510302136693E0,5.923941562128E0));
#7785=CARTESIAN_POINT('',(1.326162052030E1,-1.504504551878E0,5.909757594225E0));
#7786=CARTESIAN_POINT('',(1.327044981893E1,-1.497680583164E0,5.893062546838E0));
#7787=CARTESIAN_POINT('',(1.327846118601E1,-1.489844837904E0,5.873892157303E0));
#7788=CARTESIAN_POINT('',(1.328562354940E1,-1.480981320661E0,5.852207292296E0));
#7789=CARTESIAN_POINT('',(1.329186842261E1,-1.471048233107E0,5.827905690934E0));
#7790=CARTESIAN_POINT('',(1.329707958616E1,-1.459982372993E0,5.800832726987E0));
#7791=CARTESIAN_POINT('',(1.330107892145E1,-1.447698642266E0,5.770780205471E0));
#7792=CARTESIAN_POINT('',(1.330360738815E1,-1.434106113180E0,5.737525668906E0));
#7793=CARTESIAN_POINT('',(1.330405697977E1,-1.424052430825E0,5.712929028664E0));
#7794=CARTESIAN_POINT('',(1.330387713592E1,-1.418788024767E0,5.700049498835E0));
#7796=CURVE_STYLE('',#6196,POSITIVE_LENGTH_MEASURE(2.E-2),#6);
#7797=PRESENTATION_STYLE_ASSIGNMENT((#7796));
#7798=STYLED_ITEM('',(#7797),#7795);
#7799=CARTESIAN_POINT('',(1.330387713592E1,-1.418788024767E0,5.700049498835E0));
#7800=CARTESIAN_POINT('',(1.330736779089E1,-1.520966805458E0,5.950032999200E0));
#7801=CARTESIAN_POINT('',(1.331085844586E1,-1.623145586170E0,6.200016499635E0));
#7802=CARTESIAN_POINT('',(1.331434910083E1,-1.725324366861E0,6.45E0));
#7804=CURVE_STYLE('',#6196,POSITIVE_LENGTH_MEASURE(2.E-2),#6);
#7805=PRESENTATION_STYLE_ASSIGNMENT((#7804));
#7806=STYLED_ITEM('',(#7805),#7803);
#7807=DIRECTION('',(-6.756828991276E-12,-1.E0,3.728934321896E-13));
#7808=VECTOR('',#7807,2.381855895087E-1);
#7809=CARTESIAN_POINT('',(1.331434910083E1,-1.725324366861E0,6.45E0));
#7810=LINE('',#7809,#7808);
#7811=CURVE_STYLE('',#6196,POSITIVE_LENGTH_MEASURE(2.E-2),#6);
#7812=PRESENTATION_STYLE_ASSIGNMENT((#7811));
#7813=STYLED_ITEM('',(#7812),#7810);
#7814=DIRECTION('',(1.E0,0.E0,-4.418500153558E-14));
#7815=VECTOR('',#7814,6.834460839724E-1);
#7816=CARTESIAN_POINT('',(1.263090301686E1,-1.725324366861E0,6.45E0));
#7817=LINE('',#7816,#7815);
#7818=CURVE_STYLE('',#6196,POSITIVE_LENGTH_MEASURE(2.E-2),#6);
#7819=PRESENTATION_STYLE_ASSIGNMENT((#7818));
#7820=STYLED_ITEM('',(#7819),#7817);
#7821=CARTESIAN_POINT('',(1.321435153763E1,-1.863518333201E0,6.450000000001E0));
#7822=CARTESIAN_POINT('',(1.322744276907E1,-1.863518333184E0,6.450000000001E0));
#7823=CARTESIAN_POINT('',(1.325361750934E1,-1.868725374127E0,6.449999849800E0));
#7824=CARTESIAN_POINT('',(1.328690346615E1,-1.890964735612E0,6.450000006036E0));
#7825=CARTESIAN_POINT('',(1.330914278971E1,-1.924249237076E0,6.449999917441E0));
#7826=CARTESIAN_POINT('',(1.331434910083E1,-1.950420798940E0,6.45E0));
#7827=CARTESIAN_POINT('',(1.331434910083E1,-1.963509956370E0,6.45E0));
#7829=CURVE_STYLE('',#6196,POSITIVE_LENGTH_MEASURE(2.E-2),#6);
#7830=PRESENTATION_STYLE_ASSIGNMENT((#7829));
#7831=STYLED_ITEM('',(#7830),#7828);
#7832=CARTESIAN_POINT('',(1.300628258479E1,-2.093552471071E0,
-8.450000000001E0));
#7833=DIRECTION('',(-1.396164880995E-2,-8.725684934971E-3,-9.998644582067E-1));
#7834=DIRECTION('',(-9.736922389659E-10,9.999619230643E-1,-8.726535484310E-3));
#7835=AXIS2_PLACEMENT_3D('',#7832,#7833,#7834);
#7837=CURVE_STYLE('',#6196,POSITIVE_LENGTH_MEASURE(2.E-2),#6);
#7838=PRESENTATION_STYLE_ASSIGNMENT((#7837));
#7839=STYLED_ITEM('',(#7838),#7836);
#7840=DIRECTION('',(0.E0,1.E0,1.227819505753E-14));
#7841=VECTOR('',#7840,1.012730113631E0);
#7842=CARTESIAN_POINT('',(1.300628258469E1,-3.106282584691E0,-8.55E0));
#7843=LINE('',#7842,#7841);
#7844=CURVE_STYLE('',#6196,POSITIVE_LENGTH_MEASURE(2.E-2),#6);
#7845=PRESENTATION_STYLE_ASSIGNMENT((#7844));
#7846=STYLED_ITEM('',(#7845),#7843);
#7847=CARTESIAN_POINT('',(1.300628258469E1,-2.093552471060E0,-8.45E0));
#7848=DIRECTION('',(0.E0,-1.E0,0.E0));
#7849=DIRECTION('',(0.E0,0.E0,-1.E0));
#7850=AXIS2_PLACEMENT_3D('',#7847,#7848,#7849);
#7852=CURVE_STYLE('',#6196,POSITIVE_LENGTH_MEASURE(2.E-2),#6);
#7853=PRESENTATION_STYLE_ASSIGNMENT((#7852));
#7854=STYLED_ITEM('',(#7853),#7851);
#7855=DIRECTION('',(9.015703227960E-13,-1.E0,-1.578625078826E-14));
#7856=VECTOR('',#7855,1.012730113631E0);
#7857=CARTESIAN_POINT('',(1.310627283709E1,-2.093552471060E0,
-8.451396218034E0));
#7858=LINE('',#7857,#7856);
#7859=CURVE_STYLE('',#6196,POSITIVE_LENGTH_MEASURE(2.E-2),#6);
#7860=PRESENTATION_STYLE_ASSIGNMENT((#7859));
#7861=STYLED_ITEM('',(#7860),#7858);
#7862=CARTESIAN_POINT('',(1.300628258469E1,-3.106282584691E0,-8.45E0));
#7863=DIRECTION('',(-5.797101142521E-13,-1.E0,8.409432473850E-13));
#7864=DIRECTION('',(0.E0,-8.393286066167E-13,-1.E0));
#7865=AXIS2_PLACEMENT_3D('',#7862,#7863,#7864);
#7867=CURVE_STYLE('',#6196,POSITIVE_LENGTH_MEASURE(2.E-2),#6);
#7868=PRESENTATION_STYLE_ASSIGNMENT((#7867));
#7869=STYLED_ITEM('',(#7868),#7866);
#7870=CARTESIAN_POINT('',(1.300628258469E1,-3.106282584691E0,-8.45E0));
#7871=DIRECTION('',(1.E0,0.E0,0.E0));
#7872=DIRECTION('',(0.E0,-9.999025240093E-1,-1.396218033712E-2));
#7873=AXIS2_PLACEMENT_3D('',#7870,#7871,#7872);
#7875=CURVE_STYLE('',#6196,POSITIVE_LENGTH_MEASURE(2.E-2),#6);
#7876=PRESENTATION_STYLE_ASSIGNMENT((#7875));
#7877=STYLED_ITEM('',(#7876),#7874);
#7878=CARTESIAN_POINT('',(1.300628258457E1,-3.106282584694E0,
-8.449999999998E0));
#7879=DIRECTION('',(1.396081962997E-2,-1.396081962697E-2,9.998050765177E-1));
#7880=DIRECTION('',(-1.721795941114E-5,-9.999025272176E-1,-1.396193996016E-2));
#7881=AXIS2_PLACEMENT_3D('',#7878,#7879,#7880);
#7883=CURVE_STYLE('',#6196,POSITIVE_LENGTH_MEASURE(2.E-2),#6);
#7884=PRESENTATION_STYLE_ASSIGNMENT((#7883));
#7885=STYLED_ITEM('',(#7884),#7882);
#7886=CARTESIAN_POINT('',(1.334299236410E1,-3.342925908407E0,8.499999745754E0));
#7887=CARTESIAN_POINT('',(1.334299236410E1,-3.356038235871E0,8.499999745754E0));
#7888=CARTESIAN_POINT('',(1.333774224542E1,-3.382323437578E0,8.500000047497E0));
#7889=CARTESIAN_POINT('',(1.331549399265E1,-3.415553597347E0,8.499999909031E0));
#7890=CARTESIAN_POINT('',(1.328225148291E1,-3.437761311271E0,8.499999821615E0));
#7891=CARTESIAN_POINT('',(1.325608553022E1,-3.442974586666E0,8.500000016896E0));
#7892=CARTESIAN_POINT('',(1.324298833300E1,-3.442974361137E0,8.500000016896E0));
#7894=CURVE_STYLE('',#6196,POSITIVE_LENGTH_MEASURE(2.E-2),#6);
#7895=PRESENTATION_STYLE_ASSIGNMENT((#7894));
#7896=STYLED_ITEM('',(#7895),#7893);
#7897=DIRECTION('',(1.396118649278E-2,-1.396081955971E-2,9.998050713959E-1));
#7898=VECTOR('',#7897,1.695470117422E1);
#7899=CARTESIAN_POINT('',(1.300628058798E1,-3.206272837355E0,
-8.451396201092E0));
#7900=LINE('',#7899,#7898);
#7901=CURVE_STYLE('',#6196,POSITIVE_LENGTH_MEASURE(2.E-2),#6);
#7902=PRESENTATION_STYLE_ASSIGNMENT((#7901));
#7903=STYLED_ITEM('',(#7902),#7900);
#7904=DIRECTION('',(-1.E0,2.197225619491E-12,2.806882163884E-11));
#7905=VECTOR('',#7904,2.648597849423E1);
#7906=CARTESIAN_POINT('',(1.324298833300E1,-3.442974361137E0,8.500000016896E0));
#7907=LINE('',#7906,#7905);
#7908=CURVE_STYLE('',#6196,POSITIVE_LENGTH_MEASURE(2.E-2),#6);
#7909=PRESENTATION_STYLE_ASSIGNMENT((#7908));
#7910=STYLED_ITEM('',(#7909),#7907);
#7911=DIRECTION('',(1.396114002707E-2,1.396081956767E-2,-9.998050720446E-1));
#7912=VECTOR('',#7911,1.695470118879E1);
#7913=CARTESIAN_POINT('',(-1.324299016123E1,-3.442974361079E0,
8.500000017640E0));
#7914=LINE('',#7913,#7912);
#7915=CURVE_STYLE('',#6196,POSITIVE_LENGTH_MEASURE(2.E-2),#6);
#7916=PRESENTATION_STYLE_ASSIGNMENT((#7915));
#7917=STYLED_ITEM('',(#7916),#7914);
#7918=DIRECTION('',(3.490311164491E-3,-1.396209529327E-2,9.998964334485E-1));
#7919=VECTOR('',#7918,1.490293966486E1);
#7920=CARTESIAN_POINT('',(-1.824651541973E0,-3.206272837088E0,
-8.451396218795E0));
#7921=LINE('',#7920,#7919);
#7922=CURVE_STYLE('',#6196,POSITIVE_LENGTH_MEASURE(2.E-2),#6);
#7923=PRESENTATION_STYLE_ASSIGNMENT((#7922));
#7924=STYLED_ITEM('',(#7923),#7921);
#7925=DIRECTION('',(3.490311164489E-3,1.396209529302E-2,-9.998964334485E-1));
#7926=VECTOR('',#7925,1.490293965317E1);
#7927=CARTESIAN_POINT('',(-1.227364354723E0,-3.414349100824E0,6.45E0));
#7928=LINE('',#7927,#7926);
#7929=CURVE_STYLE('',#6196,POSITIVE_LENGTH_MEASURE(2.E-2),#6);
#7930=PRESENTATION_STYLE_ASSIGNMENT((#7929));
#7931=STYLED_ITEM('',(#7930),#7928);
#7932=DIRECTION('',(-1.E0,1.161532898244E-11,-6.368209163329E-10));
#7933=VECTOR('',#7932,1.118163166184E1);
#7934=CARTESIAN_POINT('',(-1.824651541973E0,-3.206272837088E0,
-8.451396218795E0));
#7935=LINE('',#7934,#7933);
#7936=CURVE_STYLE('',#6196,POSITIVE_LENGTH_MEASURE(2.E-2),#6);
#7937=PRESENTATION_STYLE_ASSIGNMENT((#7936));
#7938=STYLED_ITEM('',(#7937),#7935);
#7939=CARTESIAN_POINT('',(-1.300628258469E1,-3.106282584691E0,-8.45E0));
#7940=DIRECTION('',(1.E0,0.E0,0.E0));
#7941=DIRECTION('',(0.E0,-9.999025240093E-1,-1.396218033998E-2));
#7942=AXIS2_PLACEMENT_3D('',#7939,#7940,#7941);
#7944=CURVE_STYLE('',#6196,POSITIVE_LENGTH_MEASURE(2.E-2),#6);
#7945=PRESENTATION_STYLE_ASSIGNMENT((#7944));
#7946=STYLED_ITEM('',(#7945),#7943);
#7947=DIRECTION('',(1.E0,0.E0,-2.065229913595E-14));
#7948=VECTOR('',#7947,1.118163104272E1);
#7949=CARTESIAN_POINT('',(-1.300628258469E1,-3.106282584691E0,-8.55E0));
#7950=LINE('',#7949,#7948);
#7951=CURVE_STYLE('',#6196,POSITIVE_LENGTH_MEASURE(2.E-2),#6);
#7952=PRESENTATION_STYLE_ASSIGNMENT((#7951));
#7953=STYLED_ITEM('',(#7952),#7950);
#7954=CARTESIAN_POINT('',(-1.824651541970E0,-3.106282584691E0,-8.45E0));
#7955=DIRECTION('',(1.E0,0.E0,0.E0));
#7956=DIRECTION('',(0.E0,-9.999025240093E-1,-1.396218033928E-2));
#7957=AXIS2_PLACEMENT_3D('',#7954,#7955,#7956);
#7959=CURVE_STYLE('',#6196,POSITIVE_LENGTH_MEASURE(2.E-2),#6);
#7960=PRESENTATION_STYLE_ASSIGNMENT((#7959));
#7961=STYLED_ITEM('',(#7960),#7958);
#7962=CARTESIAN_POINT('',(-1.824651541983E0,-3.106282584705E0,-8.45E0));
#7963=DIRECTION('',(-3.490311164995E-3,1.396209529298E-2,-9.998964334485E-1));
#7964=DIRECTION('',(9.999939076578E-1,1.416999850595E-10,-3.490651413571E-3));
#7965=AXIS2_PLACEMENT_3D('',#7962,#7963,#7964);
#7967=CURVE_STYLE('',#6196,POSITIVE_LENGTH_MEASURE(2.E-2),#6);
#7968=PRESENTATION_STYLE_ASSIGNMENT((#7967));
#7969=STYLED_ITEM('',(#7968),#7966);
#7970=DIRECTION('',(0.E0,1.E0,2.207882340411E-14));
#7971=VECTOR('',#7970,8.045523110030E-1);
#7972=CARTESIAN_POINT('',(-1.824651541970E0,-3.106282584691E0,-8.55E0));
#7973=LINE('',#7972,#7971);
#7974=CURVE_STYLE('',#6196,POSITIVE_LENGTH_MEASURE(2.E-2),#6);
#7975=PRESENTATION_STYLE_ASSIGNMENT((#7974));
#7976=STYLED_ITEM('',(#7975),#7973);
#7977=CARTESIAN_POINT('',(-1.824651541970E0,-3.106282584691E0,-8.45E0));
#7978=DIRECTION('',(0.E0,1.E0,0.E0));
#7979=DIRECTION('',(9.999895053882E-1,0.E0,-4.581387725526E-3));
#7980=AXIS2_PLACEMENT_3D('',#7977,#7978,#7979);
#7982=CURVE_STYLE('',#6196,POSITIVE_LENGTH_MEASURE(2.E-2),#6);
#7983=PRESENTATION_STYLE_ASSIGNMENT((#7982));
#7984=STYLED_ITEM('',(#7983),#7981);
#7985=DIRECTION('',(1.E0,0.E0,0.E0));
#7986=VECTOR('',#7985,6.493030839400E-1);
#7987=CARTESIAN_POINT('',(-1.824651541970E0,-2.301730273688E0,-8.55E0));
#7988=LINE('',#7987,#7986);
#7989=CURVE_STYLE('',#6196,POSITIVE_LENGTH_MEASURE(2.E-2),#6);
#7990=PRESENTATION_STYLE_ASSIGNMENT((#7989));
#7991=STYLED_ITEM('',(#7990),#7988);
#7992=CARTESIAN_POINT('',(-1.724654621787E0,-2.401729402892E0,
-8.450839890591E0));
#7993=CARTESIAN_POINT('',(-1.724743299337E0,-2.401640726963E0,
-8.460753996402E0));
#7994=CARTESIAN_POINT('',(-1.727829762467E0,-2.398549625161E0,
-8.480911204800E0));
#7995=CARTESIAN_POINT('',(-1.742285442401E0,-2.384106152513E0,
-8.509620485945E0));
#7996=CARTESIAN_POINT('',(-1.764262809146E0,-2.362116777740E0,
-8.531482881309E0));
#7997=CARTESIAN_POINT('',(-1.789938309234E0,-2.336415147932E0,
-8.545489759384E0));
#7998=CARTESIAN_POINT('',(-1.812529153219E0,-2.313852662439E0,-8.55E0));
#7999=CARTESIAN_POINT('',(-1.824651541970E0,-2.301730273688E0,-8.55E0));
#8001=CURVE_STYLE('',#6196,POSITIVE_LENGTH_MEASURE(2.E-2),#6);
#8002=PRESENTATION_STYLE_ASSIGNMENT((#8001));
#8003=STYLED_ITEM('',(#8002),#8000);
#8004=CARTESIAN_POINT('',(-1.275345378213E0,-2.401729402892E0,
-8.450839890591E0));
#8005=CARTESIAN_POINT('',(-1.275256671121E0,-2.401640697421E0,
-8.460757299211E0));
#8006=CARTESIAN_POINT('',(-1.272164856580E0,-2.398543727013E0,
-8.480919403393E0));
#8007=CARTESIAN_POINT('',(-1.257727416728E0,-2.384108227890E0,
-8.509619793409E0));
#8008=CARTESIAN_POINT('',(-1.235713958803E0,-2.362087713494E0,
-8.531493593886E0));
#8009=CARTESIAN_POINT('',(-1.210092646419E0,-2.336506261927E0,
-8.545463717451E0));
#8010=CARTESIAN_POINT('',(-1.187498048505E0,-2.313879864163E0,-8.55E0));
#8011=CARTESIAN_POINT('',(-1.175348458030E0,-2.301730273688E0,-8.55E0));
#8013=CURVE_STYLE('',#6196,POSITIVE_LENGTH_MEASURE(2.E-2),#6);
#8014=PRESENTATION_STYLE_ASSIGNMENT((#8013));
#8015=STYLED_ITEM('',(#8014),#8012);
#8016=DIRECTION('',(-1.931897047859E-14,-1.E0,-2.649458808493E-14));
#8017=VECTOR('',#8016,8.045523110030E-1);
#8018=CARTESIAN_POINT('',(-1.175348458030E0,-2.301730273688E0,-8.55E0));
#8019=LINE('',#8018,#8017);
#8020=CURVE_STYLE('',#6196,POSITIVE_LENGTH_MEASURE(2.E-2),#6);
#8021=PRESENTATION_STYLE_ASSIGNMENT((#8020));
#8022=STYLED_ITEM('',(#8021),#8019);
#8023=DIRECTION('',(-3.490312164158E-3,-1.396206409765E-2,9.998964338806E-1));
#8024=VECTOR('',#8023,1.490200148128E1);
#8025=CARTESIAN_POINT('',(-1.275347453184E0,-3.106281526603E0,
-8.450458138812E0));
#8026=LINE('',#8025,#8024);
#8027=CURVE_STYLE('',#6196,POSITIVE_LENGTH_MEASURE(2.E-2),#6);
#8028=PRESENTATION_STYLE_ASSIGNMENT((#8027));
#8029=STYLED_ITEM('',(#8028),#8026);
#8030=CARTESIAN_POINT('',(-1.327360090224E0,-3.261825973923E0,6.45E0));
#8031=CARTESIAN_POINT('',(-1.326196709879E0,-3.056008505111E0,
6.116717434948E0));
#8032=CARTESIAN_POINT('',(-1.325033329534E0,-2.850191036299E0,
5.783434869896E0));
#8033=CARTESIAN_POINT('',(-1.323869949189E0,-2.644373567486E0,
5.450152304844E0));
#8035=CURVE_STYLE('',#6196,POSITIVE_LENGTH_MEASURE(2.E-2),#6);
#8036=PRESENTATION_STYLE_ASSIGNMENT((#8035));
#8037=STYLED_ITEM('',(#8036),#8034);
#8038=DIRECTION('',(-2.945091945596E-6,-9.999998532025E-1,5.418360272817E-4));
#8039=VECTOR('',#8038,7.045522271375E-1);
#8040=CARTESIAN_POINT('',(-1.275345378213E0,-2.401729402892E0,
-8.450839890591E0));
#8041=LINE('',#8040,#8039);
#8042=CURVE_STYLE('',#6196,POSITIVE_LENGTH_MEASURE(2.E-2),#6);
#8043=PRESENTATION_STYLE_ASSIGNMENT((#8042));
#8044=STYLED_ITEM('',(#8043),#8041);
#8045=CARTESIAN_POINT('',(-1.175348458030E0,-3.106282584691E0,-8.45E0));
#8046=DIRECTION('',(0.E0,-1.E0,0.E0));
#8047=DIRECTION('',(-9.999939076421E-1,0.E0,-3.490655907434E-3));
#8048=AXIS2_PLACEMENT_3D('',#8045,#8046,#8047);
#8050=CURVE_STYLE('',#6196,POSITIVE_LENGTH_MEASURE(2.E-2),#6);
#8051=PRESENTATION_STYLE_ASSIGNMENT((#8050));
#8052=STYLED_ITEM('',(#8051),#8049);
#8053=CARTESIAN_POINT('',(-1.175348458030E0,-3.106282584691E0,-8.45E0));
#8054=DIRECTION('',(3.490311162424E-3,1.396209529367E-2,-9.998964334485E-1));
#8055=DIRECTION('',(1.776356839400E-14,-9.999025240093E-1,-1.396218033946E-2));
#8056=AXIS2_PLACEMENT_3D('',#8053,#8054,#8055);
#8058=CURVE_STYLE('',#6196,POSITIVE_LENGTH_MEASURE(2.E-2),#6);
#8059=PRESENTATION_STYLE_ASSIGNMENT((#8058));
#8060=STYLED_ITEM('',(#8059),#8057);
#8061=DIRECTION('',(1.E0,0.E0,1.703503140300E-14));
#8062=VECTOR('',#8061,1.418163104272E1);
#8063=CARTESIAN_POINT('',(-1.175348458030E0,-3.106282584691E0,-8.55E0));
#8064=LINE('',#8063,#8062);
#8065=CURVE_STYLE('',#6196,POSITIVE_LENGTH_MEASURE(2.E-2),#6);
#8066=PRESENTATION_STYLE_ASSIGNMENT((#8065));
#8067=STYLED_ITEM('',(#8066),#8064);
#8068=DIRECTION('',(-1.E0,8.105200191030E-12,-4.237543570390E-10));
#8069=VECTOR('',#8068,1.418162904605E1);
#8070=CARTESIAN_POINT('',(1.300628058798E1,-3.206272837355E0,
-8.451396201092E0));
#8071=LINE('',#8070,#8069);
#8072=CURVE_STYLE('',#6196,POSITIVE_LENGTH_MEASURE(2.E-2),#6);
#8073=PRESENTATION_STYLE_ASSIGNMENT((#8072));
#8074=STYLED_ITEM('',(#8073),#8071);
#8075=CARTESIAN_POINT('',(-1.175348458030E0,-3.106282584691E0,-8.45E0));
#8076=DIRECTION('',(1.E0,0.E0,0.E0));
#8077=DIRECTION('',(0.E0,-9.999025240093E-1,-1.396218033998E-2));
#8078=AXIS2_PLACEMENT_3D('',#8075,#8076,#8077);
#8080=CURVE_STYLE('',#6196,POSITIVE_LENGTH_MEASURE(2.E-2),#6);
#8081=PRESENTATION_STYLE_ASSIGNMENT((#8080));
#8082=STYLED_ITEM('',(#8081),#8079);
#8083=DIRECTION('',(-1.E0,-2.766317310861E-11,-3.844143469135E-13));
#8084=VECTOR('',#8083,5.452712905546E-1);
#8085=CARTESIAN_POINT('',(-1.227364354723E0,-3.414349100824E0,6.45E0));
#8086=LINE('',#8085,#8084);
#8087=CURVE_STYLE('',#6196,POSITIVE_LENGTH_MEASURE(2.E-2),#6);
#8088=PRESENTATION_STYLE_ASSIGNMENT((#8087));
#8089=STYLED_ITEM('',(#8088),#8086);
#8090=DIRECTION('',(-3.644493869700E-12,-1.E0,1.302208946482E-12));
#8091=VECTOR('',#8090,5.251825254439E-2);
#8092=CARTESIAN_POINT('',(-1.327360090224E0,-3.261825973923E0,6.45E0));
#8093=LINE('',#8092,#8091);
#8094=CURVE_STYLE('',#6196,POSITIVE_LENGTH_MEASURE(2.E-2),#6);
#8095=PRESENTATION_STYLE_ASSIGNMENT((#8094));
#8096=STYLED_ITEM('',(#8095),#8093);
#8097=CARTESIAN_POINT('',(-1.327360090224E0,-3.314344226467E0,6.45E0));
#8098=CARTESIAN_POINT('',(-1.327360090223E0,-3.328271579550E0,6.45E0));
#8099=CARTESIAN_POINT('',(-1.321937561340E0,-3.353751988688E0,6.45E0));
#8100=CARTESIAN_POINT('',(-1.299931700413E0,-3.386914238190E0,6.45E0));
#8101=CARTESIAN_POINT('',(-1.266771666647E0,-3.408922379621E0,6.45E0));
#8102=CARTESIAN_POINT('',(-1.241291707807E0,-3.414349100826E0,6.45E0));
#8103=CARTESIAN_POINT('',(-1.227364354723E0,-3.414349100824E0,6.45E0));
#8105=CURVE_STYLE('',#6196,POSITIVE_LENGTH_MEASURE(2.E-2),#6);
#8106=PRESENTATION_STYLE_ASSIGNMENT((#8105));
#8107=STYLED_ITEM('',(#8106),#8104);
#8108=CARTESIAN_POINT('',(-1.672639909776E0,-3.314344226469E0,6.45E0));
#8109=CARTESIAN_POINT('',(-1.672639909775E0,-3.327436106630E0,6.45E0));
#8110=CARTESIAN_POINT('',(-1.677847288937E0,-3.353612539118E0,
6.449999827199E0));
#8111=CARTESIAN_POINT('',(-1.700088280725E0,-3.386901473079E0,
6.450000007731E0));
#8112=CARTESIAN_POINT('',(-1.733374958702E0,-3.409142696665E0,
6.449999981741E0));
#8113=CARTESIAN_POINT('',(-1.759546771022E0,-3.414349100838E0,6.45E0));
#8114=CARTESIAN_POINT('',(-1.772635645277E0,-3.414349100839E0,6.45E0));
#8116=CURVE_STYLE('',#6196,POSITIVE_LENGTH_MEASURE(2.E-2),#6);
#8117=PRESENTATION_STYLE_ASSIGNMENT((#8116));
#8118=STYLED_ITEM('',(#8117),#8115);
#8119=DIRECTION('',(-2.945092545249E-6,9.999998532024E-1,-5.418361928227E-4));
#8120=VECTOR('',#8119,7.045522190918E-1);
#8121=CARTESIAN_POINT('',(-1.724652546816E0,-3.106281518557E0,
-8.450458138699E0));
#8122=LINE('',#8121,#8120);
#8123=CURVE_STYLE('',#6196,POSITIVE_LENGTH_MEASURE(2.E-2),#6);
#8124=PRESENTATION_STYLE_ASSIGNMENT((#8123));
#8125=STYLED_ITEM('',(#8124),#8122);
#8126=CARTESIAN_POINT('',(-1.676130050811E0,-2.644373567486E0,
5.450152304844E0));
#8127=CARTESIAN_POINT('',(-1.674966670466E0,-2.850191036299E0,
5.783434869896E0));
#8128=CARTESIAN_POINT('',(-1.673803290121E0,-3.056008505111E0,
6.116717434948E0));
#8129=CARTESIAN_POINT('',(-1.672639909776E0,-3.261825973923E0,6.45E0));
#8131=CURVE_STYLE('',#6196,POSITIVE_LENGTH_MEASURE(2.E-2),#6);
#8132=PRESENTATION_STYLE_ASSIGNMENT((#8131));
#8133=STYLED_ITEM('',(#8132),#8130);
#8134=DIRECTION('',(1.577025769565E-12,-1.E0,9.977964654618E-13));
#8135=VECTOR('',#8134,5.251825254568E-2);
#8136=CARTESIAN_POINT('',(-1.672639909776E0,-3.261825973923E0,6.45E0));
#8137=LINE('',#8136,#8135);
#8138=CURVE_STYLE('',#6196,POSITIVE_LENGTH_MEASURE(2.E-2),#6);
#8139=PRESENTATION_STYLE_ASSIGNMENT((#8138));
#8140=STYLED_ITEM('',(#8139),#8137);
#8141=DIRECTION('',(-3.490312164124E-3,1.396206463765E-2,-9.998964338731E-1));
#8142=VECTOR('',#8141,1.490200148128E1);
#8143=CARTESIAN_POINT('',(-1.672639909776E0,-3.314344226469E0,6.45E0));
#8144=LINE('',#8143,#8142);
#8145=CURVE_STYLE('',#6196,POSITIVE_LENGTH_MEASURE(2.E-2),#6);
#8146=PRESENTATION_STYLE_ASSIGNMENT((#8145));
#8147=STYLED_ITEM('',(#8146),#8144);
#8148=DIRECTION('',(1.E0,0.E0,0.E0));
#8149=VECTOR('',#8148,4.493092435747E-1);
#8150=CARTESIAN_POINT('',(-1.724654621787E0,-2.401729402892E0,
-8.450839890591E0));
#8151=LINE('',#8150,#8149);
#8152=CURVE_STYLE('',#6196,POSITIVE_LENGTH_MEASURE(2.E-2),#6);
#8153=PRESENTATION_STYLE_ASSIGNMENT((#8152));
#8154=STYLED_ITEM('',(#8153),#8151);
#8155=CARTESIAN_POINT('',(-1.275345378213E0,-2.401729402892E0,
-8.450839890591E0));
#8156=CARTESIAN_POINT('',(-1.291520046264E0,-2.482610627453E0,
-3.817157638820E0));
#8157=CARTESIAN_POINT('',(-1.307695281137E0,-2.563492342925E0,
8.164700530723E-1));
#8158=CARTESIAN_POINT('',(-1.323869949189E0,-2.644373567486E0,
5.450152304844E0));
#8160=CURVE_STYLE('',#6196,POSITIVE_LENGTH_MEASURE(2.E-2),#6);
#8161=PRESENTATION_STYLE_ASSIGNMENT((#8160));
#8162=STYLED_ITEM('',(#8161),#8159);
#8163=CARTESIAN_POINT('',(-1.676130050811E0,-2.644373567486E0,
5.450152304844E0));
#8164=CARTESIAN_POINT('',(-1.692304718863E0,-2.563492342925E0,
8.164700530723E-1));
#8165=CARTESIAN_POINT('',(-1.708479953736E0,-2.482610627453E0,
-3.817157638820E0));
#8166=CARTESIAN_POINT('',(-1.724654621787E0,-2.401729402892E0,
-8.450839890591E0));
#8168=CURVE_STYLE('',#6196,POSITIVE_LENGTH_MEASURE(2.E-2),#6);
#8169=PRESENTATION_STYLE_ASSIGNMENT((#8168));
#8170=STYLED_ITEM('',(#8169),#8167);
#8171=DIRECTION('',(1.E0,0.E0,0.E0));
#8172=VECTOR('',#8171,3.522601016223E-1);
#8173=CARTESIAN_POINT('',(-1.676130050811E0,-2.644373567486E0,
5.450152304844E0));
#8174=LINE('',#8173,#8172);
#8175=CURVE_STYLE('',#6196,POSITIVE_LENGTH_MEASURE(2.E-2),#6);
#8176=PRESENTATION_STYLE_ASSIGNMENT((#8175));
#8177=STYLED_ITEM('',(#8176),#8174);
#8178=DIRECTION('',(-1.E0,0.E0,0.E0));
#8179=VECTOR('',#8178,3.452798195521E-1);
#8180=CARTESIAN_POINT('',(-1.327360090224E0,-3.261825973923E0,6.45E0));
#8181=LINE('',#8180,#8179);
#8182=CURVE_STYLE('',#6196,POSITIVE_LENGTH_MEASURE(2.E-2),#6);
#8183=PRESENTATION_STYLE_ASSIGNMENT((#8182));
#8184=STYLED_ITEM('',(#8183),#8181);
#8185=DIRECTION('',(-1.E0,1.371701391185E-13,-3.843698015940E-13));
#8186=VECTOR('',#8185,6.054137057500E-1);
#8187=CARTESIAN_POINT('',(1.300628258469E1,-2.093552471060E0,-8.55E0));
#8188=LINE('',#8187,#8186);
#8189=CURVE_STYLE('',#6196,POSITIVE_LENGTH_MEASURE(2.E-2),#6);
#8190=PRESENTATION_STYLE_ASSIGNMENT((#8189));
#8191=STYLED_ITEM('',(#8190),#8188);
#8192=CARTESIAN_POINT('',(1.300628258469E1,-2.093552471059E0,-8.45E0));
#8193=DIRECTION('',(-1.E0,0.E0,0.E0));
#8194=DIRECTION('',(0.E0,9.999619230642E-1,-8.726535500045E-3));
#8195=AXIS2_PLACEMENT_3D('',#8192,#8193,#8194);
#8197=CURVE_STYLE('',#6196,POSITIVE_LENGTH_MEASURE(2.E-2),#6);
#8198=PRESENTATION_STYLE_ASSIGNMENT((#8197));
#8199=STYLED_ITEM('',(#8198),#8196);
#8200=DIRECTION('',(0.E0,1.E0,0.E0));
#8201=VECTOR('',#8200,7.982622421187E-1);
#8202=CARTESIAN_POINT('',(1.240086887894E1,-2.093552471060E0,-8.55E0));
#8203=LINE('',#8202,#8201);
#8204=CURVE_STYLE('',#6196,POSITIVE_LENGTH_MEASURE(2.E-2),#6);
#8205=PRESENTATION_STYLE_ASSIGNMENT((#8204));
#8206=STYLED_ITEM('',(#8205),#8203);
#8207=CARTESIAN_POINT('',(1.250086507125E1,-1.993556278753E0,
-8.450872653550E0));
#8208=CARTESIAN_POINT('',(1.250077989158E1,-1.993641458417E0,
-8.460633276277E0));
#8209=CARTESIAN_POINT('',(1.249784985377E1,-1.996572448212E0,
-8.480621181829E0));
#8210=CARTESIAN_POINT('',(1.248278556749E1,-2.011657298147E0,
-8.510483066949E0));
#8211=CARTESIAN_POINT('',(1.246027859869E1,-2.034123409788E0,
-8.531972129533E0));
#8212=CARTESIAN_POINT('',(1.243701351173E1,-2.057422720008E0,
-8.544823372951E0));
#8213=CARTESIAN_POINT('',(1.241366269295E1,-2.080758657053E0,-8.55E0));
#8214=CARTESIAN_POINT('',(1.240086887894E1,-2.093552471060E0,-8.55E0));
#8216=CURVE_STYLE('',#6196,POSITIVE_LENGTH_MEASURE(2.E-2),#6);
#8217=PRESENTATION_STYLE_ASSIGNMENT((#8216));
#8218=STYLED_ITEM('',(#8217),#8215);
#8219=DIRECTION('',(0.E0,1.E0,0.E0));
#8220=VECTOR('',#8219,5.982698575056E-1);
#8221=CARTESIAN_POINT('',(1.250086507125E1,-1.993556278753E0,
-8.450872653550E0));
#8222=LINE('',#8221,#8220);
#8223=CURVE_STYLE('',#6196,POSITIVE_LENGTH_MEASURE(2.E-2),#6);
#8224=PRESENTATION_STYLE_ASSIGNMENT((#8223));
#8225=STYLED_ITEM('',(#8224),#8222);
#8226=CARTESIAN_POINT('',(1.250086507125E1,-1.395286421247E0,
-8.450872653550E0));
#8227=CARTESIAN_POINT('',(1.254275663054E1,-1.437177980535E0,
-3.650575422877E0));
#8228=CARTESIAN_POINT('',(1.258464818982E1,-1.479069539824E0,1.149721807795E0));
#8229=CARTESIAN_POINT('',(1.262653974911E1,-1.520961099112E0,5.950019038468E0));
#8231=CURVE_STYLE('',#6196,POSITIVE_LENGTH_MEASURE(2.E-2),#6);
#8232=PRESENTATION_STYLE_ASSIGNMENT((#8231));
#8233=STYLED_ITEM('',(#8232),#8230);
#8234=CARTESIAN_POINT('',(1.262653974911E1,-1.520961099112E0,5.950019038468E0));
#8235=CARTESIAN_POINT('',(1.262799417169E1,-1.589082188362E0,6.116679358979E0));
#8236=CARTESIAN_POINT('',(1.262944859428E1,-1.657203277611E0,6.283339679489E0));
#8237=CARTESIAN_POINT('',(1.263090301686E1,-1.725324366861E0,6.45E0));
#8239=CURVE_STYLE('',#6196,POSITIVE_LENGTH_MEASURE(2.E-2),#6);
#8240=PRESENTATION_STYLE_ASSIGNMENT((#8239));
#8241=STYLED_ITEM('',(#8240),#8238);
#8242=DIRECTION('',(0.E0,-1.E0,3.791954755610E-13));
#8243=VECTOR('',#8242,1.381939662776E-1);
#8244=CARTESIAN_POINT('',(1.263090301686E1,-1.725324366861E0,6.45E0));
#8245=LINE('',#8244,#8243);
#8246=CURVE_STYLE('',#6196,POSITIVE_LENGTH_MEASURE(2.E-2),#6);
#8247=PRESENTATION_STYLE_ASSIGNMENT((#8246));
#8248=STYLED_ITEM('',(#8247),#8245);
#8249=DIRECTION('',(-1.E0,5.772212820442E-11,-9.559800510919E-13));
#8250=VECTOR('',#8249,5.054175134356E-1);
#8251=CARTESIAN_POINT('',(1.300628258468E1,-1.993556278782E0,
-8.450872653549E0));
#8252=LINE('',#8251,#8250);
#8253=CURVE_STYLE('',#6196,POSITIVE_LENGTH_MEASURE(2.E-2),#6);
#8254=PRESENTATION_STYLE_ASSIGNMENT((#8253));
#8255=STYLED_ITEM('',(#8254),#8252);
#8256=CARTESIAN_POINT('',(1.250086507125E1,-1.993556278753E0,
-8.450872653550E0));
#8257=CARTESIAN_POINT('',(1.254421105312E1,-1.950210296881E0,
-3.483915102367E0));
#8258=CARTESIAN_POINT('',(1.258755703499E1,-1.906864315010E0,1.483042448817E0));
#8259=CARTESIAN_POINT('',(1.263090301686E1,-1.863518333139E0,6.45E0));
#8261=CURVE_STYLE('',#6196,POSITIVE_LENGTH_MEASURE(2.E-2),#6);
#8262=PRESENTATION_STYLE_ASSIGNMENT((#8261));
#8263=STYLED_ITEM('',(#8262),#8260);
#8264=DIRECTION('',(1.E0,-1.060047323010E-10,8.814064766607E-13));
#8265=VECTOR('',#8264,5.834485207718E-1);
#8266=CARTESIAN_POINT('',(1.263090301686E1,-1.863518333139E0,6.45E0));
#8267=LINE('',#8266,#8265);
#8268=CURVE_STYLE('',#6196,POSITIVE_LENGTH_MEASURE(2.E-2),#6);
#8269=PRESENTATION_STYLE_ASSIGNMENT((#8268));
#8270=STYLED_ITEM('',(#8269),#8267);
#8271=DIRECTION('',(-1.396164880717E-2,-8.725684933229E-3,-9.998644582067E-1));
#8272=VECTOR('',#8271,1.490289261834E1);
#8273=CARTESIAN_POINT('',(1.321435153763E1,-1.863518333201E0,6.450000000001E0));
#8274=LINE('',#8273,#8272);
#8275=CURVE_STYLE('',#6196,POSITIVE_LENGTH_MEASURE(2.E-2),#6);
#8276=PRESENTATION_STYLE_ASSIGNMENT((#8275));
#8277=STYLED_ITEM('',(#8276),#8274);
#8278=DIRECTION('',(0.E0,-1.E0,0.E0));
#8279=VECTOR('',#8278,7.982622421180E-1);
#8280=CARTESIAN_POINT('',(-1.240086887894E1,-1.295290228941E0,-8.55E0));
#8281=LINE('',#8280,#8279);
#8282=CURVE_STYLE('',#6196,POSITIVE_LENGTH_MEASURE(2.E-2),#6);
#8283=PRESENTATION_STYLE_ASSIGNMENT((#8282));
#8284=STYLED_ITEM('',(#8283),#8281);
#8285=CARTESIAN_POINT('',(-1.250086507125E1,-1.395286421247E0,
-8.450872653550E0));
#8286=CARTESIAN_POINT('',(-1.250077989158E1,-1.395201241583E0,
-8.460633276277E0));
#8287=CARTESIAN_POINT('',(-1.249784985377E1,-1.392270251788E0,
-8.480621181830E0));
#8288=CARTESIAN_POINT('',(-1.248278556749E1,-1.377185401853E0,
-8.510483066949E0));
#8289=CARTESIAN_POINT('',(-1.246027859870E1,-1.354719290209E0,
-8.531972129532E0));
#8290=CARTESIAN_POINT('',(-1.243701351173E1,-1.331419979990E0,
-8.544823372951E0));
#8291=CARTESIAN_POINT('',(-1.241366269295E1,-1.308084042947E0,-8.55E0));
#8292=CARTESIAN_POINT('',(-1.240086887894E1,-1.295290228941E0,-8.55E0));
#8294=CURVE_STYLE('',#6196,POSITIVE_LENGTH_MEASURE(2.E-2),#6);
#8295=PRESENTATION_STYLE_ASSIGNMENT((#8294));
#8296=STYLED_ITEM('',(#8295),#8293);
#8297=DIRECTION('',(0.E0,-1.E0,0.E0));
#8298=VECTOR('',#8297,5.982698575056E-1);
#8299=CARTESIAN_POINT('',(-1.250086507125E1,-1.395286421247E0,
-8.450872653550E0));
#8300=LINE('',#8299,#8298);
#8301=CURVE_STYLE('',#6196,POSITIVE_LENGTH_MEASURE(2.E-2),#6);
#8302=PRESENTATION_STYLE_ASSIGNMENT((#8301));
#8303=STYLED_ITEM('',(#8302),#8300);
#8304=CARTESIAN_POINT('',(-1.250086507125E1,-1.993556278753E0,
-8.450872653550E0));
#8305=CARTESIAN_POINT('',(-1.254421105312E1,-1.950210296881E0,
-3.483915102367E0));
#8306=CARTESIAN_POINT('',(-1.258755703499E1,-1.906864315010E0,
1.483042448817E0));
#8307=CARTESIAN_POINT('',(-1.263090301686E1,-1.863518333139E0,6.45E0));
#8309=CURVE_STYLE('',#6196,POSITIVE_LENGTH_MEASURE(2.E-2),#6);
#8310=PRESENTATION_STYLE_ASSIGNMENT((#8309));
#8311=STYLED_ITEM('',(#8310),#8308);
#8312=DIRECTION('',(0.E0,1.E0,-3.663413916437E-13));
#8313=VECTOR('',#8312,1.381939662776E-1);
#8314=CARTESIAN_POINT('',(-1.263090301686E1,-1.863518333139E0,6.45E0));
#8315=LINE('',#8314,#8313);
#8316=CURVE_STYLE('',#6196,POSITIVE_LENGTH_MEASURE(2.E-2),#6);
#8317=PRESENTATION_STYLE_ASSIGNMENT((#8316));
#8318=STYLED_ITEM('',(#8317),#8315);
#8319=CARTESIAN_POINT('',(-1.263090301686E1,-1.725324366861E0,6.45E0));
#8320=CARTESIAN_POINT('',(-1.262944859428E1,-1.657203277611E0,
6.283339679489E0));
#8321=CARTESIAN_POINT('',(-1.262799417169E1,-1.589082188362E0,
6.116679358979E0));
#8322=CARTESIAN_POINT('',(-1.262653974911E1,-1.520961099112E0,
5.950019038468E0));
#8324=CURVE_STYLE('',#6196,POSITIVE_LENGTH_MEASURE(2.E-2),#6);
#8325=PRESENTATION_STYLE_ASSIGNMENT((#8324));
#8326=STYLED_ITEM('',(#8325),#8323);
#8327=CARTESIAN_POINT('',(-1.250086507125E1,-1.395286421247E0,
-8.450872653550E0));
#8328=CARTESIAN_POINT('',(-1.254275663054E1,-1.437177980535E0,
-3.650575422877E0));
#8329=CARTESIAN_POINT('',(-1.258464818982E1,-1.479069539824E0,
1.149721807795E0));
#8330=CARTESIAN_POINT('',(-1.262653974911E1,-1.520961099112E0,
5.950019038468E0));
#8332=CURVE_STYLE('',#6196,POSITIVE_LENGTH_MEASURE(2.E-2),#6);
#8333=PRESENTATION_STYLE_ASSIGNMENT((#8332));
#8334=STYLED_ITEM('',(#8333),#8331);
#8335=DIRECTION('',(-1.E0,1.060589996235E-10,-2.134697705735E-12));
#8336=VECTOR('',#8335,5.808302836370E-1);
#8337=CARTESIAN_POINT('',(-1.262653974911E1,-1.520961099112E0,
5.950019038468E0));
#8338=LINE('',#8337,#8336);
#8339=CURVE_STYLE('',#6196,POSITIVE_LENGTH_MEASURE(2.E-2),#6);
#8340=PRESENTATION_STYLE_ASSIGNMENT((#8339));
#8341=STYLED_ITEM('',(#8340),#8338);
#8342=DIRECTION('',(1.396164880690E-2,8.725684933029E-3,-9.998644582067E-1));
#8343=VECTOR('',#8342,1.440284387930E1);
#8344=CARTESIAN_POINT('',(-1.320737003275E1,-1.520961099050E0,
5.950019038467E0));
#8345=LINE('',#8344,#8343);
#8346=CURVE_STYLE('',#6196,POSITIVE_LENGTH_MEASURE(2.E-2),#6);
#8347=PRESENTATION_STYLE_ASSIGNMENT((#8346));
#8348=STYLED_ITEM('',(#8347),#8345);
#8349=DIRECTION('',(1.E0,0.E0,-3.843698015940E-13));
#8350=VECTOR('',#8349,6.054137057500E-1);
#8351=CARTESIAN_POINT('',(-1.300628258469E1,-1.295290228941E0,-8.55E0));
#8352=LINE('',#8351,#8350);
#8353=CURVE_STYLE('',#6196,POSITIVE_LENGTH_MEASURE(2.E-2),#6);
#8354=PRESENTATION_STYLE_ASSIGNMENT((#8353));
#8355=STYLED_ITEM('',(#8354),#8352);
#8356=DIRECTION('',(-1.E0,5.380638822489E-11,8.786581351942E-13));
#8357=VECTOR('',#8356,5.054175134359E-1);
#8358=CARTESIAN_POINT('',(-1.250086507125E1,-1.395286421247E0,
-8.450872653550E0));
#8359=LINE('',#8358,#8357);
#8360=CURVE_STYLE('',#6196,POSITIVE_LENGTH_MEASURE(2.E-2),#6);
#8361=PRESENTATION_STYLE_ASSIGNMENT((#8360));
#8362=STYLED_ITEM('',(#8361),#8359);
#8363=CARTESIAN_POINT('',(-1.300628258469E1,-1.295290228941E0,-8.45E0));
#8364=DIRECTION('',(1.E0,0.E0,0.E0));
#8365=DIRECTION('',(0.E0,-9.999619230642E-1,-8.726535500045E-3));
#8366=AXIS2_PLACEMENT_3D('',#8363,#8364,#8365);
#8368=CURVE_STYLE('',#6196,POSITIVE_LENGTH_MEASURE(2.E-2),#6);
#8369=PRESENTATION_STYLE_ASSIGNMENT((#8368));
#8370=STYLED_ITEM('',(#8369),#8367);
#8371=DIRECTION('',(0.E0,-1.E0,0.E0));
#8372=VECTOR('',#8371,7.982622421185E-1);
#8373=CARTESIAN_POINT('',(-1.240086887894E1,1.004709771059E0,-8.55E0));
#8374=LINE('',#8373,#8372);
#8375=CURVE_STYLE('',#6196,POSITIVE_LENGTH_MEASURE(2.E-2),#6);
#8376=PRESENTATION_STYLE_ASSIGNMENT((#8375));
#8377=STYLED_ITEM('',(#8376),#8374);
#8378=CARTESIAN_POINT('',(-1.250086507125E1,9.047135787529E-1,
-8.450872653550E0));
#8379=CARTESIAN_POINT('',(-1.250077989158E1,9.047987584170E-1,
-8.460633276276E0));
#8380=CARTESIAN_POINT('',(-1.249784985377E1,9.077297482127E-1,
-8.480621181828E0));
#8381=CARTESIAN_POINT('',(-1.248278556749E1,9.228145981455E-1,
-8.510483066948E0));
#8382=CARTESIAN_POINT('',(-1.246027859870E1,9.452807097881E-1,
-8.531972129532E0));
#8383=CARTESIAN_POINT('',(-1.243701351173E1,9.685800200073E-1,
-8.544823372951E0));
#8384=CARTESIAN_POINT('',(-1.241366269295E1,9.919159570525E-1,-8.55E0));
#8385=CARTESIAN_POINT('',(-1.240086887894E1,1.004709771059E0,-8.55E0));
#8387=CURVE_STYLE('',#6196,POSITIVE_LENGTH_MEASURE(2.E-2),#6);
#8388=PRESENTATION_STYLE_ASSIGNMENT((#8387));
#8389=STYLED_ITEM('',(#8388),#8386);
#8390=DIRECTION('',(0.E0,-1.E0,0.E0));
#8391=VECTOR('',#8390,5.982698575060E-1);
#8392=CARTESIAN_POINT('',(-1.250086507125E1,9.047135787529E-1,
-8.450872653550E0));
#8393=LINE('',#8392,#8391);
#8394=CURVE_STYLE('',#6196,POSITIVE_LENGTH_MEASURE(2.E-2),#6);
#8395=PRESENTATION_STYLE_ASSIGNMENT((#8394));
#8396=STYLED_ITEM('',(#8395),#8393);
#8397=CARTESIAN_POINT('',(-1.250086507125E1,3.064437212469E-1,
-8.450872653550E0));
#8398=CARTESIAN_POINT('',(-1.254275663054E1,3.483352805353E-1,
-3.650575422877E0));
#8399=CARTESIAN_POINT('',(-1.258464818982E1,3.902268398237E-1,
1.149721807795E0));
#8400=CARTESIAN_POINT('',(-1.262653974911E1,4.321183991122E-1,
5.950019038468E0));
#8402=CURVE_STYLE('',#6196,POSITIVE_LENGTH_MEASURE(2.E-2),#6);
#8403=PRESENTATION_STYLE_ASSIGNMENT((#8402));
#8404=STYLED_ITEM('',(#8403),#8401);
#8405=CARTESIAN_POINT('',(-1.262653974911E1,4.321183991122E-1,
5.950019038468E0));
#8406=CARTESIAN_POINT('',(-1.262799417169E1,5.002394883619E-1,
6.116679358979E0));
#8407=CARTESIAN_POINT('',(-1.262944859428E1,5.683605776116E-1,
6.283339679489E0));
#8408=CARTESIAN_POINT('',(-1.263090301686E1,6.364816668613E-1,6.45E0));
#8410=CURVE_STYLE('',#6196,POSITIVE_LENGTH_MEASURE(2.E-2),#6);
#8411=PRESENTATION_STYLE_ASSIGNMENT((#8410));
#8412=STYLED_ITEM('',(#8411),#8409);
#8413=DIRECTION('',(1.285408391736E-14,1.E0,-7.069746154546E-14));
#8414=VECTOR('',#8413,1.381939662773E-1);
#8415=CARTESIAN_POINT('',(-1.263090301686E1,6.364816668613E-1,6.45E0));
#8416=LINE('',#8415,#8414);
#8417=CURVE_STYLE('',#6196,POSITIVE_LENGTH_MEASURE(2.E-2),#6);
#8418=PRESENTATION_STYLE_ASSIGNMENT((#8417));
#8419=STYLED_ITEM('',(#8418),#8416);
#8420=CARTESIAN_POINT('',(-1.250086507125E1,9.047135787529E-1,
-8.450872653550E0));
#8421=CARTESIAN_POINT('',(-1.254421105312E1,8.613675968814E-1,
-3.483915102367E0));
#8422=CARTESIAN_POINT('',(-1.258755703499E1,8.180216150101E-1,
1.483042448817E0));
#8423=CARTESIAN_POINT('',(-1.263090301686E1,7.746756331386E-1,6.45E0));
#8425=CURVE_STYLE('',#6196,POSITIVE_LENGTH_MEASURE(2.E-2),#6);
#8426=PRESENTATION_STYLE_ASSIGNMENT((#8425));
#8427=STYLED_ITEM('',(#8426),#8424);
#8428=DIRECTION('',(-1.E0,1.062342176663E-10,8.859733495988E-13));
#8429=VECTOR('',#8428,5.834485207705E-1);
#8430=CARTESIAN_POINT('',(-1.263090301686E1,7.746756331386E-1,6.45E0));
#8431=LINE('',#8430,#8429);
#8432=CURVE_STYLE('',#6196,POSITIVE_LENGTH_MEASURE(2.E-2),#6);
#8433=PRESENTATION_STYLE_ASSIGNMENT((#8432));
#8434=STYLED_ITEM('',(#8433),#8431);
#8435=DIRECTION('',(1.396164880708E-2,8.725684933221E-3,-9.998644582067E-1));
#8436=VECTOR('',#8435,1.490289261834E1);
#8437=CARTESIAN_POINT('',(-1.321435153763E1,7.746756332006E-1,
6.450000000001E0));
#8438=LINE('',#8437,#8436);
#8439=CURVE_STYLE('',#6196,POSITIVE_LENGTH_MEASURE(2.E-2),#6);
#8440=PRESENTATION_STYLE_ASSIGNMENT((#8439));
#8441=STYLED_ITEM('',(#8440),#8438);
#8442=DIRECTION('',(1.E0,0.E0,-3.843698015940E-13));
#8443=VECTOR('',#8442,6.054137057500E-1);
#8444=CARTESIAN_POINT('',(-1.300628258469E1,1.004709771059E0,-8.55E0));
#8445=LINE('',#8444,#8443);
#8446=CURVE_STYLE('',#6196,POSITIVE_LENGTH_MEASURE(2.E-2),#6);
#8447=PRESENTATION_STYLE_ASSIGNMENT((#8446));
#8448=STYLED_ITEM('',(#8447),#8445);
#8449=DIRECTION('',(-1.E0,5.732739103718E-11,9.173190931433E-13));
#8450=VECTOR('',#8449,5.054175134356E-1);
#8451=CARTESIAN_POINT('',(-1.250086507125E1,9.047135787529E-1,
-8.450872653550E0));
#8452=LINE('',#8451,#8450);
#8453=CURVE_STYLE('',#6196,POSITIVE_LENGTH_MEASURE(2.E-2),#6);
#8454=PRESENTATION_STYLE_ASSIGNMENT((#8453));
#8455=STYLED_ITEM('',(#8454),#8452);
#8456=CARTESIAN_POINT('',(-1.300628258469E1,1.004709771059E0,-8.45E0));
#8457=DIRECTION('',(1.E0,0.E0,0.E0));
#8458=DIRECTION('',(0.E0,-9.999619230642E-1,-8.726535500028E-3));
#8459=AXIS2_PLACEMENT_3D('',#8456,#8457,#8458);
#8461=CURVE_STYLE('',#6196,POSITIVE_LENGTH_MEASURE(2.E-2),#6);
#8462=PRESENTATION_STYLE_ASSIGNMENT((#8461));
#8463=STYLED_ITEM('',(#8462),#8460);
#8464=DIRECTION('',(-2.051102310780E-14,1.E0,0.E0));
#8465=VECTOR('',#8464,4.330249227608E-2);
#8466=CARTESIAN_POINT('',(-7.639999999814E0,1.5E0,-8.55E0));
#8467=LINE('',#8466,#8465);
#8468=CURVE_STYLE('',#6196,POSITIVE_LENGTH_MEASURE(2.E-2),#6);
#8469=PRESENTATION_STYLE_ASSIGNMENT((#8468));
#8470=STYLED_ITEM('',(#8469),#8467);
#8471=DIRECTION('',(-2.960594732334E-14,0.E0,-1.E0));
#8472=VECTOR('',#8471,3.E-2);
#8473=CARTESIAN_POINT('',(-7.639999999814E0,1.543302492276E0,-8.52E0));
#8474=LINE('',#8473,#8472);
#8475=CURVE_STYLE('',#6196,POSITIVE_LENGTH_MEASURE(2.E-2),#6);
#8476=PRESENTATION_STYLE_ASSIGNMENT((#8475));
#8477=STYLED_ITEM('',(#8476),#8474);
#8478=DIRECTION('',(-2.960594732334E-14,0.E0,-1.E0));
#8479=VECTOR('',#8478,3.E-2);
#8480=CARTESIAN_POINT('',(-7.529245553246E0,1.572448394538E0,-8.52E0));
#8481=LINE('',#8480,#8479);
#8482=CURVE_STYLE('',#6196,POSITIVE_LENGTH_MEASURE(2.E-2),#6);
#8483=PRESENTATION_STYLE_ASSIGNMENT((#8482));
#8484=STYLED_ITEM('',(#8483),#8481);
#8485=DIRECTION('',(-3.495491945294E-13,1.E0,0.E0));
#8486=VECTOR('',#8485,6.936726285540E-1);
#8487=CARTESIAN_POINT('',(-7.490939498395E0,1.729003560393E0,-8.55E0));
#8488=LINE('',#8487,#8486);
#8489=CURVE_STYLE('',#6196,POSITIVE_LENGTH_MEASURE(2.E-2),#6);
#8490=PRESENTATION_STYLE_ASSIGNMENT((#8489));
#8491=STYLED_ITEM('',(#8490),#8488);
#8492=DIRECTION('',(0.E0,2.960594732334E-13,-1.E0));
#8493=VECTOR('',#8492,3.E-2);
#8494=CARTESIAN_POINT('',(-7.490939498395E0,1.729003560393E0,-8.52E0));
#8495=LINE('',#8494,#8493);
#8496=CURVE_STYLE('',#6196,POSITIVE_LENGTH_MEASURE(2.E-2),#6);
#8497=PRESENTATION_STYLE_ASSIGNMENT((#8496));
#8498=STYLED_ITEM('',(#8497),#8495);
#8499=DIRECTION('',(0.E0,0.E0,-1.E0));
#8500=VECTOR('',#8499,3.E-2);
#8501=CARTESIAN_POINT('',(-7.490939498395E0,2.422676188947E0,-8.52E0));
#8502=LINE('',#8501,#8500);
#8503=CURVE_STYLE('',#6196,POSITIVE_LENGTH_MEASURE(2.E-2),#6);
#8504=PRESENTATION_STYLE_ASSIGNMENT((#8503));
#8505=STYLED_ITEM('',(#8504),#8502);
#8506=DIRECTION('',(-2.960594732334E-14,0.E0,-1.E0));
#8507=VECTOR('',#8506,3.E-2);
#8508=CARTESIAN_POINT('',(-7.526123335209E0,2.571540197187E0,-8.52E0));
#8509=LINE('',#8508,#8507);
#8510=CURVE_STYLE('',#6196,POSITIVE_LENGTH_MEASURE(2.E-2),#6);
#8511=PRESENTATION_STYLE_ASSIGNMENT((#8510));
#8512=STYLED_ITEM('',(#8511),#8509);
#8513=DIRECTION('',(0.E0,1.E0,0.E0));
#8514=VECTOR('',#8513,4.330248355882E-2);
#8515=CARTESIAN_POINT('',(-7.639999999814E0,2.608377213478E0,-8.55E0));
#8516=LINE('',#8515,#8514);
#8517=CURVE_STYLE('',#6196,POSITIVE_LENGTH_MEASURE(2.E-2),#6);
#8518=PRESENTATION_STYLE_ASSIGNMENT((#8517));
#8519=STYLED_ITEM('',(#8518),#8516);
#8520=DIRECTION('',(0.E0,0.E0,-1.E0));
#8521=VECTOR('',#8520,3.E-2);
#8522=CARTESIAN_POINT('',(-7.639999999814E0,2.608377213478E0,-8.52E0));
#8523=LINE('',#8522,#8521);
#8524=CURVE_STYLE('',#6196,POSITIVE_LENGTH_MEASURE(2.E-2),#6);
#8525=PRESENTATION_STYLE_ASSIGNMENT((#8524));
#8526=STYLED_ITEM('',(#8525),#8523);
#8527=DIRECTION('',(1.E0,-1.876628756645E-13,0.E0));
#8528=VECTOR('',#8527,3.289324004579E-1);
#8529=CARTESIAN_POINT('',(-7.639999999814E0,2.651679697037E0,-8.55E0));
#8530=LINE('',#8529,#8528);
#8531=CURVE_STYLE('',#6196,POSITIVE_LENGTH_MEASURE(2.E-2),#6);
#8532=PRESENTATION_STYLE_ASSIGNMENT((#8531));
#8533=STYLED_ITEM('',(#8532),#8530);
#8534=DIRECTION('',(0.E0,0.E0,-1.E0));
#8535=VECTOR('',#8534,3.E-2);
#8536=CARTESIAN_POINT('',(-7.639999999814E0,2.651679697037E0,-8.52E0));
#8537=LINE('',#8536,#8535);
#8538=CURVE_STYLE('',#6196,POSITIVE_LENGTH_MEASURE(2.E-2),#6);
#8539=PRESENTATION_STYLE_ASSIGNMENT((#8538));
#8540=STYLED_ITEM('',(#8539),#8537);
#8541=DIRECTION('',(0.E0,1.480297366167E-14,-1.E0));
#8542=VECTOR('',#8541,3.E-2);
#8543=CARTESIAN_POINT('',(-7.311067599356E0,2.651679697037E0,-8.52E0));
#8544=LINE('',#8543,#8542);
#8545=CURVE_STYLE('',#6196,POSITIVE_LENGTH_MEASURE(2.E-2),#6);
#8546=PRESENTATION_STYLE_ASSIGNMENT((#8545));
#8547=STYLED_ITEM('',(#8546),#8544);
#8548=DIRECTION('',(0.E0,0.E0,-1.E0));
#8549=VECTOR('',#8548,3.E-2);
#8550=CARTESIAN_POINT('',(-6.930505363941E0,1.805615658760E0,-8.52E0));
#8551=LINE('',#8550,#8549);
#8552=CURVE_STYLE('',#6196,POSITIVE_LENGTH_MEASURE(2.E-2),#6);
#8553=PRESENTATION_STYLE_ASSIGNMENT((#8552));
#8554=STYLED_ITEM('',(#8553),#8551);
#8555=DIRECTION('',(1.E0,1.193925198183E-13,0.E0));
#8556=VECTOR('',#8555,3.347615826129E-1);
#8557=CARTESIAN_POINT('',(-6.552441297770E0,2.651679697037E0,-8.55E0));
#8558=LINE('',#8557,#8556);
#8559=CURVE_STYLE('',#6196,POSITIVE_LENGTH_MEASURE(2.E-2),#6);
#8560=PRESENTATION_STYLE_ASSIGNMENT((#8559));
#8561=STYLED_ITEM('',(#8560),#8558);
#8562=DIRECTION('',(0.E0,0.E0,-1.E0));
#8563=VECTOR('',#8562,3.E-2);
#8564=CARTESIAN_POINT('',(-6.552441297770E0,2.651679697037E0,-8.52E0));
#8565=LINE('',#8564,#8563);
#8566=CURVE_STYLE('',#6196,POSITIVE_LENGTH_MEASURE(2.E-2),#6);
#8567=PRESENTATION_STYLE_ASSIGNMENT((#8566));
#8568=STYLED_ITEM('',(#8567),#8565);
#8569=DIRECTION('',(2.461323268408E-13,-1.E0,4.102205447347E-14));
#8570=VECTOR('',#8569,4.330248355916E-2);
#8571=CARTESIAN_POINT('',(-6.217679715157E0,2.651679697037E0,-8.55E0));
#8572=LINE('',#8571,#8570);
#8573=CURVE_STYLE('',#6196,POSITIVE_LENGTH_MEASURE(2.E-2),#6);
#8574=PRESENTATION_STYLE_ASSIGNMENT((#8573));
#8575=STYLED_ITEM('',(#8574),#8572);
#8576=DIRECTION('',(5.921189464667E-14,0.E0,-1.E0));
#8577=VECTOR('',#8576,3.E-2);
#8578=CARTESIAN_POINT('',(-6.217679715157E0,2.651679697037E0,-8.52E0));
#8579=LINE('',#8578,#8577);
#8580=CURVE_STYLE('',#6196,POSITIVE_LENGTH_MEASURE(2.E-2),#6);
#8581=PRESENTATION_STYLE_ASSIGNMENT((#8580));
#8582=STYLED_ITEM('',(#8581),#8579);
#8583=DIRECTION('',(5.921189464667E-14,-1.480297366167E-14,-1.E0));
#8584=VECTOR('',#8583,3.E-2);
#8585=CARTESIAN_POINT('',(-6.217679715157E0,2.608377213478E0,-8.52E0));
#8586=LINE('',#8585,#8584);
#8587=CURVE_STYLE('',#6196,POSITIVE_LENGTH_MEASURE(2.E-2),#6);
#8588=PRESENTATION_STYLE_ASSIGNMENT((#8587));
#8589=STYLED_ITEM('',(#8588),#8586);
#8590=DIRECTION('',(-2.960594732334E-14,0.E0,-1.E0));
#8591=VECTOR('',#8590,3.E-2);
#8592=CARTESIAN_POINT('',(-6.348642407041E0,2.555166929835E0,-8.52E0));
#8593=LINE('',#8592,#8591);
#8594=CURVE_STYLE('',#6196,POSITIVE_LENGTH_MEASURE(2.E-2),#6);
#8595=PRESENTATION_STYLE_ASSIGNMENT((#8594));
#8596=STYLED_ITEM('',(#8595),#8593);
#8597=DIRECTION('',(7.298279885799E-14,-1.E0,0.E0));
#8598=VECTOR('',#8597,6.936726285520E-1);
#8599=CARTESIAN_POINT('',(-6.366740273237E0,2.422676188946E0,-8.55E0));
#8600=LINE('',#8599,#8598);
#8601=CURVE_STYLE('',#6196,POSITIVE_LENGTH_MEASURE(2.E-2),#6);
#8602=PRESENTATION_STYLE_ASSIGNMENT((#8601));
#8603=STYLED_ITEM('',(#8602),#8600);
#8604=DIRECTION('',(5.921189464667E-14,2.664535259100E-13,-1.E0));
#8605=VECTOR('',#8604,3.E-2);
#8606=CARTESIAN_POINT('',(-6.366740273237E0,2.422676188946E0,-8.52E0));
#8607=LINE('',#8606,#8605);
#8608=CURVE_STYLE('',#6196,POSITIVE_LENGTH_MEASURE(2.E-2),#6);
#8609=PRESENTATION_STYLE_ASSIGNMENT((#8608));
#8610=STYLED_ITEM('',(#8609),#8607);
#8611=DIRECTION('',(0.E0,-2.664535259100E-13,-1.E0));
#8612=VECTOR('',#8611,3.E-2);
#8613=CARTESIAN_POINT('',(-6.366740273237E0,1.729003560394E0,-8.52E0));
#8614=LINE('',#8613,#8612);
#8615=CURVE_STYLE('',#6196,POSITIVE_LENGTH_MEASURE(2.E-2),#6);
#8616=PRESENTATION_STYLE_ASSIGNMENT((#8615));
#8617=STYLED_ITEM('',(#8616),#8614);
#8618=DIRECTION('',(0.E0,-1.480297366167E-14,-1.E0));
#8619=VECTOR('',#8618,3.E-2);
#8620=CARTESIAN_POINT('',(-6.332804661223E0,1.581387881043E0,-8.52E0));
#8621=LINE('',#8620,#8619);
#8622=CURVE_STYLE('',#6196,POSITIVE_LENGTH_MEASURE(2.E-2),#6);
#8623=PRESENTATION_STYLE_ASSIGNMENT((#8622));
#8624=STYLED_ITEM('',(#8623),#8621);
#8625=DIRECTION('',(2.051102310791E-13,-1.E0,0.E0));
#8626=VECTOR('',#8625,4.330249227586E-2);
#8627=CARTESIAN_POINT('',(-6.217679715157E0,1.543302492276E0,-8.55E0));
#8628=LINE('',#8627,#8626);
#8629=CURVE_STYLE('',#6196,POSITIVE_LENGTH_MEASURE(2.E-2),#6);
#8630=PRESENTATION_STYLE_ASSIGNMENT((#8629));
#8631=STYLED_ITEM('',(#8630),#8628);
#8632=DIRECTION('',(2.960594732334E-14,-2.220446049250E-14,-1.E0));
#8633=VECTOR('',#8632,3.E-2);
#8634=CARTESIAN_POINT('',(-6.217679715157E0,1.543302492276E0,-8.52E0));
#8635=LINE('',#8634,#8633);
#8636=CURVE_STYLE('',#6196,POSITIVE_LENGTH_MEASURE(2.E-2),#6);
#8637=PRESENTATION_STYLE_ASSIGNMENT((#8636));
#8638=STYLED_ITEM('',(#8637),#8635);
#8639=DIRECTION('',(-1.E0,0.E0,0.E0));
#8640=VECTOR('',#8639,4.779928582900E-1);
#8641=CARTESIAN_POINT('',(-6.217679715157E0,1.5E0,-8.55E0));
#8642=LINE('',#8641,#8640);
#8643=CURVE_STYLE('',#6196,POSITIVE_LENGTH_MEASURE(2.E-2),#6);
#8644=PRESENTATION_STYLE_ASSIGNMENT((#8643));
#8645=STYLED_ITEM('',(#8644),#8642);
#8646=DIRECTION('',(2.960594732334E-14,0.E0,-1.E0));
#8647=VECTOR('',#8646,3.E-2);
#8648=CARTESIAN_POINT('',(-6.217679715157E0,1.5E0,-8.52E0));
#8649=LINE('',#8648,#8647);
#8650=CURVE_STYLE('',#6196,POSITIVE_LENGTH_MEASURE(2.E-2),#6);
#8651=PRESENTATION_STYLE_ASSIGNMENT((#8650));
#8652=STYLED_ITEM('',(#8651),#8649);
#8653=DIRECTION('',(2.051102310792E-14,1.E0,0.E0));
#8654=VECTOR('',#8653,4.330249227584E-2);
#8655=CARTESIAN_POINT('',(-6.695672573447E0,1.5E0,-8.55E0));
#8656=LINE('',#8655,#8654);
#8657=CURVE_STYLE('',#6196,POSITIVE_LENGTH_MEASURE(2.E-2),#6);
#8658=PRESENTATION_STYLE_ASSIGNMENT((#8657));
#8659=STYLED_ITEM('',(#8658),#8656);
#8660=DIRECTION('',(-2.960594732334E-14,0.E0,-1.E0));
#8661=VECTOR('',#8660,3.E-2);
#8662=CARTESIAN_POINT('',(-6.695672573447E0,1.5E0,-8.52E0));
#8663=LINE('',#8662,#8661);
#8664=CURVE_STYLE('',#6196,POSITIVE_LENGTH_MEASURE(2.E-2),#6);
#8665=PRESENTATION_STYLE_ASSIGNMENT((#8664));
#8666=STYLED_ITEM('',(#8665),#8663);
#8667=DIRECTION('',(0.E0,0.E0,-1.E0));
#8668=VECTOR('',#8667,3.E-2);
#8669=CARTESIAN_POINT('',(-6.695672573447E0,1.543302492276E0,-8.52E0));
#8670=LINE('',#8669,#8668);
#8671=CURVE_STYLE('',#6196,POSITIVE_LENGTH_MEASURE(2.E-2),#6);
#8672=PRESENTATION_STYLE_ASSIGNMENT((#8671));
#8673=STYLED_ITEM('',(#8672),#8670);
#8674=DIRECTION('',(-8.881784197001E-14,-8.141635513918E-14,-1.E0));
#8675=VECTOR('',#8674,3.E-2);
#8676=CARTESIAN_POINT('',(-6.576049043107E0,1.589295201427E0,-8.52E0));
#8677=LINE('',#8676,#8675);
#8678=CURVE_STYLE('',#6196,POSITIVE_LENGTH_MEASURE(2.E-2),#6);
#8679=PRESENTATION_STYLE_ASSIGNMENT((#8678));
#8680=STYLED_ITEM('',(#8679),#8677);
#8681=DIRECTION('',(-4.721493459889E-14,1.E0,0.E0));
#8682=VECTOR('',#8681,7.336441035570E-1);
#8683=CARTESIAN_POINT('',(-6.546612085104E0,1.729003560394E0,-8.55E0));
#8684=LINE('',#8683,#8682);
#8685=CURVE_STYLE('',#6196,POSITIVE_LENGTH_MEASURE(2.E-2),#6);
#8686=PRESENTATION_STYLE_ASSIGNMENT((#8685));
#8687=STYLED_ITEM('',(#8686),#8684);
#8688=DIRECTION('',(-2.960594732334E-14,0.E0,-1.E0));
#8689=VECTOR('',#8688,3.E-2);
#8690=CARTESIAN_POINT('',(-6.546612085104E0,1.729003560394E0,-8.52E0));
#8691=LINE('',#8690,#8689);
#8692=CURVE_STYLE('',#6196,POSITIVE_LENGTH_MEASURE(2.E-2),#6);
#8693=PRESENTATION_STYLE_ASSIGNMENT((#8692));
#8694=STYLED_ITEM('',(#8693),#8691);
#8695=DIRECTION('',(-5.921189464667E-14,-8.881784197001E-14,-1.E0));
#8696=VECTOR('',#8695,3.E-2);
#8697=CARTESIAN_POINT('',(-6.546612085104E0,2.462647663951E0,-8.52E0));
#8698=LINE('',#8697,#8696);
#8699=CURVE_STYLE('',#6196,POSITIVE_LENGTH_MEASURE(2.E-2),#6);
#8700=PRESENTATION_STYLE_ASSIGNMENT((#8699));
#8701=STYLED_ITEM('',(#8700),#8698);
#8702=DIRECTION('',(-1.E0,2.715812587721E-12,-7.900545709733E-14));
#8703=VECTOR('',#8702,2.248397648294E-2);
#8704=CARTESIAN_POINT('',(-6.972975112796E0,1.5E0,-8.55E0));
#8705=LINE('',#8704,#8703);
#8706=CURVE_STYLE('',#6196,POSITIVE_LENGTH_MEASURE(2.E-2),#6);
#8707=PRESENTATION_STYLE_ASSIGNMENT((#8706));
#8708=STYLED_ITEM('',(#8707),#8705);
#8709=DIRECTION('',(5.921189464667E-14,2.220446049250E-14,-1.E0));
#8710=VECTOR('',#8709,3.E-2);
#8711=CARTESIAN_POINT('',(-6.972975112796E0,1.5E0,-8.52E0));
#8712=LINE('',#8711,#8710);
#8713=CURVE_STYLE('',#6196,POSITIVE_LENGTH_MEASURE(2.E-2),#6);
#8714=PRESENTATION_STYLE_ASSIGNMENT((#8713));
#8715=STYLED_ITEM('',(#8714),#8712);
#8716=DIRECTION('',(0.E0,0.E0,-1.E0));
#8717=VECTOR('',#8716,3.E-2);
#8718=CARTESIAN_POINT('',(-6.995459089279E0,1.5E0,-8.52E0));
#8719=LINE('',#8718,#8717);
#8720=CURVE_STYLE('',#6196,POSITIVE_LENGTH_MEASURE(2.E-2),#6);
#8721=PRESENTATION_STYLE_ASSIGNMENT((#8720));
#8722=STYLED_ITEM('',(#8721),#8719);
#8723=DIRECTION('',(-1.633843833088E-13,-1.E0,0.E0));
#8724=VECTOR('',#8723,6.795159991069E-1);
#8725=CARTESIAN_POINT('',(-7.406832735389E0,2.408519559503E0,-8.55E0));
#8726=LINE('',#8725,#8724);
#8727=CURVE_STYLE('',#6196,POSITIVE_LENGTH_MEASURE(2.E-2),#6);
#8728=PRESENTATION_STYLE_ASSIGNMENT((#8727));
#8729=STYLED_ITEM('',(#8728),#8726);
#8730=DIRECTION('',(2.960594732334E-14,7.401486830834E-14,-1.E0));
#8731=VECTOR('',#8730,3.E-2);
#8732=CARTESIAN_POINT('',(-7.406832735389E0,2.408519559503E0,-8.52E0));
#8733=LINE('',#8732,#8731);
#8734=CURVE_STYLE('',#6196,POSITIVE_LENGTH_MEASURE(2.E-2),#6);
#8735=PRESENTATION_STYLE_ASSIGNMENT((#8734));
#8736=STYLED_ITEM('',(#8735),#8733);
#8737=DIRECTION('',(-5.921189464667E-14,2.213044562419E-12,-1.E0));
#8738=VECTOR('',#8737,3.E-2);
#8739=CARTESIAN_POINT('',(-7.406832735389E0,1.729003560396E0,-8.52E0));
#8740=LINE('',#8739,#8738);
#8741=CURVE_STYLE('',#6196,POSITIVE_LENGTH_MEASURE(2.E-2),#6);
#8742=PRESENTATION_STYLE_ASSIGNMENT((#8741));
#8743=STYLED_ITEM('',(#8742),#8740);
#8744=DIRECTION('',(0.E0,0.E0,-1.E0));
#8745=VECTOR('',#8744,3.E-2);
#8746=CARTESIAN_POINT('',(-7.374355860714E0,1.574113869763E0,-8.52E0));
#8747=LINE('',#8746,#8745);
#8748=CURVE_STYLE('',#6196,POSITIVE_LENGTH_MEASURE(2.E-2),#6);
#8749=PRESENTATION_STYLE_ASSIGNMENT((#8748));
#8750=STYLED_ITEM('',(#8749),#8747);
#8751=DIRECTION('',(-1.435771617545E-13,-1.E0,0.E0));
#8752=VECTOR('',#8751,4.330249227611E-2);
#8753=CARTESIAN_POINT('',(-7.257772229612E0,1.543302492276E0,-8.55E0));
#8754=LINE('',#8753,#8752);
#8755=CURVE_STYLE('',#6196,POSITIVE_LENGTH_MEASURE(2.E-2),#6);
#8756=PRESENTATION_STYLE_ASSIGNMENT((#8755));
#8757=STYLED_ITEM('',(#8756),#8754);
#8758=DIRECTION('',(0.E0,0.E0,-1.E0));
#8759=VECTOR('',#8758,3.E-2);
#8760=CARTESIAN_POINT('',(-7.257772229612E0,1.543302492276E0,-8.52E0));
#8761=LINE('',#8760,#8759);
#8762=CURVE_STYLE('',#6196,POSITIVE_LENGTH_MEASURE(2.E-2),#6);
#8763=PRESENTATION_STYLE_ASSIGNMENT((#8762));
#8764=STYLED_ITEM('',(#8763),#8761);
#8765=DIRECTION('',(-1.E0,0.E0,0.E0));
#8766=VECTOR('',#8765,3.822277702020E-1);
#8767=CARTESIAN_POINT('',(-7.257772229612E0,1.5E0,-8.55E0));
#8768=LINE('',#8767,#8766);
#8769=CURVE_STYLE('',#6196,POSITIVE_LENGTH_MEASURE(2.E-2),#6);
#8770=PRESENTATION_STYLE_ASSIGNMENT((#8769));
#8771=STYLED_ITEM('',(#8770),#8768);
#8772=DIRECTION('',(0.E0,0.E0,1.E0));
#8773=VECTOR('',#8772,3.E-2);
#8774=CARTESIAN_POINT('',(-7.639999999814E0,1.5E0,-8.55E0));
#8775=LINE('',#8774,#8773);
#8776=CURVE_STYLE('',#6196,POSITIVE_LENGTH_MEASURE(2.E-2),#6);
#8777=PRESENTATION_STYLE_ASSIGNMENT((#8776));
#8778=STYLED_ITEM('',(#8777),#8775);
#8779=DIRECTION('',(-2.960594732334E-14,0.E0,-1.E0));
#8780=VECTOR('',#8779,3.E-2);
#8781=CARTESIAN_POINT('',(-7.257772229612E0,1.5E0,-8.52E0));
#8782=LINE('',#8781,#8780);
#8783=CURVE_STYLE('',#6196,POSITIVE_LENGTH_MEASURE(2.E-2),#6);
#8784=PRESENTATION_STYLE_ASSIGNMENT((#8783));
#8785=STYLED_ITEM('',(#8784),#8782);
#8786=DIRECTION('',(-6.153306932341E-14,1.E0,0.E0));
#8787=VECTOR('',#8786,4.330249227608E-2);
#8788=CARTESIAN_POINT('',(-7.639999999814E0,1.5E0,-8.52E0));
#8789=LINE('',#8788,#8787);
#8790=CURVE_STYLE('',#6196,POSITIVE_LENGTH_MEASURE(2.E-2),#6);
#8791=PRESENTATION_STYLE_ASSIGNMENT((#8790));
#8792=STYLED_ITEM('',(#8791),#8789);
#8793=CARTESIAN_POINT('',(-7.639999999814E0,1.543302492276E0,-8.52E0));
#8794=CARTESIAN_POINT('',(-7.591701068804E0,1.544967970402E0,-8.52E0));
#8795=CARTESIAN_POINT('',(-7.554227754324E0,1.554128113166E0,-8.52E0));
#8796=CARTESIAN_POINT('',(-7.529245553246E0,1.572448394538E0,-8.52E0));
#8798=CURVE_STYLE('',#6196,POSITIVE_LENGTH_MEASURE(2.E-2),#6);
#8799=PRESENTATION_STYLE_ASSIGNMENT((#8798));
#8800=STYLED_ITEM('',(#8799),#8797);
#8801=CARTESIAN_POINT('',(-7.529245553246E0,1.572448394538E0,-8.52E0));
#8802=CARTESIAN_POINT('',(-7.504263340831E0,1.590768684224E0,-8.52E0));
#8803=CARTESIAN_POINT('',(-7.490939498396E0,1.642398575844E0,-8.52E0));
#8804=CARTESIAN_POINT('',(-7.490939498395E0,1.729003560393E0,-8.52E0));
#8806=CURVE_STYLE('',#6196,POSITIVE_LENGTH_MEASURE(2.E-2),#6);
#8807=PRESENTATION_STYLE_ASSIGNMENT((#8806));
#8808=STYLED_ITEM('',(#8807),#8805);
#8809=DIRECTION('',(-3.495491945294E-13,1.E0,0.E0));
#8810=VECTOR('',#8809,6.936726285540E-1);
#8811=CARTESIAN_POINT('',(-7.490939498395E0,1.729003560393E0,-8.52E0));
#8812=LINE('',#8811,#8810);
#8813=CURVE_STYLE('',#6196,POSITIVE_LENGTH_MEASURE(2.E-2),#6);
#8814=PRESENTATION_STYLE_ASSIGNMENT((#8813));
#8815=STYLED_ITEM('',(#8814),#8812);
#8816=CARTESIAN_POINT('',(-7.490939498395E0,2.422676188947E0,-8.52E0));
#8817=CARTESIAN_POINT('',(-7.490939498395E0,2.497622800470E0,-8.52E0));
#8818=CARTESIAN_POINT('',(-7.502597871423E0,2.546754426956E0,-8.52E0));
#8819=CARTESIAN_POINT('',(-7.526123335209E0,2.571540197187E0,-8.52E0));
#8821=CURVE_STYLE('',#6196,POSITIVE_LENGTH_MEASURE(2.E-2),#6);
#8822=PRESENTATION_STYLE_ASSIGNMENT((#8821));
#8823=STYLED_ITEM('',(#8822),#8820);
#8824=CARTESIAN_POINT('',(-7.526123335209E0,2.571540197187E0,-8.52E0));
#8825=CARTESIAN_POINT('',(-7.549231319949E0,2.595886123180E0,-8.52E0));
#8826=CARTESIAN_POINT('',(-7.587537369132E0,2.608377213478E0,-8.52E0));
#8827=CARTESIAN_POINT('',(-7.639999999814E0,2.608377213478E0,-8.52E0));
#8829=CURVE_STYLE('',#6196,POSITIVE_LENGTH_MEASURE(2.E-2),#6);
#8830=PRESENTATION_STYLE_ASSIGNMENT((#8829));
#8831=STYLED_ITEM('',(#8830),#8828);
#8832=DIRECTION('',(0.E0,1.E0,0.E0));
#8833=VECTOR('',#8832,4.330248355882E-2);
#8834=CARTESIAN_POINT('',(-7.639999999814E0,2.608377213478E0,-8.52E0));
#8835=LINE('',#8834,#8833);
#8836=CURVE_STYLE('',#6196,POSITIVE_LENGTH_MEASURE(2.E-2),#6);
#8837=PRESENTATION_STYLE_ASSIGNMENT((#8836));
#8838=STYLED_ITEM('',(#8837),#8835);
#8839=DIRECTION('',(1.E0,-1.903630609259E-13,0.E0));
#8840=VECTOR('',#8839,3.289324004579E-1);
#8841=CARTESIAN_POINT('',(-7.639999999814E0,2.651679697037E0,-8.52E0));
#8842=LINE('',#8841,#8840);
#8843=CURVE_STYLE('',#6196,POSITIVE_LENGTH_MEASURE(2.E-2),#6);
#8844=PRESENTATION_STYLE_ASSIGNMENT((#8843));
#8845=STYLED_ITEM('',(#8844),#8842);
#8846=DIRECTION('',(4.102153481398E-1,-9.119886886089E-1,0.E0));
#8847=VECTOR('',#8846,9.277133026368E-1);
#8848=CARTESIAN_POINT('',(-7.311067599356E0,2.651679697037E0,-8.52E0));
#8849=LINE('',#8848,#8847);
#8850=CURVE_STYLE('',#6196,POSITIVE_LENGTH_MEASURE(2.E-2),#6);
#8851=PRESENTATION_STYLE_ASSIGNMENT((#8850));
#8852=STYLED_ITEM('',(#8851),#8849);
#8853=DIRECTION('',(4.079719532035E-1,9.129944607714E-1,0.E0));
#8854=VECTOR('',#8853,9.266913159165E-1);
#8855=CARTESIAN_POINT('',(-6.930505363941E0,1.805615658760E0,-8.52E0));
#8856=LINE('',#8855,#8854);
#8857=CURVE_STYLE('',#6196,POSITIVE_LENGTH_MEASURE(2.E-2),#6);
#8858=PRESENTATION_STYLE_ASSIGNMENT((#8857));
#8859=STYLED_ITEM('',(#8858),#8856);
#8860=DIRECTION('',(1.E0,1.207191033718E-13,0.E0));
#8861=VECTOR('',#8860,3.347615826129E-1);
#8862=CARTESIAN_POINT('',(-6.552441297770E0,2.651679697037E0,-8.52E0));
#8863=LINE('',#8862,#8861);
#8864=CURVE_STYLE('',#6196,POSITIVE_LENGTH_MEASURE(2.E-2),#6);
#8865=PRESENTATION_STYLE_ASSIGNMENT((#8864));
#8866=STYLED_ITEM('',(#8865),#8863);
#8867=DIRECTION('',(2.461323268408E-13,-1.E0,0.E0));
#8868=VECTOR('',#8867,4.330248355916E-2);
#8869=CARTESIAN_POINT('',(-6.217679715157E0,2.651679697037E0,-8.52E0));
#8870=LINE('',#8869,#8868);
#8871=CURVE_STYLE('',#6196,POSITIVE_LENGTH_MEASURE(2.E-2),#6);
#8872=PRESENTATION_STYLE_ASSIGNMENT((#8871));
#8873=STYLED_ITEM('',(#8872),#8870);
#8874=CARTESIAN_POINT('',(-6.217679715157E0,2.608377213478E0,-8.52E0));
#8875=CARTESIAN_POINT('',(-6.292626396418E0,2.603380805254E0,-8.52E0));
#8876=CARTESIAN_POINT('',(-6.336761544943E0,2.585893236995E0,-8.52E0));
#8877=CARTESIAN_POINT('',(-6.348642407041E0,2.555166929835E0,-8.52E0));
#8879=CURVE_STYLE('',#6196,POSITIVE_LENGTH_MEASURE(2.E-2),#6);
#8880=PRESENTATION_STYLE_ASSIGNMENT((#8879));
#8881=STYLED_ITEM('',(#8880),#8878);
#8882=CARTESIAN_POINT('',(-6.348642407041E0,2.555166929835E0,-8.52E0));
#8883=CARTESIAN_POINT('',(-6.360911060572E0,2.523437715769E0,-8.52E0));
#8884=CARTESIAN_POINT('',(-6.366740273238E0,2.479302497506E0,-8.52E0));
#8885=CARTESIAN_POINT('',(-6.366740273237E0,2.422676188946E0,-8.52E0));
#8887=CURVE_STYLE('',#6196,POSITIVE_LENGTH_MEASURE(2.E-2),#6);
#8888=PRESENTATION_STYLE_ASSIGNMENT((#8887));
#8889=STYLED_ITEM('',(#8888),#8886);
#8890=DIRECTION('',(7.554359881793E-14,-1.E0,0.E0));
#8891=VECTOR('',#8890,6.936726285520E-1);
#8892=CARTESIAN_POINT('',(-6.366740273237E0,2.422676188946E0,-8.52E0));
#8893=LINE('',#8892,#8891);
#8894=CURVE_STYLE('',#6196,POSITIVE_LENGTH_MEASURE(2.E-2),#6);
#8895=PRESENTATION_STYLE_ASSIGNMENT((#8894));
#8896=STYLED_ITEM('',(#8895),#8893);
#8897=CARTESIAN_POINT('',(-6.366740273237E0,1.729003560394E0,-8.52E0));
#8898=CARTESIAN_POINT('',(-6.366740273237E0,1.652391462028E0,-8.52E0));
#8899=CARTESIAN_POINT('',(-6.355914652347E0,1.603259783238E0,-8.52E0));
#8900=CARTESIAN_POINT('',(-6.332804661223E0,1.581387881043E0,-8.52E0));
#8902=CURVE_STYLE('',#6196,POSITIVE_LENGTH_MEASURE(2.E-2),#6);
#8903=PRESENTATION_STYLE_ASSIGNMENT((#8902));
#8904=STYLED_ITEM('',(#8903),#8901);
#8905=CARTESIAN_POINT('',(-6.332804661223E0,1.581387881043E0,-8.52E0));
#8906=CARTESIAN_POINT('',(-6.309281090497E0,1.559124556259E0,-8.52E0));
#8907=CARTESIAN_POINT('',(-6.270975154638E0,1.546633452885E0,-8.52E0));
#8908=CARTESIAN_POINT('',(-6.217679715157E0,1.543302492276E0,-8.52E0));
#8910=CURVE_STYLE('',#6196,POSITIVE_LENGTH_MEASURE(2.E-2),#6);
#8911=PRESENTATION_STYLE_ASSIGNMENT((#8910));
#8912=STYLED_ITEM('',(#8911),#8909);
#8913=DIRECTION('',(2.256212541870E-13,-1.E0,0.E0));
#8914=VECTOR('',#8913,4.330249227586E-2);
#8915=CARTESIAN_POINT('',(-6.217679715157E0,1.543302492276E0,-8.52E0));
#8916=LINE('',#8915,#8914);
#8917=CURVE_STYLE('',#6196,POSITIVE_LENGTH_MEASURE(2.E-2),#6);
#8918=PRESENTATION_STYLE_ASSIGNMENT((#8917));
#8919=STYLED_ITEM('',(#8918),#8916);
#8920=DIRECTION('',(-1.E0,0.E0,0.E0));
#8921=VECTOR('',#8920,4.779928582900E-1);
#8922=CARTESIAN_POINT('',(-6.217679715157E0,1.5E0,-8.52E0));
#8923=LINE('',#8922,#8921);
#8924=CURVE_STYLE('',#6196,POSITIVE_LENGTH_MEASURE(2.E-2),#6);
#8925=PRESENTATION_STYLE_ASSIGNMENT((#8924));
#8926=STYLED_ITEM('',(#8925),#8923);
#8927=DIRECTION('',(0.E0,1.E0,0.E0));
#8928=VECTOR('',#8927,4.330249227584E-2);
#8929=CARTESIAN_POINT('',(-6.695672573447E0,1.5E0,-8.52E0));
#8930=LINE('',#8929,#8928);
#8931=CURVE_STYLE('',#6196,POSITIVE_LENGTH_MEASURE(2.E-2),#6);
#8932=PRESENTATION_STYLE_ASSIGNMENT((#8931));
#8933=STYLED_ITEM('',(#8932),#8930);
#8934=CARTESIAN_POINT('',(-6.695672573447E0,1.543302492276E0,-8.52E0));
#8935=CARTESIAN_POINT('',(-6.635715326071E0,1.543302492276E0,-8.52E0));
#8936=CARTESIAN_POINT('',(-6.595743781329E0,1.559124556259E0,-8.52E0));
#8937=CARTESIAN_POINT('',(-6.576049043107E0,1.589295201427E0,-8.52E0));
#8939=CURVE_STYLE('',#6196,POSITIVE_LENGTH_MEASURE(2.E-2),#6);
#8940=PRESENTATION_STYLE_ASSIGNMENT((#8939));
#8941=STYLED_ITEM('',(#8940),#8938);
#8942=CARTESIAN_POINT('',(-6.576049043107E0,1.589295201427E0,-8.52E0));
#8943=CARTESIAN_POINT('',(-6.556604971290E0,1.619081847221E0,-8.52E0));
#8944=CARTESIAN_POINT('',(-6.546612085104E0,1.665715304464E0,-8.52E0));
#8945=CARTESIAN_POINT('',(-6.546612085104E0,1.729003560394E0,-8.52E0));
#8947=CURVE_STYLE('',#6196,POSITIVE_LENGTH_MEASURE(2.E-2),#6);
#8948=PRESENTATION_STYLE_ASSIGNMENT((#8947));
#8949=STYLED_ITEM('',(#8948),#8946);
#8950=DIRECTION('',(-4.842557394758E-14,1.E0,0.E0));
#8951=VECTOR('',#8950,7.336441035570E-1);
#8952=CARTESIAN_POINT('',(-6.546612085104E0,1.729003560394E0,-8.52E0));
#8953=LINE('',#8952,#8951);
#8954=CURVE_STYLE('',#6196,POSITIVE_LENGTH_MEASURE(2.E-2),#6);
#8955=PRESENTATION_STYLE_ASSIGNMENT((#8954));
#8956=STYLED_ITEM('',(#8955),#8953);
#8957=DIRECTION('',(-4.049639825949E-1,-9.143326379392E-1,0.E0));
#8958=VECTOR('',#8957,1.052841847712E0);
#8959=CARTESIAN_POINT('',(-6.546612085104E0,2.462647663951E0,-8.52E0));
#8960=LINE('',#8959,#8958);
#8961=CURVE_STYLE('',#6196,POSITIVE_LENGTH_MEASURE(2.E-2),#6);
#8962=PRESENTATION_STYLE_ASSIGNMENT((#8961));
#8963=STYLED_ITEM('',(#8962),#8960);
#8964=DIRECTION('',(-1.E0,2.715812587721E-12,0.E0));
#8965=VECTOR('',#8964,2.248397648294E-2);
#8966=CARTESIAN_POINT('',(-6.972975112796E0,1.5E0,-8.52E0));
#8967=LINE('',#8966,#8965);
#8968=CURVE_STYLE('',#6196,POSITIVE_LENGTH_MEASURE(2.E-2),#6);
#8969=PRESENTATION_STYLE_ASSIGNMENT((#8968));
#8970=STYLED_ITEM('',(#8969),#8967);
#8971=DIRECTION('',(-4.124813949224E-1,9.109660250761E-1,0.E0));
#8972=VECTOR('',#8971,9.973144272061E-1);
#8973=CARTESIAN_POINT('',(-6.995459089279E0,1.5E0,-8.52E0));
#8974=LINE('',#8973,#8972);
#8975=CURVE_STYLE('',#6196,POSITIVE_LENGTH_MEASURE(2.E-2),#6);
#8976=PRESENTATION_STYLE_ASSIGNMENT((#8975));
#8977=STYLED_ITEM('',(#8976),#8974);
#8978=DIRECTION('',(-1.646914583752E-13,-1.E0,0.E0));
#8979=VECTOR('',#8978,6.795159991070E-1);
#8980=CARTESIAN_POINT('',(-7.406832735389E0,2.408519559503E0,-8.52E0));
#8981=LINE('',#8980,#8979);
#8982=CURVE_STYLE('',#6196,POSITIVE_LENGTH_MEASURE(2.E-2),#6);
#8983=PRESENTATION_STYLE_ASSIGNMENT((#8982));
#8984=STYLED_ITEM('',(#8983),#8981);
#8985=CARTESIAN_POINT('',(-7.406832735389E0,1.729003560396E0,-8.52E0));
#8986=CARTESIAN_POINT('',(-7.406832735389E0,1.642398575843E0,-8.52E0));
#8987=CARTESIAN_POINT('',(-7.396007131935E0,1.590768684223E0,-8.52E0));
#8988=CARTESIAN_POINT('',(-7.374355860714E0,1.574113869763E0,-8.52E0));
#8990=CURVE_STYLE('',#6196,POSITIVE_LENGTH_MEASURE(2.E-2),#6);
#8991=PRESENTATION_STYLE_ASSIGNMENT((#8990));
#8992=STYLED_ITEM('',(#8991),#8989);
#8993=CARTESIAN_POINT('',(-7.374355860714E0,1.574113869763E0,-8.52E0));
#8994=CARTESIAN_POINT('',(-7.352704613507E0,1.557459073775E0,-8.52E0));
#8995=CARTESIAN_POINT('',(-7.313565838337E0,1.546633452885E0,-8.52E0));
#8996=CARTESIAN_POINT('',(-7.257772229612E0,1.543302492276E0,-8.52E0));
#8998=CURVE_STYLE('',#6196,POSITIVE_LENGTH_MEASURE(2.E-2),#6);
#8999=PRESENTATION_STYLE_ASSIGNMENT((#8998));
#9000=STYLED_ITEM('',(#8999),#8997);
#9001=DIRECTION('',(-1.640881848623E-13,-1.E0,0.E0));
#9002=VECTOR('',#9001,4.330249227611E-2);
#9003=CARTESIAN_POINT('',(-7.257772229612E0,1.543302492276E0,-8.52E0));
#9004=LINE('',#9003,#9002);
#9005=CURVE_STYLE('',#6196,POSITIVE_LENGTH_MEASURE(2.E-2),#6);
#9006=PRESENTATION_STYLE_ASSIGNMENT((#9005));
#9007=STYLED_ITEM('',(#9006),#9004);
#9008=DIRECTION('',(-1.E0,0.E0,0.E0));
#9009=VECTOR('',#9008,3.822277702020E-1);
#9010=CARTESIAN_POINT('',(-7.257772229612E0,1.5E0,-8.52E0));
#9011=LINE('',#9010,#9009);
#9012=CURVE_STYLE('',#6196,POSITIVE_LENGTH_MEASURE(2.E-2),#6);
#9013=PRESENTATION_STYLE_ASSIGNMENT((#9012));
#9014=STYLED_ITEM('',(#9013),#9011);
#9015=CARTESIAN_POINT('',(-1.355347525687E1,-3.303509373466E0,
-8.654886763121E0));
#9016=CARTESIAN_POINT('',(-1.355347525692E1,3.303509373468E0,
-8.654886763144E0));
#9017=VERTEX_POINT('',#9015);
#9018=VERTEX_POINT('',#9016);
#9019=CARTESIAN_POINT('',(-1.320350937350E1,-3.303509373499E0,
-8.999999999999E0));
#9020=CARTESIAN_POINT('',(-1.320350937350E1,3.303509373499E0,
-8.999999999999E0));
#9021=VERTEX_POINT('',#9019);
#9022=VERTEX_POINT('',#9020);
#9023=CARTESIAN_POINT('',(-1.380698177077E1,3.557015887344E0,9.5E0));
#9024=VERTEX_POINT('',#9023);
#9025=CARTESIAN_POINT('',(-1.380698177070E1,-3.557015887293E0,9.5E0));
#9026=VERTEX_POINT('',#9025);
#9027=VERTEX_POINT('',#6531);
#9028=CARTESIAN_POINT('',(-1.320350937350E1,3.653475256902E0,
-8.654886763119E0));
#9029=VERTEX_POINT('',#9028);
#9030=CARTESIAN_POINT('',(1.320350937349E1,3.653475256902E0,-8.654886763120E0));
#9031=VERTEX_POINT('',#9030);
#9032=CARTESIAN_POINT('',(1.320350937350E1,3.303509373499E0,-8.999999999999E0));
#9033=VERTEX_POINT('',#9032);
#9034=CARTESIAN_POINT('',(-1.334301101073E1,3.893018227468E0,8.499999863700E0));
#9035=CARTESIAN_POINT('',(1.334301101071E1,3.893018227462E0,8.499999863235E0));
#9036=VERTEX_POINT('',#9034);
#9037=VERTEX_POINT('',#9035);
#9038=CARTESIAN_POINT('',(1.345701588732E1,3.906981770725E0,9.5E0));
#9039=VERTEX_POINT('',#9038);
#9040=VERTEX_POINT('',#6290);
#9041=CARTESIAN_POINT('',(-1.324299016165E1,3.442974361083E0,8.500000013249E0));
#9042=CARTESIAN_POINT('',(1.324298833661E1,3.442974361134E0,8.500000021401E0));
#9043=VERTEX_POINT('',#9041);
#9044=VERTEX_POINT('',#9042);
#9045=CARTESIAN_POINT('',(-1.334299236410E1,3.342925931536E0,8.499999745847E0));
#9046=VERTEX_POINT('',#9045);
#9047=VERTEX_POINT('',#6423);
#9048=VERTEX_POINT('',#6426);
#9049=CARTESIAN_POINT('',(1.334299236410E1,-3.342925908407E0,8.499999745754E0));
#9050=VERTEX_POINT('',#9049);
#9051=CARTESIAN_POINT('',(1.334299236415E1,3.342925911635E0,8.499999750022E0));
#9052=VERTEX_POINT('',#9051);
#9053=VERTEX_POINT('',#6309);
#9054=CARTESIAN_POINT('',(1.355347525690E1,3.303509373499E0,-8.654886763118E0));
#9055=VERTEX_POINT('',#9054);
#9056=CARTESIAN_POINT('',(1.355347525692E1,-3.303509373467E0,
-8.654886763144E0));
#9057=VERTEX_POINT('',#9056);
#9058=CARTESIAN_POINT('',(1.320350937351E1,-3.303509373499E0,
-8.999999999999E0));
#9059=VERTEX_POINT('',#9058);
#9060=CARTESIAN_POINT('',(1.380698177077E1,-3.557015887325E0,9.5E0));
#9061=VERTEX_POINT('',#9060);
#9062=VERTEX_POINT('',#6380);
#9063=CARTESIAN_POINT('',(1.320350937351E1,-3.653475256902E0,
-8.654886763119E0));
#9064=VERTEX_POINT('',#9063);
#9065=CARTESIAN_POINT('',(-1.320350937349E1,-3.653475256902E0,
-8.654886763120E0));
#9066=VERTEX_POINT('',#9065);
#9067=CARTESIAN_POINT('',(-1.345701588732E1,-3.906981770725E0,9.5E0));
#9068=VERTEX_POINT('',#9067);
#9069=CARTESIAN_POINT('',(-1.335698177072E1,-3.906981770725E0,9.5E0));
#9070=VERTEX_POINT('',#9069);
#9071=VERTEX_POINT('',#6495);
#9072=CARTESIAN_POINT('',(-1.334299236415E1,-3.342925938049E0,
8.499999750068E0));
#9073=VERTEX_POINT('',#9072);
#9074=CARTESIAN_POINT('',(-1.335698177072E1,3.906981770725E0,9.5E0));
#9075=VERTEX_POINT('',#9074);
#9076=CARTESIAN_POINT('',(-1.310627283709E1,-3.106282584691E0,
-8.451396218034E0));
#9077=VERTEX_POINT('',#9076);
#9078=CARTESIAN_POINT('',(-1.310627283709E1,3.106282584691E0,
-8.451396218034E0));
#9079=VERTEX_POINT('',#9078);
#9080=CARTESIAN_POINT('',(-1.310627283709E1,1.004709771059E0,
-8.451396218034E0));
#9081=CARTESIAN_POINT('',(-1.331434910083E1,8.746672563699E-1,6.45E0));
#9082=VERTEX_POINT('',#9080);
#9083=VERTEX_POINT('',#9081);
#9084=CARTESIAN_POINT('',(-1.330387713592E1,3.299453247670E-1,
5.700049498835E0));
#9085=CARTESIAN_POINT('',(-1.310627283709E1,2.064475289407E-1,
-8.451396218034E0));
#9086=VERTEX_POINT('',#9084);
#9087=VERTEX_POINT('',#9085);
#9088=CARTESIAN_POINT('',(-1.310627283709E1,-1.295290228941E0,
-8.451396218034E0));
#9089=CARTESIAN_POINT('',(-1.330387713592E1,-1.418788024763E0,
5.700049498822E0));
#9090=VERTEX_POINT('',#9088);
#9091=VERTEX_POINT('',#9089);
#9092=CARTESIAN_POINT('',(-1.331434910083E1,-1.963509956368E0,6.45E0));
#9093=CARTESIAN_POINT('',(-1.310627283709E1,-2.093552471058E0,
-8.451396218034E0));
#9094=VERTEX_POINT('',#9092);
#9095=VERTEX_POINT('',#9093);
#9096=VERTEX_POINT('',#6628);
#9097=CARTESIAN_POINT('',(-1.300628258469E1,-3.106282584691E0,
-8.549999999999E0));
#9098=VERTEX_POINT('',#9097);
#9099=CARTESIAN_POINT('',(-1.300628258469E1,-3.206272837092E0,
-8.451396218034E0));
#9100=VERTEX_POINT('',#9099);
#9101=CARTESIAN_POINT('',(-1.300628258469E1,-2.093552471059E0,-8.55E0));
#9102=VERTEX_POINT('',#9101);
#9103=CARTESIAN_POINT('',(-1.300628258469E1,-1.993556278753E0,
-8.450872653550E0));
#9104=VERTEX_POINT('',#9103);
#9105=CARTESIAN_POINT('',(-1.250086507125E1,-1.993556278753E0,
-8.450872653550E0));
#9106=VERTEX_POINT('',#9105);
#9107=VERTEX_POINT('',#6685);
#9108=CARTESIAN_POINT('',(-1.321435153763E1,-1.863518333099E0,6.45E0));
#9109=VERTEX_POINT('',#9108);
#9110=CARTESIAN_POINT('',(-1.263090301686E1,-1.863518333139E0,6.45E0));
#9111=VERTEX_POINT('',#9110);
#9112=CARTESIAN_POINT('',(-1.331434910083E1,-1.725324366861E0,6.45E0));
#9113=VERTEX_POINT('',#9112);
#9114=CARTESIAN_POINT('',(-1.263090301686E1,-1.725324366861E0,6.45E0));
#9115=VERTEX_POINT('',#9114);
#9116=VERTEX_POINT('',#6752);
#9117=CARTESIAN_POINT('',(-1.300628258469E1,-1.295290228941E0,
-8.549999999999E0));
#9118=VERTEX_POINT('',#9117);
#9119=CARTESIAN_POINT('',(-1.300628258469E1,-1.395286421247E0,
-8.450872653550E0));
#9120=VERTEX_POINT('',#9119);
#9121=CARTESIAN_POINT('',(-1.300628258469E1,2.064475289405E-1,-8.55E0));
#9122=VERTEX_POINT('',#9121);
#9123=CARTESIAN_POINT('',(-1.300628258469E1,3.064437212469E-1,
-8.450872653550E0));
#9124=VERTEX_POINT('',#9123);
#9125=CARTESIAN_POINT('',(-1.250086507125E1,3.064437212469E-1,
-8.450872653550E0));
#9126=VERTEX_POINT('',#9125);
#9127=VERTEX_POINT('',#6818);
#9128=CARTESIAN_POINT('',(-1.320737003275E1,4.321183991516E-1,
5.950019038466E0));
#9129=VERTEX_POINT('',#9128);
#9130=CARTESIAN_POINT('',(-1.262653974911E1,4.321183991122E-1,
5.950019038468E0));
#9131=VERTEX_POINT('',#9130);
#9132=VERTEX_POINT('',#6875);
#9133=CARTESIAN_POINT('',(-1.263090301686E1,6.364816668613E-1,6.45E0));
#9134=VERTEX_POINT('',#9133);
#9135=VERTEX_POINT('',#6894);
#9136=CARTESIAN_POINT('',(-1.300628258469E1,1.004709771059E0,
-8.549999999999E0));
#9137=VERTEX_POINT('',#9136);
#9138=CARTESIAN_POINT('',(-1.300628258469E1,9.047135787526E-1,
-8.450872653550E0));
#9139=VERTEX_POINT('',#9138);
#9140=CARTESIAN_POINT('',(-1.300628258469E1,3.106282584691E0,-8.55E0));
#9141=VERTEX_POINT('',#9140);
#9142=CARTESIAN_POINT('',(-7.639999999814E0,1.5E0,-8.55E0));
#9143=CARTESIAN_POINT('',(-7.639999999814E0,1.543302492276E0,-8.55E0));
#9144=VERTEX_POINT('',#9142);
#9145=VERTEX_POINT('',#9143);
#9146=CARTESIAN_POINT('',(-7.257772229612E0,1.5E0,-8.55E0));
#9147=VERTEX_POINT('',#9146);
#9148=CARTESIAN_POINT('',(-7.257772229612E0,1.543302492276E0,-8.55E0));
#9149=VERTEX_POINT('',#9148);
#9150=VERTEX_POINT('',#6966);
#9151=VERTEX_POINT('',#6974);
#9152=CARTESIAN_POINT('',(-7.406832735389E0,2.408519559503E0,-8.55E0));
#9153=VERTEX_POINT('',#9152);
#9154=CARTESIAN_POINT('',(-6.995459089279E0,1.5E0,-8.55E0));
#9155=VERTEX_POINT('',#9154);
#9156=CARTESIAN_POINT('',(-6.972975112796E0,1.5E0,-8.55E0));
#9157=VERTEX_POINT('',#9156);
#9158=CARTESIAN_POINT('',(-6.546612085104E0,2.462647663951E0,-8.55E0));
#9159=VERTEX_POINT('',#9158);
#9160=CARTESIAN_POINT('',(-6.546612085104E0,1.729003560394E0,-8.55E0));
#9161=VERTEX_POINT('',#9160);
#9162=VERTEX_POINT('',#6996);
#9163=VERTEX_POINT('',#7004);
#9164=CARTESIAN_POINT('',(-6.695672573447E0,1.5E0,-8.55E0));
#9165=VERTEX_POINT('',#9164);
#9166=CARTESIAN_POINT('',(-6.217679715157E0,1.5E0,-8.55E0));
#9167=VERTEX_POINT('',#9166);
#9168=CARTESIAN_POINT('',(-6.217679715157E0,1.543302492276E0,-8.55E0));
#9169=VERTEX_POINT('',#9168);
#9170=VERTEX_POINT('',#7012);
#9171=VERTEX_POINT('',#7020);
#9172=CARTESIAN_POINT('',(-6.366740273237E0,2.422676188946E0,-8.55E0));
#9173=VERTEX_POINT('',#9172);
#9174=VERTEX_POINT('',#7028);
#9175=VERTEX_POINT('',#7036);
#9176=CARTESIAN_POINT('',(-6.217679715157E0,2.651679697037E0,-8.55E0));
#9177=VERTEX_POINT('',#9176);
#9178=CARTESIAN_POINT('',(-6.552441297770E0,2.651679697037E0,-8.55E0));
#9179=VERTEX_POINT('',#9178);
#9180=CARTESIAN_POINT('',(-6.930505363941E0,1.805615658760E0,-8.55E0));
#9181=VERTEX_POINT('',#9180);
#9182=CARTESIAN_POINT('',(-7.311067599356E0,2.651679697037E0,-8.55E0));
#9183=VERTEX_POINT('',#9182);
#9184=CARTESIAN_POINT('',(-7.639999999814E0,2.651679697037E0,-8.55E0));
#9185=VERTEX_POINT('',#9184);
#9186=CARTESIAN_POINT('',(-7.639999999814E0,2.608377213478E0,-8.55E0));
#9187=VERTEX_POINT('',#9186);
#9188=VERTEX_POINT('',#7058);
#9189=VERTEX_POINT('',#7066);
#9190=CARTESIAN_POINT('',(-7.490939498395E0,1.729003560393E0,-8.55E0));
#9191=VERTEX_POINT('',#9190);
#9192=VERTEX_POINT('',#7074);
#9193=CARTESIAN_POINT('',(-1.275865071245E0,3.106282584691E0,
-8.450872653550E0));
#9194=CARTESIAN_POINT('',(-1.275868462531E0,2.399999634367E0,
-8.450436323149E0));
#9195=VERTEX_POINT('',#9193);
#9196=VERTEX_POINT('',#9194);
#9197=CARTESIAN_POINT('',(-1.175868878941E0,3.106282584691E0,-8.55E0));
#9198=CARTESIAN_POINT('',(-1.175868878941E0,2.3E0,-8.55E0));
#9199=VERTEX_POINT('',#9197);
#9200=VERTEX_POINT('',#9198);
#9201=CARTESIAN_POINT('',(-1.292453735579E0,3.132825498777E0,-6.55E0));
#9202=VERTEX_POINT('',#9201);
#9203=CARTESIAN_POINT('',(-1.292453735582E0,2.399999925634E0,-6.55E0));
#9204=VERTEX_POINT('',#9203);
#9205=VERTEX_POINT('',#7150);
#9206=CARTESIAN_POINT('',(-1.175868879036E0,3.206272837244E0,
-8.451396207102E0));
#9207=VERTEX_POINT('',#9206);
#9208=CARTESIAN_POINT('',(-1.807537887646E0,3.232823061993E0,-6.55E0));
#9209=CARTESIAN_POINT('',(-1.824131121066E0,3.206272837081E0,
-8.451396218795E0));
#9210=VERTEX_POINT('',#9208);
#9211=VERTEX_POINT('',#9209);
#9212=CARTESIAN_POINT('',(-1.300628320404E1,3.206272837007E0,
-8.451396225919E0));
#9213=VERTEX_POINT('',#9212);
#9214=CARTESIAN_POINT('',(1.300628058820E1,3.206272837306E0,-8.451396201095E0));
#9215=VERTEX_POINT('',#9214);
#9216=CARTESIAN_POINT('',(-1.724134928746E0,3.106282584691E0,
-8.450872653550E0));
#9217=CARTESIAN_POINT('',(-1.707546264410E0,3.132825498775E0,-6.55E0));
#9218=VERTEX_POINT('',#9216);
#9219=VERTEX_POINT('',#9217);
#9220=CARTESIAN_POINT('',(-1.707546264418E0,2.399999925634E0,-6.55E0));
#9221=VERTEX_POINT('',#9220);
#9222=CARTESIAN_POINT('',(-1.824131121059E0,2.3E0,-8.55E0));
#9223=CARTESIAN_POINT('',(-1.824131121059E0,3.106282584691E0,-8.55E0));
#9224=VERTEX_POINT('',#9222);
#9225=VERTEX_POINT('',#9223);
#9226=CARTESIAN_POINT('',(-1.724131537469E0,2.399999634367E0,
-8.450436323149E0));
#9227=VERTEX_POINT('',#9226);
#9228=CARTESIAN_POINT('',(1.310627283709E1,2.064475289405E-1,
-8.451396218034E0));
#9229=CARTESIAN_POINT('',(1.330387713592E1,3.299453247644E-1,5.700049498821E0));
#9230=VERTEX_POINT('',#9228);
#9231=VERTEX_POINT('',#9229);
#9232=CARTESIAN_POINT('',(1.331434910083E1,8.746672563679E-1,6.45E0));
#9233=CARTESIAN_POINT('',(1.310627283709E1,1.004709771059E0,-8.451396218034E0));
#9234=VERTEX_POINT('',#9232);
#9235=VERTEX_POINT('',#9233);
#9236=CARTESIAN_POINT('',(1.310627283709E1,3.106282584691E0,-8.451396218034E0));
#9237=VERTEX_POINT('',#9236);
#9238=CARTESIAN_POINT('',(1.310627283709E1,-3.106282584691E0,
-8.451396218034E0));
#9239=VERTEX_POINT('',#9238);
#9240=CARTESIAN_POINT('',(1.310627283709E1,-2.093552471060E0,
-8.451396218034E0));
#9241=CARTESIAN_POINT('',(1.331434910083E1,-1.963509956370E0,6.45E0));
#9242=VERTEX_POINT('',#9240);
#9243=VERTEX_POINT('',#9241);
#9244=CARTESIAN_POINT('',(1.330387713592E1,-1.418788024767E0,5.700049498835E0));
#9245=CARTESIAN_POINT('',(1.310627283709E1,-1.295290228942E0,
-8.451396218034E0));
#9246=VERTEX_POINT('',#9244);
#9247=VERTEX_POINT('',#9245);
#9248=CARTESIAN_POINT('',(1.300628258469E1,-1.295290228941E0,-8.55E0));
#9249=CARTESIAN_POINT('',(1.300628258469E1,2.064475289405E-1,-8.55E0));
#9250=VERTEX_POINT('',#9248);
#9251=VERTEX_POINT('',#9249);
#9252=CARTESIAN_POINT('',(1.300628258469E1,3.064437211487E-1,
-8.450872653549E0));
#9253=VERTEX_POINT('',#9252);
#9254=VERTEX_POINT('',#7658);
#9255=VERTEX_POINT('',#7707);
#9256=VERTEX_POINT('',#7710);
#9257=CARTESIAN_POINT('',(1.240086887894E1,2.064475289405E-1,-8.55E0));
#9258=VERTEX_POINT('',#9257);
#9259=CARTESIAN_POINT('',(1.240086887894E1,1.004709771059E0,-8.55E0));
#9260=VERTEX_POINT('',#9259);
#9261=CARTESIAN_POINT('',(1.250086507125E1,9.047135787529E-1,
-8.450872653550E0));
#9262=VERTEX_POINT('',#9261);
#9263=CARTESIAN_POINT('',(1.300628258468E1,9.047135787099E-1,
-8.450872653550E0));
#9264=VERTEX_POINT('',#9263);
#9265=CARTESIAN_POINT('',(1.300628258469E1,1.004709771059E0,-8.55E0));
#9266=VERTEX_POINT('',#9265);
#9267=CARTESIAN_POINT('',(1.321435153763E1,7.746756331020E-1,6.45E0));
#9268=VERTEX_POINT('',#9267);
#9269=CARTESIAN_POINT('',(1.263090301686E1,7.746756331386E-1,6.45E0));
#9270=VERTEX_POINT('',#9269);
#9271=CARTESIAN_POINT('',(1.300628258469E1,3.106282584691E0,-8.55E0));
#9272=VERTEX_POINT('',#9271);
#9273=CARTESIAN_POINT('',(1.331434910083E1,6.364816668614E-1,6.45E0));
#9274=VERTEX_POINT('',#9273);
#9275=CARTESIAN_POINT('',(1.263090301686E1,6.364816668614E-1,6.45E0));
#9276=VERTEX_POINT('',#9275);
#9277=CARTESIAN_POINT('',(1.300628258469E1,-1.395286421247E0,
-8.450872653550E0));
#9278=VERTEX_POINT('',#9277);
#9279=CARTESIAN_POINT('',(1.250086507125E1,-1.395286421247E0,
-8.450872653550E0));
#9280=VERTEX_POINT('',#9279);
#9281=VERTEX_POINT('',#7738);
#9282=CARTESIAN_POINT('',(1.320737003275E1,-1.520961099155E0,5.950019038466E0));
#9283=VERTEX_POINT('',#9282);
#9284=CARTESIAN_POINT('',(1.262653974911E1,-1.520961099112E0,5.950019038468E0));
#9285=VERTEX_POINT('',#9284);
#9286=VERTEX_POINT('',#7802);
#9287=CARTESIAN_POINT('',(1.263090301686E1,-1.725324366861E0,6.45E0));
#9288=VERTEX_POINT('',#9287);
#9289=VERTEX_POINT('',#7821);
#9290=CARTESIAN_POINT('',(1.300628258469E1,-2.093552471060E0,
-8.549999999999E0));
#9291=VERTEX_POINT('',#9290);
#9292=CARTESIAN_POINT('',(1.300628258469E1,-1.993556278753E0,
-8.450872653550E0));
#9293=VERTEX_POINT('',#9292);
#9294=CARTESIAN_POINT('',(1.300628258469E1,-3.106282584691E0,-8.55E0));
#9295=VERTEX_POINT('',#9294);
#9296=CARTESIAN_POINT('',(1.300628086277E1,-3.206272837534E0,
-8.451396193996E0));
#9297=VERTEX_POINT('',#9296);
#9298=VERTEX_POINT('',#7892);
#9299=CARTESIAN_POINT('',(-1.824651541973E0,-3.206272837088E0,
-8.451396218795E0));
#9300=CARTESIAN_POINT('',(-1.772635645277E0,-3.414349100839E0,6.45E0));
#9301=VERTEX_POINT('',#9299);
#9302=VERTEX_POINT('',#9300);
#9303=CARTESIAN_POINT('',(-1.227364354723E0,-3.414349100824E0,6.45E0));
#9304=CARTESIAN_POINT('',(-1.175348458068E0,-3.206272837240E0,
-8.451396207102E0));
#9305=VERTEX_POINT('',#9303);
#9306=VERTEX_POINT('',#9304);
#9307=CARTESIAN_POINT('',(-1.824651541970E0,-3.106282584691E0,-8.55E0));
#9308=VERTEX_POINT('',#9307);
#9309=CARTESIAN_POINT('',(-1.724652591431E0,-3.106282584691E0,
-8.450458138773E0));
#9310=VERTEX_POINT('',#9309);
#9311=CARTESIAN_POINT('',(-1.824651541970E0,-2.301730273688E0,-8.55E0));
#9312=VERTEX_POINT('',#9311);
#9313=VERTEX_POINT('',#7992);
#9314=CARTESIAN_POINT('',(-1.175348458030E0,-2.301730273688E0,-8.55E0));
#9315=VERTEX_POINT('',#9314);
#9316=VERTEX_POINT('',#8004);
#9317=CARTESIAN_POINT('',(-1.275347453184E0,-3.106281526603E0,
-8.450458138812E0));
#9318=VERTEX_POINT('',#9317);
#9319=CARTESIAN_POINT('',(-1.175348458030E0,-3.106282584691E0,-8.55E0));
#9320=VERTEX_POINT('',#9319);
#9321=CARTESIAN_POINT('',(-1.327360090224E0,-3.314344226467E0,6.45E0));
#9322=VERTEX_POINT('',#9321);
#9323=VERTEX_POINT('',#8030);
#9324=VERTEX_POINT('',#8033);
#9325=VERTEX_POINT('',#8108);
#9326=VERTEX_POINT('',#8163);
#9327=VERTEX_POINT('',#8129);
#9328=CARTESIAN_POINT('',(1.240086887894E1,-2.093552471060E0,-8.55E0));
#9329=VERTEX_POINT('',#9328);
#9330=CARTESIAN_POINT('',(1.250086507125E1,-1.993556278753E0,
-8.450872653550E0));
#9331=VERTEX_POINT('',#9330);
#9332=CARTESIAN_POINT('',(1.263090301686E1,-1.863518333139E0,6.45E0));
#9333=VERTEX_POINT('',#9332);
#9334=CARTESIAN_POINT('',(-1.240086887894E1,-1.295290228941E0,-8.55E0));
#9335=VERTEX_POINT('',#9334);
#9336=CARTESIAN_POINT('',(-1.250086507125E1,-1.395286421247E0,
-8.450872653550E0));
#9337=VERTEX_POINT('',#9336);
#9338=VERTEX_POINT('',#8322);
#9339=CARTESIAN_POINT('',(-1.240086887894E1,1.004709771059E0,-8.55E0));
#9340=VERTEX_POINT('',#9339);
#9341=CARTESIAN_POINT('',(-1.250086507125E1,9.047135787529E-1,
-8.450872653550E0));
#9342=VERTEX_POINT('',#9341);
#9343=CARTESIAN_POINT('',(-1.263090301686E1,7.746756331386E-1,6.45E0));
#9344=VERTEX_POINT('',#9343);
#9345=CARTESIAN_POINT('',(-7.639999999814E0,1.5E0,-8.52E0));
#9346=CARTESIAN_POINT('',(-7.639999999814E0,1.543302492276E0,-8.52E0));
#9347=VERTEX_POINT('',#9345);
#9348=VERTEX_POINT('',#9346);
#9349=CARTESIAN_POINT('',(-7.529245553246E0,1.572448394538E0,-8.52E0));
#9350=VERTEX_POINT('',#9349);
#9351=CARTESIAN_POINT('',(-7.490939498395E0,1.729003560393E0,-8.52E0));
#9352=VERTEX_POINT('',#9351);
#9353=CARTESIAN_POINT('',(-7.490939498395E0,2.422676188947E0,-8.52E0));
#9354=VERTEX_POINT('',#9353);
#9355=CARTESIAN_POINT('',(-7.526123335209E0,2.571540197187E0,-8.52E0));
#9356=VERTEX_POINT('',#9355);
#9357=CARTESIAN_POINT('',(-7.639999999814E0,2.608377213478E0,-8.52E0));
#9358=VERTEX_POINT('',#9357);
#9359=CARTESIAN_POINT('',(-7.639999999814E0,2.651679697037E0,-8.52E0));
#9360=VERTEX_POINT('',#9359);
#9361=CARTESIAN_POINT('',(-7.311067599356E0,2.651679697037E0,-8.52E0));
#9362=VERTEX_POINT('',#9361);
#9363=CARTESIAN_POINT('',(-6.930505363941E0,1.805615658760E0,-8.52E0));
#9364=VERTEX_POINT('',#9363);
#9365=CARTESIAN_POINT('',(-6.552441297770E0,2.651679697037E0,-8.52E0));
#9366=VERTEX_POINT('',#9365);
#9367=CARTESIAN_POINT('',(-6.217679715157E0,2.651679697037E0,-8.52E0));
#9368=VERTEX_POINT('',#9367);
#9369=CARTESIAN_POINT('',(-6.217679715157E0,2.608377213478E0,-8.52E0));
#9370=VERTEX_POINT('',#9369);
#9371=CARTESIAN_POINT('',(-6.348642407041E0,2.555166929835E0,-8.52E0));
#9372=VERTEX_POINT('',#9371);
#9373=CARTESIAN_POINT('',(-6.366740273237E0,2.422676188946E0,-8.52E0));
#9374=VERTEX_POINT('',#9373);
#9375=CARTESIAN_POINT('',(-6.366740273237E0,1.729003560394E0,-8.52E0));
#9376=VERTEX_POINT('',#9375);
#9377=CARTESIAN_POINT('',(-6.332804661223E0,1.581387881043E0,-8.52E0));
#9378=VERTEX_POINT('',#9377);
#9379=CARTESIAN_POINT('',(-6.217679715157E0,1.543302492276E0,-8.52E0));
#9380=VERTEX_POINT('',#9379);
#9381=CARTESIAN_POINT('',(-6.217679715157E0,1.5E0,-8.52E0));
#9382=VERTEX_POINT('',#9381);
#9383=CARTESIAN_POINT('',(-6.695672573447E0,1.5E0,-8.52E0));
#9384=VERTEX_POINT('',#9383);
#9385=CARTESIAN_POINT('',(-6.695672573447E0,1.543302492276E0,-8.52E0));
#9386=VERTEX_POINT('',#9385);
#9387=CARTESIAN_POINT('',(-6.576049043107E0,1.589295201427E0,-8.52E0));
#9388=VERTEX_POINT('',#9387);
#9389=CARTESIAN_POINT('',(-6.546612085104E0,1.729003560394E0,-8.52E0));
#9390=VERTEX_POINT('',#9389);
#9391=CARTESIAN_POINT('',(-6.546612085104E0,2.462647663951E0,-8.52E0));
#9392=VERTEX_POINT('',#9391);
#9393=CARTESIAN_POINT('',(-6.972975112796E0,1.5E0,-8.52E0));
#9394=VERTEX_POINT('',#9393);
#9395=CARTESIAN_POINT('',(-6.995459089279E0,1.5E0,-8.52E0));
#9396=VERTEX_POINT('',#9395);
#9397=CARTESIAN_POINT('',(-7.406832735389E0,2.408519559503E0,-8.52E0));
#9398=VERTEX_POINT('',#9397);
#9399=CARTESIAN_POINT('',(-7.406832735389E0,1.729003560396E0,-8.52E0));
#9400=VERTEX_POINT('',#9399);
#9401=CARTESIAN_POINT('',(-7.374355860714E0,1.574113869763E0,-8.52E0));
#9402=VERTEX_POINT('',#9401);
#9403=CARTESIAN_POINT('',(-7.257772229612E0,1.543302492276E0,-8.52E0));
#9404=VERTEX_POINT('',#9403);
#9405=CARTESIAN_POINT('',(-7.257772229612E0,1.5E0,-8.52E0));
#9406=VERTEX_POINT('',#9405);
#9407=CARTESIAN_POINT('',(1.373164974844E1,-3.435649748439E0,-9.E0));
#9408=CARTESIAN_POINT('',(1.373164974844E1,-1.145216582813E0,-9.E0));
#9409=CARTESIAN_POINT('',(1.373164974844E1,1.145216582813E0,-9.E0));
#9410=CARTESIAN_POINT('',(1.373164974844E1,3.435649748439E0,-9.E0));
#9411=CARTESIAN_POINT('',(4.577216582813E0,-3.435649748439E0,-9.E0));
#9412=CARTESIAN_POINT('',(4.577216582813E0,-1.145216582813E0,-9.E0));
#9413=CARTESIAN_POINT('',(4.577216582813E0,1.145216582813E0,-9.E0));
#9414=CARTESIAN_POINT('',(4.577216582813E0,3.435649748439E0,-9.E0));
#9415=CARTESIAN_POINT('',(-4.577216582813E0,-3.435649748439E0,-9.E0));
#9416=CARTESIAN_POINT('',(-4.577216582813E0,-1.145216582813E0,-9.E0));
#9417=CARTESIAN_POINT('',(-4.577216582813E0,1.145216582813E0,-9.E0));
#9418=CARTESIAN_POINT('',(-4.577216582813E0,3.435649748439E0,-9.E0));
#9419=CARTESIAN_POINT('',(-1.373164974844E1,-3.435649748439E0,-9.E0));
#9420=CARTESIAN_POINT('',(-1.373164974844E1,-1.145216582813E0,-9.E0));
#9421=CARTESIAN_POINT('',(-1.373164974844E1,1.145216582813E0,-9.E0));
#9422=CARTESIAN_POINT('',(-1.373164974844E1,3.435649748439E0,-9.E0));
#9423=B_SPLINE_SURFACE_WITH_KNOTS('',3,3,((#9407,#9408,#9409,#9410),(#9411,
#9412,#9413,#9414),(#9415,#9416,#9417,#9418),(#9419,#9420,#9421,#9422)),
.UNSPECIFIED.,.F.,.F.,.F.,(4,4),(4,4),(6.835025155548E-2,2.753164974844E1),(
4.643502515610E-1,7.335649748439E0),.UNSPECIFIED.);
#9425=ORIENTED_EDGE('',*,*,#9424,.F.);
#9427=ORIENTED_EDGE('',*,*,#9426,.F.);
#9429=ORIENTED_EDGE('',*,*,#9428,.F.);
#9431=ORIENTED_EDGE('',*,*,#9430,.F.);
#9432=EDGE_LOOP('',(#9425,#9427,#9429,#9431));
#9433=FACE_OUTER_BOUND('',#9432,.F.);
#9434=ADVANCED_FACE('',(#9433),#9423,.T.);
#9435=CARTESIAN_POINT('',(-1.355347525690E1,3.435649748439E0,
-8.654886763119E0));
#9436=CARTESIAN_POINT('',(-1.355347525690E1,-3.435649748439E0,
-8.654886763119E0));
#9438=CARTESIAN_POINT('',(-1.320350937350E1,3.435649748439E0,-8.65E0));
#9439=DIRECTION('',(0.E0,-1.E0,0.E0));
#9440=AXIS1_PLACEMENT('',#9438,#9439);
#9441=SURFACE_OF_REVOLUTION('',#9437,#9440);
#9443=ORIENTED_EDGE('',*,*,#9442,.F.);
#9445=ORIENTED_EDGE('',*,*,#9444,.F.);
#9446=ORIENTED_EDGE('',*,*,#9424,.T.);
#9448=ORIENTED_EDGE('',*,*,#9447,.F.);
#9449=EDGE_LOOP('',(#9443,#9445,#9446,#9448));
#9450=FACE_OUTER_BOUND('',#9449,.F.);
#9451=ADVANCED_FACE('',(#9450),#9441,.T.);
#9452=CARTESIAN_POINT('',(-1.354840512663E1,3.699296522743E0,
-9.017984498389E0));
#9453=CARTESIAN_POINT('',(-1.363628738475E1,3.699296522743E0,
-2.724290420505E0));
#9454=CARTESIAN_POINT('',(-1.372416964288E1,3.699296522743E0,3.569403657378E0));
#9455=CARTESIAN_POINT('',(-1.381205190100E1,3.699296522743E0,9.863097735262E0));
#9456=CARTESIAN_POINT('',(-1.354840512663E1,1.233098840914E0,
-9.017984498389E0));
#9457=CARTESIAN_POINT('',(-1.363628738475E1,1.233098840914E0,
-2.724290420505E0));
#9458=CARTESIAN_POINT('',(-1.372416964288E1,1.233098840914E0,3.569403657378E0));
#9459=CARTESIAN_POINT('',(-1.381205190100E1,1.233098840914E0,9.863097735262E0));
#9460=CARTESIAN_POINT('',(-1.354840512663E1,-1.233098840914E0,
-9.017984498389E0));
#9461=CARTESIAN_POINT('',(-1.363628738475E1,-1.233098840914E0,
-2.724290420505E0));
#9462=CARTESIAN_POINT('',(-1.372416964288E1,-1.233098840914E0,
3.569403657378E0));
#9463=CARTESIAN_POINT('',(-1.381205190100E1,-1.233098840914E0,
9.863097735262E0));
#9464=CARTESIAN_POINT('',(-1.354840512663E1,-3.699296522743E0,
-9.017984498389E0));
#9465=CARTESIAN_POINT('',(-1.363628738475E1,-3.699296522743E0,
-2.724290420505E0));
#9466=CARTESIAN_POINT('',(-1.372416964288E1,-3.699296522743E0,
3.569403657378E0));
#9467=CARTESIAN_POINT('',(-1.381205190100E1,-3.699296522743E0,
9.863097735262E0));
#9468=B_SPLINE_SURFACE_WITH_KNOTS('',3,3,((#9452,#9453,#9454,#9455),(#9456,
#9457,#9458,#9459),(#9460,#9461,#9462,#9463),(#9464,#9465,#9466,#9467)),
.UNSPECIFIED.,.F.,.F.,.F.,(4,4),(4,4),(-8.034248040041E0,-6.356549945549E-1),(
-1.801974099049E1,8.631818747708E-1),.UNSPECIFIED.);
#9469=ORIENTED_EDGE('',*,*,#9442,.T.);
#9471=ORIENTED_EDGE('',*,*,#9470,.T.);
#9473=ORIENTED_EDGE('',*,*,#9472,.F.);
#9475=ORIENTED_EDGE('',*,*,#9474,.T.);
#9476=EDGE_LOOP('',(#9469,#9471,#9473,#9475));
#9477=FACE_OUTER_BOUND('',#9476,.F.);
#9478=ADVANCED_FACE('',(#9477),#9468,.T.);
#9479=CARTESIAN_POINT('',(-1.319843867156E1,3.648404554957E0,
-9.018025438503E0));
#9480=CARTESIAN_POINT('',(-1.346211517275E1,3.912081056100E0,9.865185679745E0));
#9482=CARTESIAN_POINT('',(-1.319843867166E1,3.298438671580E0,
-9.013138673356E0));
#9483=DIRECTION('',(-1.396081962997E-2,1.396081962697E-2,9.998050765177E-1));
#9484=AXIS1_PLACEMENT('',#9482,#9483);
#9485=SURFACE_OF_REVOLUTION('',#9481,#9484);
#9487=ORIENTED_EDGE('',*,*,#9486,.F.);
#9489=ORIENTED_EDGE('',*,*,#9488,.F.);
#9491=ORIENTED_EDGE('',*,*,#9490,.F.);
#9492=ORIENTED_EDGE('',*,*,#9470,.F.);
#9493=EDGE_LOOP('',(#9487,#9489,#9491,#9492));
#9494=FACE_OUTER_BOUND('',#9493,.F.);
#9495=ADVANCED_FACE('',(#9494),#9485,.T.);
#9496=CARTESIAN_POINT('',(-1.316068043340E1,3.255611453681E0,
-8.994051553065E0));
#9497=CARTESIAN_POINT('',(-1.315725439762E1,3.479172597465E0,
-9.024748639488E0));
#9498=CARTESIAN_POINT('',(-1.317568098426E1,3.650348251677E0,
-8.878827461601E0));
#9499=CARTESIAN_POINT('',(-1.320350937350E1,3.653475256902E0,
-8.654886763119E0));
#9500=CARTESIAN_POINT('',(-1.340214097423E1,3.255192551986E0,
-9.024051227327E0));
#9501=CARTESIAN_POINT('',(-1.341803020634E1,3.478720186367E0,
-9.057148091961E0));
#9502=CARTESIAN_POINT('',(-1.333257157973E1,3.650076067509E0,
-8.898319949866E0));
#9503=CARTESIAN_POINT('',(-1.320350937350E1,3.653475256902E0,
-8.654886763119E0));
#9504=CARTESIAN_POINT('',(-1.357538917191E1,3.257577936895E0,
-8.853221719760E0));
#9505=CARTESIAN_POINT('',(-1.360513712950E1,3.481296386507E0,
-8.872653338346E0));
#9506=CARTESIAN_POINT('',(-1.344514075067E1,3.651625987250E0,
-8.787322338941E0));
#9507=CARTESIAN_POINT('',(-1.320350937350E1,3.653475256902E0,
-8.654886763119E0));
#9508=CARTESIAN_POINT('',(-1.354876048417E1,3.260954772164E0,
-8.611389425209E0));
#9509=CARTESIAN_POINT('',(-1.357637832047E1,3.484943346565E0,
-8.611476038037E0));
#9510=CARTESIAN_POINT('',(-1.342783858336E1,3.653820108468E0,
-8.630190194019E0));
#9511=CARTESIAN_POINT('',(-1.320350937350E1,3.653475256902E0,
-8.654886763119E0));
#9512=(BOUNDED_SURFACE()B_SPLINE_SURFACE(3,3,((#9496,#9497,#9498,#9499),(#9500,
#9501,#9502,#9503),(#9504,#9505,#9506,#9507),(#9508,#9509,#9510,#9511)),
.UNSPECIFIED.,.F.,.F.,.F.)B_SPLINE_SURFACE_WITH_KNOTS((4,4),(4,4),(0.E0,1.E0),(
0.E0,1.E0),.UNSPECIFIED.)GEOMETRIC_REPRESENTATION_ITEM()RATIONAL_B_SPLINE_SURFACE(((1.485495786744E0,1.150913284767E0,1.150913284767E0,1.485495786744E0),(
1.109181871396E0,8.593576383076E-1,8.593576383076E-1,1.109181871396E0),(
1.109181871396E0,8.593576383076E-1,8.593576383076E-1,1.109181871396E0),(
1.485495786744E0,1.150913284767E0,1.150913284767E0,1.485495786744E0)))REPRESENTATION_ITEM('')SURFACE());
#9513=ORIENTED_EDGE('',*,*,#9486,.T.);
#9514=ORIENTED_EDGE('',*,*,#9447,.T.);
#9516=ORIENTED_EDGE('',*,*,#9515,.F.);
#9517=EDGE_LOOP('',(#9513,#9514,#9516));
#9518=FACE_OUTER_BOUND('',#9517,.F.);
#9519=ADVANCED_FACE('',(#9518),#9512,.T.);
#9520=CARTESIAN_POINT('',(1.373164974844E1,3.653475256902E0,-8.654886763119E0));
#9521=CARTESIAN_POINT('',(-1.373164974844E1,3.653475256902E0,
-8.654886763119E0));
#9523=CARTESIAN_POINT('',(1.373164974844E1,3.303509373499E0,-8.65E0));
#9524=DIRECTION('',(-1.E0,0.E0,0.E0));
#9525=AXIS1_PLACEMENT('',#9523,#9524);
#9526=SURFACE_OF_REVOLUTION('',#9522,#9525);
#9528=ORIENTED_EDGE('',*,*,#9527,.F.);
#9529=ORIENTED_EDGE('',*,*,#9515,.T.);
#9530=ORIENTED_EDGE('',*,*,#9430,.T.);
#9532=ORIENTED_EDGE('',*,*,#9531,.F.);
#9533=EDGE_LOOP('',(#9528,#9529,#9530,#9532));
#9534=FACE_OUTER_BOUND('',#9533,.F.);
#9535=ADVANCED_FACE('',(#9534),#9526,.T.);
#9536=CARTESIAN_POINT('',(1.399529652281E1,3.648405126626E0,-9.017984498382E0));
#9537=CARTESIAN_POINT('',(1.399529652281E1,3.736287384751E0,-2.724290420501E0));
#9538=CARTESIAN_POINT('',(1.399529652281E1,3.824169642876E0,3.569403657381E0));
#9539=CARTESIAN_POINT('',(1.399529652281E1,3.912051901001E0,9.863097735262E0));
#9540=CARTESIAN_POINT('',(4.665098840937E0,3.648405126626E0,-9.017984498382E0));
#9541=CARTESIAN_POINT('',(4.665098840937E0,3.736287384751E0,-2.724290420501E0));
#9542=CARTESIAN_POINT('',(4.665098840937E0,3.824169642876E0,3.569403657381E0));
#9543=CARTESIAN_POINT('',(4.665098840937E0,3.912051901001E0,9.863097735262E0));
#9544=CARTESIAN_POINT('',(-4.665098840937E0,3.648405126626E0,
-9.017984498382E0));
#9545=CARTESIAN_POINT('',(-4.665098840937E0,3.736287384751E0,
-2.724290420501E0));
#9546=CARTESIAN_POINT('',(-4.665098840937E0,3.824169642876E0,3.569403657381E0));
#9547=CARTESIAN_POINT('',(-4.665098840937E0,3.912051901001E0,9.863097735262E0));
#9548=CARTESIAN_POINT('',(-1.399529652281E1,3.648405126626E0,
-9.017984498382E0));
#9549=CARTESIAN_POINT('',(-1.399529652281E1,3.736287384751E0,
-2.724290420501E0));
#9550=CARTESIAN_POINT('',(-1.399529652281E1,3.824169642876E0,3.569403657381E0));
#9551=CARTESIAN_POINT('',(-1.399529652281E1,3.912051901001E0,9.863097735262E0));
#9552=B_SPLINE_SURFACE_WITH_KNOTS('',3,3,((#9536,#9537,#9538,#9539),(#9540,
#9541,#9542,#9543),(#9544,#9545,#9546,#9547),(#9548,#9549,#9550,#9551)),
.UNSPECIFIED.,.F.,.F.,.F.,(4,4),(4,4),(-2.823024804011E1,-2.396549944873E-1),(
-1.801974099049E1,8.631818747708E-1),.UNSPECIFIED.);
#9554=ORIENTED_EDGE('',*,*,#9553,.F.);
#9556=ORIENTED_EDGE('',*,*,#9555,.F.);
#9558=ORIENTED_EDGE('',*,*,#9557,.F.);
#9559=ORIENTED_EDGE('',*,*,#9488,.T.);
#9560=ORIENTED_EDGE('',*,*,#9527,.T.);
#9562=ORIENTED_EDGE('',*,*,#9561,.T.);
#9564=ORIENTED_EDGE('',*,*,#9563,.F.);
#9566=ORIENTED_EDGE('',*,*,#9565,.F.);
#9567=EDGE_LOOP('',(#9554,#9556,#9558,#9559,#9560,#9562,#9564,#9566));
#9568=FACE_OUTER_BOUND('',#9567,.F.);
#9569=ADVANCED_FACE('',(#9568),#9552,.T.);
#9570=CARTESIAN_POINT('',(-1.387672262051E1,3.299598391400E0,8.5E0));
#9571=CARTESIAN_POINT('',(-1.387672262051E1,3.511827460397E0,8.5E0));
#9572=CARTESIAN_POINT('',(-1.387672262051E1,3.724056529393E0,8.5E0));
#9573=CARTESIAN_POINT('',(-1.387672262051E1,3.936285598390E0,8.5E0));
#9574=CARTESIAN_POINT('',(-4.625574206846E0,3.299598391400E0,8.5E0));
#9575=CARTESIAN_POINT('',(-4.625574206846E0,3.511827460397E0,8.5E0));
#9576=CARTESIAN_POINT('',(-4.625574206846E0,3.724056529393E0,8.5E0));
#9577=CARTESIAN_POINT('',(-4.625574206846E0,3.936285598390E0,8.5E0));
#9578=CARTESIAN_POINT('',(4.625574206816E0,3.299598391400E0,8.5E0));
#9579=CARTESIAN_POINT('',(4.625574206816E0,3.511827460397E0,8.5E0));
#9580=CARTESIAN_POINT('',(4.625574206816E0,3.724056529393E0,8.5E0));
#9581=CARTESIAN_POINT('',(4.625574206816E0,3.936285598390E0,8.5E0));
#9582=CARTESIAN_POINT('',(1.387672262048E1,3.299598391400E0,8.5E0));
#9583=CARTESIAN_POINT('',(1.387672262048E1,3.511827460397E0,8.5E0));
#9584=CARTESIAN_POINT('',(1.387672262048E1,3.724056529393E0,8.5E0));
#9585=CARTESIAN_POINT('',(1.387672262048E1,3.936285598390E0,8.5E0));
#9586=B_SPLINE_SURFACE_WITH_KNOTS('',3,3,((#9570,#9571,#9572,#9573),(#9574,
#9575,#9576,#9577),(#9578,#9579,#9580,#9581),(#9582,#9583,#9584,#9585)),
.UNSPECIFIED.,.F.,.F.,.F.,(4,4),(4,4),(-1.387672262051E1,1.387672262048E1),(
7.199598391400E0,7.836285598390E0),.UNSPECIFIED.);
#9587=ORIENTED_EDGE('',*,*,#9553,.T.);
#9589=ORIENTED_EDGE('',*,*,#9588,.F.);
#9591=ORIENTED_EDGE('',*,*,#9590,.F.);
#9593=ORIENTED_EDGE('',*,*,#9592,.F.);
#9595=ORIENTED_EDGE('',*,*,#9594,.F.);
#9597=ORIENTED_EDGE('',*,*,#9596,.F.);
#9598=EDGE_LOOP('',(#9587,#9589,#9591,#9593,#9595,#9597));
#9599=FACE_OUTER_BOUND('',#9598,.F.);
#9600=ADVANCED_FACE('',(#9599),#9586,.T.);
#9601=CARTESIAN_POINT('',(1.334241411667E1,-4.063261041554E0,8.456736432802E0));
#9602=CARTESIAN_POINT('',(1.334747137029E1,-4.063261041554E0,8.818912006059E0));
#9603=CARTESIAN_POINT('',(1.335252862392E1,-4.063261041554E0,9.181087579317E0));
#9604=CARTESIAN_POINT('',(1.335758587755E1,-4.063261041554E0,9.543263152574E0));
#9605=CARTESIAN_POINT('',(1.334241411667E1,-1.354420347185E0,8.456736432802E0));
#9606=CARTESIAN_POINT('',(1.334747137029E1,-1.354420347185E0,8.818912006059E0));
#9607=CARTESIAN_POINT('',(1.335252862392E1,-1.354420347185E0,9.181087579317E0));
#9608=CARTESIAN_POINT('',(1.335758587755E1,-1.354420347185E0,9.543263152574E0));
#9609=CARTESIAN_POINT('',(1.334241411667E1,1.354420347185E0,8.456736432802E0));
#9610=CARTESIAN_POINT('',(1.334747137029E1,1.354420347185E0,8.818912006059E0));
#9611=CARTESIAN_POINT('',(1.335252862392E1,1.354420347185E0,9.181087579317E0));
#9612=CARTESIAN_POINT('',(1.335758587755E1,1.354420347185E0,9.543263152574E0));
#9613=CARTESIAN_POINT('',(1.334241411667E1,4.063261041554E0,8.456736432802E0));
#9614=CARTESIAN_POINT('',(1.334747137029E1,4.063261041554E0,8.818912006059E0));
#9615=CARTESIAN_POINT('',(1.335252862392E1,4.063261041554E0,9.181087579317E0));
#9616=CARTESIAN_POINT('',(1.335758587755E1,4.063261041554E0,9.543263152574E0));
#9617=B_SPLINE_SURFACE_WITH_KNOTS('',3,3,((#9601,#9602,#9603,#9604),(#9605,
#9606,#9607,#9608),(#9609,#9610,#9611,#9612),(#9613,#9614,#9615,#9616)),
.UNSPECIFIED.,.F.,.F.,.F.,(4,4),(4,4),(2.371690475744E0,1.049821255885E1),(
-5.433165275149E-1,5.433161128498E-1),.UNSPECIFIED.);
#9619=ORIENTED_EDGE('',*,*,#9618,.F.);
#9621=ORIENTED_EDGE('',*,*,#9620,.F.);
#9623=ORIENTED_EDGE('',*,*,#9622,.F.);
#9625=ORIENTED_EDGE('',*,*,#9624,.F.);
#9626=ORIENTED_EDGE('',*,*,#9588,.T.);
#9627=ORIENTED_EDGE('',*,*,#9565,.T.);
#9628=EDGE_LOOP('',(#9619,#9621,#9623,#9625,#9626,#9627));
#9629=FACE_OUTER_BOUND('',#9628,.F.);
#9630=ADVANCED_FACE('',(#9629),#9617,.F.);
#9631=CARTESIAN_POINT('',(1.331371440062E1,-4.063261041554E0,9.5E0));
#9632=CARTESIAN_POINT('',(1.331371440062E1,-1.354420347185E0,9.5E0));
#9633=CARTESIAN_POINT('',(1.331371440062E1,1.354420347185E0,9.5E0));
#9634=CARTESIAN_POINT('',(1.331371440062E1,4.063261041554E0,9.5E0));
#9635=CARTESIAN_POINT('',(1.349255931402E1,-4.063261041554E0,9.5E0));
#9636=CARTESIAN_POINT('',(1.349255931402E1,-1.354420347185E0,9.5E0));
#9637=CARTESIAN_POINT('',(1.349255931402E1,1.354420347185E0,9.5E0));
#9638=CARTESIAN_POINT('',(1.349255931402E1,4.063261041554E0,9.5E0));
#9639=CARTESIAN_POINT('',(1.367140422742E1,-4.063261041554E0,9.5E0));
#9640=CARTESIAN_POINT('',(1.367140422742E1,-1.354420347185E0,9.5E0));
#9641=CARTESIAN_POINT('',(1.367140422742E1,1.354420347185E0,9.5E0));
#9642=CARTESIAN_POINT('',(1.367140422742E1,4.063261041554E0,9.5E0));
#9643=CARTESIAN_POINT('',(1.385024914083E1,-4.063261041554E0,9.5E0));
#9644=CARTESIAN_POINT('',(1.385024914083E1,-1.354420347185E0,9.5E0));
#9645=CARTESIAN_POINT('',(1.385024914083E1,1.354420347185E0,9.5E0));
#9646=CARTESIAN_POINT('',(1.385024914083E1,4.063261041554E0,9.5E0));
#9647=B_SPLINE_SURFACE_WITH_KNOTS('',3,3,((#9631,#9632,#9633,#9634),(#9635,
#9636,#9637,#9638),(#9639,#9640,#9641,#9642),(#9643,#9644,#9645,#9646)),
.UNSPECIFIED.,.F.,.F.,.F.,(4,4),(4,4),(2.711371440062E1,2.765024914083E1),(
-1.632610415541E-1,7.963261041554E0),.UNSPECIFIED.);
#9648=ORIENTED_EDGE('',*,*,#9618,.T.);
#9649=ORIENTED_EDGE('',*,*,#9563,.T.);
#9651=ORIENTED_EDGE('',*,*,#9650,.F.);
#9653=ORIENTED_EDGE('',*,*,#9652,.F.);
#9655=ORIENTED_EDGE('',*,*,#9654,.F.);
#9657=ORIENTED_EDGE('',*,*,#9656,.F.);
#9658=EDGE_LOOP('',(#9648,#9649,#9651,#9653,#9655,#9657));
#9659=FACE_OUTER_BOUND('',#9658,.F.);
#9660=ADVANCED_FACE('',(#9659),#9647,.T.);
#9661=CARTESIAN_POINT('',(1.346211517125E1,3.912081054655E0,9.865185576234E0));
#9662=CARTESIAN_POINT('',(1.319843867154E1,3.648404554986E0,-9.018025436438E0));
#9664=CARTESIAN_POINT('',(1.346211517118E1,3.562115171254E0,9.870072339353E0));
#9665=DIRECTION('',(-1.396081962997E-2,-1.396081962697E-2,-9.998050765177E-1));
#9666=AXIS1_PLACEMENT('',#9664,#9665);
#9667=SURFACE_OF_REVOLUTION('',#9663,#9666);
#9669=ORIENTED_EDGE('',*,*,#9668,.F.);
#9671=ORIENTED_EDGE('',*,*,#9670,.F.);
#9672=ORIENTED_EDGE('',*,*,#9650,.T.);
#9673=ORIENTED_EDGE('',*,*,#9561,.F.);
#9674=EDGE_LOOP('',(#9669,#9671,#9672,#9673));
#9675=FACE_OUTER_BOUND('',#9674,.F.);
#9676=ADVANCED_FACE('',(#9675),#9667,.T.);
#9677=CARTESIAN_POINT('',(1.354876048417E1,3.260954772165E0,-8.611389425156E0));
#9678=CARTESIAN_POINT('',(1.357637832047E1,3.484943346566E0,-8.611476037980E0));
#9679=CARTESIAN_POINT('',(1.342783858336E1,3.653820108469E0,-8.630190193985E0));
#9680=CARTESIAN_POINT('',(1.320350937350E1,3.653475256902E0,-8.654886763119E0));
#9681=CARTESIAN_POINT('',(1.357538917194E1,3.257577936896E0,-8.853221719731E0));
#9682=CARTESIAN_POINT('',(1.360513712953E1,3.481296386507E0,-8.872653338315E0));
#9683=CARTESIAN_POINT('',(1.344514075069E1,3.651625987250E0,-8.787322338922E0));
#9684=CARTESIAN_POINT('',(1.320350937350E1,3.653475256902E0,-8.654886763119E0));
#9685=CARTESIAN_POINT('',(1.340214097426E1,3.255192551986E0,-9.024051227330E0));
#9686=CARTESIAN_POINT('',(1.341803020637E1,3.478720186367E0,-9.057148091965E0));
#9687=CARTESIAN_POINT('',(1.333257157975E1,3.650076067509E0,-8.898319949869E0));
#9688=CARTESIAN_POINT('',(1.320350937350E1,3.653475256902E0,-8.654886763119E0));
#9689=CARTESIAN_POINT('',(1.316068043340E1,3.255611453681E0,-8.994051553065E0));
#9690=CARTESIAN_POINT('',(1.315725439762E1,3.479172597465E0,-9.024748639488E0));
#9691=CARTESIAN_POINT('',(1.317568098426E1,3.650348251677E0,-8.878827461601E0));
#9692=CARTESIAN_POINT('',(1.320350937350E1,3.653475256902E0,-8.654886763119E0));
#9693=(BOUNDED_SURFACE()B_SPLINE_SURFACE(3,3,((#9677,#9678,#9679,#9680),(#9681,
#9682,#9683,#9684),(#9685,#9686,#9687,#9688),(#9689,#9690,#9691,#9692)),
.UNSPECIFIED.,.F.,.F.,.F.)B_SPLINE_SURFACE_WITH_KNOTS((4,4),(4,4),(0.E0,1.E0),(
0.E0,1.E0),.UNSPECIFIED.)GEOMETRIC_REPRESENTATION_ITEM()RATIONAL_B_SPLINE_SURFACE(((1.485495786799E0,1.150913284810E0,1.150913284810E0,1.485495786799E0),(
1.109181871377E0,8.593576382934E-1,8.593576382934E-1,1.109181871377E0),(
1.109181871377E0,8.593576382934E-1,8.593576382934E-1,1.109181871377E0),(
1.485495786799E0,1.150913284810E0,1.150913284810E0,1.485495786799E0)))REPRESENTATION_ITEM('')SURFACE());
#9694=ORIENTED_EDGE('',*,*,#9668,.T.);
#9695=ORIENTED_EDGE('',*,*,#9531,.T.);
#9697=ORIENTED_EDGE('',*,*,#9696,.T.);
#9698=EDGE_LOOP('',(#9694,#9695,#9697));
#9699=FACE_OUTER_BOUND('',#9698,.F.);
#9700=ADVANCED_FACE('',(#9699),#9693,.T.);
#9701=CARTESIAN_POINT('',(1.355347525690E1,-3.435649748439E0,
-8.654886763119E0));
#9702=CARTESIAN_POINT('',(1.355347525690E1,3.435649748439E0,-8.654886763119E0));
#9704=CARTESIAN_POINT('',(1.320350937350E1,-3.435649748439E0,-8.65E0));
#9705=DIRECTION('',(0.E0,1.E0,0.E0));
#9706=AXIS1_PLACEMENT('',#9704,#9705);
#9707=SURFACE_OF_REVOLUTION('',#9703,#9706);
#9709=ORIENTED_EDGE('',*,*,#9708,.F.);
#9710=ORIENTED_EDGE('',*,*,#9696,.F.);
#9711=ORIENTED_EDGE('',*,*,#9428,.T.);
#9713=ORIENTED_EDGE('',*,*,#9712,.F.);
#9714=EDGE_LOOP('',(#9709,#9710,#9711,#9713));
#9715=FACE_OUTER_BOUND('',#9714,.F.);
#9716=ADVANCED_FACE('',(#9715),#9707,.T.);
#9717=CARTESIAN_POINT('',(1.354840512663E1,-3.699296522743E0,
-9.017984498388E0));
#9718=CARTESIAN_POINT('',(1.363628738475E1,-3.699296522743E0,
-2.724290420505E0));
#9719=CARTESIAN_POINT('',(1.372416964288E1,-3.699296522743E0,3.569403657379E0));
#9720=CARTESIAN_POINT('',(1.381205190100E1,-3.699296522743E0,9.863097735262E0));
#9721=CARTESIAN_POINT('',(1.354840512663E1,-1.233098840914E0,
-9.017984498388E0));
#9722=CARTESIAN_POINT('',(1.363628738475E1,-1.233098840914E0,
-2.724290420505E0));
#9723=CARTESIAN_POINT('',(1.372416964288E1,-1.233098840914E0,3.569403657379E0));
#9724=CARTESIAN_POINT('',(1.381205190100E1,-1.233098840914E0,9.863097735262E0));
#9725=CARTESIAN_POINT('',(1.354840512663E1,1.233098840914E0,-9.017984498388E0));
#9726=CARTESIAN_POINT('',(1.363628738475E1,1.233098840914E0,-2.724290420505E0));
#9727=CARTESIAN_POINT('',(1.372416964288E1,1.233098840914E0,3.569403657379E0));
#9728=CARTESIAN_POINT('',(1.381205190100E1,1.233098840914E0,9.863097735262E0));
#9729=CARTESIAN_POINT('',(1.354840512663E1,3.699296522743E0,-9.017984498388E0));
#9730=CARTESIAN_POINT('',(1.363628738475E1,3.699296522743E0,-2.724290420505E0));
#9731=CARTESIAN_POINT('',(1.372416964288E1,3.699296522743E0,3.569403657379E0));
#9732=CARTESIAN_POINT('',(1.381205190100E1,3.699296522743E0,9.863097735262E0));
#9733=B_SPLINE_SURFACE_WITH_KNOTS('',3,3,((#9717,#9718,#9719,#9720),(#9721,
#9722,#9723,#9724),(#9725,#9726,#9727,#9728),(#9729,#9730,#9731,#9732)),
.UNSPECIFIED.,.F.,.F.,.F.,(4,4),(4,4),(1.635654994555E0,9.034248040041E0),(
-1.801974099049E1,8.631818747709E-1),.UNSPECIFIED.);
#9734=ORIENTED_EDGE('',*,*,#9708,.T.);
#9736=ORIENTED_EDGE('',*,*,#9735,.T.);
#9737=ORIENTED_EDGE('',*,*,#9652,.T.);
#9738=ORIENTED_EDGE('',*,*,#9670,.T.);
#9739=EDGE_LOOP('',(#9734,#9736,#9737,#9738));
#9740=FACE_OUTER_BOUND('',#9739,.F.);
#9741=ADVANCED_FACE('',(#9740),#9733,.T.);
#9742=CARTESIAN_POINT('',(1.319843867159E1,-3.648404554985E0,
-9.018025436476E0));
#9743=CARTESIAN_POINT('',(1.346211517130E1,-3.912081054655E0,9.865185576234E0));
#9745=CARTESIAN_POINT('',(1.319843867166E1,-3.298438671580E0,
-9.013138673359E0));
#9746=DIRECTION('',(1.396081962997E-2,-1.396081962697E-2,9.998050765177E-1));
#9747=AXIS1_PLACEMENT('',#9745,#9746);
#9748=SURFACE_OF_REVOLUTION('',#9744,#9747);
#9750=ORIENTED_EDGE('',*,*,#9749,.F.);
#9752=ORIENTED_EDGE('',*,*,#9751,.F.);
#9753=ORIENTED_EDGE('',*,*,#9654,.T.);
#9754=ORIENTED_EDGE('',*,*,#9735,.F.);
#9755=EDGE_LOOP('',(#9750,#9752,#9753,#9754));
#9756=FACE_OUTER_BOUND('',#9755,.F.);
#9757=ADVANCED_FACE('',(#9756),#9748,.T.);
#9758=CARTESIAN_POINT('',(1.316068043344E1,-3.255611453652E0,
-8.994051553066E0));
#9759=CARTESIAN_POINT('',(1.315725439765E1,-3.479172597444E0,
-9.024748639507E0));
#9760=CARTESIAN_POINT('',(1.317568098426E1,-3.650348251671E0,
-8.878827461620E0));
#9761=CARTESIAN_POINT('',(1.320350937348E1,-3.653475256902E0,
-8.654886763125E0));
#9762=CARTESIAN_POINT('',(1.340214097425E1,-3.255192551972E0,
-9.024051227300E0));
#9763=CARTESIAN_POINT('',(1.341803020636E1,-3.478720186362E0,
-9.057148091952E0));
#9764=CARTESIAN_POINT('',(1.333257157973E1,-3.650076067513E0,
-8.898319949868E0));
#9765=CARTESIAN_POINT('',(1.320350937348E1,-3.653475256902E0,
-8.654886763125E0));
#9766=CARTESIAN_POINT('',(1.357538917191E1,-3.257577936894E0,
-8.853221719738E0));
#9767=CARTESIAN_POINT('',(1.360513712950E1,-3.481296386515E0,
-8.872653338334E0));
#9768=CARTESIAN_POINT('',(1.344514075066E1,-3.651625987262E0,
-8.787322338939E0));
#9769=CARTESIAN_POINT('',(1.320350937348E1,-3.653475256902E0,
-8.654886763124E0));
#9770=CARTESIAN_POINT('',(1.354876048417E1,-3.260954772165E0,
-8.611389425207E0));
#9771=CARTESIAN_POINT('',(1.357637832048E1,-3.484943346576E0,
-8.611476038036E0));
#9772=CARTESIAN_POINT('',(1.342783858335E1,-3.653820108482E0,
-8.630190194022E0));
#9773=CARTESIAN_POINT('',(1.320350937348E1,-3.653475256902E0,
-8.654886763124E0));
#9774=(BOUNDED_SURFACE()B_SPLINE_SURFACE(3,3,((#9758,#9759,#9760,#9761),(#9762,
#9763,#9764,#9765),(#9766,#9767,#9768,#9769),(#9770,#9771,#9772,#9773)),
.UNSPECIFIED.,.F.,.F.,.F.)B_SPLINE_SURFACE_WITH_KNOTS((4,4),(4,4),(0.E0,1.E0),(
0.E0,1.E0),.UNSPECIFIED.)GEOMETRIC_REPRESENTATION_ITEM()RATIONAL_B_SPLINE_SURFACE(((1.485495786727E0,1.150913284733E0,1.150913284733E0,1.485495786727E0),(
1.109181871422E0,8.593576383121E-1,8.593576383121E-1,1.109181871422E0),(
1.109181871422E0,8.593576383121E-1,8.593576383121E-1,1.109181871422E0),(
1.485495786727E0,1.150913284733E0,1.150913284733E0,1.485495786727E0)))REPRESENTATION_ITEM('')SURFACE());
#9775=ORIENTED_EDGE('',*,*,#9712,.T.);
#9777=ORIENTED_EDGE('',*,*,#9776,.F.);
#9778=ORIENTED_EDGE('',*,*,#9749,.T.);
#9779=EDGE_LOOP('',(#9775,#9777,#9778));
#9780=FACE_OUTER_BOUND('',#9779,.F.);
#9781=ADVANCED_FACE('',(#9780),#9774,.T.);
#9782=CARTESIAN_POINT('',(-1.373164974844E1,-3.653475256902E0,
-8.654886763119E0));
#9783=CARTESIAN_POINT('',(1.373164974845E1,-3.653475256902E0,
-8.654886763119E0));
#9785=CARTESIAN_POINT('',(-1.373164974844E1,-3.303509373499E0,-8.65E0));
#9786=DIRECTION('',(1.E0,0.E0,0.E0));
#9787=AXIS1_PLACEMENT('',#9785,#9786);
#9788=SURFACE_OF_REVOLUTION('',#9784,#9787);
#9790=ORIENTED_EDGE('',*,*,#9789,.F.);
#9791=ORIENTED_EDGE('',*,*,#9776,.T.);
#9792=ORIENTED_EDGE('',*,*,#9426,.T.);
#9794=ORIENTED_EDGE('',*,*,#9793,.F.);
#9795=EDGE_LOOP('',(#9790,#9791,#9792,#9794));
#9796=FACE_OUTER_BOUND('',#9795,.F.);
#9797=ADVANCED_FACE('',(#9796),#9788,.T.);
#9798=CARTESIAN_POINT('',(1.399529652281E1,-3.648405126626E0,
-9.017984498383E0));
#9799=CARTESIAN_POINT('',(1.399529652281E1,-3.736287384751E0,
-2.724290420501E0));
#9800=CARTESIAN_POINT('',(1.399529652281E1,-3.824169642876E0,3.569403657380E0));
#9801=CARTESIAN_POINT('',(1.399529652281E1,-3.912051901001E0,9.863097735262E0));
#9802=CARTESIAN_POINT('',(4.665098840937E0,-3.648405126626E0,
-9.017984498383E0));
#9803=CARTESIAN_POINT('',(4.665098840937E0,-3.736287384751E0,
-2.724290420501E0));
#9804=CARTESIAN_POINT('',(4.665098840937E0,-3.824169642876E0,3.569403657380E0));
#9805=CARTESIAN_POINT('',(4.665098840937E0,-3.912051901001E0,9.863097735262E0));
#9806=CARTESIAN_POINT('',(-4.665098840937E0,-3.648405126626E0,
-9.017984498383E0));
#9807=CARTESIAN_POINT('',(-4.665098840937E0,-3.736287384751E0,
-2.724290420501E0));
#9808=CARTESIAN_POINT('',(-4.665098840937E0,-3.824169642876E0,
3.569403657380E0));
#9809=CARTESIAN_POINT('',(-4.665098840937E0,-3.912051901001E0,
9.863097735262E0));
#9810=CARTESIAN_POINT('',(-1.399529652281E1,-3.648405126626E0,
-9.017984498383E0));
#9811=CARTESIAN_POINT('',(-1.399529652281E1,-3.736287384751E0,
-2.724290420501E0));
#9812=CARTESIAN_POINT('',(-1.399529652281E1,-3.824169642876E0,
3.569403657380E0));
#9813=CARTESIAN_POINT('',(-1.399529652281E1,-3.912051901001E0,
9.863097735262E0));
#9814=B_SPLINE_SURFACE_WITH_KNOTS('',3,3,((#9798,#9799,#9800,#9801),(#9802,
#9803,#9804,#9805),(#9806,#9807,#9808,#9809),(#9810,#9811,#9812,#9813)),
.UNSPECIFIED.,.F.,.F.,.F.,(4,4),(4,4),(-2.823024804011E1,-2.396549944914E-1),(
-1.801974099049E1,8.631818747708E-1),.UNSPECIFIED.);
#9816=ORIENTED_EDGE('',*,*,#9815,.F.);
#9817=ORIENTED_EDGE('',*,*,#9620,.T.);
#9818=ORIENTED_EDGE('',*,*,#9656,.T.);
#9819=ORIENTED_EDGE('',*,*,#9751,.T.);
#9820=ORIENTED_EDGE('',*,*,#9789,.T.);
#9822=ORIENTED_EDGE('',*,*,#9821,.T.);
#9824=ORIENTED_EDGE('',*,*,#9823,.F.);
#9826=ORIENTED_EDGE('',*,*,#9825,.F.);
#9827=EDGE_LOOP('',(#9816,#9817,#9818,#9819,#9820,#9822,#9824,#9826));
#9828=FACE_OUTER_BOUND('',#9827,.F.);
#9829=ADVANCED_FACE('',(#9828),#9814,.F.);
#9830=CARTESIAN_POINT('',(-1.387672262048E1,-3.936285598390E0,8.5E0));
#9831=CARTESIAN_POINT('',(-1.387672262048E1,-3.724056525977E0,8.5E0));
#9832=CARTESIAN_POINT('',(-1.387672262048E1,-3.511827453564E0,8.5E0));
#9833=CARTESIAN_POINT('',(-1.387672262048E1,-3.299598381152E0,8.5E0));
#9834=CARTESIAN_POINT('',(-4.625574206816E0,-3.936285598390E0,8.5E0));
#9835=CARTESIAN_POINT('',(-4.625574206816E0,-3.724056525977E0,8.5E0));
#9836=CARTESIAN_POINT('',(-4.625574206816E0,-3.511827453564E0,8.5E0));
#9837=CARTESIAN_POINT('',(-4.625574206816E0,-3.299598381152E0,8.5E0));
#9838=CARTESIAN_POINT('',(4.625574206846E0,-3.936285598390E0,8.5E0));
#9839=CARTESIAN_POINT('',(4.625574206846E0,-3.724056525977E0,8.5E0));
#9840=CARTESIAN_POINT('',(4.625574206846E0,-3.511827453564E0,8.5E0));
#9841=CARTESIAN_POINT('',(4.625574206846E0,-3.299598381152E0,8.5E0));
#9842=CARTESIAN_POINT('',(1.387672262051E1,-3.936285598390E0,8.5E0));
#9843=CARTESIAN_POINT('',(1.387672262051E1,-3.724056525977E0,8.5E0));
#9844=CARTESIAN_POINT('',(1.387672262051E1,-3.511827453564E0,8.5E0));
#9845=CARTESIAN_POINT('',(1.387672262051E1,-3.299598381152E0,8.5E0));
#9846=B_SPLINE_SURFACE_WITH_KNOTS('',3,3,((#9830,#9831,#9832,#9833),(#9834,
#9835,#9836,#9837),(#9838,#9839,#9840,#9841),(#9842,#9843,#9844,#9845)),
.UNSPECIFIED.,.F.,.F.,.F.,(4,4),(4,4),(-1.387672262048E1,1.387672262051E1),(
-3.628559838975E-2,6.004016188484E-1),.UNSPECIFIED.);
#9847=ORIENTED_EDGE('',*,*,#9622,.T.);
#9848=ORIENTED_EDGE('',*,*,#9815,.T.);
#9850=ORIENTED_EDGE('',*,*,#9849,.F.);
#9852=ORIENTED_EDGE('',*,*,#9851,.F.);
#9854=ORIENTED_EDGE('',*,*,#9853,.F.);
#9856=ORIENTED_EDGE('',*,*,#9855,.F.);
#9857=EDGE_LOOP('',(#9847,#9848,#9850,#9852,#9854,#9856));
#9858=FACE_OUTER_BOUND('',#9857,.F.);
#9859=ADVANCED_FACE('',(#9858),#9846,.T.);
#9860=CARTESIAN_POINT('',(-1.334241411667E1,4.063261041554E0,8.456736432823E0));
#9861=CARTESIAN_POINT('',(-1.334747137029E1,4.063261041554E0,8.818912006073E0));
#9862=CARTESIAN_POINT('',(-1.335252862392E1,4.063261041554E0,9.181087579323E0));
#9863=CARTESIAN_POINT('',(-1.335758587755E1,4.063261041554E0,9.543263152574E0));
#9864=CARTESIAN_POINT('',(-1.334241411667E1,1.354420347185E0,8.456736432823E0));
#9865=CARTESIAN_POINT('',(-1.334747137029E1,1.354420347185E0,8.818912006073E0));
#9866=CARTESIAN_POINT('',(-1.335252862392E1,1.354420347185E0,9.181087579323E0));
#9867=CARTESIAN_POINT('',(-1.335758587755E1,1.354420347185E0,9.543263152574E0));
#9868=CARTESIAN_POINT('',(-1.334241411667E1,-1.354420347185E0,
8.456736432823E0));
#9869=CARTESIAN_POINT('',(-1.334747137029E1,-1.354420347185E0,
8.818912006073E0));
#9870=CARTESIAN_POINT('',(-1.335252862392E1,-1.354420347185E0,
9.181087579323E0));
#9871=CARTESIAN_POINT('',(-1.335758587755E1,-1.354420347185E0,
9.543263152574E0));
#9872=CARTESIAN_POINT('',(-1.334241411667E1,-4.063261041554E0,
8.456736432823E0));
#9873=CARTESIAN_POINT('',(-1.334747137029E1,-4.063261041554E0,
8.818912006073E0));
#9874=CARTESIAN_POINT('',(-1.335252862392E1,-4.063261041554E0,
9.181087579323E0));
#9875=CARTESIAN_POINT('',(-1.335758587755E1,-4.063261041554E0,
9.543263152574E0));
#9876=B_SPLINE_SURFACE_WITH_KNOTS('',3,3,((#9860,#9861,#9862,#9863),(#9864,
#9865,#9866,#9867),(#9868,#9869,#9870,#9871),(#9872,#9873,#9874,#9875)),
.UNSPECIFIED.,.F.,.F.,.F.,(4,4),(4,4),(2.371690475744E0,1.049821255885E1),(
-5.433165274945E-1,5.433161128498E-1),.UNSPECIFIED.);
#9878=ORIENTED_EDGE('',*,*,#9877,.F.);
#9879=ORIENTED_EDGE('',*,*,#9555,.T.);
#9880=ORIENTED_EDGE('',*,*,#9596,.T.);
#9882=ORIENTED_EDGE('',*,*,#9881,.F.);
#9883=ORIENTED_EDGE('',*,*,#9849,.T.);
#9884=ORIENTED_EDGE('',*,*,#9825,.T.);
#9885=EDGE_LOOP('',(#9878,#9879,#9880,#9882,#9883,#9884));
#9886=FACE_OUTER_BOUND('',#9885,.F.);
#9887=ADVANCED_FACE('',(#9886),#9876,.F.);
#9888=CARTESIAN_POINT('',(-1.385024914082E1,-4.063261041554E0,9.5E0));
#9889=CARTESIAN_POINT('',(-1.385024914082E1,-1.354420347185E0,9.5E0));
#9890=CARTESIAN_POINT('',(-1.385024914082E1,1.354420347185E0,9.5E0));
#9891=CARTESIAN_POINT('',(-1.385024914082E1,4.063261041554E0,9.5E0));
#9892=CARTESIAN_POINT('',(-1.367140422742E1,-4.063261041554E0,9.5E0));
#9893=CARTESIAN_POINT('',(-1.367140422742E1,-1.354420347185E0,9.5E0));
#9894=CARTESIAN_POINT('',(-1.367140422742E1,1.354420347185E0,9.5E0));
#9895=CARTESIAN_POINT('',(-1.367140422742E1,4.063261041554E0,9.5E0));
#9896=CARTESIAN_POINT('',(-1.349255931402E1,-4.063261041554E0,9.5E0));
#9897=CARTESIAN_POINT('',(-1.349255931402E1,-1.354420347185E0,9.5E0));
#9898=CARTESIAN_POINT('',(-1.349255931402E1,1.354420347185E0,9.5E0));
#9899=CARTESIAN_POINT('',(-1.349255931402E1,4.063261041554E0,9.5E0));
#9900=CARTESIAN_POINT('',(-1.331371440062E1,-4.063261041554E0,9.5E0));
#9901=CARTESIAN_POINT('',(-1.331371440062E1,-1.354420347185E0,9.5E0));
#9902=CARTESIAN_POINT('',(-1.331371440062E1,1.354420347185E0,9.5E0));
#9903=CARTESIAN_POINT('',(-1.331371440062E1,4.063261041554E0,9.5E0));
#9904=B_SPLINE_SURFACE_WITH_KNOTS('',3,3,((#9888,#9889,#9890,#9891),(#9892,
#9893,#9894,#9895),(#9896,#9897,#9898,#9899),(#9900,#9901,#9902,#9903)),
.UNSPECIFIED.,.F.,.F.,.F.,(4,4),(4,4),(-5.024914082076E-2,4.862855993823E-1),(
-1.632610415539E-1,7.963261041554E0),.UNSPECIFIED.);
#9905=ORIENTED_EDGE('',*,*,#9877,.T.);
#9906=ORIENTED_EDGE('',*,*,#9823,.T.);
#9908=ORIENTED_EDGE('',*,*,#9907,.F.);
#9909=ORIENTED_EDGE('',*,*,#9472,.T.);
#9910=ORIENTED_EDGE('',*,*,#9490,.T.);
#9911=ORIENTED_EDGE('',*,*,#9557,.T.);
#9912=EDGE_LOOP('',(#9905,#9906,#9908,#9909,#9910,#9911));
#9913=FACE_OUTER_BOUND('',#9912,.F.);
#9914=ADVANCED_FACE('',(#9913),#9904,.T.);
#9915=CARTESIAN_POINT('',(-1.346211517125E1,-3.912081054655E0,
9.865185576234E0));
#9916=CARTESIAN_POINT('',(-1.319843867154E1,-3.648404554986E0,
-9.018025436438E0));
#9918=CARTESIAN_POINT('',(-1.346211517118E1,-3.562115171254E0,
9.870072339353E0));
#9919=DIRECTION('',(1.396081962997E-2,1.396081962697E-2,-9.998050765177E-1));
#9920=AXIS1_PLACEMENT('',#9918,#9919);
#9921=SURFACE_OF_REVOLUTION('',#9917,#9920);
#9923=ORIENTED_EDGE('',*,*,#9922,.F.);
#9924=ORIENTED_EDGE('',*,*,#9474,.F.);
#9925=ORIENTED_EDGE('',*,*,#9907,.T.);
#9926=ORIENTED_EDGE('',*,*,#9821,.F.);
#9927=EDGE_LOOP('',(#9923,#9924,#9925,#9926));
#9928=FACE_OUTER_BOUND('',#9927,.F.);
#9929=ADVANCED_FACE('',(#9928),#9921,.T.);
#9930=CARTESIAN_POINT('',(-1.354876048417E1,-3.260954772165E0,
-8.611389425156E0));
#9931=CARTESIAN_POINT('',(-1.357637832047E1,-3.484943346566E0,
-8.611476037980E0));
#9932=CARTESIAN_POINT('',(-1.342783858336E1,-3.653820108469E0,
-8.630190193985E0));
#9933=CARTESIAN_POINT('',(-1.320350937350E1,-3.653475256902E0,
-8.654886763119E0));
#9934=CARTESIAN_POINT('',(-1.357538917194E1,-3.257577936896E0,
-8.853221719731E0));
#9935=CARTESIAN_POINT('',(-1.360513712953E1,-3.481296386507E0,
-8.872653338315E0));
#9936=CARTESIAN_POINT('',(-1.344514075069E1,-3.651625987250E0,
-8.787322338922E0));
#9937=CARTESIAN_POINT('',(-1.320350937350E1,-3.653475256902E0,
-8.654886763119E0));
#9938=CARTESIAN_POINT('',(-1.340214097426E1,-3.255192551986E0,
-9.024051227330E0));
#9939=CARTESIAN_POINT('',(-1.341803020637E1,-3.478720186367E0,
-9.057148091965E0));
#9940=CARTESIAN_POINT('',(-1.333257157975E1,-3.650076067509E0,
-8.898319949869E0));
#9941=CARTESIAN_POINT('',(-1.320350937350E1,-3.653475256902E0,
-8.654886763119E0));
#9942=CARTESIAN_POINT('',(-1.316068043340E1,-3.255611453681E0,
-8.994051553065E0));
#9943=CARTESIAN_POINT('',(-1.315725439762E1,-3.479172597465E0,
-9.024748639488E0));
#9944=CARTESIAN_POINT('',(-1.317568098426E1,-3.650348251677E0,
-8.878827461601E0));
#9945=CARTESIAN_POINT('',(-1.320350937350E1,-3.653475256902E0,
-8.654886763119E0));
#9946=(BOUNDED_SURFACE()B_SPLINE_SURFACE(3,3,((#9930,#9931,#9932,#9933),(#9934,
#9935,#9936,#9937),(#9938,#9939,#9940,#9941),(#9942,#9943,#9944,#9945)),
.UNSPECIFIED.,.F.,.F.,.F.)B_SPLINE_SURFACE_WITH_KNOTS((4,4),(4,4),(0.E0,1.E0),(
0.E0,1.E0),.UNSPECIFIED.)GEOMETRIC_REPRESENTATION_ITEM()RATIONAL_B_SPLINE_SURFACE(((1.485495786799E0,1.150913284810E0,1.150913284810E0,1.485495786799E0),(
1.109181871377E0,8.593576382934E-1,8.593576382934E-1,1.109181871377E0),(
1.109181871377E0,8.593576382934E-1,8.593576382934E-1,1.109181871377E0),(
1.485495786799E0,1.150913284810E0,1.150913284810E0,1.485495786799E0)))REPRESENTATION_ITEM('')SURFACE());
#9947=ORIENTED_EDGE('',*,*,#9922,.T.);
#9948=ORIENTED_EDGE('',*,*,#9793,.T.);
#9949=ORIENTED_EDGE('',*,*,#9444,.T.);
#9950=EDGE_LOOP('',(#9947,#9948,#9949));
#9951=FACE_OUTER_BOUND('',#9950,.F.);
#9952=ADVANCED_FACE('',(#9951),#9946,.T.);
#9953=CARTESIAN_POINT('',(-1.310153880659E1,3.476643976532E0,
-8.790424144678E0));
#9954=CARTESIAN_POINT('',(-1.318359533536E1,3.476643976532E0,
-2.913940082843E0));
#9955=CARTESIAN_POINT('',(-1.326565186413E1,3.476643976532E0,2.962543978992E0));
#9956=CARTESIAN_POINT('',(-1.334770839291E1,3.476643976532E0,8.839028040827E0));
#9957=CARTESIAN_POINT('',(-1.310153880659E1,1.158881324410E0,
-8.790424144678E0));
#9958=CARTESIAN_POINT('',(-1.318359533536E1,1.158881324410E0,
-2.913940082843E0));
#9959=CARTESIAN_POINT('',(-1.326565186413E1,1.158881324410E0,2.962543978992E0));
#9960=CARTESIAN_POINT('',(-1.334770839291E1,1.158881324410E0,8.839028040827E0));
#9961=CARTESIAN_POINT('',(-1.310153880659E1,-1.158881327712E0,
-8.790424144678E0));
#9962=CARTESIAN_POINT('',(-1.318359533536E1,-1.158881327712E0,
-2.913940082843E0));
#9963=CARTESIAN_POINT('',(-1.326565186413E1,-1.158881327712E0,
2.962543978992E0));
#9964=CARTESIAN_POINT('',(-1.334770839291E1,-1.158881327712E0,
8.839028040827E0));
#9965=CARTESIAN_POINT('',(-1.310153880659E1,-3.476643979833E0,
-8.790424144678E0));
#9966=CARTESIAN_POINT('',(-1.318359533536E1,-3.476643979833E0,
-2.913940082843E0));
#9967=CARTESIAN_POINT('',(-1.326565186413E1,-3.476643979833E0,
2.962543978992E0));
#9968=CARTESIAN_POINT('',(-1.334770839291E1,-3.476643979833E0,
8.839028040827E0));
#9969=B_SPLINE_SURFACE_WITH_KNOTS('',3,3,((#9953,#9954,#9955,#9956),(#9957,
#9958,#9959,#9960),(#9961,#9962,#9963,#9964),(#9965,#9966,#9967,#9968)),
.UNSPECIFIED.,.F.,.F.,.F.,(4,4),(4,4),(-7.811595493830E0,-8.583075374645E-1),(
-1.779844204660E1,-1.672712452562E-1),.UNSPECIFIED.);
#9971=ORIENTED_EDGE('',*,*,#9970,.T.);
#9972=ORIENTED_EDGE('',*,*,#9881,.T.);
#9974=ORIENTED_EDGE('',*,*,#9973,.T.);
#9976=ORIENTED_EDGE('',*,*,#9975,.F.);
#9978=ORIENTED_EDGE('',*,*,#9977,.T.);
#9980=ORIENTED_EDGE('',*,*,#9979,.F.);
#9982=ORIENTED_EDGE('',*,*,#9981,.F.);
#9984=ORIENTED_EDGE('',*,*,#9983,.T.);
#9986=ORIENTED_EDGE('',*,*,#9985,.F.);
#9988=ORIENTED_EDGE('',*,*,#9987,.T.);
#9990=ORIENTED_EDGE('',*,*,#9989,.F.);
#9992=ORIENTED_EDGE('',*,*,#9991,.F.);
#9994=ORIENTED_EDGE('',*,*,#9993,.T.);
#9996=ORIENTED_EDGE('',*,*,#9995,.F.);
#9997=EDGE_LOOP('',(#9971,#9972,#9974,#9976,#9978,#9980,#9982,#9984,#9986,#9988,
#9990,#9992,#9994,#9996));
#9998=FACE_OUTER_BOUND('',#9997,.F.);
#9999=ADVANCED_FACE('',(#9998),#9969,.F.);
#10000=CARTESIAN_POINT('',(-1.310153864517E1,-3.101548392774E0,
-8.790435704055E0));
#10001=CARTESIAN_POINT('',(-1.334771662480E1,-3.347726372403E0,
8.839617569046E0));
#10003=CARTESIAN_POINT('',(-1.300154839286E1,-3.101548392791E0,
-8.789039484663E0));
#10004=DIRECTION('',(-1.396081962997E-2,-1.396081962697E-2,9.998050765177E-1));
#10005=AXIS1_PLACEMENT('',#10003,#10004);
#10006=SURFACE_OF_REVOLUTION('',#10002,#10005);
#10007=ORIENTED_EDGE('',*,*,#9970,.F.);
#10009=ORIENTED_EDGE('',*,*,#10008,.F.);
#10011=ORIENTED_EDGE('',*,*,#10010,.F.);
#10012=ORIENTED_EDGE('',*,*,#9851,.T.);
#10013=EDGE_LOOP('',(#10007,#10009,#10011,#10012));
#10014=FACE_OUTER_BOUND('',#10013,.F.);
#10015=ADVANCED_FACE('',(#10014),#10006,.F.);
#10016=CARTESIAN_POINT('',(-1.308923223481E1,-3.064889821517E0,
-8.412503404124E0));
#10017=CARTESIAN_POINT('',(-1.312027888938E1,-3.138690084208E0,
-8.399715905673E0));
#10018=CARTESIAN_POINT('',(-1.308035793315E1,-3.206733109934E0,
-8.418433746191E0));
#10019=CARTESIAN_POINT('',(-1.300628258469E1,-3.206272837092E0,
-8.451396218034E0));
#10020=CARTESIAN_POINT('',(-1.312978686439E1,-3.063617475372E0,
-8.503622562482E0));
#10021=CARTESIAN_POINT('',(-1.317601243261E1,-3.136941520368E0,
-8.524939427707E0));
#10022=CARTESIAN_POINT('',(-1.311657385828E1,-3.205596884719E0,
-8.499804594613E0));
#10023=CARTESIAN_POINT('',(-1.300628258469E1,-3.206272837092E0,
-8.451396218034E0));
#10024=CARTESIAN_POINT('',(-1.305876611380E1,-3.062639619158E0,
-8.573651803857E0));
#10025=CARTESIAN_POINT('',(-1.307840981328E1,-3.135597669070E0,
-8.621179432646E0));
#10026=CARTESIAN_POINT('',(-1.305315120561E1,-3.204723643666E0,
-8.562341813874E0));
#10027=CARTESIAN_POINT('',(-1.300628258469E1,-3.206272837092E0,
-8.451396218034E0));
#10028=CARTESIAN_POINT('',(-1.296821312958E1,-3.063223558021E0,
-8.531832981186E0));
#10029=CARTESIAN_POINT('',(-1.295396437481E1,-3.136400166398E0,
-8.563708530187E0));
#10030=CARTESIAN_POINT('',(-1.297228595964E1,-3.205245110299E0,
-8.524996944342E0));
#10031=CARTESIAN_POINT('',(-1.300628258469E1,-3.206272837092E0,
-8.451396218034E0));
#10032=(BOUNDED_SURFACE()B_SPLINE_SURFACE(3,3,((#10016,#10017,#10018,#10019),(
#10020,#10021,#10022,#10023),(#10024,#10025,#10026,#10027),(#10028,#10029,
#10030,#10031)),.UNSPECIFIED.,.F.,.F.,.F.)B_SPLINE_SURFACE_WITH_KNOTS((4,4),(4,
4),(0.E0,1.E0),(0.E0,1.E0),.UNSPECIFIED.)GEOMETRIC_REPRESENTATION_ITEM()RATIONAL_B_SPLINE_SURFACE(((1.922502013454E0,1.331555189836E0,1.331555189836E0,
1.922502013454E0),(1.091978853694E0,7.563217617729E-1,7.563217617729E-1,
1.091978853694E0),(1.091978853694E0,7.563217617729E-1,7.563217617729E-1,
1.091978853694E0),(1.922502013454E0,1.331555189836E0,1.331555189836E0,
1.922502013454E0)))REPRESENTATION_ITEM('')SURFACE());
#10034=ORIENTED_EDGE('',*,*,#10033,.T.);
#10036=ORIENTED_EDGE('',*,*,#10035,.F.);
#10037=ORIENTED_EDGE('',*,*,#10008,.T.);
#10038=EDGE_LOOP('',(#10034,#10036,#10037));
#10039=FACE_OUTER_BOUND('',#10038,.F.);
#10040=ADVANCED_FACE('',(#10039),#10032,.F.);
#10041=CARTESIAN_POINT('',(-1.310627283709E1,-2.050285100955E0,
-8.451396218034E0));
#10042=CARTESIAN_POINT('',(-1.310627283709E1,-3.149549954795E0,
-8.451396218034E0));
#10044=CARTESIAN_POINT('',(-1.300628258469E1,-2.052577807300E0,-8.45E0));
#10045=DIRECTION('',(0.E0,-1.E0,0.E0));
#10046=AXIS1_PLACEMENT('',#10044,#10045);
#10047=SURFACE_OF_REVOLUTION('',#10043,#10046);
#10048=ORIENTED_EDGE('',*,*,#9995,.T.);
#10050=ORIENTED_EDGE('',*,*,#10049,.F.);
#10052=ORIENTED_EDGE('',*,*,#10051,.F.);
#10053=ORIENTED_EDGE('',*,*,#10033,.F.);
#10054=EDGE_LOOP('',(#10048,#10050,#10052,#10053));
#10055=FACE_OUTER_BOUND('',#10054,.F.);
#10056=ADVANCED_FACE('',(#10055),#10047,.F.);
#10057=CARTESIAN_POINT('',(-1.296488922403E1,-2.010800017211E0,
-8.412070841355E0));
#10058=CARTESIAN_POINT('',(-1.303869321327E1,-1.979819577238E0,
-8.399118070101E0));
#10059=CARTESIAN_POINT('',(-1.310673854310E1,-2.019646809643E0,
-8.418044649841E0));
#10060=CARTESIAN_POINT('',(-1.310627283709E1,-2.093552471059E0,
-8.451396218034E0));
#10061=CARTESIAN_POINT('',(-1.296361499114E1,-1.969611471834E0,
-8.503325119216E0));
#10062=CARTESIAN_POINT('',(-1.303694193960E1,-1.923211075131E0,
-8.524535657280E0));
#10063=CARTESIAN_POINT('',(-1.310560053425E1,-1.982861596066E0,
-8.499543233252E0));
#10064=CARTESIAN_POINT('',(-1.310627283709E1,-2.093552471059E0,
-8.451396218034E0));
#10065=CARTESIAN_POINT('',(-1.296263078200E1,-2.040720339778E0,
-8.573809325956E0));
#10066=CARTESIAN_POINT('',(-1.303558926728E1,-2.020941316973E0,
-8.621407380455E0));
#10067=CARTESIAN_POINT('',(-1.310472154367E1,-2.046368449018E0,
-8.562492205473E0));
#10068=CARTESIAN_POINT('',(-1.310627283709E1,-2.093552471059E0,
-8.451396218034E0));
#10069=CARTESIAN_POINT('',(-1.296321696056E1,-2.131620640993E0,
-8.531830107271E0));
#10070=CARTESIAN_POINT('',(-1.303639489636E1,-2.145872407541E0,
-8.563712196815E0));
#10071=CARTESIAN_POINT('',(-1.310524505581E1,-2.127550898260E0,
-8.525000846868E0));
#10072=CARTESIAN_POINT('',(-1.310627283709E1,-2.093552471059E0,
-8.451396218034E0));
#10073=(BOUNDED_SURFACE()B_SPLINE_SURFACE(3,3,((#10057,#10058,#10059,#10060),(
#10061,#10062,#10063,#10064),(#10065,#10066,#10067,#10068),(#10069,#10070,
#10071,#10072)),.UNSPECIFIED.,.F.,.F.,.F.)B_SPLINE_SURFACE_WITH_KNOTS((4,4),(4,
4),(0.E0,1.E0),(0.E0,1.E0),.UNSPECIFIED.)GEOMETRIC_REPRESENTATION_ITEM()RATIONAL_B_SPLINE_SURFACE(((1.926032703630E0,1.333961067934E0,1.333961067934E0,
1.926032703630E0),(1.090836625605E0,7.555082461948E-1,7.555082461948E-1,
1.090836625605E0),(1.090836625605E0,7.555082461948E-1,7.555082461948E-1,
1.090836625605E0),(1.926032703630E0,1.333961067934E0,1.333961067934E0,
1.926032703630E0)))REPRESENTATION_ITEM('')SURFACE());
#10075=ORIENTED_EDGE('',*,*,#10074,.T.);
#10076=ORIENTED_EDGE('',*,*,#10049,.T.);
#10078=ORIENTED_EDGE('',*,*,#10077,.F.);
#10079=EDGE_LOOP('',(#10075,#10076,#10078));
#10080=FACE_OUTER_BOUND('',#10079,.F.);
#10081=ADVANCED_FACE('',(#10080),#10073,.F.);
#10082=CARTESIAN_POINT('',(-1.304954995479E1,-2.093552471059E0,-8.55E0));
#10083=CARTESIAN_POINT('',(-1.235760150884E1,-2.093552471059E0,-8.55E0));
#10085=CARTESIAN_POINT('',(-1.304725724845E1,-2.093552471059E0,-8.45E0));
#10086=DIRECTION('',(1.E0,0.E0,0.E0));
#10087=AXIS1_PLACEMENT('',#10085,#10086);
#10088=SURFACE_OF_REVOLUTION('',#10084,#10087);
#10090=ORIENTED_EDGE('',*,*,#10089,.F.);
#10092=ORIENTED_EDGE('',*,*,#10091,.T.);
#10094=ORIENTED_EDGE('',*,*,#10093,.F.);
#10095=ORIENTED_EDGE('',*,*,#10074,.F.);
#10096=EDGE_LOOP('',(#10090,#10092,#10094,#10095));
#10097=FACE_OUTER_BOUND('',#10096,.F.);
#10098=ADVANCED_FACE('',(#10097),#10088,.F.);
#10099=CARTESIAN_POINT('',(-1.325761890772E1,-1.996157037665E0,
-8.748890106621E0));
#10100=CARTESIAN_POINT('',(-1.325761890772E1,-1.951077216519E0,
-3.583254253390E0));
#10101=CARTESIAN_POINT('',(-1.325761890772E1,-1.905997395372E0,
1.582381599840E0));
#10102=CARTESIAN_POINT('',(-1.325761890772E1,-1.860917574226E0,
6.748017453071E0));
#10103=CARTESIAN_POINT('',(-1.299094517220E1,-1.996157037665E0,
-8.748890106621E0));
#10104=CARTESIAN_POINT('',(-1.299094517220E1,-1.951077216519E0,
-3.583254253390E0));
#10105=CARTESIAN_POINT('',(-1.299094517220E1,-1.905997395372E0,
1.582381599840E0));
#10106=CARTESIAN_POINT('',(-1.299094517220E1,-1.860917574226E0,
6.748017453071E0));
#10107=CARTESIAN_POINT('',(-1.272427143667E1,-1.996157037665E0,
-8.748890106621E0));
#10108=CARTESIAN_POINT('',(-1.272427143667E1,-1.951077216519E0,
-3.583254253390E0));
#10109=CARTESIAN_POINT('',(-1.272427143667E1,-1.905997395372E0,
1.582381599840E0));
#10110=CARTESIAN_POINT('',(-1.272427143667E1,-1.860917574226E0,
6.748017453071E0));
#10111=CARTESIAN_POINT('',(-1.245759770115E1,-1.996157037665E0,
-8.748890106621E0));
#10112=CARTESIAN_POINT('',(-1.245759770115E1,-1.951077216519E0,
-3.583254253390E0));
#10113=CARTESIAN_POINT('',(-1.245759770115E1,-1.905997395372E0,
1.582381599840E0));
#10114=CARTESIAN_POINT('',(-1.245759770115E1,-1.860917574226E0,
6.748017453071E0));
#10115=B_SPLINE_SURFACE_WITH_KNOTS('',3,3,((#10099,#10100,#10101,#10102),
(#10103,#10104,#10105,#10106),(#10107,#10108,#10109,#10110),(#10111,#10112,
#10113,#10114)),.UNSPECIFIED.,.F.,.F.,.F.,(4,4),(4,4),(5.272887411093E-1,
1.327309947686E0),(-1.988976800352E-1,1.529859997688E1),.UNSPECIFIED.);
#10117=ORIENTED_EDGE('',*,*,#10116,.T.);
#10119=ORIENTED_EDGE('',*,*,#10118,.F.);
#10121=ORIENTED_EDGE('',*,*,#10120,.F.);
#10122=ORIENTED_EDGE('',*,*,#10089,.T.);
#10123=EDGE_LOOP('',(#10117,#10119,#10121,#10122));
#10124=FACE_OUTER_BOUND('',#10123,.F.);
#10125=ADVANCED_FACE('',(#10124),#10115,.T.);
#10126=CARTESIAN_POINT('',(-1.331851427381E1,-1.960906826348E0,
6.748289154970E0));
#10127=CARTESIAN_POINT('',(-1.310211124029E1,-2.096153366048E0,
-8.749429264563E0));
#10129=CARTESIAN_POINT('',(-1.321852401698E1,-1.960906829034E0,
6.749685063884E0));
#10130=DIRECTION('',(1.396164880995E-2,-8.725684934971E-3,-9.998644582067E-1));
#10131=AXIS1_PLACEMENT('',#10129,#10130);
#10132=SURFACE_OF_REVOLUTION('',#10128,#10131);
#10133=ORIENTED_EDGE('',*,*,#10116,.F.);
#10134=ORIENTED_EDGE('',*,*,#10077,.T.);
#10135=ORIENTED_EDGE('',*,*,#9993,.F.);
#10137=ORIENTED_EDGE('',*,*,#10136,.F.);
#10138=EDGE_LOOP('',(#10133,#10134,#10135,#10137));
#10139=FACE_OUTER_BOUND('',#10138,.F.);
#10140=ADVANCED_FACE('',(#10139),#10132,.F.);
#10141=CARTESIAN_POINT('',(-1.335761647093E1,-2.006777326474E0,6.45E0));
#10142=CARTESIAN_POINT('',(-1.335761647093E1,-1.898537216568E0,6.45E0));
#10143=CARTESIAN_POINT('',(-1.335761647093E1,-1.790297106663E0,6.45E0));
#10144=CARTESIAN_POINT('',(-1.335761647093E1,-1.682056996757E0,6.45E0));
#10145=CARTESIAN_POINT('',(-1.310095619621E1,-2.006777326474E0,6.45E0));
#10146=CARTESIAN_POINT('',(-1.310095619621E1,-1.898537216568E0,6.45E0));
#10147=CARTESIAN_POINT('',(-1.310095619621E1,-1.790297106663E0,6.45E0));
#10148=CARTESIAN_POINT('',(-1.310095619621E1,-1.682056996757E0,6.45E0));
#10149=CARTESIAN_POINT('',(-1.284429592148E1,-2.006777326474E0,6.45E0));
#10150=CARTESIAN_POINT('',(-1.284429592148E1,-1.898537216568E0,6.45E0));
#10151=CARTESIAN_POINT('',(-1.284429592148E1,-1.790297106663E0,6.45E0));
#10152=CARTESIAN_POINT('',(-1.284429592148E1,-1.682056996757E0,6.45E0));
#10153=CARTESIAN_POINT('',(-1.258763564676E1,-2.006777326474E0,6.45E0));
#10154=CARTESIAN_POINT('',(-1.258763564676E1,-1.898537216568E0,6.45E0));
#10155=CARTESIAN_POINT('',(-1.258763564676E1,-1.790297106663E0,6.45E0));
#10156=CARTESIAN_POINT('',(-1.258763564676E1,-1.682056996757E0,6.45E0));
#10157=B_SPLINE_SURFACE_WITH_KNOTS('',3,3,((#10141,#10142,#10143,#10144),
(#10145,#10146,#10147,#10148),(#10149,#10150,#10151,#10152),(#10153,#10154,
#10155,#10156)),.UNSPECIFIED.,.F.,.F.,.F.,(4,4),(4,4),(-1.335761647093E1,
-1.258763564676E1),(1.893222673526E0,2.217943003243E0),.UNSPECIFIED.);
#10158=ORIENTED_EDGE('',*,*,#10118,.T.);
#10159=ORIENTED_EDGE('',*,*,#10136,.T.);
#10160=ORIENTED_EDGE('',*,*,#9991,.T.);
#10162=ORIENTED_EDGE('',*,*,#10161,.F.);
#10164=ORIENTED_EDGE('',*,*,#10163,.F.);
#10165=EDGE_LOOP('',(#10158,#10159,#10160,#10162,#10164));
#10166=FACE_OUTER_BOUND('',#10165,.F.);
#10167=ADVANCED_FACE('',(#10166),#10157,.T.);
#10168=CARTESIAN_POINT('',(-1.258327237901E1,-1.741694846254E0,
6.490050876646E0));
#10169=CARTESIAN_POINT('',(-1.284138707632E1,-1.741694846254E0,
6.490050876646E0));
#10170=CARTESIAN_POINT('',(-1.309950177362E1,-1.741694846254E0,
6.490050876646E0));
#10171=CARTESIAN_POINT('',(-1.335761647093E1,-1.741694846254E0,
6.490050876646E0));
#10172=CARTESIAN_POINT('',(-1.258327237901E1,-1.628602412634E0,
6.213366791847E0));
#10173=CARTESIAN_POINT('',(-1.284138707632E1,-1.628602412634E0,
6.213366791847E0));
#10174=CARTESIAN_POINT('',(-1.309950177362E1,-1.628602412634E0,
6.213366791847E0));
#10175=CARTESIAN_POINT('',(-1.335761647093E1,-1.628602412634E0,
6.213366791847E0));
#10176=CARTESIAN_POINT('',(-1.258327237901E1,-1.515509979013E0,
5.936682707048E0));
#10177=CARTESIAN_POINT('',(-1.284138707632E1,-1.515509979013E0,
5.936682707048E0));
#10178=CARTESIAN_POINT('',(-1.309950177362E1,-1.515509979013E0,
5.936682707048E0));
#10179=CARTESIAN_POINT('',(-1.335761647093E1,-1.515509979013E0,
5.936682707048E0));
#10180=CARTESIAN_POINT('',(-1.258327237901E1,-1.402417545392E0,
5.659998622250E0));
#10181=CARTESIAN_POINT('',(-1.284138707632E1,-1.402417545392E0,
5.659998622250E0));
#10182=CARTESIAN_POINT('',(-1.309950177362E1,-1.402417545392E0,
5.659998622250E0));
#10183=CARTESIAN_POINT('',(-1.335761647093E1,-1.402417545392E0,
5.659998622250E0));
#10184=B_SPLINE_SURFACE_WITH_KNOTS('',3,3,((#10168,#10169,#10170,#10171),
(#10172,#10173,#10174,#10175),(#10176,#10177,#10178,#10179),(#10180,#10181,
#10182,#10183)),.UNSPECIFIED.,.F.,.F.,.F.,(4,4),(4,4),(-3.133346335308E-1,
5.833792739722E-1),(-3.858629274E-1,3.884811645211E-1),.UNSPECIFIED.);
#10185=ORIENTED_EDGE('',*,*,#9989,.T.);
#10187=ORIENTED_EDGE('',*,*,#10186,.F.);
#10189=ORIENTED_EDGE('',*,*,#10188,.F.);
#10191=ORIENTED_EDGE('',*,*,#10190,.F.);
#10192=ORIENTED_EDGE('',*,*,#10161,.T.);
#10193=EDGE_LOOP('',(#10185,#10187,#10189,#10191,#10192));
#10194=FACE_OUTER_BOUND('',#10193,.F.);
#10195=ADVANCED_FACE('',(#10194),#10184,.T.);
#10196=CARTESIAN_POINT('',(-1.310225108813E1,-1.292776735383E0,
-8.739414051874E0));
#10197=CARTESIAN_POINT('',(-1.331138203409E1,-1.423478400358E0,
6.237513307819E0));
#10199=CARTESIAN_POINT('',(-1.300226083583E1,-1.292776735372E0,
-8.738017833841E0));
#10200=DIRECTION('',(-1.396164880995E-2,-8.725684934971E-3,9.998644582067E-1));
#10201=AXIS1_PLACEMENT('',#10199,#10200);
#10202=SURFACE_OF_REVOLUTION('',#10198,#10201);
#10203=ORIENTED_EDGE('',*,*,#9987,.F.);
#10205=ORIENTED_EDGE('',*,*,#10204,.F.);
#10207=ORIENTED_EDGE('',*,*,#10206,.F.);
#10208=ORIENTED_EDGE('',*,*,#10186,.T.);
#10209=EDGE_LOOP('',(#10203,#10205,#10207,#10208));
#10210=FACE_OUTER_BOUND('',#10209,.F.);
#10211=ADVANCED_FACE('',(#10210),#10202,.F.);
#10212=CARTESIAN_POINT('',(-1.308922946623E1,-1.253695054180E0,
-8.412721906166E0));
#10213=CARTESIAN_POINT('',(-1.312028269504E1,-1.327428794183E0,
-8.399545285294E0));
#10214=CARTESIAN_POINT('',(-1.308036188817E1,-1.395574112183E0,
-8.417906537581E0));
#10215=CARTESIAN_POINT('',(-1.300628258469E1,-1.395286421247E0,
-8.450872653550E0));
#10216=CARTESIAN_POINT('',(-1.312978262606E1,-1.252899849128E0,
-8.503843379622E0));
#10217=CARTESIAN_POINT('',(-1.317601793922E1,-1.326335884335E0,
-8.524780349435E0));
#10218=CARTESIAN_POINT('',(-1.311657964318E1,-1.394863919886E0,
-8.499286514269E0));
#10219=CARTESIAN_POINT('',(-1.300628258469E1,-1.395286421247E0,
-8.450872653550E0));
#10220=CARTESIAN_POINT('',(-1.305876428718E1,-1.252288698154E0,
-8.573874344812E0));
#10221=CARTESIAN_POINT('',(-1.307841211825E1,-1.325495933788E0,
-8.621029148808E0));
#10222=CARTESIAN_POINT('',(-1.305315364113E1,-1.394318105050E0,
-8.561830699502E0));
#10223=CARTESIAN_POINT('',(-1.300628258469E1,-1.395286421247E0,
-8.450872653550E0));
#10224=CARTESIAN_POINT('',(-1.296821441476E1,-1.252653654623E0,
-8.532054475614E0));
#10225=CARTESIAN_POINT('',(-1.295396264821E1,-1.325997520792E0,
-8.563552971101E0));
#10226=CARTESIAN_POINT('',(-1.297228415749E1,-1.394644045225E0,
-8.524481654855E0));
#10227=CARTESIAN_POINT('',(-1.300628258469E1,-1.395286421247E0,
-8.450872653550E0));
#10228=(BOUNDED_SURFACE()B_SPLINE_SURFACE(3,3,((#10212,#10213,#10214,#10215),(
#10216,#10217,#10218,#10219),(#10220,#10221,#10222,#10223),(#10224,#10225,
#10226,#10227)),.UNSPECIFIED.,.F.,.F.,.F.)B_SPLINE_SURFACE_WITH_KNOTS((4,4),(4,
4),(0.E0,1.E0),(0.E0,1.E0),.UNSPECIFIED.)GEOMETRIC_REPRESENTATION_ITEM()RATIONAL_B_SPLINE_SURFACE(((1.922539918692E0,1.331541981738E0,1.331541981738E0,
1.922539918692E0),(1.092000887251E0,7.563146082600E-1,7.563146082600E-1,
1.092000887251E0),(1.092000887251E0,7.563146082600E-1,7.563146082600E-1,
1.092000887251E0),(1.922539918692E0,1.331541981738E0,1.331541981738E0,
1.922539918692E0)))REPRESENTATION_ITEM('')SURFACE());
#10230=ORIENTED_EDGE('',*,*,#10229,.T.);
#10232=ORIENTED_EDGE('',*,*,#10231,.F.);
#10233=ORIENTED_EDGE('',*,*,#10204,.T.);
#10234=EDGE_LOOP('',(#10230,#10232,#10233));
#10235=FACE_OUTER_BOUND('',#10234,.F.);
#10236=ADVANCED_FACE('',(#10235),#10228,.F.);
#10237=CARTESIAN_POINT('',(-1.310627283709E1,2.497148990441E-1,
-8.451396218034E0));
#10238=CARTESIAN_POINT('',(-1.310627283709E1,-1.338557599045E0,
-8.451396218034E0));
#10240=CARTESIAN_POINT('',(-1.300628258469E1,2.474221926992E-1,-8.45E0));
#10241=DIRECTION('',(0.E0,-1.E0,0.E0));
#10242=AXIS1_PLACEMENT('',#10240,#10241);
#10243=SURFACE_OF_REVOLUTION('',#10239,#10242);
#10244=ORIENTED_EDGE('',*,*,#9985,.T.);
#10246=ORIENTED_EDGE('',*,*,#10245,.F.);
#10248=ORIENTED_EDGE('',*,*,#10247,.F.);
#10249=ORIENTED_EDGE('',*,*,#10229,.F.);
#10250=EDGE_LOOP('',(#10244,#10246,#10248,#10249));
#10251=FACE_OUTER_BOUND('',#10250,.F.);
#10252=ADVANCED_FACE('',(#10251),#10243,.F.);
#10253=CARTESIAN_POINT('',(-1.296488922403E1,2.891999827882E-1,
-8.412070841355E0));
#10254=CARTESIAN_POINT('',(-1.303869321327E1,3.201804227613E-1,
-8.399118070101E0));
#10255=CARTESIAN_POINT('',(-1.310673854310E1,2.803531903560E-1,
-8.418044649841E0));
#10256=CARTESIAN_POINT('',(-1.310627283709E1,2.064475289405E-1,
-8.451396218034E0));
#10257=CARTESIAN_POINT('',(-1.296361499114E1,3.303885281658E-1,
-8.503325119216E0));
#10258=CARTESIAN_POINT('',(-1.303694193960E1,3.767889248690E-1,
-8.524535657280E0));
#10259=CARTESIAN_POINT('',(-1.310560053425E1,3.171384039338E-1,
-8.499543233252E0));
#10260=CARTESIAN_POINT('',(-1.310627283709E1,2.064475289405E-1,
-8.451396218034E0));
#10261=CARTESIAN_POINT('',(-1.296263078200E1,2.592796602215E-1,
-8.573809325956E0));
#10262=CARTESIAN_POINT('',(-1.303558926728E1,2.790586830262E-1,
-8.621407380455E0));
#10263=CARTESIAN_POINT('',(-1.310472154367E1,2.536315509817E-1,
-8.562492205473E0));
#10264=CARTESIAN_POINT('',(-1.310627283709E1,2.064475289405E-1,
-8.451396218034E0));
#10265=CARTESIAN_POINT('',(-1.296321696056E1,1.683793590064E-1,
-8.531830107271E0));
#10266=CARTESIAN_POINT('',(-1.303639489636E1,1.541275924582E-1,
-8.563712196815E0));
#10267=CARTESIAN_POINT('',(-1.310524505581E1,1.724491017393E-1,
-8.525000846868E0));
#10268=CARTESIAN_POINT('',(-1.310627283709E1,2.064475289405E-1,
-8.451396218034E0));
#10269=(BOUNDED_SURFACE()B_SPLINE_SURFACE(3,3,((#10253,#10254,#10255,#10256),(
#10257,#10258,#10259,#10260),(#10261,#10262,#10263,#10264),(#10265,#10266,
#10267,#10268)),.UNSPECIFIED.,.F.,.F.,.F.)B_SPLINE_SURFACE_WITH_KNOTS((4,4),(4,
4),(0.E0,1.E0),(0.E0,1.E0),.UNSPECIFIED.)GEOMETRIC_REPRESENTATION_ITEM()RATIONAL_B_SPLINE_SURFACE(((1.926032703630E0,1.333961067934E0,1.333961067934E0,
1.926032703630E0),(1.090836625605E0,7.555082461948E-1,7.555082461948E-1,
1.090836625605E0),(1.090836625605E0,7.555082461949E-1,7.555082461949E-1,
1.090836625605E0),(1.926032703630E0,1.333961067934E0,1.333961067934E0,
1.926032703630E0)))REPRESENTATION_ITEM('')SURFACE());
#10271=ORIENTED_EDGE('',*,*,#10270,.T.);
#10272=ORIENTED_EDGE('',*,*,#10245,.T.);
#10274=ORIENTED_EDGE('',*,*,#10273,.F.);
#10275=EDGE_LOOP('',(#10271,#10272,#10274));
#10276=FACE_OUTER_BOUND('',#10275,.F.);
#10277=ADVANCED_FACE('',(#10276),#10269,.F.);
#10278=CARTESIAN_POINT('',(-1.304954995479E1,2.064475289405E-1,-8.55E0));
#10279=CARTESIAN_POINT('',(-1.235760150884E1,2.064475289405E-1,-8.55E0));
#10281=CARTESIAN_POINT('',(-1.304725724845E1,2.064475289405E-1,-8.45E0));
#10282=DIRECTION('',(1.E0,0.E0,0.E0));
#10283=AXIS1_PLACEMENT('',#10281,#10282);
#10284=SURFACE_OF_REVOLUTION('',#10280,#10283);
#10286=ORIENTED_EDGE('',*,*,#10285,.F.);
#10288=ORIENTED_EDGE('',*,*,#10287,.T.);
#10290=ORIENTED_EDGE('',*,*,#10289,.F.);
#10291=ORIENTED_EDGE('',*,*,#10270,.F.);
#10292=EDGE_LOOP('',(#10286,#10288,#10290,#10291));
#10293=FACE_OUTER_BOUND('',#10292,.F.);
#10294=ADVANCED_FACE('',(#10293),#10284,.F.);
#10295=CARTESIAN_POINT('',(-1.325063740284E1,3.039302276896E-1,
-8.738890487390E0));
#10296=CARTESIAN_POINT('',(-1.325063740284E1,3.474974493496E-1,
-3.746581367491E0));
#10297=CARTESIAN_POINT('',(-1.325063740284E1,3.910646710095E-1,
1.245727752409E0));
#10298=CARTESIAN_POINT('',(-1.325063740284E1,4.346318926695E-1,
6.238036872308E0));
#10299=CARTESIAN_POINT('',(-1.298629083561E1,3.039302276896E-1,
-8.738890487390E0));
#10300=CARTESIAN_POINT('',(-1.298629083561E1,3.474974493496E-1,
-3.746581367491E0));
#10301=CARTESIAN_POINT('',(-1.298629083561E1,3.910646710095E-1,
1.245727752409E0));
#10302=CARTESIAN_POINT('',(-1.298629083561E1,4.346318926695E-1,
6.238036872308E0));
#10303=CARTESIAN_POINT('',(-1.272194426838E1,3.039302276896E-1,
-8.738890487390E0));
#10304=CARTESIAN_POINT('',(-1.272194426838E1,3.474974493496E-1,
-3.746581367491E0));
#10305=CARTESIAN_POINT('',(-1.272194426838E1,3.910646710095E-1,
1.245727752409E0));
#10306=CARTESIAN_POINT('',(-1.272194426838E1,4.346318926695E-1,
6.238036872308E0));
#10307=CARTESIAN_POINT('',(-1.245759770115E1,3.039302276896E-1,
-8.738890487390E0));
#10308=CARTESIAN_POINT('',(-1.245759770115E1,3.474974493496E-1,
-3.746581367491E0));
#10309=CARTESIAN_POINT('',(-1.245759770115E1,3.910646710095E-1,
1.245727752409E0));
#10310=CARTESIAN_POINT('',(-1.245759770115E1,4.346318926695E-1,
6.238036872308E0));
#10311=B_SPLINE_SURFACE_WITH_KNOTS('',3,3,((#10295,#10296,#10297,#10298),
(#10299,#10300,#10301,#10302),(#10303,#10304,#10305,#10306),(#10307,#10308,
#10309,#10310)),.UNSPECIFIED.,.F.,.F.,.F.,(4,4),(4,4),(5.342702459894E-1,
1.327309947687E0),(-1.888976800357E-1,1.478859997688E1),.UNSPECIFIED.);
#10313=ORIENTED_EDGE('',*,*,#10312,.T.);
#10315=ORIENTED_EDGE('',*,*,#10314,.F.);
#10317=ORIENTED_EDGE('',*,*,#10316,.F.);
#10318=ORIENTED_EDGE('',*,*,#10285,.T.);
#10319=EDGE_LOOP('',(#10313,#10315,#10317,#10318));
#10320=FACE_OUTER_BOUND('',#10319,.F.);
#10321=ADVANCED_FACE('',(#10320),#10311,.T.);
#10322=CARTESIAN_POINT('',(-1.331138203410E1,3.346357003631E-1,
6.237513307820E0));
#10323=CARTESIAN_POINT('',(-1.310225108813E1,2.039340353841E-1,
-8.739414051874E0));
#10325=CARTESIAN_POINT('',(-1.321139178158E1,3.346357003651E-1,
6.238909525861E0));
#10326=DIRECTION('',(1.396164880995E-2,-8.725684935371E-3,-9.998644582067E-1));
#10327=AXIS1_PLACEMENT('',#10325,#10326);
#10328=SURFACE_OF_REVOLUTION('',#10324,#10327);
#10329=ORIENTED_EDGE('',*,*,#10312,.F.);
#10330=ORIENTED_EDGE('',*,*,#10273,.T.);
#10331=ORIENTED_EDGE('',*,*,#9983,.F.);
#10333=ORIENTED_EDGE('',*,*,#10332,.F.);
#10334=EDGE_LOOP('',(#10329,#10330,#10331,#10333));
#10335=FACE_OUTER_BOUND('',#10334,.F.);
#10336=ADVANCED_FACE('',(#10335),#10328,.F.);
#10337=CARTESIAN_POINT('',(-1.335761647093E1,6.528521462542E-1,
6.490050876646E0));
#10338=CARTESIAN_POINT('',(-1.309950177362E1,6.528521462542E-1,
6.490050876646E0));
#10339=CARTESIAN_POINT('',(-1.284138707632E1,6.528521462542E-1,
6.490050876646E0));
#10340=CARTESIAN_POINT('',(-1.258327237901E1,6.528521462542E-1,
6.490050876646E0));
#10341=CARTESIAN_POINT('',(-1.335761647093E1,5.397597126348E-1,
6.213366791851E0));
#10342=CARTESIAN_POINT('',(-1.309950177362E1,5.397597126348E-1,
6.213366791851E0));
#10343=CARTESIAN_POINT('',(-1.284138707632E1,5.397597126348E-1,
6.213366791851E0));
#10344=CARTESIAN_POINT('',(-1.258327237901E1,5.397597126348E-1,
6.213366791851E0));
#10345=CARTESIAN_POINT('',(-1.335761647093E1,4.266672790155E-1,
5.936682707055E0));
#10346=CARTESIAN_POINT('',(-1.309950177362E1,4.266672790155E-1,
5.936682707055E0));
#10347=CARTESIAN_POINT('',(-1.284138707632E1,4.266672790155E-1,
5.936682707055E0));
#10348=CARTESIAN_POINT('',(-1.258327237901E1,4.266672790155E-1,
5.936682707055E0));
#10349=CARTESIAN_POINT('',(-1.335761647093E1,3.135748453961E-1,
5.659998622260E0));
#10350=CARTESIAN_POINT('',(-1.309950177362E1,3.135748453961E-1,
5.659998622260E0));
#10351=CARTESIAN_POINT('',(-1.284138707632E1,3.135748453961E-1,
5.659998622260E0));
#10352=CARTESIAN_POINT('',(-1.258327237901E1,3.135748453961E-1,
5.659998622260E0));
#10353=B_SPLINE_SURFACE_WITH_KNOTS('',3,3,((#10337,#10338,#10339,#10340),
(#10341,#10342,#10343,#10344),(#10345,#10346,#10347,#10348),(#10349,#10350,
#10351,#10352)),.UNSPECIFIED.,.F.,.F.,.F.,(4,4),(4,4),(-3.133346335302E-1,
5.833792739619E-1),(-3.884811645223E-1,3.858629274023E-1),.UNSPECIFIED.);
#10354=ORIENTED_EDGE('',*,*,#10314,.T.);
#10355=ORIENTED_EDGE('',*,*,#10332,.T.);
#10356=ORIENTED_EDGE('',*,*,#9981,.T.);
#10358=ORIENTED_EDGE('',*,*,#10357,.F.);
#10360=ORIENTED_EDGE('',*,*,#10359,.F.);
#10361=EDGE_LOOP('',(#10354,#10355,#10356,#10358,#10360));
#10362=FACE_OUTER_BOUND('',#10361,.F.);
#10363=ADVANCED_FACE('',(#10362),#10353,.T.);
#10364=CARTESIAN_POINT('',(-1.335761647093E1,5.932142967578E-1,6.45E0));
#10365=CARTESIAN_POINT('',(-1.335761647093E1,7.014544066631E-1,6.45E0));
#10366=CARTESIAN_POINT('',(-1.335761647093E1,8.096945165685E-1,6.45E0));
#10367=CARTESIAN_POINT('',(-1.335761647093E1,9.179346264739E-1,6.45E0));
#10368=CARTESIAN_POINT('',(-1.310095619621E1,5.932142967578E-1,6.45E0));
#10369=CARTESIAN_POINT('',(-1.310095619621E1,7.014544066631E-1,6.45E0));
#10370=CARTESIAN_POINT('',(-1.310095619621E1,8.096945165685E-1,6.45E0));
#10371=CARTESIAN_POINT('',(-1.310095619621E1,9.179346264739E-1,6.45E0));
#10372=CARTESIAN_POINT('',(-1.284429592148E1,5.932142967578E-1,6.45E0));
#10373=CARTESIAN_POINT('',(-1.284429592148E1,7.014544066631E-1,6.45E0));
#10374=CARTESIAN_POINT('',(-1.284429592148E1,8.096945165685E-1,6.45E0));
#10375=CARTESIAN_POINT('',(-1.284429592148E1,9.179346264739E-1,6.45E0));
#10376=CARTESIAN_POINT('',(-1.258763564676E1,5.932142967578E-1,6.45E0));
#10377=CARTESIAN_POINT('',(-1.258763564676E1,7.014544066631E-1,6.45E0));
#10378=CARTESIAN_POINT('',(-1.258763564676E1,8.096945165685E-1,6.45E0));
#10379=CARTESIAN_POINT('',(-1.258763564676E1,9.179346264739E-1,6.45E0));
#10380=B_SPLINE_SURFACE_WITH_KNOTS('',3,3,((#10364,#10365,#10366,#10367),
(#10368,#10369,#10370,#10371),(#10372,#10373,#10374,#10375),(#10376,#10377,
#10378,#10379)),.UNSPECIFIED.,.F.,.F.,.F.,(4,4),(4,4),(-1.335761647093E1,
-1.258763564676E1),(4.493214296758E0,4.817934626474E0),.UNSPECIFIED.);
#10381=ORIENTED_EDGE('',*,*,#9979,.T.);
#10383=ORIENTED_EDGE('',*,*,#10382,.F.);
#10385=ORIENTED_EDGE('',*,*,#10384,.F.);
#10387=ORIENTED_EDGE('',*,*,#10386,.F.);
#10388=ORIENTED_EDGE('',*,*,#10357,.T.);
#10389=EDGE_LOOP('',(#10381,#10383,#10385,#10387,#10388));
#10390=FACE_OUTER_BOUND('',#10389,.F.);
#10391=ADVANCED_FACE('',(#10390),#10380,.T.);
#10392=CARTESIAN_POINT('',(-1.310211124037E1,1.007310666001E0,
-8.749429258505E0));
#10393=CARTESIAN_POINT('',(-1.331851426949E1,8.720641290502E-1,
6.748288845993E0));
#10395=CARTESIAN_POINT('',(-1.300212098807E1,1.007310666012E0,
-8.748033040472E0));
#10396=DIRECTION('',(-1.396164880995E-2,-8.725684934971E-3,9.998644582067E-1));
#10397=AXIS1_PLACEMENT('',#10395,#10396);
#10398=SURFACE_OF_REVOLUTION('',#10394,#10397);
#10399=ORIENTED_EDGE('',*,*,#9977,.F.);
#10401=ORIENTED_EDGE('',*,*,#10400,.F.);
#10403=ORIENTED_EDGE('',*,*,#10402,.F.);
#10404=ORIENTED_EDGE('',*,*,#10382,.T.);
#10405=EDGE_LOOP('',(#10399,#10401,#10403,#10404));
#10406=FACE_OUTER_BOUND('',#10405,.F.);
#10407=ADVANCED_FACE('',(#10406),#10398,.F.);
#10408=CARTESIAN_POINT('',(-1.308922946623E1,1.046304945820E0,
-8.412721906166E0));
#10409=CARTESIAN_POINT('',(-1.312028269504E1,9.725712058173E-1,
-8.399545285294E0));
#10410=CARTESIAN_POINT('',(-1.308036188817E1,9.044258878169E-1,
-8.417906537581E0));
#10411=CARTESIAN_POINT('',(-1.300628258469E1,9.047135787526E-1,
-8.450872653550E0));
#10412=CARTESIAN_POINT('',(-1.312978262606E1,1.047100150872E0,
-8.503843379622E0));
#10413=CARTESIAN_POINT('',(-1.317601793922E1,9.736641156650E-1,
-8.524780349435E0));
#10414=CARTESIAN_POINT('',(-1.311657964318E1,9.051360801144E-1,
-8.499286514269E0));
#10415=CARTESIAN_POINT('',(-1.300628258469E1,9.047135787526E-1,
-8.450872653550E0));
#10416=CARTESIAN_POINT('',(-1.305876428718E1,1.047711301846E0,
-8.573874344812E0));
#10417=CARTESIAN_POINT('',(-1.307841211825E1,9.745040662123E-1,
-8.621029148808E0));
#10418=CARTESIAN_POINT('',(-1.305315364113E1,9.056818949501E-1,
-8.561830699502E0));
#10419=CARTESIAN_POINT('',(-1.300628258469E1,9.047135787526E-1,
-8.450872653550E0));
#10420=CARTESIAN_POINT('',(-1.296821441476E1,1.047346345377E0,
-8.532054475614E0));
#10421=CARTESIAN_POINT('',(-1.295396264821E1,9.740024792082E-1,
-8.563552971101E0));
#10422=CARTESIAN_POINT('',(-1.297228415749E1,9.053559547753E-1,
-8.524481654855E0));
#10423=CARTESIAN_POINT('',(-1.300628258469E1,9.047135787526E-1,
-8.450872653550E0));
#10424=(BOUNDED_SURFACE()B_SPLINE_SURFACE(3,3,((#10408,#10409,#10410,#10411),(
#10412,#10413,#10414,#10415),(#10416,#10417,#10418,#10419),(#10420,#10421,
#10422,#10423)),.UNSPECIFIED.,.F.,.F.,.F.)B_SPLINE_SURFACE_WITH_KNOTS((4,4),(4,
4),(0.E0,1.E0),(0.E0,1.E0),.UNSPECIFIED.)GEOMETRIC_REPRESENTATION_ITEM()RATIONAL_B_SPLINE_SURFACE(((1.922539918692E0,1.331541981738E0,1.331541981738E0,
1.922539918692E0),(1.092000887251E0,7.563146082600E-1,7.563146082600E-1,
1.092000887251E0),(1.092000887251E0,7.563146082600E-1,7.563146082600E-1,
1.092000887251E0),(1.922539918692E0,1.331541981738E0,1.331541981738E0,
1.922539918692E0)))REPRESENTATION_ITEM('')SURFACE());
#10426=ORIENTED_EDGE('',*,*,#10425,.T.);
#10428=ORIENTED_EDGE('',*,*,#10427,.F.);
#10429=ORIENTED_EDGE('',*,*,#10400,.T.);
#10430=EDGE_LOOP('',(#10426,#10428,#10429));
#10431=FACE_OUTER_BOUND('',#10430,.F.);
#10432=ADVANCED_FACE('',(#10431),#10424,.F.);
#10433=CARTESIAN_POINT('',(-1.310627283709E1,3.149549954795E0,
-8.451396218034E0));
#10434=CARTESIAN_POINT('',(-1.310627283709E1,9.614424009554E-1,
-8.451396218034E0));
#10436=CARTESIAN_POINT('',(-1.300628258469E1,3.148314040964E0,-8.45E0));
#10437=DIRECTION('',(0.E0,-1.E0,0.E0));
#10438=AXIS1_PLACEMENT('',#10436,#10437);
#10439=SURFACE_OF_REVOLUTION('',#10435,#10438);
#10441=ORIENTED_EDGE('',*,*,#10440,.F.);
#10442=ORIENTED_EDGE('',*,*,#10425,.F.);
#10443=ORIENTED_EDGE('',*,*,#9975,.T.);
#10445=ORIENTED_EDGE('',*,*,#10444,.F.);
#10446=EDGE_LOOP('',(#10441,#10442,#10443,#10445));
#10447=FACE_OUTER_BOUND('',#10446,.F.);
#10448=ADVANCED_FACE('',(#10447),#10439,.F.);
#10449=CARTESIAN_POINT('',(1.352653388808E1,-3.230533888079E0,-8.55E0));
#10450=CARTESIAN_POINT('',(1.352653388808E1,-1.076844629360E0,-8.55E0));
#10451=CARTESIAN_POINT('',(1.352653388808E1,1.076844629360E0,-8.55E0));
#10452=CARTESIAN_POINT('',(1.352653388808E1,3.230533888079E0,-8.55E0));
#10453=CARTESIAN_POINT('',(4.508844629360E0,-3.230533888079E0,-8.55E0));
#10454=CARTESIAN_POINT('',(4.508844629360E0,-1.076844629360E0,-8.55E0));
#10455=CARTESIAN_POINT('',(4.508844629360E0,1.076844629360E0,-8.55E0));
#10456=CARTESIAN_POINT('',(4.508844629360E0,3.230533888079E0,-8.55E0));
#10457=CARTESIAN_POINT('',(-4.508844629360E0,-3.230533888079E0,-8.55E0));
#10458=CARTESIAN_POINT('',(-4.508844629360E0,-1.076844629360E0,-8.55E0));
#10459=CARTESIAN_POINT('',(-4.508844629360E0,1.076844629360E0,-8.55E0));
#10460=CARTESIAN_POINT('',(-4.508844629360E0,3.230533888079E0,-8.55E0));
#10461=CARTESIAN_POINT('',(-1.352653388808E1,-3.230533888079E0,-8.55E0));
#10462=CARTESIAN_POINT('',(-1.352653388808E1,-1.076844629360E0,-8.55E0));
#10463=CARTESIAN_POINT('',(-1.352653388808E1,1.076844629360E0,-8.55E0));
#10464=CARTESIAN_POINT('',(-1.352653388808E1,3.230533888079E0,-8.55E0));
#10465=B_SPLINE_SURFACE_WITH_KNOTS('',3,3,((#10449,#10450,#10451,#10452),
(#10453,#10454,#10455,#10456),(#10457,#10458,#10459,#10460),(#10461,#10462,
#10463,#10464)),.UNSPECIFIED.,.F.,.F.,.F.,(4,4),(4,4),(2.734661119224E-1,
2.732653388808E1),(6.694661119214E-1,7.130533888079E0),.UNSPECIFIED.);
#10467=ORIENTED_EDGE('',*,*,#10466,.F.);
#10469=ORIENTED_EDGE('',*,*,#10468,.F.);
#10471=ORIENTED_EDGE('',*,*,#10470,.F.);
#10473=ORIENTED_EDGE('',*,*,#10472,.F.);
#10475=ORIENTED_EDGE('',*,*,#10474,.F.);
#10477=ORIENTED_EDGE('',*,*,#10476,.F.);
#10479=ORIENTED_EDGE('',*,*,#10478,.F.);
#10481=ORIENTED_EDGE('',*,*,#10480,.F.);
#10483=ORIENTED_EDGE('',*,*,#10482,.F.);
#10485=ORIENTED_EDGE('',*,*,#10484,.F.);
#10487=ORIENTED_EDGE('',*,*,#10486,.F.);
#10489=ORIENTED_EDGE('',*,*,#10488,.F.);
#10491=ORIENTED_EDGE('',*,*,#10490,.F.);
#10493=ORIENTED_EDGE('',*,*,#10492,.F.);
#10495=ORIENTED_EDGE('',*,*,#10494,.F.);
#10497=ORIENTED_EDGE('',*,*,#10496,.F.);
#10498=ORIENTED_EDGE('',*,*,#10051,.T.);
#10499=ORIENTED_EDGE('',*,*,#10093,.T.);
#10501=ORIENTED_EDGE('',*,*,#10500,.F.);
#10503=ORIENTED_EDGE('',*,*,#10502,.F.);
#10504=ORIENTED_EDGE('',*,*,#10247,.T.);
#10505=ORIENTED_EDGE('',*,*,#10289,.T.);
#10507=ORIENTED_EDGE('',*,*,#10506,.F.);
#10509=ORIENTED_EDGE('',*,*,#10508,.F.);
#10510=ORIENTED_EDGE('',*,*,#10440,.T.);
#10512=ORIENTED_EDGE('',*,*,#10511,.F.);
#10514=ORIENTED_EDGE('',*,*,#10513,.F.);
#10516=ORIENTED_EDGE('',*,*,#10515,.F.);
#10517=EDGE_LOOP('',(#10467,#10469,#10471,#10473,#10475,#10477,#10479,#10481,
#10483,#10485,#10487,#10489,#10491,#10493,#10495,#10497,#10498,#10499,#10501,
#10503,#10504,#10505,#10507,#10509,#10510,#10512,#10514,#10516));
#10518=FACE_OUTER_BOUND('',#10517,.F.);
#10520=ORIENTED_EDGE('',*,*,#10519,.F.);
#10522=ORIENTED_EDGE('',*,*,#10521,.F.);
#10524=ORIENTED_EDGE('',*,*,#10523,.F.);
#10526=ORIENTED_EDGE('',*,*,#10525,.T.);
#10528=ORIENTED_EDGE('',*,*,#10527,.T.);
#10530=ORIENTED_EDGE('',*,*,#10529,.F.);
#10532=ORIENTED_EDGE('',*,*,#10531,.T.);
#10534=ORIENTED_EDGE('',*,*,#10533,.F.);
#10536=ORIENTED_EDGE('',*,*,#10535,.T.);
#10538=ORIENTED_EDGE('',*,*,#10537,.F.);
#10540=ORIENTED_EDGE('',*,*,#10539,.T.);
#10542=ORIENTED_EDGE('',*,*,#10541,.T.);
#10544=ORIENTED_EDGE('',*,*,#10543,.F.);
#10546=ORIENTED_EDGE('',*,*,#10545,.F.);
#10548=ORIENTED_EDGE('',*,*,#10547,.F.);
#10550=ORIENTED_EDGE('',*,*,#10549,.T.);
#10552=ORIENTED_EDGE('',*,*,#10551,.T.);
#10554=ORIENTED_EDGE('',*,*,#10553,.F.);
#10556=ORIENTED_EDGE('',*,*,#10555,.T.);
#10558=ORIENTED_EDGE('',*,*,#10557,.T.);
#10560=ORIENTED_EDGE('',*,*,#10559,.F.);
#10562=ORIENTED_EDGE('',*,*,#10561,.F.);
#10564=ORIENTED_EDGE('',*,*,#10563,.T.);
#10566=ORIENTED_EDGE('',*,*,#10565,.T.);
#10568=ORIENTED_EDGE('',*,*,#10567,.F.);
#10570=ORIENTED_EDGE('',*,*,#10569,.F.);
#10572=ORIENTED_EDGE('',*,*,#10571,.T.);
#10574=ORIENTED_EDGE('',*,*,#10573,.T.);
#10576=ORIENTED_EDGE('',*,*,#10575,.F.);
#10578=ORIENTED_EDGE('',*,*,#10577,.T.);
#10580=ORIENTED_EDGE('',*,*,#10579,.T.);
#10581=EDGE_LOOP('',(#10520,#10522,#10524,#10526,#10528,#10530,#10532,#10534,
#10536,#10538,#10540,#10542,#10544,#10546,#10548,#10550,#10552,#10554,#10556,
#10558,#10560,#10562,#10564,#10566,#10568,#10570,#10572,#10574,#10576,#10578,
#10580));
#10582=FACE_BOUND('',#10581,.F.);
#10583=ADVANCED_FACE('',(#10518,#10582),#10465,.F.);
#10584=CARTESIAN_POINT('',(-1.175868878941E0,2.256732629896E0,-8.55E0));
#10585=CARTESIAN_POINT('',(-1.175868878941E0,3.149549954795E0,-8.55E0));
#10587=CARTESIAN_POINT('',(-1.175868878941E0,2.259025336241E0,-8.45E0));
#10588=DIRECTION('',(0.E0,1.E0,0.E0));
#10589=AXIS1_PLACEMENT('',#10587,#10588);
#10590=SURFACE_OF_REVOLUTION('',#10586,#10589);
#10592=ORIENTED_EDGE('',*,*,#10591,.F.);
#10594=ORIENTED_EDGE('',*,*,#10593,.F.);
#10595=ORIENTED_EDGE('',*,*,#10466,.T.);
#10597=ORIENTED_EDGE('',*,*,#10596,.F.);
#10598=EDGE_LOOP('',(#10592,#10594,#10595,#10597));
#10599=FACE_OUTER_BOUND('',#10598,.F.);
#10600=ADVANCED_FACE('',(#10599),#10590,.F.);
#10601=CARTESIAN_POINT('',(-1.275487497006E0,2.356732446459E0,
-8.494138376165E0));
#10602=CARTESIAN_POINT('',(-1.281268767945E0,2.356732446459E0,
-7.831670343238E0));
#10603=CARTESIAN_POINT('',(-1.287050038883E0,2.356732446459E0,
-7.169202310312E0));
#10604=CARTESIAN_POINT('',(-1.292831309822E0,2.356732446459E0,
-6.506734277385E0));
#10605=CARTESIAN_POINT('',(-1.275487497006E0,2.629852587267E0,
-8.494138376165E0));
#10606=CARTESIAN_POINT('',(-1.281268767945E0,2.629852587267E0,
-7.831670343238E0));
#10607=CARTESIAN_POINT('',(-1.287050038883E0,2.629852587267E0,
-7.169202310312E0));
#10608=CARTESIAN_POINT('',(-1.292831309822E0,2.629852587267E0,
-6.506734277385E0));
#10609=CARTESIAN_POINT('',(-1.275487497006E0,2.902972728074E0,
-8.494138376165E0));
#10610=CARTESIAN_POINT('',(-1.281268767945E0,2.902972728074E0,
-7.831670343238E0));
#10611=CARTESIAN_POINT('',(-1.287050038883E0,2.902972728074E0,
-7.169202310312E0));
#10612=CARTESIAN_POINT('',(-1.292831309822E0,2.902972728074E0,
-6.506734277385E0));
#10613=CARTESIAN_POINT('',(-1.275487497006E0,3.176092868882E0,
-8.494138376165E0));
#10614=CARTESIAN_POINT('',(-1.281268767945E0,3.176092868882E0,
-7.831670343238E0));
#10615=CARTESIAN_POINT('',(-1.287050038883E0,3.176092868882E0,
-7.169202310312E0));
#10616=CARTESIAN_POINT('',(-1.292831309822E0,3.176092868882E0,
-6.506734277385E0));
#10617=B_SPLINE_SURFACE_WITH_KNOTS('',3,3,((#10601,#10602,#10603,#10604),
(#10605,#10606,#10607,#10608),(#10609,#10610,#10611,#10612),(#10613,#10614,
#10615,#10616)),.UNSPECIFIED.,.F.,.F.,.F.,(4,4),(4,4),(3.916839637573E-1,
1.211044386180E0),(5.586375095572E-2,2.043343526875E0),.UNSPECIFIED.);
#10619=ORIENTED_EDGE('',*,*,#10618,.T.);
#10620=ORIENTED_EDGE('',*,*,#10591,.T.);
#10622=ORIENTED_EDGE('',*,*,#10621,.F.);
#10624=ORIENTED_EDGE('',*,*,#10623,.F.);
#10625=EDGE_LOOP('',(#10619,#10620,#10622,#10624));
#10626=FACE_OUTER_BOUND('',#10625,.F.);
#10627=ADVANCED_FACE('',(#10626),#10617,.T.);
#10628=CARTESIAN_POINT('',(-1.175491341501E0,3.205668753265E0,
-8.494657723600E0));
#10629=CARTESIAN_POINT('',(-1.192841884817E0,3.233430722E0,-6.506482385993E0));
#10631=CARTESIAN_POINT('',(-1.175511346932E0,3.105710510830E0,
-8.490969109979E0));
#10632=DIRECTION('',(-8.725684935371E-3,1.396164880595E-2,9.998644582067E-1));
#10633=AXIS1_PLACEMENT('',#10631,#10632);
#10634=SURFACE_OF_REVOLUTION('',#10630,#10633);
#10636=ORIENTED_EDGE('',*,*,#10635,.F.);
#10638=ORIENTED_EDGE('',*,*,#10637,.F.);
#10639=ORIENTED_EDGE('',*,*,#10618,.F.);
#10641=ORIENTED_EDGE('',*,*,#10640,.F.);
#10642=EDGE_LOOP('',(#10636,#10638,#10639,#10641));
#10643=FACE_OUTER_BOUND('',#10642,.F.);
#10644=ADVANCED_FACE('',(#10643),#10634,.F.);
#10645=CARTESIAN_POINT('',(1.377270642481E1,3.201538806570E0,
-8.790424145759E0));
#10646=CARTESIAN_POINT('',(1.377270642481E1,3.283595334868E0,
-2.913940117968E0));
#10647=CARTESIAN_POINT('',(1.377270642481E1,3.365651863166E0,2.962543909823E0));
#10648=CARTESIAN_POINT('',(1.377270642481E1,3.447708391463E0,8.839027937614E0));
#10649=CARTESIAN_POINT('',(4.590901866852E0,3.201538806570E0,
-8.790424145759E0));
#10650=CARTESIAN_POINT('',(4.590901866852E0,3.283595334868E0,
-2.913940117968E0));
#10651=CARTESIAN_POINT('',(4.590901866852E0,3.365651863166E0,2.962543909823E0));
#10652=CARTESIAN_POINT('',(4.590901866852E0,3.447708391463E0,8.839027937614E0));
#10653=CARTESIAN_POINT('',(-4.590902691104E0,3.201538806570E0,
-8.790424145759E0));
#10654=CARTESIAN_POINT('',(-4.590902691104E0,3.283595334868E0,
-2.913940117968E0));
#10655=CARTESIAN_POINT('',(-4.590902691104E0,3.365651863166E0,
2.962543909823E0));
#10656=CARTESIAN_POINT('',(-4.590902691104E0,3.447708391463E0,
8.839027937614E0));
#10657=CARTESIAN_POINT('',(-1.377270724906E1,3.201538806570E0,
-8.790424145759E0));
#10658=CARTESIAN_POINT('',(-1.377270724906E1,3.283595334868E0,
-2.913940117968E0));
#10659=CARTESIAN_POINT('',(-1.377270724906E1,3.365651863166E0,
2.962543909823E0));
#10660=CARTESIAN_POINT('',(-1.377270724906E1,3.447708391463E0,
8.839027937614E0));
#10661=B_SPLINE_SURFACE_WITH_KNOTS('',3,3,((#10645,#10646,#10647,#10648),
(#10649,#10650,#10651,#10652),(#10653,#10654,#10655,#10656),(#10657,#10658,
#10659,#10660)),.UNSPECIFIED.,.F.,.F.,.F.,(4,4),(4,4),(-2.800765794211E1,
-4.622442682361E-1),(-1.779844204768E1,-1.672713484798E-1),.UNSPECIFIED.);
#10662=ORIENTED_EDGE('',*,*,#10635,.T.);
#10664=ORIENTED_EDGE('',*,*,#10663,.F.);
#10666=ORIENTED_EDGE('',*,*,#10665,.T.);
#10668=ORIENTED_EDGE('',*,*,#10667,.F.);
#10670=ORIENTED_EDGE('',*,*,#10669,.T.);
#10671=ORIENTED_EDGE('',*,*,#9592,.T.);
#10673=ORIENTED_EDGE('',*,*,#10672,.T.);
#10675=ORIENTED_EDGE('',*,*,#10674,.F.);
#10676=EDGE_LOOP('',(#10662,#10664,#10666,#10668,#10670,#10671,#10673,#10675));
#10677=FACE_OUTER_BOUND('',#10676,.F.);
#10678=ADVANCED_FACE('',(#10677),#10661,.F.);
#10679=CARTESIAN_POINT('',(-1.850805257749E0,2.356732590234E0,-6.55E0));
#10680=CARTESIAN_POINT('',(-1.850805257749E0,2.663185204188E0,-6.55E0));
#10681=CARTESIAN_POINT('',(-1.850805257749E0,2.969637818143E0,-6.55E0));
#10682=CARTESIAN_POINT('',(-1.850805257749E0,3.276090432097E0,-6.55E0));
#10683=CARTESIAN_POINT('',(-1.616935085915E0,2.356732590234E0,-6.55E0));
#10684=CARTESIAN_POINT('',(-1.616935085915E0,2.663185204188E0,-6.55E0));
#10685=CARTESIAN_POINT('',(-1.616935085915E0,2.969637818143E0,-6.55E0));
#10686=CARTESIAN_POINT('',(-1.616935085915E0,3.276090432097E0,-6.55E0));
#10687=CARTESIAN_POINT('',(-1.383064914080E0,2.356732590234E0,-6.55E0));
#10688=CARTESIAN_POINT('',(-1.383064914080E0,2.663185204188E0,-6.55E0));
#10689=CARTESIAN_POINT('',(-1.383064914080E0,2.969637818143E0,-6.55E0));
#10690=CARTESIAN_POINT('',(-1.383064914080E0,3.276090432097E0,-6.55E0));
#10691=CARTESIAN_POINT('',(-1.149194742246E0,2.356732590234E0,-6.55E0));
#10692=CARTESIAN_POINT('',(-1.149194742246E0,2.663185204188E0,-6.55E0));
#10693=CARTESIAN_POINT('',(-1.149194742246E0,2.969637818143E0,-6.55E0));
#10694=CARTESIAN_POINT('',(-1.149194742246E0,3.276090432097E0,-6.55E0));
#10695=B_SPLINE_SURFACE_WITH_KNOTS('',3,3,((#10679,#10680,#10681,#10682),
(#10683,#10684,#10685,#10686),(#10687,#10688,#10689,#10690),(#10691,#10692,
#10693,#10694)),.UNSPECIFIED.,.F.,.F.,.F.,(4,4),(4,4),(-1.850805257749E0,
-1.149194742246E0),(6.256732590234E0,7.176090432097E0),.UNSPECIFIED.);
#10697=ORIENTED_EDGE('',*,*,#10696,.F.);
#10699=ORIENTED_EDGE('',*,*,#10698,.F.);
#10700=ORIENTED_EDGE('',*,*,#10663,.T.);
#10701=ORIENTED_EDGE('',*,*,#10640,.T.);
#10702=ORIENTED_EDGE('',*,*,#10623,.T.);
#10704=ORIENTED_EDGE('',*,*,#10703,.F.);
#10705=EDGE_LOOP('',(#10697,#10699,#10700,#10701,#10702,#10704));
#10706=FACE_OUTER_BOUND('',#10705,.F.);
#10707=ADVANCED_FACE('',(#10706),#10695,.T.);
#10708=CARTESIAN_POINT('',(-1.724512502994E0,3.176092868881E0,
-8.494138376165E0));
#10709=CARTESIAN_POINT('',(-1.718731232055E0,3.176092868881E0,
-7.831670343238E0));
#10710=CARTESIAN_POINT('',(-1.712949961117E0,3.176092868881E0,
-7.169202310312E0));
#10711=CARTESIAN_POINT('',(-1.707168690178E0,3.176092868881E0,
-6.506734277385E0));
#10712=CARTESIAN_POINT('',(-1.724512502994E0,2.902972728074E0,
-8.494138376165E0));
#10713=CARTESIAN_POINT('',(-1.718731232055E0,2.902972728074E0,
-7.831670343238E0));
#10714=CARTESIAN_POINT('',(-1.712949961117E0,2.902972728074E0,
-7.169202310312E0));
#10715=CARTESIAN_POINT('',(-1.707168690178E0,2.902972728074E0,
-6.506734277385E0));
#10716=CARTESIAN_POINT('',(-1.724512502994E0,2.629852587266E0,
-8.494138376165E0));
#10717=CARTESIAN_POINT('',(-1.718731232055E0,2.629852587266E0,
-7.831670343238E0));
#10718=CARTESIAN_POINT('',(-1.712949961117E0,2.629852587266E0,
-7.169202310312E0));
#10719=CARTESIAN_POINT('',(-1.707168690178E0,2.629852587266E0,
-6.506734277385E0));
#10720=CARTESIAN_POINT('',(-1.724512502994E0,2.356732446459E0,
-8.494138376165E0));
#10721=CARTESIAN_POINT('',(-1.718731232055E0,2.356732446459E0,
-7.831670343238E0));
#10722=CARTESIAN_POINT('',(-1.712949961117E0,2.356732446459E0,
-7.169202310312E0));
#10723=CARTESIAN_POINT('',(-1.707168690178E0,2.356732446459E0,
-6.506734277385E0));
#10724=B_SPLINE_SURFACE_WITH_KNOTS('',3,3,((#10708,#10709,#10710,#10711),
(#10712,#10713,#10714,#10715),(#10716,#10717,#10718,#10719),(#10720,#10721,
#10722,#10723)),.UNSPECIFIED.,.F.,.F.,.F.,(4,4),(4,4),(6.588586484175E-1,
1.478219070839E0),(5.586375095613E-2,2.043343526875E0),.UNSPECIFIED.);
#10726=ORIENTED_EDGE('',*,*,#10725,.F.);
#10728=ORIENTED_EDGE('',*,*,#10727,.T.);
#10729=ORIENTED_EDGE('',*,*,#10696,.T.);
#10731=ORIENTED_EDGE('',*,*,#10730,.F.);
#10732=EDGE_LOOP('',(#10726,#10728,#10729,#10731));
#10733=FACE_OUTER_BOUND('',#10732,.F.);
#10734=ADVANCED_FACE('',(#10733),#10724,.T.);
#10735=CARTESIAN_POINT('',(-1.824131121059E0,3.149549954795E0,-8.55E0));
#10736=CARTESIAN_POINT('',(-1.824131121059E0,2.256732629896E0,-8.55E0));
#10738=CARTESIAN_POINT('',(-1.824131121059E0,3.147257248450E0,-8.45E0));
#10739=DIRECTION('',(0.E0,-1.E0,0.E0));
#10740=AXIS1_PLACEMENT('',#10738,#10739);
#10741=SURFACE_OF_REVOLUTION('',#10737,#10740);
#10742=ORIENTED_EDGE('',*,*,#10513,.T.);
#10744=ORIENTED_EDGE('',*,*,#10743,.F.);
#10745=ORIENTED_EDGE('',*,*,#10725,.T.);
#10747=ORIENTED_EDGE('',*,*,#10746,.T.);
#10748=EDGE_LOOP('',(#10742,#10744,#10745,#10747));
#10749=FACE_OUTER_BOUND('',#10748,.F.);
#10750=ADVANCED_FACE('',(#10749),#10741,.F.);
#10751=CARTESIAN_POINT('',(-1.741378667211E0,3.064889224032E0,
-8.412070841355E0));
#10752=CARTESIAN_POINT('',(-1.710398227238E0,3.138693213275E0,
-8.399118070101E0));
#10753=CARTESIAN_POINT('',(-1.750225459643E0,3.206738543097E0,
-8.418044649841E0));
#10754=CARTESIAN_POINT('',(-1.824131121059E0,3.206272837092E0,
-8.451396218034E0));
#10755=CARTESIAN_POINT('',(-1.700190121834E0,3.063614991141E0,
-8.503325119216E0));
#10756=CARTESIAN_POINT('',(-1.653789725131E0,3.136941939598E0,
-8.524535657280E0));
#10757=CARTESIAN_POINT('',(-1.713440246066E0,3.205600534249E0,
-8.499543233252E0));
#10758=CARTESIAN_POINT('',(-1.824131121059E0,3.206272837092E0,
-8.451396218034E0));
#10759=CARTESIAN_POINT('',(-1.771298989778E0,3.062630781998E0,
-8.573809325956E0));
#10760=CARTESIAN_POINT('',(-1.751519966973E0,3.135589267276E0,
-8.621407380455E0));
#10761=CARTESIAN_POINT('',(-1.776947099018E0,3.204721543666E0,
-8.562492205473E0));
#10762=CARTESIAN_POINT('',(-1.824131121059E0,3.206272837092E0,
-8.451396218034E0));
#10763=CARTESIAN_POINT('',(-1.862199290993E0,3.063216960558E0,
-8.531830107271E0));
#10764=CARTESIAN_POINT('',(-1.876451057541E0,3.136394896364E0,
-8.563712196815E0));
#10765=CARTESIAN_POINT('',(-1.858129548260E0,3.205245055806E0,
-8.525000846868E0));
#10766=CARTESIAN_POINT('',(-1.824131121059E0,3.206272837092E0,
-8.451396218034E0));
#10767=(BOUNDED_SURFACE()B_SPLINE_SURFACE(3,3,((#10751,#10752,#10753,#10754),(
#10755,#10756,#10757,#10758),(#10759,#10760,#10761,#10762),(#10763,#10764,
#10765,#10766)),.UNSPECIFIED.,.F.,.F.,.F.)B_SPLINE_SURFACE_WITH_KNOTS((4,4),(4,
4),(0.E0,1.E0),(0.E0,1.E0),.UNSPECIFIED.)GEOMETRIC_REPRESENTATION_ITEM()RATIONAL_B_SPLINE_SURFACE(((1.926032703630E0,1.333961067934E0,1.333961067934E0,
1.926032703630E0),(1.090836625605E0,7.555082461948E-1,7.555082461948E-1,
1.090836625605E0),(1.090836625605E0,7.555082461948E-1,7.555082461948E-1,
1.090836625605E0),(1.926032703630E0,1.333961067934E0,1.333961067934E0,
1.926032703630E0)))REPRESENTATION_ITEM('')SURFACE());
#10768=ORIENTED_EDGE('',*,*,#10743,.T.);
#10770=ORIENTED_EDGE('',*,*,#10769,.F.);
#10772=ORIENTED_EDGE('',*,*,#10771,.F.);
#10773=EDGE_LOOP('',(#10768,#10770,#10772));
#10774=FACE_OUTER_BOUND('',#10773,.F.);
#10775=ADVANCED_FACE('',(#10774),#10767,.F.);
#10776=CARTESIAN_POINT('',(-1.600488091786E0,3.206272837092E0,
-8.451396218034E0));
#10777=CARTESIAN_POINT('',(-1.322992561396E1,3.206272837092E0,
-8.451396218034E0));
#10779=CARTESIAN_POINT('',(-1.600488091786E0,3.106282584691E0,-8.45E0));
#10780=DIRECTION('',(-1.E0,0.E0,0.E0));
#10781=AXIS1_PLACEMENT('',#10779,#10780);
#10782=SURFACE_OF_REVOLUTION('',#10778,#10781);
#10783=ORIENTED_EDGE('',*,*,#10667,.T.);
#10784=ORIENTED_EDGE('',*,*,#10769,.T.);
#10785=ORIENTED_EDGE('',*,*,#10511,.T.);
#10787=ORIENTED_EDGE('',*,*,#10786,.F.);
#10788=EDGE_LOOP('',(#10783,#10784,#10785,#10787));
#10789=FACE_OUTER_BOUND('',#10788,.F.);
#10790=ADVANCED_FACE('',(#10789),#10782,.F.);
#10791=CARTESIAN_POINT('',(-1.296488982152E1,3.189232234808E0,
-8.412503404124E0));
#10792=CARTESIAN_POINT('',(-1.303869008421E1,3.220278889380E0,
-8.399715905673E0));
#10793=CARTESIAN_POINT('',(-1.310673310993E1,3.180357933148E0,
-8.418433746191E0));
#10794=CARTESIAN_POINT('',(-1.310627283709E1,3.106282584691E0,
-8.451396218034E0));
#10795=CARTESIAN_POINT('',(-1.296361747537E1,3.229786864394E0,
-8.503622562482E0));
#10796=CARTESIAN_POINT('',(-1.303694152037E1,3.276012432613E0,
-8.524939427707E0));
#10797=CARTESIAN_POINT('',(-1.310559688472E1,3.216573858277E0,
-8.499804594613E0));
#10798=CARTESIAN_POINT('',(-1.310627283709E1,3.106282584691E0,
-8.451396218034E0));
#10799=CARTESIAN_POINT('',(-1.296263961916E1,3.158766113800E0,
-8.573651803857E0));
#10800=CARTESIAN_POINT('',(-1.303559766907E1,3.178409813281E0,
-8.621179432646E0));
#10801=CARTESIAN_POINT('',(-1.310472364366E1,3.153151205613E0,
-8.562341813874E0));
#10802=CARTESIAN_POINT('',(-1.310627283709E1,3.106282584691E0,
-8.451396218034E0));
#10803=CARTESIAN_POINT('',(-1.296322355802E1,3.068213129580E0,
-8.531832981186E0));
#10804=CARTESIAN_POINT('',(-1.303640016640E1,3.053964374812E0,
-8.563708530187E0));
#10805=CARTESIAN_POINT('',(-1.310524511030E1,3.072285959643E0,
-8.524996944342E0));
#10806=CARTESIAN_POINT('',(-1.310627283709E1,3.106282584691E0,
-8.451396218034E0));
#10807=(BOUNDED_SURFACE()B_SPLINE_SURFACE(3,3,((#10791,#10792,#10793,#10794),(
#10795,#10796,#10797,#10798),(#10799,#10800,#10801,#10802),(#10803,#10804,
#10805,#10806)),.UNSPECIFIED.,.F.,.F.,.F.)B_SPLINE_SURFACE_WITH_KNOTS((4,4),(4,
4),(0.E0,1.E0),(0.E0,1.E0),.UNSPECIFIED.)GEOMETRIC_REPRESENTATION_ITEM()RATIONAL_B_SPLINE_SURFACE(((1.922502013454E0,1.331555189836E0,1.331555189836E0,
1.922502013454E0),(1.091978853694E0,7.563217617729E-1,7.563217617729E-1,
1.091978853694E0),(1.091978853694E0,7.563217617729E-1,7.563217617729E-1,
1.091978853694E0),(1.922502013454E0,1.331555189836E0,1.331555189836E0,
1.922502013454E0)))REPRESENTATION_ITEM('')SURFACE());
#10808=ORIENTED_EDGE('',*,*,#10786,.T.);
#10809=ORIENTED_EDGE('',*,*,#10444,.T.);
#10811=ORIENTED_EDGE('',*,*,#10810,.F.);
#10812=EDGE_LOOP('',(#10808,#10809,#10811));
#10813=FACE_OUTER_BOUND('',#10812,.F.);
#10814=ADVANCED_FACE('',(#10813),#10807,.F.);
#10815=CARTESIAN_POINT('',(-1.334771662445E1,3.347726372050E0,
8.839617543647E0));
#10816=CARTESIAN_POINT('',(-1.310153864518E1,3.101548392783E0,
-8.790435703557E0));
#10818=CARTESIAN_POINT('',(-1.324772637139E1,3.347726371466E0,
8.841013719706E0));
#10819=DIRECTION('',(1.396081962997E-2,-1.396081962697E-2,-9.998050765177E-1));
#10820=AXIS1_PLACEMENT('',#10818,#10819);
#10821=SURFACE_OF_REVOLUTION('',#10817,#10820);
#10822=ORIENTED_EDGE('',*,*,#10669,.F.);
#10823=ORIENTED_EDGE('',*,*,#10810,.T.);
#10824=ORIENTED_EDGE('',*,*,#9973,.F.);
#10825=ORIENTED_EDGE('',*,*,#9594,.T.);
#10826=EDGE_LOOP('',(#10822,#10823,#10824,#10825));
#10827=FACE_OUTER_BOUND('',#10826,.F.);
#10828=ADVANCED_FACE('',(#10827),#10821,.F.);
#10829=CARTESIAN_POINT('',(-1.807158117828E0,3.233430717768E0,
-6.506482689054E0));
#10830=CARTESIAN_POINT('',(-1.824508658498E0,3.205668753265E0,
-8.494657723601E0));
#10832=CARTESIAN_POINT('',(-1.807178123243E0,3.133408455398E0,
-6.507378866607E0));
#10833=DIRECTION('',(-8.725684934971E-3,-1.396164880595E-2,-9.998644582067E-1));
#10834=AXIS1_PLACEMENT('',#10832,#10833);
#10835=SURFACE_OF_REVOLUTION('',#10831,#10834);
#10836=ORIENTED_EDGE('',*,*,#10727,.F.);
#10837=ORIENTED_EDGE('',*,*,#10771,.T.);
#10838=ORIENTED_EDGE('',*,*,#10665,.F.);
#10839=ORIENTED_EDGE('',*,*,#10698,.T.);
#10840=EDGE_LOOP('',(#10836,#10837,#10838,#10839));
#10841=FACE_OUTER_BOUND('',#10840,.F.);
#10842=ADVANCED_FACE('',(#10841),#10835,.F.);
#10843=CARTESIAN_POINT('',(-1.867398491163E0,2.3E0,-8.55E0));
#10844=CARTESIAN_POINT('',(-1.132601508837E0,2.3E0,-8.55E0));
#10846=CARTESIAN_POINT('',(-1.865105784818E0,2.3E0,-8.45E0));
#10847=DIRECTION('',(1.E0,0.E0,0.E0));
#10848=AXIS1_PLACEMENT('',#10846,#10847);
#10849=SURFACE_OF_REVOLUTION('',#10845,#10848);
#10850=ORIENTED_EDGE('',*,*,#10515,.T.);
#10851=ORIENTED_EDGE('',*,*,#10746,.F.);
#10853=ORIENTED_EDGE('',*,*,#10852,.F.);
#10854=ORIENTED_EDGE('',*,*,#10596,.T.);
#10855=EDGE_LOOP('',(#10850,#10851,#10853,#10854));
#10856=FACE_OUTER_BOUND('',#10855,.F.);
#10857=ADVANCED_FACE('',(#10856),#10849,.F.);
#10858=CARTESIAN_POINT('',(-1.767398848076E0,2.4E0,-8.493703693782E0));
#10859=CARTESIAN_POINT('',(-1.767398848076E0,2.4E0,-7.831380005820E0));
#10860=CARTESIAN_POINT('',(-1.767398848076E0,2.4E0,-7.169056317858E0));
#10861=CARTESIAN_POINT('',(-1.767398848076E0,2.4E0,-6.506732629896E0));
#10862=CARTESIAN_POINT('',(-1.589132949359E0,2.4E0,-8.493703693782E0));
#10863=CARTESIAN_POINT('',(-1.589132949359E0,2.4E0,-7.831380005820E0));
#10864=CARTESIAN_POINT('',(-1.589132949359E0,2.4E0,-7.169056317858E0));
#10865=CARTESIAN_POINT('',(-1.589132949359E0,2.4E0,-6.506732629896E0));
#10866=CARTESIAN_POINT('',(-1.410867050641E0,2.4E0,-8.493703693782E0));
#10867=CARTESIAN_POINT('',(-1.410867050641E0,2.4E0,-7.831380005820E0));
#10868=CARTESIAN_POINT('',(-1.410867050641E0,2.4E0,-7.169056317858E0));
#10869=CARTESIAN_POINT('',(-1.410867050641E0,2.4E0,-6.506732629896E0));
#10870=CARTESIAN_POINT('',(-1.232601151924E0,2.4E0,-8.493703693782E0));
#10871=CARTESIAN_POINT('',(-1.232601151924E0,2.4E0,-7.831380005820E0));
#10872=CARTESIAN_POINT('',(-1.232601151924E0,2.4E0,-7.169056317858E0));
#10873=CARTESIAN_POINT('',(-1.232601151924E0,2.4E0,-6.506732629896E0));
#10874=B_SPLINE_SURFACE_WITH_KNOTS('',3,3,((#10858,#10859,#10860,#10861),
(#10862,#10863,#10864,#10865),(#10866,#10867,#10868,#10869),(#10870,#10871,
#10872,#10873)),.UNSPECIFIED.,.F.,.F.,.F.,(4,4),(4,4),(-4.239884807526E-2,
4.923988480759E-1),(5.629630621876E-2,2.043267370104E0),.UNSPECIFIED.);
#10875=ORIENTED_EDGE('',*,*,#10730,.T.);
#10876=ORIENTED_EDGE('',*,*,#10703,.T.);
#10877=ORIENTED_EDGE('',*,*,#10621,.T.);
#10878=ORIENTED_EDGE('',*,*,#10852,.T.);
#10879=EDGE_LOOP('',(#10875,#10876,#10877,#10878));
#10880=FACE_OUTER_BOUND('',#10879,.F.);
#10881=ADVANCED_FACE('',(#10880),#10874,.T.);
#10882=CARTESIAN_POINT('',(1.310153864517E1,3.101548392774E0,
-8.790435704050E0));
#10883=CARTESIAN_POINT('',(1.334771662480E1,3.347726372400E0,8.839617568792E0));
#10885=CARTESIAN_POINT('',(1.300154839286E1,3.101548392791E0,
-8.789039484659E0));
#10886=DIRECTION('',(1.396081962997E-2,1.396081962697E-2,9.998050765177E-1));
#10887=AXIS1_PLACEMENT('',#10885,#10886);
#10888=SURFACE_OF_REVOLUTION('',#10884,#10887);
#10890=ORIENTED_EDGE('',*,*,#10889,.F.);
#10892=ORIENTED_EDGE('',*,*,#10891,.F.);
#10893=ORIENTED_EDGE('',*,*,#10672,.F.);
#10894=ORIENTED_EDGE('',*,*,#9590,.T.);
#10895=EDGE_LOOP('',(#10890,#10892,#10893,#10894));
#10896=FACE_OUTER_BOUND('',#10895,.F.);
#10897=ADVANCED_FACE('',(#10896),#10888,.F.);
#10898=CARTESIAN_POINT('',(1.310153880659E1,-3.476643967690E0,
-8.790424144678E0));
#10899=CARTESIAN_POINT('',(1.318359533536E1,-3.476643967690E0,
-2.913940082852E0));
#10900=CARTESIAN_POINT('',(1.326565186413E1,-3.476643967690E0,
2.962543978975E0));
#10901=CARTESIAN_POINT('',(1.334770839291E1,-3.476643967690E0,
8.839028040801E0));
#10902=CARTESIAN_POINT('',(1.310153880659E1,-1.158881322156E0,
-8.790424144678E0));
#10903=CARTESIAN_POINT('',(1.318359533536E1,-1.158881322156E0,
-2.913940082852E0));
#10904=CARTESIAN_POINT('',(1.326565186413E1,-1.158881322156E0,
2.962543978975E0));
#10905=CARTESIAN_POINT('',(1.334770839291E1,-1.158881322156E0,
8.839028040801E0));
#10906=CARTESIAN_POINT('',(1.310153880659E1,1.158881323378E0,
-8.790424144678E0));
#10907=CARTESIAN_POINT('',(1.318359533536E1,1.158881323378E0,
-2.913940082852E0));
#10908=CARTESIAN_POINT('',(1.326565186413E1,1.158881323378E0,2.962543978975E0));
#10909=CARTESIAN_POINT('',(1.334770839291E1,1.158881323378E0,8.839028040801E0));
#10910=CARTESIAN_POINT('',(1.310153880659E1,3.476643968911E0,
-8.790424144678E0));
#10911=CARTESIAN_POINT('',(1.318359533536E1,3.476643968911E0,
-2.913940082852E0));
#10912=CARTESIAN_POINT('',(1.326565186413E1,3.476643968911E0,2.962543978975E0));
#10913=CARTESIAN_POINT('',(1.334770839291E1,3.476643968911E0,8.839028040801E0));
#10914=B_SPLINE_SURFACE_WITH_KNOTS('',3,3,((#10898,#10899,#10900,#10901),
(#10902,#10903,#10904,#10905),(#10906,#10907,#10908,#10909),(#10910,#10911,
#10912,#10913)),.UNSPECIFIED.,.F.,.F.,.F.,(4,4),(4,4),(1.858307549608E0,
8.811595486209E0),(-1.779844204660E1,-1.672712452824E-1),.UNSPECIFIED.);
#10916=ORIENTED_EDGE('',*,*,#10915,.F.);
#10918=ORIENTED_EDGE('',*,*,#10917,.T.);
#10920=ORIENTED_EDGE('',*,*,#10919,.F.);
#10922=ORIENTED_EDGE('',*,*,#10921,.F.);
#10924=ORIENTED_EDGE('',*,*,#10923,.T.);
#10926=ORIENTED_EDGE('',*,*,#10925,.F.);
#10927=ORIENTED_EDGE('',*,*,#10889,.T.);
#10928=ORIENTED_EDGE('',*,*,#9624,.T.);
#10930=ORIENTED_EDGE('',*,*,#10929,.T.);
#10932=ORIENTED_EDGE('',*,*,#10931,.F.);
#10934=ORIENTED_EDGE('',*,*,#10933,.T.);
#10936=ORIENTED_EDGE('',*,*,#10935,.F.);
#10938=ORIENTED_EDGE('',*,*,#10937,.F.);
#10940=ORIENTED_EDGE('',*,*,#10939,.T.);
#10941=EDGE_LOOP('',(#10916,#10918,#10920,#10922,#10924,#10926,#10927,#10928,
#10930,#10932,#10934,#10936,#10938,#10940));
#10942=FACE_OUTER_BOUND('',#10941,.F.);
#10943=ADVANCED_FACE('',(#10942),#10914,.F.);
#10944=CARTESIAN_POINT('',(1.310627283709E1,-1.338557599045E0,
-8.451396218034E0));
#10945=CARTESIAN_POINT('',(1.310627283709E1,2.497148990441E-1,
-8.451396218034E0));
#10947=CARTESIAN_POINT('',(1.300628258469E1,-1.336264892700E0,-8.45E0));
#10948=DIRECTION('',(0.E0,1.E0,0.E0));
#10949=AXIS1_PLACEMENT('',#10947,#10948);
#10950=SURFACE_OF_REVOLUTION('',#10946,#10949);
#10951=ORIENTED_EDGE('',*,*,#10478,.T.);
#10953=ORIENTED_EDGE('',*,*,#10952,.F.);
#10954=ORIENTED_EDGE('',*,*,#10915,.T.);
#10956=ORIENTED_EDGE('',*,*,#10955,.F.);
#10957=EDGE_LOOP('',(#10951,#10953,#10954,#10956));
#10958=FACE_OUTER_BOUND('',#10957,.F.);
#10959=ADVANCED_FACE('',(#10958),#10950,.F.);
#10960=CARTESIAN_POINT('',(1.296806321988E1,2.891947290803E-1,
-8.408863872053E0));
#10961=CARTESIAN_POINT('',(1.295416412989E1,3.192870863628E-1,
-8.482309596099E0));
#10962=CARTESIAN_POINT('',(1.297249454804E1,2.796006398053E-1,-8.55E0));
#10963=CARTESIAN_POINT('',(1.300628258469E1,2.064475289405E-1,-8.55E0));
#10964=CARTESIAN_POINT('',(1.305991279915E1,3.316183104435E-1,
-8.408863872053E0));
#10965=CARTESIAN_POINT('',(1.307941629379E1,3.771386890418E-1,
-8.482309596100E0));
#10966=CARTESIAN_POINT('',(1.305369466651E1,3.171054368920E-1,-8.55E0));
#10967=CARTESIAN_POINT('',(1.300628258469E1,2.064475289405E-1,-8.55E0));
#10968=CARTESIAN_POINT('',(1.313145336619E1,2.600777433957E-1,
-8.408863872053E0));
#10969=CARTESIAN_POINT('',(1.317697374479E1,2.795812380371E-1,
-8.482309596099E0));
#10970=CARTESIAN_POINT('',(1.311694049264E1,2.538596107646E-1,-8.55E0));
#10971=CARTESIAN_POINT('',(1.300628258469E1,2.064475289405E-1,-8.55E0));
#10972=CARTESIAN_POINT('',(1.308902978483E1,1.682281641295E-1,
-8.408863872053E0));
#10973=CARTESIAN_POINT('',(1.311912214211E1,1.543290741415E-1,
-8.482309596099E0));
#10974=CARTESIAN_POINT('',(1.307943569555E1,1.726594922882E-1,-8.55E0));
#10975=CARTESIAN_POINT('',(1.300628258469E1,2.064475289405E-1,-8.55E0));
#10976=(BOUNDED_SURFACE()B_SPLINE_SURFACE(3,3,((#10960,#10961,#10962,#10963),(
#10964,#10965,#10966,#10967),(#10968,#10969,#10970,#10971),(#10972,#10973,
#10974,#10975)),.UNSPECIFIED.,.F.,.F.,.F.)B_SPLINE_SURFACE_WITH_KNOTS((4,4),(4,
4),(0.E0,1.E0),(0.E0,1.E0),.UNSPECIFIED.)GEOMETRIC_REPRESENTATION_ITEM()RATIONAL_B_SPLINE_SURFACE(((1.927378306794E0,1.339543448973E0,1.339543448973E0,
1.927378306794E0),(1.086322267932E0,7.550027269437E-1,7.550027269437E-1,
1.086322267932E0),(1.086322267932E0,7.550027269437E-1,7.550027269437E-1,
1.086322267932E0),(1.927378306794E0,1.339543448973E0,1.339543448973E0,
1.927378306794E0)))REPRESENTATION_ITEM('')SURFACE());
#10978=ORIENTED_EDGE('',*,*,#10977,.T.);
#10979=ORIENTED_EDGE('',*,*,#10952,.T.);
#10981=ORIENTED_EDGE('',*,*,#10980,.F.);
#10982=EDGE_LOOP('',(#10978,#10979,#10981));
#10983=FACE_OUTER_BOUND('',#10982,.F.);
#10984=ADVANCED_FACE('',(#10983),#10976,.F.);
#10985=CARTESIAN_POINT('',(1.310225108813E1,2.039340353832E-1,
-8.739414051874E0));
#10986=CARTESIAN_POINT('',(1.331138203409E1,3.346357003627E-1,
6.237513307821E0));
#10988=CARTESIAN_POINT('',(1.300226083583E1,2.039340353825E-1,
-8.738017833841E0));
#10989=DIRECTION('',(1.396164880995E-2,8.725684935420E-3,9.998644582067E-1));
#10990=AXIS1_PLACEMENT('',#10988,#10989);
#10991=SURFACE_OF_REVOLUTION('',#10987,#10990);
#10992=ORIENTED_EDGE('',*,*,#10917,.F.);
#10993=ORIENTED_EDGE('',*,*,#10977,.F.);
#10995=ORIENTED_EDGE('',*,*,#10994,.F.);
#10997=ORIENTED_EDGE('',*,*,#10996,.F.);
#10998=EDGE_LOOP('',(#10992,#10993,#10995,#10997));
#10999=FACE_OUTER_BOUND('',#10998,.F.);
#11000=ADVANCED_FACE('',(#10999),#10991,.F.);
#11001=CARTESIAN_POINT('',(1.245759770115E1,3.039302276896E-1,
-8.738890487390E0));
#11002=CARTESIAN_POINT('',(1.245759770115E1,3.474974493496E-1,
-3.746581367491E0));
#11003=CARTESIAN_POINT('',(1.245759770115E1,3.910646710095E-1,
1.245727752409E0));
#11004=CARTESIAN_POINT('',(1.245759770115E1,4.346318926695E-1,
6.238036872308E0));
#11005=CARTESIAN_POINT('',(1.272194426838E1,3.039302276896E-1,
-8.738890487390E0));
#11006=CARTESIAN_POINT('',(1.272194426838E1,3.474974493496E-1,
-3.746581367491E0));
#11007=CARTESIAN_POINT('',(1.272194426838E1,3.910646710095E-1,
1.245727752409E0));
#11008=CARTESIAN_POINT('',(1.272194426838E1,4.346318926695E-1,
6.238036872308E0));
#11009=CARTESIAN_POINT('',(1.298629083561E1,3.039302276896E-1,
-8.738890487390E0));
#11010=CARTESIAN_POINT('',(1.298629083561E1,3.474974493496E-1,
-3.746581367491E0));
#11011=CARTESIAN_POINT('',(1.298629083561E1,3.910646710095E-1,
1.245727752409E0));
#11012=CARTESIAN_POINT('',(1.298629083561E1,4.346318926695E-1,
6.238036872308E0));
#11013=CARTESIAN_POINT('',(1.325063740284E1,3.039302276896E-1,
-8.738890487390E0));
#11014=CARTESIAN_POINT('',(1.325063740284E1,3.474974493496E-1,
-3.746581367491E0));
#11015=CARTESIAN_POINT('',(1.325063740284E1,3.910646710095E-1,
1.245727752409E0));
#11016=CARTESIAN_POINT('',(1.325063740284E1,4.346318926695E-1,
6.238036872308E0));
#11017=B_SPLINE_SURFACE_WITH_KNOTS('',3,3,((#11001,#11002,#11003,#11004),
(#11005,#11006,#11007,#11008),(#11009,#11010,#11011,#11012),(#11013,#11014,
#11015,#11016)),.UNSPECIFIED.,.F.,.F.,.F.,(4,4),(4,4),(3.925492184436E-1,
1.185588920143E0),(-1.888976800356E-1,1.478859997688E1),.UNSPECIFIED.);
#11019=ORIENTED_EDGE('',*,*,#11018,.F.);
#11021=ORIENTED_EDGE('',*,*,#11020,.F.);
#11023=ORIENTED_EDGE('',*,*,#11022,.F.);
#11024=ORIENTED_EDGE('',*,*,#10994,.T.);
#11025=EDGE_LOOP('',(#11019,#11021,#11023,#11024));
#11026=FACE_OUTER_BOUND('',#11025,.F.);
#11027=ADVANCED_FACE('',(#11026),#11017,.T.);
#11028=CARTESIAN_POINT('',(1.235760150884E1,2.064475289406E-1,-8.55E0));
#11029=CARTESIAN_POINT('',(1.304954995479E1,2.064475289406E-1,-8.55E0));
#11031=CARTESIAN_POINT('',(1.235989421518E1,2.064475289406E-1,-8.45E0));
#11032=DIRECTION('',(1.E0,0.E0,0.E0));
#11033=AXIS1_PLACEMENT('',#11031,#11032);
#11034=SURFACE_OF_REVOLUTION('',#11030,#11033);
#11035=ORIENTED_EDGE('',*,*,#10476,.T.);
#11037=ORIENTED_EDGE('',*,*,#11036,.F.);
#11038=ORIENTED_EDGE('',*,*,#11018,.T.);
#11039=ORIENTED_EDGE('',*,*,#10980,.T.);
#11040=EDGE_LOOP('',(#11035,#11037,#11038,#11039));
#11041=FACE_OUTER_BOUND('',#11040,.F.);
#11042=ADVANCED_FACE('',(#11041),#11034,.F.);
#11043=CARTESIAN_POINT('',(1.240086887894E1,1.047977141163E0,-8.55E0));
#11044=CARTESIAN_POINT('',(1.240086887894E1,1.631801588369E-1,-8.55E0));
#11046=CARTESIAN_POINT('',(1.240086887894E1,1.045684434818E0,-8.45E0));
#11047=DIRECTION('',(0.E0,-1.E0,0.E0));
#11048=AXIS1_PLACEMENT('',#11046,#11047);
#11049=SURFACE_OF_REVOLUTION('',#11045,#11048);
#11050=ORIENTED_EDGE('',*,*,#10474,.T.);
#11052=ORIENTED_EDGE('',*,*,#11051,.F.);
#11054=ORIENTED_EDGE('',*,*,#11053,.F.);
#11055=ORIENTED_EDGE('',*,*,#11036,.T.);
#11056=EDGE_LOOP('',(#11050,#11052,#11054,#11055));
#11057=FACE_OUTER_BOUND('',#11056,.F.);
#11058=ADVANCED_FACE('',(#11057),#11049,.F.);
#11059=CARTESIAN_POINT('',(1.304954995479E1,1.004709771059E0,-8.55E0));
#11060=CARTESIAN_POINT('',(1.235760150884E1,1.004709771059E0,-8.55E0));
#11062=CARTESIAN_POINT('',(1.304725724845E1,1.004709771059E0,-8.45E0));
#11063=DIRECTION('',(-1.E0,0.E0,0.E0));
#11064=AXIS1_PLACEMENT('',#11062,#11063);
#11065=SURFACE_OF_REVOLUTION('',#11061,#11064);
#11067=ORIENTED_EDGE('',*,*,#11066,.F.);
#11068=ORIENTED_EDGE('',*,*,#11051,.T.);
#11069=ORIENTED_EDGE('',*,*,#10472,.T.);
#11071=ORIENTED_EDGE('',*,*,#11070,.F.);
#11072=EDGE_LOOP('',(#11067,#11068,#11069,#11071));
#11073=FACE_OUTER_BOUND('',#11072,.F.);
#11074=ADVANCED_FACE('',(#11073),#11065,.F.);
#11075=CARTESIAN_POINT('',(1.325761890772E1,9.073143376654E-1,
-8.748890106621E0));
#11076=CARTESIAN_POINT('',(1.325761890772E1,8.622345165190E-1,
-3.583254253390E0));
#11077=CARTESIAN_POINT('',(1.325761890772E1,8.171546953727E-1,
1.582381599840E0));
#11078=CARTESIAN_POINT('',(1.325761890772E1,7.720748742263E-1,
6.748017453071E0));
#11079=CARTESIAN_POINT('',(1.299094517220E1,9.073143376654E-1,
-8.748890106621E0));
#11080=CARTESIAN_POINT('',(1.299094517220E1,8.622345165190E-1,
-3.583254253390E0));
#11081=CARTESIAN_POINT('',(1.299094517220E1,8.171546953727E-1,
1.582381599840E0));
#11082=CARTESIAN_POINT('',(1.299094517220E1,7.720748742263E-1,
6.748017453071E0));
#11083=CARTESIAN_POINT('',(1.272427143667E1,9.073143376654E-1,
-8.748890106621E0));
#11084=CARTESIAN_POINT('',(1.272427143667E1,8.622345165190E-1,
-3.583254253390E0));
#11085=CARTESIAN_POINT('',(1.272427143667E1,8.171546953727E-1,
1.582381599840E0));
#11086=CARTESIAN_POINT('',(1.272427143667E1,7.720748742263E-1,
6.748017453071E0));
#11087=CARTESIAN_POINT('',(1.245759770115E1,9.073143376654E-1,
-8.748890106621E0));
#11088=CARTESIAN_POINT('',(1.245759770115E1,8.622345165190E-1,
-3.583254253390E0));
#11089=CARTESIAN_POINT('',(1.245759770115E1,8.171546953727E-1,
1.582381599840E0));
#11090=CARTESIAN_POINT('',(1.245759770115E1,7.720748742263E-1,
6.748017453071E0));
#11091=B_SPLINE_SURFACE_WITH_KNOTS('',3,3,((#11075,#11076,#11077,#11078),
(#11079,#11080,#11081,#11082),(#11083,#11084,#11085,#11086),(#11087,#11088,
#11089,#11090)),.UNSPECIFIED.,.F.,.F.,.F.,(4,4),(4,4),(5.272887411093E-1,
1.327309947686E0),(-1.988976800352E-1,1.529859997688E1),.UNSPECIFIED.);
#11093=ORIENTED_EDGE('',*,*,#11092,.T.);
#11095=ORIENTED_EDGE('',*,*,#11094,.F.);
#11097=ORIENTED_EDGE('',*,*,#11096,.F.);
#11098=ORIENTED_EDGE('',*,*,#11066,.T.);
#11099=EDGE_LOOP('',(#11093,#11095,#11097,#11098));
#11100=FACE_OUTER_BOUND('',#11099,.F.);
#11101=ADVANCED_FACE('',(#11100),#11091,.T.);
#11102=CARTESIAN_POINT('',(1.331851427381E1,8.720641263481E-1,
6.748289154970E0));
#11103=CARTESIAN_POINT('',(1.310211124029E1,1.007310666053E0,
-8.749429264563E0));
#11105=CARTESIAN_POINT('',(1.321852401698E1,8.720641290438E-1,
6.749685063884E0));
#11106=DIRECTION('',(-1.396164880995E-2,8.725684935371E-3,-9.998644582067E-1));
#11107=AXIS1_PLACEMENT('',#11105,#11106);
#11108=SURFACE_OF_REVOLUTION('',#11104,#11107);
#11109=ORIENTED_EDGE('',*,*,#11092,.F.);
#11111=ORIENTED_EDGE('',*,*,#11110,.F.);
#11112=ORIENTED_EDGE('',*,*,#10923,.F.);
#11114=ORIENTED_EDGE('',*,*,#11113,.F.);
#11115=EDGE_LOOP('',(#11109,#11111,#11112,#11114));
#11116=FACE_OUTER_BOUND('',#11115,.F.);
#11117=ADVANCED_FACE('',(#11116),#11108,.F.);
#11118=CARTESIAN_POINT('',(1.296488922403E1,9.219573172113E-1,
-8.412070841355E0));
#11119=CARTESIAN_POINT('',(1.303869321327E1,8.909768772382E-1,
-8.399118070101E0));
#11120=CARTESIAN_POINT('',(1.310673854310E1,9.308041096435E-1,
-8.418044649841E0));
#11121=CARTESIAN_POINT('',(1.310627283709E1,1.004709771059E0,
-8.451396218034E0));
#11122=CARTESIAN_POINT('',(1.296361499114E1,8.807687718337E-1,
-8.503325119216E0));
#11123=CARTESIAN_POINT('',(1.303694193960E1,8.343683751305E-1,
-8.524535657280E0));
#11124=CARTESIAN_POINT('',(1.310560053425E1,8.940188960657E-1,
-8.499543233252E0));
#11125=CARTESIAN_POINT('',(1.310627283709E1,1.004709771059E0,
-8.451396218034E0));
#11126=CARTESIAN_POINT('',(1.296263078200E1,9.518776397780E-1,
-8.573809325956E0));
#11127=CARTESIAN_POINT('',(1.303558926728E1,9.320986169733E-1,
-8.621407380455E0));
#11128=CARTESIAN_POINT('',(1.310472154367E1,9.575257490178E-1,
-8.562492205473E0));
#11129=CARTESIAN_POINT('',(1.310627283709E1,1.004709771059E0,
-8.451396218034E0));
#11130=CARTESIAN_POINT('',(1.296321696056E1,1.042777940993E0,
-8.531830107271E0));
#11131=CARTESIAN_POINT('',(1.303639489636E1,1.057029707541E0,
-8.563712196815E0));
#11132=CARTESIAN_POINT('',(1.310524505581E1,1.038708198260E0,
-8.525000846868E0));
#11133=CARTESIAN_POINT('',(1.310627283709E1,1.004709771059E0,
-8.451396218034E0));
#11134=(BOUNDED_SURFACE()B_SPLINE_SURFACE(3,3,((#11118,#11119,#11120,#11121),(
#11122,#11123,#11124,#11125),(#11126,#11127,#11128,#11129),(#11130,#11131,
#11132,#11133)),.UNSPECIFIED.,.F.,.F.,.F.)B_SPLINE_SURFACE_WITH_KNOTS((4,4),(4,
4),(0.E0,1.E0),(0.E0,1.E0),.UNSPECIFIED.)GEOMETRIC_REPRESENTATION_ITEM()RATIONAL_B_SPLINE_SURFACE(((1.926032703630E0,1.333961067934E0,1.333961067934E0,
1.926032703630E0),(1.090836625605E0,7.555082461949E-1,7.555082461949E-1,
1.090836625605E0),(1.090836625605E0,7.555082461949E-1,7.555082461949E-1,
1.090836625605E0),(1.926032703630E0,1.333961067934E0,1.333961067934E0,
1.926032703630E0)))REPRESENTATION_ITEM('')SURFACE());
#11135=ORIENTED_EDGE('',*,*,#11070,.T.);
#11137=ORIENTED_EDGE('',*,*,#11136,.F.);
#11138=ORIENTED_EDGE('',*,*,#11110,.T.);
#11139=EDGE_LOOP('',(#11135,#11137,#11138));
#11140=FACE_OUTER_BOUND('',#11139,.F.);
#11141=ADVANCED_FACE('',(#11140),#11134,.F.);
#11142=CARTESIAN_POINT('',(1.310627283709E1,9.614424009554E-1,
-8.451396218034E0));
#11143=CARTESIAN_POINT('',(1.310627283709E1,3.149549954795E0,
-8.451396218034E0));
#11145=CARTESIAN_POINT('',(1.300628258469E1,9.626783147864E-1,-8.45E0));
#11146=DIRECTION('',(0.E0,1.E0,0.E0));
#11147=AXIS1_PLACEMENT('',#11145,#11146);
#11148=SURFACE_OF_REVOLUTION('',#11144,#11147);
#11149=ORIENTED_EDGE('',*,*,#10925,.T.);
#11150=ORIENTED_EDGE('',*,*,#11136,.T.);
#11151=ORIENTED_EDGE('',*,*,#10470,.T.);
#11153=ORIENTED_EDGE('',*,*,#11152,.F.);
#11154=EDGE_LOOP('',(#11149,#11150,#11151,#11153));
#11155=FACE_OUTER_BOUND('',#11154,.F.);
#11156=ADVANCED_FACE('',(#11155),#11148,.F.);
#11157=CARTESIAN_POINT('',(1.296322355802E1,3.068213129580E0,
-8.531832981186E0));
#11158=CARTESIAN_POINT('',(1.303640016640E1,3.053964374812E0,
-8.563708530187E0));
#11159=CARTESIAN_POINT('',(1.310524511030E1,3.072285959643E0,
-8.524996944342E0));
#11160=CARTESIAN_POINT('',(1.310627283709E1,3.106282584691E0,
-8.451396218034E0));
#11161=CARTESIAN_POINT('',(1.296263961916E1,3.158766113800E0,
-8.573651803857E0));
#11162=CARTESIAN_POINT('',(1.303559766907E1,3.178409813281E0,
-8.621179432647E0));
#11163=CARTESIAN_POINT('',(1.310472364366E1,3.153151205613E0,
-8.562341813874E0));
#11164=CARTESIAN_POINT('',(1.310627283709E1,3.106282584691E0,
-8.451396218034E0));
#11165=CARTESIAN_POINT('',(1.296361747537E1,3.229786864394E0,
-8.503622562482E0));
#11166=CARTESIAN_POINT('',(1.303694152037E1,3.276012432612E0,
-8.524939427708E0));
#11167=CARTESIAN_POINT('',(1.310559688472E1,3.216573858277E0,
-8.499804594613E0));
#11168=CARTESIAN_POINT('',(1.310627283709E1,3.106282584691E0,
-8.451396218034E0));
#11169=CARTESIAN_POINT('',(1.296488982152E1,3.189232234808E0,
-8.412503404125E0));
#11170=CARTESIAN_POINT('',(1.303869008421E1,3.220278889381E0,
-8.399715905673E0));
#11171=CARTESIAN_POINT('',(1.310673310993E1,3.180357933148E0,
-8.418433746191E0));
#11172=CARTESIAN_POINT('',(1.310627283709E1,3.106282584691E0,
-8.451396218034E0));
#11173=(BOUNDED_SURFACE()B_SPLINE_SURFACE(3,3,((#11157,#11158,#11159,#11160),(
#11161,#11162,#11163,#11164),(#11165,#11166,#11167,#11168),(#11169,#11170,
#11171,#11172)),.UNSPECIFIED.,.F.,.F.,.F.)B_SPLINE_SURFACE_WITH_KNOTS((4,4),(4,
4),(0.E0,1.E0),(0.E0,1.E0),.UNSPECIFIED.)GEOMETRIC_REPRESENTATION_ITEM()RATIONAL_B_SPLINE_SURFACE(((1.922502013454E0,1.331555189836E0,1.331555189836E0,
1.922502013454E0),(1.091978853694E0,7.563217617730E-1,7.563217617730E-1,
1.091978853694E0),(1.091978853694E0,7.563217617730E-1,7.563217617730E-1,
1.091978853694E0),(1.922502013454E0,1.331555189836E0,1.331555189836E0,
1.922502013454E0)))REPRESENTATION_ITEM('')SURFACE());
#11174=ORIENTED_EDGE('',*,*,#11152,.T.);
#11176=ORIENTED_EDGE('',*,*,#11175,.T.);
#11177=ORIENTED_EDGE('',*,*,#10891,.T.);
#11178=EDGE_LOOP('',(#11174,#11176,#11177));
#11179=FACE_OUTER_BOUND('',#11178,.F.);
#11180=ADVANCED_FACE('',(#11179),#11173,.F.);
#11181=CARTESIAN_POINT('',(1.328992561396E1,3.206272837092E0,
-8.451396218034E0));
#11182=CARTESIAN_POINT('',(-1.459511908214E0,3.206272837092E0,
-8.451396218034E0));
#11184=CARTESIAN_POINT('',(1.328992561396E1,3.106282584691E0,-8.45E0));
#11185=DIRECTION('',(-1.E0,0.E0,0.E0));
#11186=AXIS1_PLACEMENT('',#11184,#11185);
#11187=SURFACE_OF_REVOLUTION('',#11183,#11186);
#11188=ORIENTED_EDGE('',*,*,#10468,.T.);
#11190=ORIENTED_EDGE('',*,*,#11189,.F.);
#11191=ORIENTED_EDGE('',*,*,#10674,.T.);
#11192=ORIENTED_EDGE('',*,*,#11175,.F.);
#11193=EDGE_LOOP('',(#11188,#11190,#11191,#11192));
#11194=FACE_OUTER_BOUND('',#11193,.F.);
#11195=ADVANCED_FACE('',(#11194),#11187,.F.);
#11196=CARTESIAN_POINT('',(-1.134273704180E0,3.189229466228E0,
-8.412721906166E0));
#11197=CARTESIAN_POINT('',(-1.208007444183E0,3.220282695044E0,
-8.399545285294E0));
#11198=CARTESIAN_POINT('',(-1.276152762183E0,3.180361888171E0,
-8.417906537581E0));
#11199=CARTESIAN_POINT('',(-1.275865071247E0,3.106282584691E0,
-8.450872653550E0));
#11200=CARTESIAN_POINT('',(-1.133478499128E0,3.229782626063E0,
-8.503843379622E0));
#11201=CARTESIAN_POINT('',(-1.206914534335E0,3.276017939222E0,
-8.524780349435E0));
#11202=CARTESIAN_POINT('',(-1.275442569886E0,3.216579643183E0,
-8.499286514269E0));
#11203=CARTESIAN_POINT('',(-1.275865071247E0,3.106282584691E0,
-8.450872653550E0));
#11204=CARTESIAN_POINT('',(-1.132867348154E0,3.158764287179E0,
-8.573874344812E0));
#11205=CARTESIAN_POINT('',(-1.206074583788E0,3.178412118246E0,
-8.621029148808E0));
#11206=CARTESIAN_POINT('',(-1.274896755050E0,3.153153641128E0,
-8.561830699502E0));
#11207=CARTESIAN_POINT('',(-1.275865071247E0,3.106282584691E0,
-8.450872653550E0));
#11208=CARTESIAN_POINT('',(-1.133232304623E0,3.068214414757E0,
-8.532054475614E0));
#11209=CARTESIAN_POINT('',(-1.206576170792E0,3.053962648209E0,
-8.563552971101E0));
#11210=CARTESIAN_POINT('',(-1.275222695225E0,3.072284157490E0,
-8.524481654855E0));
#11211=CARTESIAN_POINT('',(-1.275865071247E0,3.106282584691E0,
-8.450872653550E0));
#11212=(BOUNDED_SURFACE()B_SPLINE_SURFACE(3,3,((#11196,#11197,#11198,#11199),(
#11200,#11201,#11202,#11203),(#11204,#11205,#11206,#11207),(#11208,#11209,
#11210,#11211)),.UNSPECIFIED.,.F.,.F.,.F.)B_SPLINE_SURFACE_WITH_KNOTS((4,4),(4,
4),(0.E0,1.E0),(0.E0,1.E0),.UNSPECIFIED.)GEOMETRIC_REPRESENTATION_ITEM()RATIONAL_B_SPLINE_SURFACE(((1.922539918692E0,1.331541981738E0,1.331541981738E0,
1.922539918692E0),(1.092000887251E0,7.563146082600E-1,7.563146082600E-1,
1.092000887251E0),(1.092000887251E0,7.563146082600E-1,7.563146082600E-1,
1.092000887251E0),(1.922539918692E0,1.331541981738E0,1.331541981738E0,
1.922539918692E0)))REPRESENTATION_ITEM('')SURFACE());
#11213=ORIENTED_EDGE('',*,*,#11189,.T.);
#11214=ORIENTED_EDGE('',*,*,#10593,.T.);
#11215=ORIENTED_EDGE('',*,*,#10637,.T.);
#11216=EDGE_LOOP('',(#11213,#11214,#11215));
#11217=FACE_OUTER_BOUND('',#11216,.F.);
#11218=ADVANCED_FACE('',(#11217),#11212,.F.);
#11219=CARTESIAN_POINT('',(1.258763564676E1,5.932142967578E-1,6.45E0));
#11220=CARTESIAN_POINT('',(1.258763564676E1,7.014544066630E-1,6.45E0));
#11221=CARTESIAN_POINT('',(1.258763564676E1,8.096945165682E-1,6.45E0));
#11222=CARTESIAN_POINT('',(1.258763564676E1,9.179346264734E-1,6.45E0));
#11223=CARTESIAN_POINT('',(1.284429592148E1,5.932142967578E-1,6.45E0));
#11224=CARTESIAN_POINT('',(1.284429592148E1,7.014544066630E-1,6.45E0));
#11225=CARTESIAN_POINT('',(1.284429592148E1,8.096945165682E-1,6.45E0));
#11226=CARTESIAN_POINT('',(1.284429592148E1,9.179346264734E-1,6.45E0));
#11227=CARTESIAN_POINT('',(1.310095619621E1,5.932142967578E-1,6.45E0));
#11228=CARTESIAN_POINT('',(1.310095619621E1,7.014544066630E-1,6.45E0));
#11229=CARTESIAN_POINT('',(1.310095619621E1,8.096945165682E-1,6.45E0));
#11230=CARTESIAN_POINT('',(1.310095619621E1,9.179346264734E-1,6.45E0));
#11231=CARTESIAN_POINT('',(1.335761647093E1,5.932142967578E-1,6.45E0));
#11232=CARTESIAN_POINT('',(1.335761647093E1,7.014544066630E-1,6.45E0));
#11233=CARTESIAN_POINT('',(1.335761647093E1,8.096945165682E-1,6.45E0));
#11234=CARTESIAN_POINT('',(1.335761647093E1,9.179346264734E-1,6.45E0));
#11235=B_SPLINE_SURFACE_WITH_KNOTS('',3,3,((#11219,#11220,#11221,#11222),
(#11223,#11224,#11225,#11226),(#11227,#11228,#11229,#11230),(#11231,#11232,
#11233,#11234)),.UNSPECIFIED.,.F.,.F.,.F.,(4,4),(4,4),(1.258763564676E1,
1.335761647093E1),(4.493214296758E0,4.817934626473E0),.UNSPECIFIED.);
#11236=ORIENTED_EDGE('',*,*,#11094,.T.);
#11237=ORIENTED_EDGE('',*,*,#11113,.T.);
#11238=ORIENTED_EDGE('',*,*,#10921,.T.);
#11240=ORIENTED_EDGE('',*,*,#11239,.F.);
#11242=ORIENTED_EDGE('',*,*,#11241,.F.);
#11243=EDGE_LOOP('',(#11236,#11237,#11238,#11240,#11242));
#11244=FACE_OUTER_BOUND('',#11243,.F.);
#11245=ADVANCED_FACE('',(#11244),#11235,.T.);
#11246=CARTESIAN_POINT('',(1.258327237901E1,6.528521462542E-1,
6.490050876646E0));
#11247=CARTESIAN_POINT('',(1.284138707632E1,6.528521462542E-1,
6.490050876646E0));
#11248=CARTESIAN_POINT('',(1.309950177362E1,6.528521462542E-1,
6.490050876646E0));
#11249=CARTESIAN_POINT('',(1.335761647093E1,6.528521462542E-1,
6.490050876646E0));
#11250=CARTESIAN_POINT('',(1.258327237901E1,5.397597126334E-1,
6.213366791847E0));
#11251=CARTESIAN_POINT('',(1.284138707632E1,5.397597126334E-1,
6.213366791847E0));
#11252=CARTESIAN_POINT('',(1.309950177362E1,5.397597126334E-1,
6.213366791847E0));
#11253=CARTESIAN_POINT('',(1.335761647093E1,5.397597126334E-1,
6.213366791847E0));
#11254=CARTESIAN_POINT('',(1.258327237901E1,4.266672790125E-1,
5.936682707047E0));
#11255=CARTESIAN_POINT('',(1.284138707632E1,4.266672790125E-1,
5.936682707047E0));
#11256=CARTESIAN_POINT('',(1.309950177362E1,4.266672790125E-1,
5.936682707047E0));
#11257=CARTESIAN_POINT('',(1.335761647093E1,4.266672790125E-1,
5.936682707047E0));
#11258=CARTESIAN_POINT('',(1.258327237901E1,3.135748453917E-1,
5.659998622248E0));
#11259=CARTESIAN_POINT('',(1.284138707632E1,3.135748453917E-1,
5.659998622248E0));
#11260=CARTESIAN_POINT('',(1.309950177362E1,3.135748453917E-1,
5.659998622248E0));
#11261=CARTESIAN_POINT('',(1.335761647093E1,3.135748453917E-1,
5.659998622248E0));
#11262=B_SPLINE_SURFACE_WITH_KNOTS('',3,3,((#11246,#11247,#11248,#11249),
(#11250,#11251,#11252,#11253),(#11254,#11255,#11256,#11257),(#11258,#11259,
#11260,#11261)),.UNSPECIFIED.,.F.,.F.,.F.,(4,4),(4,4),(-3.133346335302E-1,
5.833792739739E-1),(-3.858629274E-1,3.884811645212E-1),.UNSPECIFIED.);
#11263=ORIENTED_EDGE('',*,*,#10919,.T.);
#11264=ORIENTED_EDGE('',*,*,#10996,.T.);
#11265=ORIENTED_EDGE('',*,*,#11022,.T.);
#11267=ORIENTED_EDGE('',*,*,#11266,.F.);
#11268=ORIENTED_EDGE('',*,*,#11239,.T.);
#11269=EDGE_LOOP('',(#11263,#11264,#11265,#11267,#11268));
#11270=FACE_OUTER_BOUND('',#11269,.F.);
#11271=ADVANCED_FACE('',(#11270),#11262,.T.);
#11272=CARTESIAN_POINT('',(1.249826431233E1,9.479809488565E-1,
-8.748890106621E0));
#11273=CARTESIAN_POINT('',(1.254334413348E1,9.479809488565E-1,
-3.583254253390E0));
#11274=CARTESIAN_POINT('',(1.258842395462E1,9.479809488565E-1,
1.582381599840E0));
#11275=CARTESIAN_POINT('',(1.263350377577E1,9.479809488565E-1,
6.748017453071E0));
#11276=CARTESIAN_POINT('',(1.249826431233E1,7.197127496188E-1,
-8.748890106621E0));
#11277=CARTESIAN_POINT('',(1.254334413348E1,7.197127496188E-1,
-3.583254253390E0));
#11278=CARTESIAN_POINT('',(1.258842395462E1,7.197127496188E-1,
1.582381599840E0));
#11279=CARTESIAN_POINT('',(1.263350377577E1,7.197127496188E-1,
6.748017453071E0));
#11280=CARTESIAN_POINT('',(1.249826431233E1,4.914445503810E-1,
-8.748890106621E0));
#11281=CARTESIAN_POINT('',(1.254334413348E1,4.914445503810E-1,
-3.583254253390E0));
#11282=CARTESIAN_POINT('',(1.258842395462E1,4.914445503810E-1,
1.582381599840E0));
#11283=CARTESIAN_POINT('',(1.263350377577E1,4.914445503810E-1,
6.748017453071E0));
#11284=CARTESIAN_POINT('',(1.249826431233E1,2.631763511433E-1,
-8.748890106621E0));
#11285=CARTESIAN_POINT('',(1.254334413348E1,2.631763511433E-1,
-3.583254253390E0));
#11286=CARTESIAN_POINT('',(1.258842395462E1,2.631763511433E-1,
1.582381599840E0));
#11287=CARTESIAN_POINT('',(1.263350377577E1,2.631763511433E-1,
6.748017453071E0));
#11288=B_SPLINE_SURFACE_WITH_KNOTS('',3,3,((#11272,#11273,#11274,#11275),
(#11276,#11277,#11278,#11279),(#11280,#11281,#11282,#11283),(#11284,#11285,
#11286,#11287)),.UNSPECIFIED.,.F.,.F.,.F.,(4,4),(4,4),(3.925492184415E-1,
1.077353816155E0),(-1.988976800351E-1,1.529859997688E1),.UNSPECIFIED.);
#11289=ORIENTED_EDGE('',*,*,#11053,.T.);
#11290=ORIENTED_EDGE('',*,*,#11096,.T.);
#11291=ORIENTED_EDGE('',*,*,#11241,.T.);
#11292=ORIENTED_EDGE('',*,*,#11266,.T.);
#11293=ORIENTED_EDGE('',*,*,#11020,.T.);
#11294=EDGE_LOOP('',(#11289,#11290,#11291,#11292,#11293));
#11295=FACE_OUTER_BOUND('',#11294,.F.);
#11296=ADVANCED_FACE('',(#11295),#11288,.T.);
#11297=CARTESIAN_POINT('',(1.296488922403E1,-1.378042682789E0,
-8.412070841355E0));
#11298=CARTESIAN_POINT('',(1.303869321327E1,-1.409023122762E0,
-8.399118070101E0));
#11299=CARTESIAN_POINT('',(1.310673854310E1,-1.369195890357E0,
-8.418044649841E0));
#11300=CARTESIAN_POINT('',(1.310627283709E1,-1.295290228941E0,
-8.451396218034E0));
#11301=CARTESIAN_POINT('',(1.296361499114E1,-1.419231228166E0,
-8.503325119216E0));
#11302=CARTESIAN_POINT('',(1.303694193960E1,-1.465631624869E0,
-8.524535657280E0));
#11303=CARTESIAN_POINT('',(1.310560053425E1,-1.405981103934E0,
-8.499543233252E0));
#11304=CARTESIAN_POINT('',(1.310627283709E1,-1.295290228941E0,
-8.451396218034E0));
#11305=CARTESIAN_POINT('',(1.296263078200E1,-1.348122360222E0,
-8.573809325956E0));
#11306=CARTESIAN_POINT('',(1.303558926728E1,-1.367901383027E0,
-8.621407380455E0));
#11307=CARTESIAN_POINT('',(1.310472154367E1,-1.342474250982E0,
-8.562492205473E0));
#11308=CARTESIAN_POINT('',(1.310627283709E1,-1.295290228941E0,
-8.451396218034E0));
#11309=CARTESIAN_POINT('',(1.296321696056E1,-1.257222059007E0,
-8.531830107271E0));
#11310=CARTESIAN_POINT('',(1.303639489636E1,-1.242970292459E0,
-8.563712196815E0));
#11311=CARTESIAN_POINT('',(1.310524505581E1,-1.261291801740E0,
-8.525000846868E0));
#11312=CARTESIAN_POINT('',(1.310627283709E1,-1.295290228941E0,
-8.451396218034E0));
#11313=(BOUNDED_SURFACE()B_SPLINE_SURFACE(3,3,((#11297,#11298,#11299,#11300),(
#11301,#11302,#11303,#11304),(#11305,#11306,#11307,#11308),(#11309,#11310,
#11311,#11312)),.UNSPECIFIED.,.F.,.F.,.F.)B_SPLINE_SURFACE_WITH_KNOTS((4,4),(4,
4),(0.E0,1.E0),(0.E0,1.E0),.UNSPECIFIED.)GEOMETRIC_REPRESENTATION_ITEM()RATIONAL_B_SPLINE_SURFACE(((1.926032703630E0,1.333961067934E0,1.333961067934E0,
1.926032703630E0),(1.090836625605E0,7.555082461948E-1,7.555082461948E-1,
1.090836625605E0),(1.090836625605E0,7.555082461948E-1,7.555082461948E-1,
1.090836625605E0),(1.926032703630E0,1.333961067934E0,1.333961067934E0,
1.926032703630E0)))REPRESENTATION_ITEM('')SURFACE());
#11315=ORIENTED_EDGE('',*,*,#11314,.T.);
#11316=ORIENTED_EDGE('',*,*,#10955,.T.);
#11318=ORIENTED_EDGE('',*,*,#11317,.F.);
#11319=EDGE_LOOP('',(#11315,#11316,#11318));
#11320=FACE_OUTER_BOUND('',#11319,.F.);
#11321=ADVANCED_FACE('',(#11320),#11313,.F.);
#11322=CARTESIAN_POINT('',(1.304954995479E1,-1.295290228941E0,-8.55E0));
#11323=CARTESIAN_POINT('',(1.235760150884E1,-1.295290228941E0,-8.55E0));
#11325=CARTESIAN_POINT('',(1.304725724845E1,-1.295290228941E0,-8.45E0));
#11326=DIRECTION('',(-1.E0,0.E0,0.E0));
#11327=AXIS1_PLACEMENT('',#11325,#11326);
#11328=SURFACE_OF_REVOLUTION('',#11324,#11327);
#11330=ORIENTED_EDGE('',*,*,#11329,.F.);
#11332=ORIENTED_EDGE('',*,*,#11331,.T.);
#11333=ORIENTED_EDGE('',*,*,#10480,.T.);
#11334=ORIENTED_EDGE('',*,*,#11314,.F.);
#11335=EDGE_LOOP('',(#11330,#11332,#11333,#11334));
#11336=FACE_OUTER_BOUND('',#11335,.F.);
#11337=ADVANCED_FACE('',(#11336),#11328,.F.);
#11338=CARTESIAN_POINT('',(1.325063740284E1,-1.392772927690E0,
-8.738890487390E0));
#11339=CARTESIAN_POINT('',(1.325063740284E1,-1.436340149350E0,
-3.746581367491E0));
#11340=CARTESIAN_POINT('',(1.325063740284E1,-1.479907371009E0,
1.245727752409E0));
#11341=CARTESIAN_POINT('',(1.325063740284E1,-1.523474592669E0,
6.238036872308E0));
#11342=CARTESIAN_POINT('',(1.298629083561E1,-1.392772927690E0,
-8.738890487390E0));
#11343=CARTESIAN_POINT('',(1.298629083561E1,-1.436340149350E0,
-3.746581367491E0));
#11344=CARTESIAN_POINT('',(1.298629083561E1,-1.479907371009E0,
1.245727752409E0));
#11345=CARTESIAN_POINT('',(1.298629083561E1,-1.523474592669E0,
6.238036872308E0));
#11346=CARTESIAN_POINT('',(1.272194426838E1,-1.392772927690E0,
-8.738890487390E0));
#11347=CARTESIAN_POINT('',(1.272194426838E1,-1.436340149350E0,
-3.746581367491E0));
#11348=CARTESIAN_POINT('',(1.272194426838E1,-1.479907371009E0,
1.245727752409E0));
#11349=CARTESIAN_POINT('',(1.272194426838E1,-1.523474592669E0,
6.238036872308E0));
#11350=CARTESIAN_POINT('',(1.245759770115E1,-1.392772927690E0,
-8.738890487390E0));
#11351=CARTESIAN_POINT('',(1.245759770115E1,-1.436340149350E0,
-3.746581367491E0));
#11352=CARTESIAN_POINT('',(1.245759770115E1,-1.479907371009E0,
1.245727752409E0));
#11353=CARTESIAN_POINT('',(1.245759770115E1,-1.523474592669E0,
6.238036872308E0));
#11354=B_SPLINE_SURFACE_WITH_KNOTS('',3,3,((#11338,#11339,#11340,#11341),
(#11342,#11343,#11344,#11345),(#11346,#11347,#11348,#11349),(#11350,#11351,
#11352,#11353)),.UNSPECIFIED.,.F.,.F.,.F.,(4,4),(4,4),(5.342702459894E-1,
1.327309947687E0),(-1.888976800356E-1,1.478859997688E1),.UNSPECIFIED.);
#11356=ORIENTED_EDGE('',*,*,#11355,.T.);
#11358=ORIENTED_EDGE('',*,*,#11357,.F.);
#11360=ORIENTED_EDGE('',*,*,#11359,.F.);
#11361=ORIENTED_EDGE('',*,*,#11329,.T.);
#11362=EDGE_LOOP('',(#11356,#11358,#11360,#11361));
#11363=FACE_OUTER_BOUND('',#11362,.F.);
#11364=ADVANCED_FACE('',(#11363),#11354,.T.);
#11365=CARTESIAN_POINT('',(1.331138203410E1,-1.423478400363E0,
6.237513307819E0));
#11366=CARTESIAN_POINT('',(1.310225108813E1,-1.292776735388E0,
-8.739414051874E0));
#11368=CARTESIAN_POINT('',(1.321139178158E1,-1.423478400375E0,
6.238909525860E0));
#11369=DIRECTION('',(-1.396164880995E-2,8.725684934971E-3,-9.998644582067E-1));
#11370=AXIS1_PLACEMENT('',#11368,#11369);
#11371=SURFACE_OF_REVOLUTION('',#11367,#11370);
#11372=ORIENTED_EDGE('',*,*,#11355,.F.);
#11373=ORIENTED_EDGE('',*,*,#11317,.T.);
#11374=ORIENTED_EDGE('',*,*,#10939,.F.);
#11376=ORIENTED_EDGE('',*,*,#11375,.F.);
#11377=EDGE_LOOP('',(#11372,#11373,#11374,#11376));
#11378=FACE_OUTER_BOUND('',#11377,.F.);
#11379=ADVANCED_FACE('',(#11378),#11371,.F.);
#11380=CARTESIAN_POINT('',(1.335761647093E1,-1.741694846254E0,
6.490050876646E0));
#11381=CARTESIAN_POINT('',(1.309950177362E1,-1.741694846254E0,
6.490050876646E0));
#11382=CARTESIAN_POINT('',(1.284138707632E1,-1.741694846254E0,
6.490050876646E0));
#11383=CARTESIAN_POINT('',(1.258327237901E1,-1.741694846254E0,
6.490050876646E0));
#11384=CARTESIAN_POINT('',(1.335761647093E1,-1.628602412635E0,
6.213366791851E0));
#11385=CARTESIAN_POINT('',(1.309950177362E1,-1.628602412635E0,
6.213366791851E0));
#11386=CARTESIAN_POINT('',(1.284138707632E1,-1.628602412635E0,
6.213366791851E0));
#11387=CARTESIAN_POINT('',(1.258327237901E1,-1.628602412635E0,
6.213366791851E0));
#11388=CARTESIAN_POINT('',(1.335761647093E1,-1.515509979016E0,
5.936682707056E0));
#11389=CARTESIAN_POINT('',(1.309950177362E1,-1.515509979016E0,
5.936682707056E0));
#11390=CARTESIAN_POINT('',(1.284138707632E1,-1.515509979016E0,
5.936682707056E0));
#11391=CARTESIAN_POINT('',(1.258327237901E1,-1.515509979016E0,
5.936682707056E0));
#11392=CARTESIAN_POINT('',(1.335761647093E1,-1.402417545397E0,
5.659998622260E0));
#11393=CARTESIAN_POINT('',(1.309950177362E1,-1.402417545397E0,
5.659998622260E0));
#11394=CARTESIAN_POINT('',(1.284138707632E1,-1.402417545397E0,
5.659998622260E0));
#11395=CARTESIAN_POINT('',(1.258327237901E1,-1.402417545397E0,
5.659998622260E0));
#11396=B_SPLINE_SURFACE_WITH_KNOTS('',3,3,((#11380,#11381,#11382,#11383),
(#11384,#11385,#11386,#11387),(#11388,#11389,#11390,#11391),(#11392,#11393,
#11394,#11395)),.UNSPECIFIED.,.F.,.F.,.F.,(4,4),(4,4),(-3.133346335308E-1,
5.833792739612E-1),(-3.884811645223E-1,3.858629274023E-1),.UNSPECIFIED.);
#11397=ORIENTED_EDGE('',*,*,#11357,.T.);
#11398=ORIENTED_EDGE('',*,*,#11375,.T.);
#11399=ORIENTED_EDGE('',*,*,#10937,.T.);
#11401=ORIENTED_EDGE('',*,*,#11400,.F.);
#11403=ORIENTED_EDGE('',*,*,#11402,.F.);
#11404=EDGE_LOOP('',(#11397,#11398,#11399,#11401,#11403));
#11405=FACE_OUTER_BOUND('',#11404,.F.);
#11406=ADVANCED_FACE('',(#11405),#11396,.T.);
#11407=CARTESIAN_POINT('',(1.258763564676E1,-2.006777326474E0,6.45E0));
#11408=CARTESIAN_POINT('',(1.258763564676E1,-1.898537216568E0,6.45E0));
#11409=CARTESIAN_POINT('',(1.258763564676E1,-1.790297106663E0,6.45E0));
#11410=CARTESIAN_POINT('',(1.258763564676E1,-1.682056996757E0,6.45E0));
#11411=CARTESIAN_POINT('',(1.284429592148E1,-2.006777326474E0,6.45E0));
#11412=CARTESIAN_POINT('',(1.284429592148E1,-1.898537216568E0,6.45E0));
#11413=CARTESIAN_POINT('',(1.284429592148E1,-1.790297106663E0,6.45E0));
#11414=CARTESIAN_POINT('',(1.284429592148E1,-1.682056996757E0,6.45E0));
#11415=CARTESIAN_POINT('',(1.310095619621E1,-2.006777326474E0,6.45E0));
#11416=CARTESIAN_POINT('',(1.310095619621E1,-1.898537216568E0,6.45E0));
#11417=CARTESIAN_POINT('',(1.310095619621E1,-1.790297106663E0,6.45E0));
#11418=CARTESIAN_POINT('',(1.310095619621E1,-1.682056996757E0,6.45E0));
#11419=CARTESIAN_POINT('',(1.335761647093E1,-2.006777326474E0,6.45E0));
#11420=CARTESIAN_POINT('',(1.335761647093E1,-1.898537216568E0,6.45E0));
#11421=CARTESIAN_POINT('',(1.335761647093E1,-1.790297106663E0,6.45E0));
#11422=CARTESIAN_POINT('',(1.335761647093E1,-1.682056996757E0,6.45E0));
#11423=B_SPLINE_SURFACE_WITH_KNOTS('',3,3,((#11407,#11408,#11409,#11410),
(#11411,#11412,#11413,#11414),(#11415,#11416,#11417,#11418),(#11419,#11420,
#11421,#11422)),.UNSPECIFIED.,.F.,.F.,.F.,(4,4),(4,4),(1.258763564676E1,
1.335761647093E1),(1.893222673526E0,2.217943003243E0),.UNSPECIFIED.);
#11424=ORIENTED_EDGE('',*,*,#10935,.T.);
#11426=ORIENTED_EDGE('',*,*,#11425,.F.);
#11428=ORIENTED_EDGE('',*,*,#11427,.F.);
#11430=ORIENTED_EDGE('',*,*,#11429,.F.);
#11431=ORIENTED_EDGE('',*,*,#11400,.T.);
#11432=EDGE_LOOP('',(#11424,#11426,#11428,#11430,#11431));
#11433=FACE_OUTER_BOUND('',#11432,.F.);
#11434=ADVANCED_FACE('',(#11433),#11423,.T.);
#11435=CARTESIAN_POINT('',(1.310211124037E1,-2.096153366001E0,
-8.749429258505E0));
#11436=CARTESIAN_POINT('',(1.331851426949E1,-1.960906829050E0,
6.748288845993E0));
#11438=CARTESIAN_POINT('',(1.300212098807E1,-2.096153366012E0,
-8.748033040472E0));
#11439=DIRECTION('',(1.396164880995E-2,8.725684934971E-3,9.998644582067E-1));
#11440=AXIS1_PLACEMENT('',#11438,#11439);
#11441=SURFACE_OF_REVOLUTION('',#11437,#11440);
#11442=ORIENTED_EDGE('',*,*,#10933,.F.);
#11444=ORIENTED_EDGE('',*,*,#11443,.F.);
#11446=ORIENTED_EDGE('',*,*,#11445,.F.);
#11447=ORIENTED_EDGE('',*,*,#11425,.T.);
#11448=EDGE_LOOP('',(#11442,#11444,#11446,#11447));
#11449=FACE_OUTER_BOUND('',#11448,.F.);
#11450=ADVANCED_FACE('',(#11449),#11441,.F.);
#11451=CARTESIAN_POINT('',(1.296806321988E1,-2.010805270920E0,
-8.408863872053E0));
#11452=CARTESIAN_POINT('',(1.295416412989E1,-1.980712913638E0,
-8.482309596100E0));
#11453=CARTESIAN_POINT('',(1.297249454804E1,-2.020399360195E0,-8.55E0));
#11454=CARTESIAN_POINT('',(1.300628258469E1,-2.093552471060E0,-8.55E0));
#11455=CARTESIAN_POINT('',(1.305991279915E1,-1.968381689557E0,
-8.408863872053E0));
#11456=CARTESIAN_POINT('',(1.307941629379E1,-1.922861310959E0,
-8.482309596099E0));
#11457=CARTESIAN_POINT('',(1.305369466651E1,-1.982894563108E0,-8.55E0));
#11458=CARTESIAN_POINT('',(1.300628258469E1,-2.093552471060E0,-8.55E0));
#11459=CARTESIAN_POINT('',(1.313145336619E1,-2.039922256605E0,
-8.408863872053E0));
#11460=CARTESIAN_POINT('',(1.317697374479E1,-2.020418761963E0,
-8.482309596100E0));
#11461=CARTESIAN_POINT('',(1.311694049264E1,-2.046140389236E0,-8.55E0));
#11462=CARTESIAN_POINT('',(1.300628258469E1,-2.093552471060E0,-8.55E0));
#11463=CARTESIAN_POINT('',(1.308902978483E1,-2.131771835871E0,
-8.408863872053E0));
#11464=CARTESIAN_POINT('',(1.311912214211E1,-2.145670925859E0,
-8.482309596100E0));
#11465=CARTESIAN_POINT('',(1.307943569555E1,-2.127340507712E0,-8.55E0));
#11466=CARTESIAN_POINT('',(1.300628258469E1,-2.093552471060E0,-8.55E0));
#11467=(BOUNDED_SURFACE()B_SPLINE_SURFACE(3,3,((#11451,#11452,#11453,#11454),(
#11455,#11456,#11457,#11458),(#11459,#11460,#11461,#11462),(#11463,#11464,
#11465,#11466)),.UNSPECIFIED.,.F.,.F.,.F.)B_SPLINE_SURFACE_WITH_KNOTS((4,4),(4,
4),(0.E0,1.E0),(0.E0,1.E0),.UNSPECIFIED.)GEOMETRIC_REPRESENTATION_ITEM()RATIONAL_B_SPLINE_SURFACE(((1.927378306794E0,1.339543448973E0,1.339543448973E0,
1.927378306794E0),(1.086322267932E0,7.550027269437E-1,7.550027269437E-1,
1.086322267932E0),(1.086322267932E0,7.550027269437E-1,7.550027269437E-1,
1.086322267932E0),(1.927378306794E0,1.339543448973E0,1.339543448973E0,
1.927378306794E0)))REPRESENTATION_ITEM('')SURFACE());
#11469=ORIENTED_EDGE('',*,*,#11468,.F.);
#11471=ORIENTED_EDGE('',*,*,#11470,.F.);
#11472=ORIENTED_EDGE('',*,*,#11443,.T.);
#11473=EDGE_LOOP('',(#11469,#11471,#11472));
#11474=FACE_OUTER_BOUND('',#11473,.F.);
#11475=ADVANCED_FACE('',(#11474),#11467,.F.);
#11476=CARTESIAN_POINT('',(1.310627283709E1,-3.149549954795E0,
-8.451396218034E0));
#11477=CARTESIAN_POINT('',(1.310627283709E1,-2.050285100956E0,
-8.451396218034E0));
#11479=CARTESIAN_POINT('',(1.300628258469E1,-3.147257248450E0,-8.45E0));
#11480=DIRECTION('',(0.E0,1.E0,0.E0));
#11481=AXIS1_PLACEMENT('',#11479,#11480);
#11482=SURFACE_OF_REVOLUTION('',#11478,#11481);
#11483=ORIENTED_EDGE('',*,*,#10486,.T.);
#11484=ORIENTED_EDGE('',*,*,#11468,.T.);
#11485=ORIENTED_EDGE('',*,*,#10931,.T.);
#11487=ORIENTED_EDGE('',*,*,#11486,.F.);
#11488=EDGE_LOOP('',(#11483,#11484,#11485,#11487));
#11489=FACE_OUTER_BOUND('',#11488,.F.);
#11490=ADVANCED_FACE('',(#11489),#11482,.F.);
#11491=CARTESIAN_POINT('',(1.296488982152E1,-3.189232234808E0,
-8.412503404124E0));
#11492=CARTESIAN_POINT('',(1.303869008421E1,-3.220278889380E0,
-8.399715905673E0));
#11493=CARTESIAN_POINT('',(1.310673310993E1,-3.180357933148E0,
-8.418433746190E0));
#11494=CARTESIAN_POINT('',(1.310627283709E1,-3.106282584691E0,
-8.451396218034E0));
#11495=CARTESIAN_POINT('',(1.296361747537E1,-3.229786864395E0,
-8.503622562482E0));
#11496=CARTESIAN_POINT('',(1.303694152037E1,-3.276012432613E0,
-8.524939427707E0));
#11497=CARTESIAN_POINT('',(1.310559688472E1,-3.216573858277E0,
-8.499804594613E0));
#11498=CARTESIAN_POINT('',(1.310627283709E1,-3.106282584691E0,
-8.451396218034E0));
#11499=CARTESIAN_POINT('',(1.296263961916E1,-3.158766113800E0,
-8.573651803857E0));
#11500=CARTESIAN_POINT('',(1.303559766907E1,-3.178409813281E0,
-8.621179432646E0));
#11501=CARTESIAN_POINT('',(1.310472364366E1,-3.153151205613E0,
-8.562341813874E0));
#11502=CARTESIAN_POINT('',(1.310627283709E1,-3.106282584691E0,
-8.451396218034E0));
#11503=CARTESIAN_POINT('',(1.296322355802E1,-3.068213129580E0,
-8.531832981186E0));
#11504=CARTESIAN_POINT('',(1.303640016640E1,-3.053964374812E0,
-8.563708530187E0));
#11505=CARTESIAN_POINT('',(1.310524511030E1,-3.072285959643E0,
-8.524996944342E0));
#11506=CARTESIAN_POINT('',(1.310627283709E1,-3.106282584691E0,
-8.451396218034E0));
#11507=(BOUNDED_SURFACE()B_SPLINE_SURFACE(3,3,((#11491,#11492,#11493,#11494),(
#11495,#11496,#11497,#11498),(#11499,#11500,#11501,#11502),(#11503,#11504,
#11505,#11506)),.UNSPECIFIED.,.F.,.F.,.F.)B_SPLINE_SURFACE_WITH_KNOTS((4,4),(4,
4),(0.E0,1.E0),(0.E0,1.E0),.UNSPECIFIED.)GEOMETRIC_REPRESENTATION_ITEM()RATIONAL_B_SPLINE_SURFACE(((1.922502013454E0,1.331555189836E0,1.331555189836E0,
1.922502013454E0),(1.091978853694E0,7.563217617729E-1,7.563217617729E-1,
1.091978853694E0),(1.091978853694E0,7.563217617729E-1,7.563217617729E-1,
1.091978853694E0),(1.922502013454E0,1.331555189836E0,1.331555189836E0,
1.922502013454E0)))REPRESENTATION_ITEM('')SURFACE());
#11508=ORIENTED_EDGE('',*,*,#11486,.T.);
#11510=ORIENTED_EDGE('',*,*,#11509,.F.);
#11512=ORIENTED_EDGE('',*,*,#11511,.T.);
#11513=EDGE_LOOP('',(#11508,#11510,#11512));
#11514=FACE_OUTER_BOUND('',#11513,.F.);
#11515=ADVANCED_FACE('',(#11514),#11507,.F.);
#11516=CARTESIAN_POINT('',(1.334771662444E1,-3.347726372041E0,
8.839617542991E0));
#11517=CARTESIAN_POINT('',(1.310153864518E1,-3.101548392783E0,
-8.790435703544E0));
#11519=CARTESIAN_POINT('',(1.324772637139E1,-3.347726371463E0,
8.841013719497E0));
#11520=DIRECTION('',(-1.396081962997E-2,1.396081962697E-2,-9.998050765177E-1));
#11521=AXIS1_PLACEMENT('',#11519,#11520);
#11522=SURFACE_OF_REVOLUTION('',#11518,#11521);
#11524=ORIENTED_EDGE('',*,*,#11523,.F.);
#11525=ORIENTED_EDGE('',*,*,#11509,.T.);
#11526=ORIENTED_EDGE('',*,*,#10929,.F.);
#11527=ORIENTED_EDGE('',*,*,#9855,.T.);
#11528=EDGE_LOOP('',(#11524,#11525,#11526,#11527));
#11529=FACE_OUTER_BOUND('',#11528,.F.);
#11530=ADVANCED_FACE('',(#11529),#11522,.F.);
#11531=CARTESIAN_POINT('',(1.377270642334E1,-3.201538806570E0,
-8.790424145759E0));
#11532=CARTESIAN_POINT('',(1.377270642334E1,-3.283595334868E0,
-2.913940117969E0));
#11533=CARTESIAN_POINT('',(1.377270642334E1,-3.365651863166E0,
2.962543909821E0));
#11534=CARTESIAN_POINT('',(1.377270642334E1,-3.447708391463E0,
8.839027937611E0));
#11535=CARTESIAN_POINT('',(4.590901866384E0,-3.201538806570E0,
-8.790424145759E0));
#11536=CARTESIAN_POINT('',(4.590901866384E0,-3.283595334868E0,
-2.913940117969E0));
#11537=CARTESIAN_POINT('',(4.590901866384E0,-3.365651863166E0,
2.962543909821E0));
#11538=CARTESIAN_POINT('',(4.590901866384E0,-3.447708391463E0,
8.839027937611E0));
#11539=CARTESIAN_POINT('',(-4.590902690570E0,-3.201538806570E0,
-8.790424145759E0));
#11540=CARTESIAN_POINT('',(-4.590902690570E0,-3.283595334868E0,
-2.913940117969E0));
#11541=CARTESIAN_POINT('',(-4.590902690570E0,-3.365651863166E0,
2.962543909821E0));
#11542=CARTESIAN_POINT('',(-4.590902690570E0,-3.447708391463E0,
8.839027937611E0));
#11543=CARTESIAN_POINT('',(-1.377270724752E1,-3.201538806570E0,
-8.790424145759E0));
#11544=CARTESIAN_POINT('',(-1.377270724752E1,-3.283595334868E0,
-2.913940117969E0));
#11545=CARTESIAN_POINT('',(-1.377270724752E1,-3.365651863166E0,
2.962543909821E0));
#11546=CARTESIAN_POINT('',(-1.377270724752E1,-3.447708391463E0,
8.839027937611E0));
#11547=B_SPLINE_SURFACE_WITH_KNOTS('',3,3,((#11531,#11532,#11533,#11534),
(#11535,#11536,#11537,#11538),(#11539,#11540,#11541,#11542),(#11543,#11544,
#11545,#11546)),.UNSPECIFIED.,.F.,.F.,.F.,(4,4),(4,4),(-2.800765794064E1,
-4.622442697809E-1),(-1.779844204768E1,-1.672713484820E-1),.UNSPECIFIED.);
#11548=ORIENTED_EDGE('',*,*,#11523,.T.);
#11549=ORIENTED_EDGE('',*,*,#9853,.T.);
#11550=ORIENTED_EDGE('',*,*,#10010,.T.);
#11552=ORIENTED_EDGE('',*,*,#11551,.F.);
#11554=ORIENTED_EDGE('',*,*,#11553,.T.);
#11556=ORIENTED_EDGE('',*,*,#11555,.F.);
#11558=ORIENTED_EDGE('',*,*,#11557,.T.);
#11560=ORIENTED_EDGE('',*,*,#11559,.F.);
#11561=EDGE_LOOP('',(#11548,#11549,#11550,#11552,#11554,#11556,#11558,#11560));
#11562=FACE_OUTER_BOUND('',#11561,.F.);
#11563=ADVANCED_FACE('',(#11562),#11547,.T.);
#11564=CARTESIAN_POINT('',(-1.322991520554E1,-3.206272837092E0,
-8.451396218034E0));
#11565=CARTESIAN_POINT('',(-1.601018921116E0,-3.206272837092E0,
-8.451396218034E0));
#11567=CARTESIAN_POINT('',(-1.322991520554E1,-3.106282584691E0,-8.45E0));
#11568=DIRECTION('',(1.E0,0.E0,0.E0));
#11569=AXIS1_PLACEMENT('',#11567,#11568);
#11570=SURFACE_OF_REVOLUTION('',#11566,#11569);
#11571=ORIENTED_EDGE('',*,*,#11551,.T.);
#11572=ORIENTED_EDGE('',*,*,#10035,.T.);
#11573=ORIENTED_EDGE('',*,*,#10496,.T.);
#11575=ORIENTED_EDGE('',*,*,#11574,.F.);
#11576=EDGE_LOOP('',(#11571,#11572,#11573,#11575));
#11577=FACE_OUTER_BOUND('',#11576,.F.);
#11578=ADVANCED_FACE('',(#11577),#11570,.F.);
#11579=CARTESIAN_POINT('',(-1.742100485840E0,-3.068155201267E0,
-8.408387192296E0));
#11580=CARTESIAN_POINT('',(-1.711543347873E0,-3.054041950993E0,
-8.481937271824E0));
#11581=CARTESIAN_POINT('',(-1.751219491473E0,-3.072366944164E0,-8.55E0));
#11582=CARTESIAN_POINT('',(-1.824651541970E0,-3.106282584691E0,-8.55E0));
#11583=CARTESIAN_POINT('',(-1.699779869750E0,-3.159785185823E0,
-8.408387192296E0));
#11584=CARTESIAN_POINT('',(-1.653557312524E0,-3.179589733953E0,
-8.481937271824E0));
#11585=CARTESIAN_POINT('',(-1.713573823891E0,-3.153875018903E0,-8.55E0));
#11586=CARTESIAN_POINT('',(-1.824651541970E0,-3.106282584691E0,-8.55E0));
#11587=CARTESIAN_POINT('',(-1.771148940838E0,-3.231154256911E0,
-8.408387192296E0));
#11588=CARTESIAN_POINT('',(-1.751344392708E0,-3.277376814137E0,
-8.481937271824E0));
#11589=CARTESIAN_POINT('',(-1.777059107758E0,-3.217360302770E0,-8.55E0));
#11590=CARTESIAN_POINT('',(-1.824651541970E0,-3.106282584691E0,-8.55E0));
#11591=CARTESIAN_POINT('',(-1.862778925394E0,-3.188833640821E0,
-8.408387192296E0));
#11592=CARTESIAN_POINT('',(-1.876892175668E0,-3.219390778788E0,
-8.481937271824E0));
#11593=CARTESIAN_POINT('',(-1.858567182497E0,-3.179714635188E0,-8.55E0));
#11594=CARTESIAN_POINT('',(-1.824651541970E0,-3.106282584691E0,-8.55E0));
#11595=(BOUNDED_SURFACE()B_SPLINE_SURFACE(3,3,((#11579,#11580,#11581,#11582),(
#11583,#11584,#11585,#11586),(#11587,#11588,#11589,#11590),(#11591,#11592,
#11593,#11594)),.UNSPECIFIED.,.F.,.F.,.F.)B_SPLINE_SURFACE_WITH_KNOTS((4,4),(4,
4),(0.E0,1.E0),(0.E0,1.E0),.UNSPECIFIED.)GEOMETRIC_REPRESENTATION_ITEM()RATIONAL_B_SPLINE_SURFACE(((1.930113889973E0,1.338612455846E0,1.338612455846E0,
1.930113889973E0),(1.087880827806E0,7.544895843413E-1,7.544895843413E-1,
1.087880827806E0),(1.087880827806E0,7.544895843413E-1,7.544895843413E-1,
1.087880827806E0),(1.930113889973E0,1.338612455846E0,1.338612455846E0,
1.930113889973E0)))REPRESENTATION_ITEM('')SURFACE());
#11596=ORIENTED_EDGE('',*,*,#11574,.T.);
#11598=ORIENTED_EDGE('',*,*,#11597,.F.);
#11600=ORIENTED_EDGE('',*,*,#11599,.T.);
#11601=EDGE_LOOP('',(#11596,#11598,#11600));
#11602=FACE_OUTER_BOUND('',#11601,.F.);
#11603=ADVANCED_FACE('',(#11602),#11595,.F.);
#11604=CARTESIAN_POINT('',(-1.824651541970E0,-2.258462903584E0,-8.55E0));
#11605=CARTESIAN_POINT('',(-1.824651541970E0,-3.149549954795E0,-8.55E0));
#11607=CARTESIAN_POINT('',(-1.824651541970E0,-2.260755609929E0,-8.45E0));
#11608=DIRECTION('',(0.E0,-1.E0,0.E0));
#11609=AXIS1_PLACEMENT('',#11607,#11608);
#11610=SURFACE_OF_REVOLUTION('',#11606,#11609);
#11611=ORIENTED_EDGE('',*,*,#10494,.T.);
#11613=ORIENTED_EDGE('',*,*,#11612,.F.);
#11615=ORIENTED_EDGE('',*,*,#11614,.F.);
#11616=ORIENTED_EDGE('',*,*,#11597,.T.);
#11617=EDGE_LOOP('',(#11611,#11613,#11615,#11616));
#11618=FACE_OUTER_BOUND('',#11617,.F.);
#11619=ADVANCED_FACE('',(#11618),#11610,.F.);
#11620=CARTESIAN_POINT('',(-1.132081087926E0,-2.301730273688E0,-8.55E0));
#11621=CARTESIAN_POINT('',(-1.867918912074E0,-2.301730273688E0,-8.55E0));
#11623=CARTESIAN_POINT('',(-1.134373794271E0,-2.301730273688E0,-8.45E0));
#11624=DIRECTION('',(-1.E0,0.E0,0.E0));
#11625=AXIS1_PLACEMENT('',#11623,#11624);
#11626=SURFACE_OF_REVOLUTION('',#11622,#11625);
#11627=ORIENTED_EDGE('',*,*,#10492,.T.);
#11629=ORIENTED_EDGE('',*,*,#11628,.F.);
#11631=ORIENTED_EDGE('',*,*,#11630,.F.);
#11632=ORIENTED_EDGE('',*,*,#11612,.T.);
#11633=EDGE_LOOP('',(#11627,#11629,#11631,#11632));
#11634=FACE_OUTER_BOUND('',#11633,.F.);
#11635=ADVANCED_FACE('',(#11634),#11626,.F.);
#11636=CARTESIAN_POINT('',(-1.175348458030E0,-3.149549954795E0,-8.55E0));
#11637=CARTESIAN_POINT('',(-1.175348458030E0,-2.258462903584E0,-8.55E0));
#11639=CARTESIAN_POINT('',(-1.175348458030E0,-3.147257248450E0,-8.45E0));
#11640=DIRECTION('',(0.E0,1.E0,0.E0));
#11641=AXIS1_PLACEMENT('',#11639,#11640);
#11642=SURFACE_OF_REVOLUTION('',#11638,#11641);
#11644=ORIENTED_EDGE('',*,*,#11643,.F.);
#11645=ORIENTED_EDGE('',*,*,#11628,.T.);
#11646=ORIENTED_EDGE('',*,*,#10490,.T.);
#11648=ORIENTED_EDGE('',*,*,#11647,.F.);
#11649=EDGE_LOOP('',(#11644,#11645,#11646,#11648));
#11650=FACE_OUTER_BOUND('',#11649,.F.);
#11651=ADVANCED_FACE('',(#11650),#11642,.F.);
#11652=CARTESIAN_POINT('',(-1.274306438903E0,-3.357611596573E0,
-8.748689811457E0));
#11653=CARTESIAN_POINT('',(-1.292337745234E0,-3.357611596573E0,
-3.583122032399E0));
#11654=CARTESIAN_POINT('',(-1.310369051565E0,-3.357611596573E0,
1.582445746658E0));
#11655=CARTESIAN_POINT('',(-1.328400357897E0,-3.357611596573E0,
6.748013525715E0));
#11656=CARTESIAN_POINT('',(-1.274306438903E0,-3.024562816296E0,
-8.748689811457E0));
#11657=CARTESIAN_POINT('',(-1.292337745234E0,-3.024562816296E0,
-3.583122032399E0));
#11658=CARTESIAN_POINT('',(-1.310369051565E0,-3.024562816296E0,
1.582445746658E0));
#11659=CARTESIAN_POINT('',(-1.328400357897E0,-3.024562816296E0,
6.748013525715E0));
#11660=CARTESIAN_POINT('',(-1.274306438903E0,-2.691514036019E0,
-8.748689811457E0));
#11661=CARTESIAN_POINT('',(-1.292337745234E0,-2.691514036019E0,
-3.583122032399E0));
#11662=CARTESIAN_POINT('',(-1.310369051565E0,-2.691514036019E0,
1.582445746658E0));
#11663=CARTESIAN_POINT('',(-1.328400357897E0,-2.691514036019E0,
6.748013525715E0));
#11664=CARTESIAN_POINT('',(-1.274306438903E0,-2.358465255742E0,
-8.748689811457E0));
#11665=CARTESIAN_POINT('',(-1.292337745234E0,-2.358465255742E0,
-3.583122032399E0));
#11666=CARTESIAN_POINT('',(-1.310369051565E0,-2.358465255742E0,
1.582445746658E0));
#11667=CARTESIAN_POINT('',(-1.328400357897E0,-2.358465255742E0,
6.748013525715E0));
#11668=B_SPLINE_SURFACE_WITH_KNOTS('',3,3,((#11652,#11653,#11654,#11655),
(#11656,#11657,#11658,#11659),(#11660,#11661,#11662,#11663),(#11664,#11665,
#11666,#11667)),.UNSPECIFIED.,.F.,.F.,.F.,(4,4),(4,4),(4.916890215583E-1,
1.490835362389E0),(-1.986910219502E-1,1.529810672702E1),.UNSPECIFIED.);
#11670=ORIENTED_EDGE('',*,*,#11669,.T.);
#11672=ORIENTED_EDGE('',*,*,#11671,.F.);
#11674=ORIENTED_EDGE('',*,*,#11673,.T.);
#11676=ORIENTED_EDGE('',*,*,#11675,.F.);
#11677=ORIENTED_EDGE('',*,*,#11643,.T.);
#11678=EDGE_LOOP('',(#11670,#11672,#11674,#11676,#11677));
#11679=FACE_OUTER_BOUND('',#11678,.F.);
#11680=ADVANCED_FACE('',(#11679),#11668,.T.);
#11681=CARTESIAN_POINT('',(-1.274307527622E0,-3.102121046454E0,
-8.748377917749E0));
#11682=CARTESIAN_POINT('',(-1.328404228677E0,-3.318521034745E0,
6.749122417853E0));
#11684=CARTESIAN_POINT('',(-1.174308136824E0,-3.102121046284E0,
-8.748028864145E0));
#11685=DIRECTION('',(-3.490311164995E-3,-1.396209529298E-2,9.998964334485E-1));
#11686=AXIS1_PLACEMENT('',#11684,#11685);
#11687=SURFACE_OF_REVOLUTION('',#11683,#11686);
#11688=ORIENTED_EDGE('',*,*,#11669,.F.);
#11690=ORIENTED_EDGE('',*,*,#11689,.F.);
#11691=ORIENTED_EDGE('',*,*,#11557,.F.);
#11693=ORIENTED_EDGE('',*,*,#11692,.F.);
#11694=EDGE_LOOP('',(#11688,#11690,#11691,#11693));
#11695=FACE_OUTER_BOUND('',#11694,.F.);
#11696=ADVANCED_FACE('',(#11695),#11687,.F.);
#11697=CARTESIAN_POINT('',(-1.257901472172E0,-3.064888641065E0,
-8.411639326294E0));
#11698=CARTESIAN_POINT('',(-1.288814789360E0,-3.138696345637E0,
-8.398521609565E0));
#11699=CARTESIAN_POINT('',(-1.249082371199E0,-3.206743963962E0,
-8.417656434185E0));
#11700=CARTESIAN_POINT('',(-1.175348458030E0,-3.206272837092E0,
-8.451396218034E0));
#11701=CARTESIAN_POINT('',(-1.299727212448E0,-3.063612556277E0,
-8.503026227813E0));
#11702=CARTESIAN_POINT('',(-1.346302857526E0,-3.136942410171E0,
-8.524129820906E0));
#11703=CARTESIAN_POINT('',(-1.286439886655E0,-3.205604202733E0,
-8.499280514559E0));
#11704=CARTESIAN_POINT('',(-1.175348458030E0,-3.206272837092E0,
-8.451396218034E0));
#11705=CARTESIAN_POINT('',(-1.228530836548E0,-3.062621963171E0,
-8.573967622608E0));
#11706=CARTESIAN_POINT('',(-1.248445842112E0,-3.135580873384E0,
-8.621636373398E0));
#11707=CARTESIAN_POINT('',(-1.222849387227E0,-3.204719434237E0,
-8.562643272398E0));
#11708=CARTESIAN_POINT('',(-1.175348458030E0,-3.206272837092E0,
-8.451396218034E0));
#11709=CARTESIAN_POINT('',(-1.137281567685E0,-3.063210392075E0,
-8.531827245357E0));
#11710=CARTESIAN_POINT('',(-1.123026802213E0,-3.136389649050E0,
-8.563715847331E0));
#11711=CARTESIAN_POINT('',(-1.141348236276E0,-3.205245001549E0,
-8.525004732492E0));
#11712=CARTESIAN_POINT('',(-1.175348458030E0,-3.206272837092E0,
-8.451396218034E0));
#11713=(BOUNDED_SURFACE()B_SPLINE_SURFACE(3,3,((#11697,#11698,#11699,#11700),(
#11701,#11702,#11703,#11704),(#11705,#11706,#11707,#11708),(#11709,#11710,
#11711,#11712)),.UNSPECIFIED.,.F.,.F.,.F.)B_SPLINE_SURFACE_WITH_KNOTS((4,4),(4,
4),(0.E0,1.E0),(0.E0,1.E0),.UNSPECIFIED.)GEOMETRIC_REPRESENTATION_ITEM()RATIONAL_B_SPLINE_SURFACE(((1.929579512150E0,1.336378135922E0,1.336378135922E0,
1.929579512150E0),(1.089688875841E0,7.546910502844E-1,7.546910502844E-1,
1.089688875841E0),(1.089688875841E0,7.546910502844E-1,7.546910502844E-1,
1.089688875841E0),(1.929579512150E0,1.336378135922E0,1.336378135922E0,
1.929579512150E0)))REPRESENTATION_ITEM('')SURFACE());
#11714=ORIENTED_EDGE('',*,*,#11647,.T.);
#11716=ORIENTED_EDGE('',*,*,#11715,.F.);
#11717=ORIENTED_EDGE('',*,*,#11689,.T.);
#11718=EDGE_LOOP('',(#11714,#11716,#11717));
#11719=FACE_OUTER_BOUND('',#11718,.F.);
#11720=ADVANCED_FACE('',(#11719),#11713,.F.);
#11721=CARTESIAN_POINT('',(-1.458981078884E0,-3.206272837092E0,
-8.451396218034E0));
#11722=CARTESIAN_POINT('',(1.328991520554E1,-3.206272837092E0,
-8.451396218034E0));
#11724=CARTESIAN_POINT('',(-1.458981078884E0,-3.106282584691E0,-8.45E0));
#11725=DIRECTION('',(1.E0,0.E0,0.E0));
#11726=AXIS1_PLACEMENT('',#11724,#11725);
#11727=SURFACE_OF_REVOLUTION('',#11723,#11726);
#11728=ORIENTED_EDGE('',*,*,#10488,.T.);
#11729=ORIENTED_EDGE('',*,*,#11511,.F.);
#11730=ORIENTED_EDGE('',*,*,#11559,.T.);
#11731=ORIENTED_EDGE('',*,*,#11715,.T.);
#11732=EDGE_LOOP('',(#11728,#11729,#11730,#11731));
#11733=FACE_OUTER_BOUND('',#11732,.F.);
#11734=ADVANCED_FACE('',(#11733),#11727,.F.);
#11735=CARTESIAN_POINT('',(-1.815903015386E0,-3.218558603819E0,6.45E0));
#11736=CARTESIAN_POINT('',(-1.605301005129E0,-3.218558603819E0,6.45E0));
#11737=CARTESIAN_POINT('',(-1.394698994871E0,-3.218558603819E0,6.45E0));
#11738=CARTESIAN_POINT('',(-1.184096984614E0,-3.218558603819E0,6.45E0));
#11739=CARTESIAN_POINT('',(-1.815903015386E0,-3.298244559525E0,6.45E0));
#11740=CARTESIAN_POINT('',(-1.605301005129E0,-3.298244559525E0,6.45E0));
#11741=CARTESIAN_POINT('',(-1.394698994871E0,-3.298244559525E0,6.45E0));
#11742=CARTESIAN_POINT('',(-1.184096984614E0,-3.298244559525E0,6.45E0));
#11743=CARTESIAN_POINT('',(-1.815903015386E0,-3.377930515231E0,6.45E0));
#11744=CARTESIAN_POINT('',(-1.605301005129E0,-3.377930515231E0,6.45E0));
#11745=CARTESIAN_POINT('',(-1.394698994871E0,-3.377930515231E0,6.45E0));
#11746=CARTESIAN_POINT('',(-1.184096984614E0,-3.377930515231E0,6.45E0));
#11747=CARTESIAN_POINT('',(-1.815903015386E0,-3.457616470937E0,6.45E0));
#11748=CARTESIAN_POINT('',(-1.605301005129E0,-3.457616470937E0,6.45E0));
#11749=CARTESIAN_POINT('',(-1.394698994871E0,-3.457616470937E0,6.45E0));
#11750=CARTESIAN_POINT('',(-1.184096984614E0,-3.457616470937E0,6.45E0));
#11751=B_SPLINE_SURFACE_WITH_KNOTS('',3,3,((#11735,#11736,#11737,#11738),
(#11739,#11740,#11741,#11742),(#11743,#11744,#11745,#11746),(#11747,#11748,
#11749,#11750)),.UNSPECIFIED.,.F.,.F.,.F.,(4,4),(4,4),(8.185586038197E-1,
1.057616470937E0),(-5.409030153861E-1,9.090301538607E-2),.UNSPECIFIED.);
#11752=ORIENTED_EDGE('',*,*,#11555,.T.);
#11754=ORIENTED_EDGE('',*,*,#11753,.F.);
#11756=ORIENTED_EDGE('',*,*,#11755,.F.);
#11758=ORIENTED_EDGE('',*,*,#11757,.F.);
#11759=ORIENTED_EDGE('',*,*,#11671,.T.);
#11760=ORIENTED_EDGE('',*,*,#11692,.T.);
#11761=EDGE_LOOP('',(#11752,#11754,#11756,#11758,#11759,#11760));
#11762=FACE_OUTER_BOUND('',#11761,.F.);
#11763=ADVANCED_FACE('',(#11762),#11751,.T.);
#11764=CARTESIAN_POINT('',(-1.671595769268E0,-3.318521042970E0,
6.749123006651E0));
#11765=CARTESIAN_POINT('',(-1.725692472418E0,-3.102121046296E0,
-8.748377929294E0));
#11767=CARTESIAN_POINT('',(-1.771595160042E0,-3.318521042980E0,
6.749472071792E0));
#11768=DIRECTION('',(-3.490311164995E-3,1.396209529298E-2,-9.998964334485E-1));
#11769=AXIS1_PLACEMENT('',#11767,#11768);
#11770=SURFACE_OF_REVOLUTION('',#11766,#11769);
#11771=ORIENTED_EDGE('',*,*,#11553,.F.);
#11772=ORIENTED_EDGE('',*,*,#11599,.F.);
#11774=ORIENTED_EDGE('',*,*,#11773,.F.);
#11775=ORIENTED_EDGE('',*,*,#11753,.T.);
#11776=EDGE_LOOP('',(#11771,#11772,#11774,#11775));
#11777=FACE_OUTER_BOUND('',#11776,.F.);
#11778=ADVANCED_FACE('',(#11777),#11770,.F.);
#11779=CARTESIAN_POINT('',(-1.725693561097E0,-2.358465255742E0,
-8.748689811457E0));
#11780=CARTESIAN_POINT('',(-1.707662254766E0,-2.358465255742E0,
-3.583122032399E0));
#11781=CARTESIAN_POINT('',(-1.689630948435E0,-2.358465255742E0,
1.582445746658E0));
#11782=CARTESIAN_POINT('',(-1.671599642103E0,-2.358465255742E0,
6.748013525715E0));
#11783=CARTESIAN_POINT('',(-1.725693561097E0,-2.691514036019E0,
-8.748689811457E0));
#11784=CARTESIAN_POINT('',(-1.707662254766E0,-2.691514036019E0,
-3.583122032399E0));
#11785=CARTESIAN_POINT('',(-1.689630948435E0,-2.691514036019E0,
1.582445746658E0));
#11786=CARTESIAN_POINT('',(-1.671599642103E0,-2.691514036019E0,
6.748013525715E0));
#11787=CARTESIAN_POINT('',(-1.725693561097E0,-3.024562816296E0,
-8.748689811457E0));
#11788=CARTESIAN_POINT('',(-1.707662254766E0,-3.024562816296E0,
-3.583122032399E0));
#11789=CARTESIAN_POINT('',(-1.689630948435E0,-3.024562816296E0,
1.582445746658E0));
#11790=CARTESIAN_POINT('',(-1.671599642103E0,-3.024562816296E0,
6.748013525715E0));
#11791=CARTESIAN_POINT('',(-1.725693561097E0,-3.357611596573E0,
-8.748689811457E0));
#11792=CARTESIAN_POINT('',(-1.707662254766E0,-3.357611596573E0,
-3.583122032399E0));
#11793=CARTESIAN_POINT('',(-1.689630948435E0,-3.357611596573E0,
1.582445746658E0));
#11794=CARTESIAN_POINT('',(-1.671599642103E0,-3.357611596573E0,
6.748013525715E0));
#11795=B_SPLINE_SURFACE_WITH_KNOTS('',3,3,((#11779,#11780,#11781,#11782),
(#11783,#11784,#11785,#11786),(#11787,#11788,#11789,#11790),(#11791,#11792,
#11793,#11794)),.UNSPECIFIED.,.F.,.F.,.F.,(4,4),(4,4),(3.934167730406E-1,
1.392563113871E0),(-1.986910219506E-1,1.529810672702E1),.UNSPECIFIED.);
#11796=ORIENTED_EDGE('',*,*,#11614,.T.);
#11798=ORIENTED_EDGE('',*,*,#11797,.F.);
#11800=ORIENTED_EDGE('',*,*,#11799,.T.);
#11801=ORIENTED_EDGE('',*,*,#11755,.T.);
#11802=ORIENTED_EDGE('',*,*,#11773,.T.);
#11803=EDGE_LOOP('',(#11796,#11798,#11800,#11801,#11802));
#11804=FACE_OUTER_BOUND('',#11803,.F.);
#11805=ADVANCED_FACE('',(#11804),#11795,.T.);
#11806=CARTESIAN_POINT('',(-1.232077804038E0,-2.396877020376E0,
-8.728915382833E0));
#11807=CARTESIAN_POINT('',(-1.232077804038E0,-2.480993493903E0,
-3.909885841923E0));
#11808=CARTESIAN_POINT('',(-1.232077804038E0,-2.565109967431E0,
9.091436989866E-1));
#11809=CARTESIAN_POINT('',(-1.232077804038E0,-2.649226440959E0,
5.728173239896E0));
#11810=CARTESIAN_POINT('',(-1.410692601346E0,-2.396877020376E0,
-8.728915382833E0));
#11811=CARTESIAN_POINT('',(-1.410692601346E0,-2.480993493903E0,
-3.909885841923E0));
#11812=CARTESIAN_POINT('',(-1.410692601346E0,-2.565109967431E0,
9.091436989866E-1));
#11813=CARTESIAN_POINT('',(-1.410692601346E0,-2.649226440959E0,
5.728173239896E0));
#11814=CARTESIAN_POINT('',(-1.589307398654E0,-2.396877020376E0,
-8.728915382833E0));
#11815=CARTESIAN_POINT('',(-1.589307398654E0,-2.480993493903E0,
-3.909885841923E0));
#11816=CARTESIAN_POINT('',(-1.589307398654E0,-2.565109967431E0,
9.091436989866E-1));
#11817=CARTESIAN_POINT('',(-1.589307398654E0,-2.649226440959E0,
5.728173239896E0));
#11818=CARTESIAN_POINT('',(-1.767922195962E0,-2.396877020376E0,
-8.728915382833E0));
#11819=CARTESIAN_POINT('',(-1.767922195962E0,-2.480993493903E0,
-3.909885841923E0));
#11820=CARTESIAN_POINT('',(-1.767922195962E0,-2.565109967431E0,
9.091436989866E-1));
#11821=CARTESIAN_POINT('',(-1.767922195962E0,-2.649226440959E0,
5.728173239896E0));
#11822=B_SPLINE_SURFACE_WITH_KNOTS('',3,3,((#11806,#11807,#11808,#11809),
(#11810,#11811,#11812,#11813),(#11814,#11815,#11816,#11817),(#11818,#11819,
#11820,#11821)),.UNSPECIFIED.,.F.,.F.,.F.,(4,4),(4,4),(3.920293213369E-1,
9.278737132594E-1),(-1.789426366634E-1,1.428034820610E1),.UNSPECIFIED.);
#11823=ORIENTED_EDGE('',*,*,#11630,.T.);
#11824=ORIENTED_EDGE('',*,*,#11675,.T.);
#11826=ORIENTED_EDGE('',*,*,#11825,.F.);
#11827=ORIENTED_EDGE('',*,*,#11797,.T.);
#11828=EDGE_LOOP('',(#11823,#11824,#11826,#11827));
#11829=FACE_OUTER_BOUND('',#11828,.F.);
#11830=ADVANCED_FACE('',(#11829),#11822,.T.);
#11831=CARTESIAN_POINT('',(-1.280602579085E0,-3.284559988141E0,
6.486813447451E0));
#11832=CARTESIAN_POINT('',(-1.426867526362E0,-3.284559988141E0,
6.486813447451E0));
#11833=CARTESIAN_POINT('',(-1.573132473638E0,-3.284559988141E0,
6.486813447451E0));
#11834=CARTESIAN_POINT('',(-1.719397420915E0,-3.284559988141E0,
6.486813447451E0));
#11835=CARTESIAN_POINT('',(-1.280602579085E0,-3.063586509850E0,
6.128988584098E0));
#11836=CARTESIAN_POINT('',(-1.426867526362E0,-3.063586509850E0,
6.128988584098E0));
#11837=CARTESIAN_POINT('',(-1.573132473638E0,-3.063586509850E0,
6.128988584098E0));
#11838=CARTESIAN_POINT('',(-1.719397420915E0,-3.063586509850E0,
6.128988584098E0));
#11839=CARTESIAN_POINT('',(-1.280602579085E0,-2.842613031559E0,
5.771163720746E0));
#11840=CARTESIAN_POINT('',(-1.426867526362E0,-2.842613031559E0,
5.771163720746E0));
#11841=CARTESIAN_POINT('',(-1.573132473638E0,-2.842613031559E0,
5.771163720746E0));
#11842=CARTESIAN_POINT('',(-1.719397420915E0,-2.842613031559E0,
5.771163720746E0));
#11843=CARTESIAN_POINT('',(-1.280602579085E0,-2.621639553268E0,
5.413338857393E0));
#11844=CARTESIAN_POINT('',(-1.426867526362E0,-2.621639553268E0,
5.413338857393E0));
#11845=CARTESIAN_POINT('',(-1.573132473638E0,-2.621639553268E0,
5.413338857393E0));
#11846=CARTESIAN_POINT('',(-1.719397420915E0,-2.621639553268E0,
5.413338857393E0));
#11847=B_SPLINE_SURFACE_WITH_KNOTS('',3,3,((#11831,#11832,#11833,#11834),
(#11835,#11836,#11837,#11838),(#11839,#11840,#11841,#11842),(#11843,#11844,
#11845,#11846)),.UNSPECIFIED.,.F.,.F.,.F.,(4,4),(4,4),(-6.308350018963E-1,
6.308350018974E-1),(-2.193974209146E-1,2.193974209143E-1),.UNSPECIFIED.);
#11848=ORIENTED_EDGE('',*,*,#11799,.F.);
#11849=ORIENTED_EDGE('',*,*,#11825,.T.);
#11850=ORIENTED_EDGE('',*,*,#11673,.F.);
#11851=ORIENTED_EDGE('',*,*,#11757,.T.);
#11852=EDGE_LOOP('',(#11848,#11849,#11850,#11851));
#11853=FACE_OUTER_BOUND('',#11852,.F.);
#11854=ADVANCED_FACE('',(#11853),#11847,.T.);
#11855=CARTESIAN_POINT('',(1.235760150884E1,-2.093552471059E0,-8.55E0));
#11856=CARTESIAN_POINT('',(1.304954995479E1,-2.093552471059E0,-8.55E0));
#11858=CARTESIAN_POINT('',(1.235989421518E1,-2.093552471059E0,-8.45E0));
#11859=DIRECTION('',(1.E0,0.E0,0.E0));
#11860=AXIS1_PLACEMENT('',#11858,#11859);
#11861=SURFACE_OF_REVOLUTION('',#11857,#11860);
#11862=ORIENTED_EDGE('',*,*,#10484,.T.);
#11864=ORIENTED_EDGE('',*,*,#11863,.F.);
#11866=ORIENTED_EDGE('',*,*,#11865,.F.);
#11867=ORIENTED_EDGE('',*,*,#11470,.T.);
#11868=EDGE_LOOP('',(#11862,#11864,#11866,#11867));
#11869=FACE_OUTER_BOUND('',#11868,.F.);
#11870=ADVANCED_FACE('',(#11869),#11861,.F.);
#11871=CARTESIAN_POINT('',(1.240086887894E1,-1.252022858837E0,-8.55E0));
#11872=CARTESIAN_POINT('',(1.240086887894E1,-2.136819841164E0,-8.55E0));
#11874=CARTESIAN_POINT('',(1.240086887894E1,-1.254315565182E0,-8.45E0));
#11875=DIRECTION('',(0.E0,-1.E0,0.E0));
#11876=AXIS1_PLACEMENT('',#11874,#11875);
#11877=SURFACE_OF_REVOLUTION('',#11873,#11876);
#11878=ORIENTED_EDGE('',*,*,#10482,.T.);
#11879=ORIENTED_EDGE('',*,*,#11331,.F.);
#11881=ORIENTED_EDGE('',*,*,#11880,.F.);
#11882=ORIENTED_EDGE('',*,*,#11863,.T.);
#11883=EDGE_LOOP('',(#11878,#11879,#11881,#11882));
#11884=FACE_OUTER_BOUND('',#11883,.F.);
#11885=ADVANCED_FACE('',(#11884),#11877,.F.);
#11886=CARTESIAN_POINT('',(1.249826431233E1,-1.352019051143E0,
-8.748890106621E0));
#11887=CARTESIAN_POINT('',(1.254334413348E1,-1.352019051143E0,
-3.583254253390E0));
#11888=CARTESIAN_POINT('',(1.258842395462E1,-1.352019051143E0,
1.582381599840E0));
#11889=CARTESIAN_POINT('',(1.263350377577E1,-1.352019051143E0,
6.748017453071E0));
#11890=CARTESIAN_POINT('',(1.249826431233E1,-1.580287250381E0,
-8.748890106621E0));
#11891=CARTESIAN_POINT('',(1.254334413348E1,-1.580287250381E0,
-3.583254253390E0));
#11892=CARTESIAN_POINT('',(1.258842395462E1,-1.580287250381E0,
1.582381599840E0));
#11893=CARTESIAN_POINT('',(1.263350377577E1,-1.580287250381E0,
6.748017453071E0));
#11894=CARTESIAN_POINT('',(1.249826431233E1,-1.808555449619E0,
-8.748890106621E0));
#11895=CARTESIAN_POINT('',(1.254334413348E1,-1.808555449619E0,
-3.583254253390E0));
#11896=CARTESIAN_POINT('',(1.258842395462E1,-1.808555449619E0,
1.582381599840E0));
#11897=CARTESIAN_POINT('',(1.263350377577E1,-1.808555449619E0,
6.748017453071E0));
#11898=CARTESIAN_POINT('',(1.249826431233E1,-2.036823648857E0,
-8.748890106621E0));
#11899=CARTESIAN_POINT('',(1.254334413348E1,-2.036823648857E0,
-3.583254253390E0));
#11900=CARTESIAN_POINT('',(1.258842395462E1,-2.036823648857E0,
1.582381599840E0));
#11901=CARTESIAN_POINT('',(1.263350377577E1,-2.036823648857E0,
6.748017453071E0));
#11902=B_SPLINE_SURFACE_WITH_KNOTS('',3,3,((#11886,#11887,#11888,#11889),
(#11890,#11891,#11892,#11893),(#11894,#11895,#11896,#11897),(#11898,#11899,
#11900,#11901)),.UNSPECIFIED.,.F.,.F.,.F.,(4,4),(4,4),(3.925492184417E-1,
1.077353816155E0),(-1.988976800351E-1,1.529859997688E1),.UNSPECIFIED.);
#11903=ORIENTED_EDGE('',*,*,#11880,.T.);
#11904=ORIENTED_EDGE('',*,*,#11359,.T.);
#11905=ORIENTED_EDGE('',*,*,#11402,.T.);
#11906=ORIENTED_EDGE('',*,*,#11429,.T.);
#11908=ORIENTED_EDGE('',*,*,#11907,.F.);
#11909=EDGE_LOOP('',(#11903,#11904,#11905,#11906,#11908));
#11910=FACE_OUTER_BOUND('',#11909,.F.);
#11911=ADVANCED_FACE('',(#11910),#11902,.T.);
#11912=CARTESIAN_POINT('',(1.245759770115E1,-1.996157037665E0,
-8.748890106621E0));
#11913=CARTESIAN_POINT('',(1.245759770115E1,-1.951077216519E0,
-3.583254253390E0));
#11914=CARTESIAN_POINT('',(1.245759770115E1,-1.905997395372E0,
1.582381599840E0));
#11915=CARTESIAN_POINT('',(1.245759770115E1,-1.860917574226E0,
6.748017453071E0));
#11916=CARTESIAN_POINT('',(1.272427143667E1,-1.996157037665E0,
-8.748890106621E0));
#11917=CARTESIAN_POINT('',(1.272427143667E1,-1.951077216519E0,
-3.583254253390E0));
#11918=CARTESIAN_POINT('',(1.272427143667E1,-1.905997395372E0,
1.582381599840E0));
#11919=CARTESIAN_POINT('',(1.272427143667E1,-1.860917574226E0,
6.748017453071E0));
#11920=CARTESIAN_POINT('',(1.299094517220E1,-1.996157037665E0,
-8.748890106621E0));
#11921=CARTESIAN_POINT('',(1.299094517220E1,-1.951077216519E0,
-3.583254253390E0));
#11922=CARTESIAN_POINT('',(1.299094517220E1,-1.905997395372E0,
1.582381599840E0));
#11923=CARTESIAN_POINT('',(1.299094517220E1,-1.860917574226E0,
6.748017453071E0));
#11924=CARTESIAN_POINT('',(1.325761890772E1,-1.996157037665E0,
-8.748890106621E0));
#11925=CARTESIAN_POINT('',(1.325761890772E1,-1.951077216519E0,
-3.583254253390E0));
#11926=CARTESIAN_POINT('',(1.325761890772E1,-1.905997395372E0,
1.582381599840E0));
#11927=CARTESIAN_POINT('',(1.325761890772E1,-1.860917574226E0,
6.748017453071E0));
#11928=B_SPLINE_SURFACE_WITH_KNOTS('',3,3,((#11912,#11913,#11914,#11915),
(#11916,#11917,#11918,#11919),(#11920,#11921,#11922,#11923),(#11924,#11925,
#11926,#11927)),.UNSPECIFIED.,.F.,.F.,.F.,(4,4),(4,4),(3.925492184441E-1,
1.192570425023E0),(-1.988976800352E-1,1.529859997688E1),.UNSPECIFIED.);
#11929=ORIENTED_EDGE('',*,*,#11865,.T.);
#11930=ORIENTED_EDGE('',*,*,#11907,.T.);
#11931=ORIENTED_EDGE('',*,*,#11427,.T.);
#11932=ORIENTED_EDGE('',*,*,#11445,.T.);
#11933=EDGE_LOOP('',(#11929,#11930,#11931,#11932));
#11934=FACE_OUTER_BOUND('',#11933,.F.);
#11935=ADVANCED_FACE('',(#11934),#11928,.T.);
#11936=CARTESIAN_POINT('',(-1.240086887894E1,-2.136819841163E0,-8.55E0));
#11937=CARTESIAN_POINT('',(-1.240086887894E1,-1.252022858837E0,-8.55E0));
#11939=CARTESIAN_POINT('',(-1.240086887894E1,-2.134527134818E0,-8.45E0));
#11940=DIRECTION('',(0.E0,1.E0,0.E0));
#11941=AXIS1_PLACEMENT('',#11939,#11940);
#11942=SURFACE_OF_REVOLUTION('',#11938,#11941);
#11943=ORIENTED_EDGE('',*,*,#10500,.T.);
#11944=ORIENTED_EDGE('',*,*,#10091,.F.);
#11946=ORIENTED_EDGE('',*,*,#11945,.F.);
#11948=ORIENTED_EDGE('',*,*,#11947,.T.);
#11949=EDGE_LOOP('',(#11943,#11944,#11946,#11948));
#11950=FACE_OUTER_BOUND('',#11949,.F.);
#11951=ADVANCED_FACE('',(#11950),#11942,.F.);
#11952=CARTESIAN_POINT('',(-1.249826431233E1,-2.036823648857E0,
-8.748890106621E0));
#11953=CARTESIAN_POINT('',(-1.254334413348E1,-2.036823648857E0,
-3.583254253390E0));
#11954=CARTESIAN_POINT('',(-1.258842395462E1,-2.036823648857E0,
1.582381599840E0));
#11955=CARTESIAN_POINT('',(-1.263350377577E1,-2.036823648857E0,
6.748017453071E0));
#11956=CARTESIAN_POINT('',(-1.249826431233E1,-1.808555449619E0,
-8.748890106621E0));
#11957=CARTESIAN_POINT('',(-1.254334413348E1,-1.808555449619E0,
-3.583254253390E0));
#11958=CARTESIAN_POINT('',(-1.258842395462E1,-1.808555449619E0,
1.582381599840E0));
#11959=CARTESIAN_POINT('',(-1.263350377577E1,-1.808555449619E0,
6.748017453071E0));
#11960=CARTESIAN_POINT('',(-1.249826431233E1,-1.580287250381E0,
-8.748890106621E0));
#11961=CARTESIAN_POINT('',(-1.254334413348E1,-1.580287250381E0,
-3.583254253390E0));
#11962=CARTESIAN_POINT('',(-1.258842395462E1,-1.580287250381E0,
1.582381599840E0));
#11963=CARTESIAN_POINT('',(-1.263350377577E1,-1.580287250381E0,
6.748017453071E0));
#11964=CARTESIAN_POINT('',(-1.249826431233E1,-1.352019051143E0,
-8.748890106621E0));
#11965=CARTESIAN_POINT('',(-1.254334413348E1,-1.352019051143E0,
-3.583254253390E0));
#11966=CARTESIAN_POINT('',(-1.258842395462E1,-1.352019051143E0,
1.582381599840E0));
#11967=CARTESIAN_POINT('',(-1.263350377577E1,-1.352019051143E0,
6.748017453071E0));
#11968=B_SPLINE_SURFACE_WITH_KNOTS('',3,3,((#11952,#11953,#11954,#11955),
(#11956,#11957,#11958,#11959),(#11960,#11961,#11962,#11963),(#11964,#11965,
#11966,#11967)),.UNSPECIFIED.,.F.,.F.,.F.,(4,4),(4,4),(3.925492184415E-1,
1.077353816155E0),(-1.988976800351E-1,1.529859997688E1),.UNSPECIFIED.);
#11969=ORIENTED_EDGE('',*,*,#11945,.T.);
#11970=ORIENTED_EDGE('',*,*,#10120,.T.);
#11971=ORIENTED_EDGE('',*,*,#10163,.T.);
#11972=ORIENTED_EDGE('',*,*,#10190,.T.);
#11974=ORIENTED_EDGE('',*,*,#11973,.F.);
#11975=EDGE_LOOP('',(#11969,#11970,#11971,#11972,#11974));
#11976=FACE_OUTER_BOUND('',#11975,.F.);
#11977=ADVANCED_FACE('',(#11976),#11968,.T.);
#11978=CARTESIAN_POINT('',(-1.245759770115E1,-1.392772927690E0,
-8.738890487390E0));
#11979=CARTESIAN_POINT('',(-1.245759770115E1,-1.436340149350E0,
-3.746581367491E0));
#11980=CARTESIAN_POINT('',(-1.245759770115E1,-1.479907371009E0,
1.245727752409E0));
#11981=CARTESIAN_POINT('',(-1.245759770115E1,-1.523474592669E0,
6.238036872308E0));
#11982=CARTESIAN_POINT('',(-1.272194426838E1,-1.392772927690E0,
-8.738890487390E0));
#11983=CARTESIAN_POINT('',(-1.272194426838E1,-1.436340149350E0,
-3.746581367491E0));
#11984=CARTESIAN_POINT('',(-1.272194426838E1,-1.479907371009E0,
1.245727752409E0));
#11985=CARTESIAN_POINT('',(-1.272194426838E1,-1.523474592669E0,
6.238036872308E0));
#11986=CARTESIAN_POINT('',(-1.298629083561E1,-1.392772927690E0,
-8.738890487390E0));
#11987=CARTESIAN_POINT('',(-1.298629083561E1,-1.436340149350E0,
-3.746581367491E0));
#11988=CARTESIAN_POINT('',(-1.298629083561E1,-1.479907371009E0,
1.245727752409E0));
#11989=CARTESIAN_POINT('',(-1.298629083561E1,-1.523474592669E0,
6.238036872308E0));
#11990=CARTESIAN_POINT('',(-1.325063740284E1,-1.392772927690E0,
-8.738890487390E0));
#11991=CARTESIAN_POINT('',(-1.325063740284E1,-1.436340149350E0,
-3.746581367491E0));
#11992=CARTESIAN_POINT('',(-1.325063740284E1,-1.479907371009E0,
1.245727752409E0));
#11993=CARTESIAN_POINT('',(-1.325063740284E1,-1.523474592669E0,
6.238036872308E0));
#11994=B_SPLINE_SURFACE_WITH_KNOTS('',3,3,((#11978,#11979,#11980,#11981),
(#11982,#11983,#11984,#11985),(#11986,#11987,#11988,#11989),(#11990,#11991,
#11992,#11993)),.UNSPECIFIED.,.F.,.F.,.F.,(4,4),(4,4),(3.925492184436E-1,
1.185588920143E0),(-1.888976800356E-1,1.478859997688E1),.UNSPECIFIED.);
#11996=ORIENTED_EDGE('',*,*,#11995,.F.);
#11997=ORIENTED_EDGE('',*,*,#11973,.T.);
#11998=ORIENTED_EDGE('',*,*,#10188,.T.);
#11999=ORIENTED_EDGE('',*,*,#10206,.T.);
#12000=EDGE_LOOP('',(#11996,#11997,#11998,#11999));
#12001=FACE_OUTER_BOUND('',#12000,.F.);
#12002=ADVANCED_FACE('',(#12001),#11994,.T.);
#12003=CARTESIAN_POINT('',(-1.235760150884E1,-1.295290228941E0,-8.55E0));
#12004=CARTESIAN_POINT('',(-1.304954995479E1,-1.295290228941E0,-8.55E0));
#12006=CARTESIAN_POINT('',(-1.235989421518E1,-1.295290228941E0,-8.45E0));
#12007=DIRECTION('',(-1.E0,0.E0,0.E0));
#12008=AXIS1_PLACEMENT('',#12006,#12007);
#12009=SURFACE_OF_REVOLUTION('',#12005,#12008);
#12010=ORIENTED_EDGE('',*,*,#10502,.T.);
#12011=ORIENTED_EDGE('',*,*,#11947,.F.);
#12012=ORIENTED_EDGE('',*,*,#11995,.T.);
#12013=ORIENTED_EDGE('',*,*,#10231,.T.);
#12014=EDGE_LOOP('',(#12010,#12011,#12012,#12013));
#12015=FACE_OUTER_BOUND('',#12014,.F.);
#12016=ADVANCED_FACE('',(#12015),#12009,.F.);
#12017=CARTESIAN_POINT('',(-1.240086887894E1,1.631801588369E-1,-8.55E0));
#12018=CARTESIAN_POINT('',(-1.240086887894E1,1.047977141163E0,-8.55E0));
#12020=CARTESIAN_POINT('',(-1.240086887894E1,1.654728651818E-1,-8.45E0));
#12021=DIRECTION('',(0.E0,1.E0,0.E0));
#12022=AXIS1_PLACEMENT('',#12020,#12021);
#12023=SURFACE_OF_REVOLUTION('',#12019,#12022);
#12024=ORIENTED_EDGE('',*,*,#10506,.T.);
#12025=ORIENTED_EDGE('',*,*,#10287,.F.);
#12027=ORIENTED_EDGE('',*,*,#12026,.F.);
#12029=ORIENTED_EDGE('',*,*,#12028,.T.);
#12030=EDGE_LOOP('',(#12024,#12025,#12027,#12029));
#12031=FACE_OUTER_BOUND('',#12030,.F.);
#12032=ADVANCED_FACE('',(#12031),#12023,.F.);
#12033=CARTESIAN_POINT('',(-1.249826431233E1,2.631763511433E-1,
-8.748890106621E0));
#12034=CARTESIAN_POINT('',(-1.254334413348E1,2.631763511433E-1,
-3.583254253390E0));
#12035=CARTESIAN_POINT('',(-1.258842395462E1,2.631763511433E-1,
1.582381599840E0));
#12036=CARTESIAN_POINT('',(-1.263350377577E1,2.631763511433E-1,
6.748017453071E0));
#12037=CARTESIAN_POINT('',(-1.249826431233E1,4.914445503810E-1,
-8.748890106621E0));
#12038=CARTESIAN_POINT('',(-1.254334413348E1,4.914445503810E-1,
-3.583254253390E0));
#12039=CARTESIAN_POINT('',(-1.258842395462E1,4.914445503810E-1,
1.582381599840E0));
#12040=CARTESIAN_POINT('',(-1.263350377577E1,4.914445503810E-1,
6.748017453071E0));
#12041=CARTESIAN_POINT('',(-1.249826431233E1,7.197127496188E-1,
-8.748890106621E0));
#12042=CARTESIAN_POINT('',(-1.254334413348E1,7.197127496188E-1,
-3.583254253390E0));
#12043=CARTESIAN_POINT('',(-1.258842395462E1,7.197127496188E-1,
1.582381599840E0));
#12044=CARTESIAN_POINT('',(-1.263350377577E1,7.197127496188E-1,
6.748017453071E0));
#12045=CARTESIAN_POINT('',(-1.249826431233E1,9.479809488565E-1,
-8.748890106621E0));
#12046=CARTESIAN_POINT('',(-1.254334413348E1,9.479809488565E-1,
-3.583254253390E0));
#12047=CARTESIAN_POINT('',(-1.258842395462E1,9.479809488565E-1,
1.582381599840E0));
#12048=CARTESIAN_POINT('',(-1.263350377577E1,9.479809488565E-1,
6.748017453071E0));
#12049=B_SPLINE_SURFACE_WITH_KNOTS('',3,3,((#12033,#12034,#12035,#12036),
(#12037,#12038,#12039,#12040),(#12041,#12042,#12043,#12044),(#12045,#12046,
#12047,#12048)),.UNSPECIFIED.,.F.,.F.,.F.,(4,4),(4,4),(3.925492184415E-1,
1.077353816155E0),(-1.988976800351E-1,1.529859997688E1),.UNSPECIFIED.);
#12050=ORIENTED_EDGE('',*,*,#12026,.T.);
#12051=ORIENTED_EDGE('',*,*,#10316,.T.);
#12052=ORIENTED_EDGE('',*,*,#10359,.T.);
#12053=ORIENTED_EDGE('',*,*,#10386,.T.);
#12055=ORIENTED_EDGE('',*,*,#12054,.F.);
#12056=EDGE_LOOP('',(#12050,#12051,#12052,#12053,#12055));
#12057=FACE_OUTER_BOUND('',#12056,.F.);
#12058=ADVANCED_FACE('',(#12057),#12049,.T.);
#12059=CARTESIAN_POINT('',(-1.245759770115E1,9.073143376654E-1,
-8.748890106621E0));
#12060=CARTESIAN_POINT('',(-1.245759770115E1,8.622345165190E-1,
-3.583254253390E0));
#12061=CARTESIAN_POINT('',(-1.245759770115E1,8.171546953727E-1,
1.582381599840E0));
#12062=CARTESIAN_POINT('',(-1.245759770115E1,7.720748742263E-1,
6.748017453071E0));
#12063=CARTESIAN_POINT('',(-1.272427143667E1,9.073143376654E-1,
-8.748890106621E0));
#12064=CARTESIAN_POINT('',(-1.272427143667E1,8.622345165190E-1,
-3.583254253390E0));
#12065=CARTESIAN_POINT('',(-1.272427143667E1,8.171546953727E-1,
1.582381599840E0));
#12066=CARTESIAN_POINT('',(-1.272427143667E1,7.720748742263E-1,
6.748017453071E0));
#12067=CARTESIAN_POINT('',(-1.299094517220E1,9.073143376654E-1,
-8.748890106621E0));
#12068=CARTESIAN_POINT('',(-1.299094517220E1,8.622345165190E-1,
-3.583254253390E0));
#12069=CARTESIAN_POINT('',(-1.299094517220E1,8.171546953727E-1,
1.582381599840E0));
#12070=CARTESIAN_POINT('',(-1.299094517220E1,7.720748742263E-1,
6.748017453071E0));
#12071=CARTESIAN_POINT('',(-1.325761890772E1,9.073143376654E-1,
-8.748890106621E0));
#12072=CARTESIAN_POINT('',(-1.325761890772E1,8.622345165190E-1,
-3.583254253390E0));
#12073=CARTESIAN_POINT('',(-1.325761890772E1,8.171546953727E-1,
1.582381599840E0));
#12074=CARTESIAN_POINT('',(-1.325761890772E1,7.720748742263E-1,
6.748017453071E0));
#12075=B_SPLINE_SURFACE_WITH_KNOTS('',3,3,((#12059,#12060,#12061,#12062),
(#12063,#12064,#12065,#12066),(#12067,#12068,#12069,#12070),(#12071,#12072,
#12073,#12074)),.UNSPECIFIED.,.F.,.F.,.F.,(4,4),(4,4),(3.925492184441E-1,
1.192570425023E0),(-1.988976800352E-1,1.529859997688E1),.UNSPECIFIED.);
#12077=ORIENTED_EDGE('',*,*,#12076,.F.);
#12078=ORIENTED_EDGE('',*,*,#12054,.T.);
#12079=ORIENTED_EDGE('',*,*,#10384,.T.);
#12080=ORIENTED_EDGE('',*,*,#10402,.T.);
#12081=EDGE_LOOP('',(#12077,#12078,#12079,#12080));
#12082=FACE_OUTER_BOUND('',#12081,.F.);
#12083=ADVANCED_FACE('',(#12082),#12075,.T.);
#12084=CARTESIAN_POINT('',(-1.235760150884E1,1.004709771059E0,-8.55E0));
#12085=CARTESIAN_POINT('',(-1.304954995479E1,1.004709771059E0,-8.55E0));
#12087=CARTESIAN_POINT('',(-1.235989421518E1,1.004709771059E0,-8.45E0));
#12088=DIRECTION('',(-1.E0,0.E0,0.E0));
#12089=AXIS1_PLACEMENT('',#12087,#12088);
#12090=SURFACE_OF_REVOLUTION('',#12086,#12089);
#12091=ORIENTED_EDGE('',*,*,#10508,.T.);
#12092=ORIENTED_EDGE('',*,*,#12028,.F.);
#12093=ORIENTED_EDGE('',*,*,#12076,.T.);
#12094=ORIENTED_EDGE('',*,*,#10427,.T.);
#12095=EDGE_LOOP('',(#12091,#12092,#12093,#12094));
#12096=FACE_OUTER_BOUND('',#12095,.F.);
#12097=ADVANCED_FACE('',(#12096),#12090,.F.);
#12098=CARTESIAN_POINT('',(-7.639999999814E0,1.586569862380E0,-8.5506E0));
#12099=CARTESIAN_POINT('',(-7.639999999814E0,1.586569862380E0,-8.5402E0));
#12100=CARTESIAN_POINT('',(-7.639999999814E0,1.586569862380E0,-8.5298E0));
#12101=CARTESIAN_POINT('',(-7.639999999814E0,1.586569862380E0,-8.5194E0));
#12102=CARTESIAN_POINT('',(-7.639999999814E0,1.543290784885E0,-8.5506E0));
#12103=CARTESIAN_POINT('',(-7.639999999814E0,1.543290784885E0,-8.5402E0));
#12104=CARTESIAN_POINT('',(-7.639999999814E0,1.543290784885E0,-8.5298E0));
#12105=CARTESIAN_POINT('',(-7.639999999814E0,1.543290784885E0,-8.5194E0));
#12106=CARTESIAN_POINT('',(-7.639999999814E0,1.500011707391E0,-8.5506E0));
#12107=CARTESIAN_POINT('',(-7.639999999814E0,1.500011707391E0,-8.5402E0));
#12108=CARTESIAN_POINT('',(-7.639999999814E0,1.500011707391E0,-8.5298E0));
#12109=CARTESIAN_POINT('',(-7.639999999814E0,1.500011707391E0,-8.5194E0));
#12110=CARTESIAN_POINT('',(-7.639999999814E0,1.456732629896E0,-8.5506E0));
#12111=CARTESIAN_POINT('',(-7.639999999814E0,1.456732629896E0,-8.5402E0));
#12112=CARTESIAN_POINT('',(-7.639999999814E0,1.456732629896E0,-8.5298E0));
#12113=CARTESIAN_POINT('',(-7.639999999814E0,1.456732629896E0,-8.5194E0));
#12114=B_SPLINE_SURFACE_WITH_KNOTS('',3,3,((#12098,#12099,#12100,#12101),
(#12102,#12103,#12104,#12105),(#12106,#12107,#12108,#12109),(#12110,#12111,
#12112,#12113)),.UNSPECIFIED.,.F.,.F.,.F.,(4,4),(4,4),(-4.326737010219E-2,
8.656986237819E-2),(-6.000000000032E-4,3.06E-2),.UNSPECIFIED.);
#12115=ORIENTED_EDGE('',*,*,#10519,.T.);
#12117=ORIENTED_EDGE('',*,*,#12116,.F.);
#12119=ORIENTED_EDGE('',*,*,#12118,.F.);
#12121=ORIENTED_EDGE('',*,*,#12120,.F.);
#12122=EDGE_LOOP('',(#12115,#12117,#12119,#12121));
#12123=FACE_OUTER_BOUND('',#12122,.F.);
#12124=ADVANCED_FACE('',(#12123),#12114,.T.);
#12125=CARTESIAN_POINT('',(-7.510069900643E0,1.591606225795E0,-8.5506E0));
#12126=CARTESIAN_POINT('',(-7.510346447828E0,1.591222088155E0,-8.5506E0));
#12127=CARTESIAN_POINT('',(-7.536299511038E0,1.555829983087E0,-8.5506E0));
#12128=CARTESIAN_POINT('',(-7.590803033048E0,1.541654602946E0,-8.5506E0));
#12129=CARTESIAN_POINT('',(-7.667390007508E0,1.543126956492E0,-8.5506E0));
#12131=DIRECTION('',(0.E0,0.E0,1.E0));
#12132=VECTOR('',#12131,1.E0);
#12133=SURFACE_OF_LINEAR_EXTRUSION('',#12130,#12132);
#12134=ORIENTED_EDGE('',*,*,#10579,.F.);
#12136=ORIENTED_EDGE('',*,*,#12135,.F.);
#12138=ORIENTED_EDGE('',*,*,#12137,.F.);
#12139=ORIENTED_EDGE('',*,*,#12116,.T.);
#12140=EDGE_LOOP('',(#12134,#12136,#12138,#12139));
#12141=FACE_OUTER_BOUND('',#12140,.F.);
#12142=ADVANCED_FACE('',(#12141),#12133,.T.);
#12143=CARTESIAN_POINT('',(-7.490955500329E0,1.734241842901E0,-8.5506E0));
#12144=CARTESIAN_POINT('',(-7.490400535648E0,1.642717002260E0,-8.5506E0));
#12145=CARTESIAN_POINT('',(-7.504292666445E0,1.589057250033E0,-8.5506E0));
#12146=CARTESIAN_POINT('',(-7.530758462711E0,1.571389135355E0,-8.5506E0));
#12148=DIRECTION('',(0.E0,0.E0,1.E0));
#12149=VECTOR('',#12148,1.E0);
#12150=SURFACE_OF_LINEAR_EXTRUSION('',#12147,#12149);
#12151=ORIENTED_EDGE('',*,*,#10577,.F.);
#12153=ORIENTED_EDGE('',*,*,#12152,.F.);
#12155=ORIENTED_EDGE('',*,*,#12154,.F.);
#12156=ORIENTED_EDGE('',*,*,#12135,.T.);
#12157=EDGE_LOOP('',(#12151,#12153,#12155,#12156));
#12158=FACE_OUTER_BOUND('',#12157,.F.);
#12159=ADVANCED_FACE('',(#12158),#12150,.T.);
#12160=CARTESIAN_POINT('',(-7.490939498395E0,2.465943559051E0,-8.5506E0));
#12161=CARTESIAN_POINT('',(-7.490939498395E0,2.465943559051E0,-8.5402E0));
#12162=CARTESIAN_POINT('',(-7.490939498395E0,2.465943559051E0,-8.5298E0));
#12163=CARTESIAN_POINT('',(-7.490939498395E0,2.465943559051E0,-8.5194E0));
#12164=CARTESIAN_POINT('',(-7.490939498395E0,2.205874436130E0,-8.5506E0));
#12165=CARTESIAN_POINT('',(-7.490939498395E0,2.205874436130E0,-8.5402E0));
#12166=CARTESIAN_POINT('',(-7.490939498395E0,2.205874436130E0,-8.5298E0));
#12167=CARTESIAN_POINT('',(-7.490939498395E0,2.205874436130E0,-8.5194E0));
#12168=CARTESIAN_POINT('',(-7.490939498395E0,1.945805313210E0,-8.5506E0));
#12169=CARTESIAN_POINT('',(-7.490939498395E0,1.945805313210E0,-8.5402E0));
#12170=CARTESIAN_POINT('',(-7.490939498395E0,1.945805313210E0,-8.5298E0));
#12171=CARTESIAN_POINT('',(-7.490939498395E0,1.945805313210E0,-8.5194E0));
#12172=CARTESIAN_POINT('',(-7.490939498395E0,1.685736190289E0,-8.5506E0));
#12173=CARTESIAN_POINT('',(-7.490939498395E0,1.685736190289E0,-8.5402E0));
#12174=CARTESIAN_POINT('',(-7.490939498395E0,1.685736190289E0,-8.5298E0));
#12175=CARTESIAN_POINT('',(-7.490939498395E0,1.685736190289E0,-8.5194E0));
#12176=B_SPLINE_SURFACE_WITH_KNOTS('',3,3,((#12160,#12161,#12162,#12163),
(#12164,#12165,#12166,#12167),(#12168,#12169,#12170,#12171),(#12172,#12173,
#12174,#12175)),.UNSPECIFIED.,.F.,.F.,.F.,(4,4),(4,4),(-4.326737010425E-2,
7.369399986563E-1),(-6.000000000032E-4,3.06E-2),.UNSPECIFIED.);
#12177=ORIENTED_EDGE('',*,*,#10575,.T.);
#12179=ORIENTED_EDGE('',*,*,#12178,.F.);
#12181=ORIENTED_EDGE('',*,*,#12180,.F.);
#12182=ORIENTED_EDGE('',*,*,#12152,.T.);
#12183=EDGE_LOOP('',(#12177,#12179,#12181,#12182));
#12184=FACE_OUTER_BOUND('',#12183,.F.);
#12185=ADVANCED_FACE('',(#12184),#12176,.T.);
#12186=CARTESIAN_POINT('',(-7.527549105214E0,2.572998140127E0,-8.5506E0));
#12187=CARTESIAN_POINT('',(-7.502588865075E0,2.548233115549E0,-8.5506E0));
#12188=CARTESIAN_POINT('',(-7.490468585281E0,2.497167393039E0,-8.5506E0));
#12189=CARTESIAN_POINT('',(-7.490953486773E0,2.418148402521E0,-8.5506E0));
#12191=DIRECTION('',(0.E0,0.E0,1.E0));
#12192=VECTOR('',#12191,1.E0);
#12193=SURFACE_OF_LINEAR_EXTRUSION('',#12190,#12192);
#12194=ORIENTED_EDGE('',*,*,#10573,.F.);
#12196=ORIENTED_EDGE('',*,*,#12195,.F.);
#12198=ORIENTED_EDGE('',*,*,#12197,.F.);
#12199=ORIENTED_EDGE('',*,*,#12178,.T.);
#12200=EDGE_LOOP('',(#12194,#12196,#12198,#12199));
#12201=FACE_OUTER_BOUND('',#12200,.F.);
#12202=ADVANCED_FACE('',(#12201),#12193,.T.);
#12203=CARTESIAN_POINT('',(-7.664191109761E0,2.607556247588E0,-8.5506E0));
#12204=CARTESIAN_POINT('',(-7.584780013045E0,2.612754890908E0,-8.5506E0));
#12205=CARTESIAN_POINT('',(-7.532355002961E0,2.592993734989E0,-8.5506E0));
#12206=CARTESIAN_POINT('',(-7.510993523966E0,2.549743137212E0,-8.5506E0));
#12207=CARTESIAN_POINT('',(-7.510771647005E0,2.549284285422E0,-8.5506E0));
#12209=DIRECTION('',(0.E0,0.E0,1.E0));
#12210=VECTOR('',#12209,1.E0);
#12211=SURFACE_OF_LINEAR_EXTRUSION('',#12208,#12210);
#12212=ORIENTED_EDGE('',*,*,#10571,.F.);
#12214=ORIENTED_EDGE('',*,*,#12213,.F.);
#12216=ORIENTED_EDGE('',*,*,#12215,.F.);
#12217=ORIENTED_EDGE('',*,*,#12195,.T.);
#12218=EDGE_LOOP('',(#12212,#12214,#12216,#12217));
#12219=FACE_OUTER_BOUND('',#12218,.F.);
#12220=ADVANCED_FACE('',(#12219),#12211,.T.);
#12221=CARTESIAN_POINT('',(-7.639999999814E0,2.694947067141E0,-8.5506E0));
#12222=CARTESIAN_POINT('',(-7.639999999814E0,2.694947067141E0,-8.5402E0));
#12223=CARTESIAN_POINT('',(-7.639999999814E0,2.694947067141E0,-8.5298E0));
#12224=CARTESIAN_POINT('',(-7.639999999814E0,2.694947067141E0,-8.5194E0));
#12225=CARTESIAN_POINT('',(-7.639999999814E0,2.651667992552E0,-8.5506E0));
#12226=CARTESIAN_POINT('',(-7.639999999814E0,2.651667992552E0,-8.5402E0));
#12227=CARTESIAN_POINT('',(-7.639999999814E0,2.651667992552E0,-8.5298E0));
#12228=CARTESIAN_POINT('',(-7.639999999814E0,2.651667992552E0,-8.5194E0));
#12229=CARTESIAN_POINT('',(-7.639999999814E0,2.608388917963E0,-8.5506E0));
#12230=CARTESIAN_POINT('',(-7.639999999814E0,2.608388917963E0,-8.5402E0));
#12231=CARTESIAN_POINT('',(-7.639999999814E0,2.608388917963E0,-8.5298E0));
#12232=CARTESIAN_POINT('',(-7.639999999814E0,2.608388917963E0,-8.5194E0));
#12233=CARTESIAN_POINT('',(-7.639999999814E0,2.565109843374E0,-8.5506E0));
#12234=CARTESIAN_POINT('',(-7.639999999814E0,2.565109843374E0,-8.5402E0));
#12235=CARTESIAN_POINT('',(-7.639999999814E0,2.565109843374E0,-8.5298E0));
#12236=CARTESIAN_POINT('',(-7.639999999814E0,2.565109843374E0,-8.5194E0));
#12237=B_SPLINE_SURFACE_WITH_KNOTS('',3,3,((#12221,#12222,#12223,#12224),
(#12225,#12226,#12227,#12228),(#12229,#12230,#12231,#12232),(#12233,#12234,
#12235,#12236)),.UNSPECIFIED.,.F.,.F.,.F.,(4,4),(4,4),(-4.326737010409E-2,
8.656985366309E-2),(-6.000000000005E-4,3.06E-2),.UNSPECIFIED.);
#12238=ORIENTED_EDGE('',*,*,#10569,.T.);
#12240=ORIENTED_EDGE('',*,*,#12239,.F.);
#12242=ORIENTED_EDGE('',*,*,#12241,.F.);
#12243=ORIENTED_EDGE('',*,*,#12213,.T.);
#12244=EDGE_LOOP('',(#12238,#12240,#12242,#12243));
#12245=FACE_OUTER_BOUND('',#12244,.F.);
#12246=ADVANCED_FACE('',(#12245),#12237,.T.);
#12247=CARTESIAN_POINT('',(-7.267800229252E0,2.651679697037E0,-8.5506E0));
#12248=CARTESIAN_POINT('',(-7.267800229252E0,2.651679697037E0,-8.5402E0));
#12249=CARTESIAN_POINT('',(-7.267800229252E0,2.651679697037E0,-8.5298E0));
#12250=CARTESIAN_POINT('',(-7.267800229252E0,2.651679697037E0,-8.5194E0));
#12251=CARTESIAN_POINT('',(-7.406289276141E0,2.651679697037E0,-8.5506E0));
#12252=CARTESIAN_POINT('',(-7.406289276141E0,2.651679697037E0,-8.5402E0));
#12253=CARTESIAN_POINT('',(-7.406289276141E0,2.651679697037E0,-8.5298E0));
#12254=CARTESIAN_POINT('',(-7.406289276141E0,2.651679697037E0,-8.5194E0));
#12255=CARTESIAN_POINT('',(-7.544778323029E0,2.651679697037E0,-8.5506E0));
#12256=CARTESIAN_POINT('',(-7.544778323029E0,2.651679697037E0,-8.5402E0));
#12257=CARTESIAN_POINT('',(-7.544778323029E0,2.651679697037E0,-8.5298E0));
#12258=CARTESIAN_POINT('',(-7.544778323029E0,2.651679697037E0,-8.5194E0));
#12259=CARTESIAN_POINT('',(-7.683267369918E0,2.651679697037E0,-8.5506E0));
#12260=CARTESIAN_POINT('',(-7.683267369918E0,2.651679697037E0,-8.5402E0));
#12261=CARTESIAN_POINT('',(-7.683267369918E0,2.651679697037E0,-8.5298E0));
#12262=CARTESIAN_POINT('',(-7.683267369918E0,2.651679697037E0,-8.5194E0));
#12263=B_SPLINE_SURFACE_WITH_KNOTS('',3,3,((#12247,#12248,#12249,#12250),
(#12251,#12252,#12253,#12254),(#12255,#12256,#12257,#12258),(#12259,#12260,
#12261,#12262)),.UNSPECIFIED.,.F.,.F.,.F.,(4,4),(4,4),(-4.326737010325E-2,
3.721997705613E-1),(-6.000000000032E-4,3.06E-2),.UNSPECIFIED.);
#12264=ORIENTED_EDGE('',*,*,#10567,.T.);
#12266=ORIENTED_EDGE('',*,*,#12265,.F.);
#12268=ORIENTED_EDGE('',*,*,#12267,.F.);
#12269=ORIENTED_EDGE('',*,*,#12239,.T.);
#12270=EDGE_LOOP('',(#12264,#12266,#12268,#12269));
#12271=FACE_OUTER_BOUND('',#12270,.F.);
#12272=ADVANCED_FACE('',(#12271),#12263,.T.);
#12273=CARTESIAN_POINT('',(-6.912756424650E0,1.766156306640E0,-8.5506E0));
#12274=CARTESIAN_POINT('',(-6.912756424650E0,1.766156306640E0,-8.5402E0));
#12275=CARTESIAN_POINT('',(-6.912756424650E0,1.766156306640E0,-8.5298E0));
#12276=CARTESIAN_POINT('',(-6.912756424650E0,1.766156306640E0,-8.5194E0));
#12277=CARTESIAN_POINT('',(-7.051443129316E0,2.074483887479E0,-8.5506E0));
#12278=CARTESIAN_POINT('',(-7.051443129316E0,2.074483887479E0,-8.5402E0));
#12279=CARTESIAN_POINT('',(-7.051443129316E0,2.074483887479E0,-8.5298E0));
#12280=CARTESIAN_POINT('',(-7.051443129316E0,2.074483887479E0,-8.5194E0));
#12281=CARTESIAN_POINT('',(-7.190129833981E0,2.382811468318E0,-8.5506E0));
#12282=CARTESIAN_POINT('',(-7.190129833981E0,2.382811468318E0,-8.5402E0));
#12283=CARTESIAN_POINT('',(-7.190129833981E0,2.382811468318E0,-8.5298E0));
#12284=CARTESIAN_POINT('',(-7.190129833981E0,2.382811468318E0,-8.5194E0));
#12285=CARTESIAN_POINT('',(-7.328816538647E0,2.691139049157E0,-8.5506E0));
#12286=CARTESIAN_POINT('',(-7.328816538647E0,2.691139049157E0,-8.5402E0));
#12287=CARTESIAN_POINT('',(-7.328816538647E0,2.691139049157E0,-8.5298E0));
#12288=CARTESIAN_POINT('',(-7.328816538647E0,2.691139049157E0,-8.5194E0));
#12289=B_SPLINE_SURFACE_WITH_KNOTS('',3,3,((#12273,#12274,#12275,#12276),
(#12277,#12278,#12279,#12280),(#12281,#12282,#12283,#12284),(#12285,#12286,
#12287,#12288)),.UNSPECIFIED.,.F.,.F.,.F.,(4,4),(4,4),(-4.326737010387E-2,
9.709806727409E-1),(-6.000000000005E-4,3.06E-2),.UNSPECIFIED.);
#12290=ORIENTED_EDGE('',*,*,#10565,.F.);
#12292=ORIENTED_EDGE('',*,*,#12291,.F.);
#12294=ORIENTED_EDGE('',*,*,#12293,.F.);
#12295=ORIENTED_EDGE('',*,*,#12265,.T.);
#12296=EDGE_LOOP('',(#12290,#12292,#12294,#12295));
#12297=FACE_OUTER_BOUND('',#12296,.F.);
#12298=ADVANCED_FACE('',(#12297),#12289,.T.);
#12299=CARTESIAN_POINT('',(-6.534789424279E0,2.691182566274E0,-8.5506E0));
#12300=CARTESIAN_POINT('',(-6.534789424279E0,2.691182566274E0,-8.5402E0));
#12301=CARTESIAN_POINT('',(-6.534789424279E0,2.691182566274E0,-8.5298E0));
#12302=CARTESIAN_POINT('',(-6.534789424279E0,2.691182566274E0,-8.5194E0));
#12303=CARTESIAN_POINT('',(-6.672578695330E0,2.382825974024E0,-8.5506E0));
#12304=CARTESIAN_POINT('',(-6.672578695330E0,2.382825974024E0,-8.5402E0));
#12305=CARTESIAN_POINT('',(-6.672578695330E0,2.382825974024E0,-8.5298E0));
#12306=CARTESIAN_POINT('',(-6.672578695330E0,2.382825974024E0,-8.5194E0));
#12307=CARTESIAN_POINT('',(-6.810367966381E0,2.074469381774E0,-8.5506E0));
#12308=CARTESIAN_POINT('',(-6.810367966381E0,2.074469381774E0,-8.5402E0));
#12309=CARTESIAN_POINT('',(-6.810367966381E0,2.074469381774E0,-8.5298E0));
#12310=CARTESIAN_POINT('',(-6.810367966381E0,2.074469381774E0,-8.5194E0));
#12311=CARTESIAN_POINT('',(-6.948157237433E0,1.766112789524E0,-8.5506E0));
#12312=CARTESIAN_POINT('',(-6.948157237433E0,1.766112789524E0,-8.5402E0));
#12313=CARTESIAN_POINT('',(-6.948157237433E0,1.766112789524E0,-8.5298E0));
#12314=CARTESIAN_POINT('',(-6.948157237433E0,1.766112789524E0,-8.5194E0));
#12315=B_SPLINE_SURFACE_WITH_KNOTS('',3,3,((#12299,#12300,#12301,#12302),
(#12303,#12304,#12305,#12306),(#12307,#12308,#12309,#12310),(#12311,#12312,
#12313,#12314)),.UNSPECIFIED.,.F.,.F.,.F.,(4,4),(4,4),(-4.326737010304E-2,
9.699586860206E-1),(-6.000000000005E-4,3.06E-2),.UNSPECIFIED.);
#12316=ORIENTED_EDGE('',*,*,#10563,.F.);
#12318=ORIENTED_EDGE('',*,*,#12317,.F.);
#12320=ORIENTED_EDGE('',*,*,#12319,.F.);
#12321=ORIENTED_EDGE('',*,*,#12291,.T.);
#12322=EDGE_LOOP('',(#12316,#12318,#12320,#12321));
#12323=FACE_OUTER_BOUND('',#12322,.F.);
#12324=ADVANCED_FACE('',(#12323),#12315,.T.);
#12325=CARTESIAN_POINT('',(-6.174412345053E0,2.651679697037E0,-8.5506E0));
#12326=CARTESIAN_POINT('',(-6.174412345053E0,2.651679697037E0,-8.5402E0));
#12327=CARTESIAN_POINT('',(-6.174412345053E0,2.651679697037E0,-8.5298E0));
#12328=CARTESIAN_POINT('',(-6.174412345053E0,2.651679697037E0,-8.5194E0));
#12329=CARTESIAN_POINT('',(-6.314844452660E0,2.651679697037E0,-8.5506E0));
#12330=CARTESIAN_POINT('',(-6.314844452660E0,2.651679697037E0,-8.5402E0));
#12331=CARTESIAN_POINT('',(-6.314844452660E0,2.651679697037E0,-8.5298E0));
#12332=CARTESIAN_POINT('',(-6.314844452660E0,2.651679697037E0,-8.5194E0));
#12333=CARTESIAN_POINT('',(-6.455276560267E0,2.651679697037E0,-8.5506E0));
#12334=CARTESIAN_POINT('',(-6.455276560267E0,2.651679697037E0,-8.5402E0));
#12335=CARTESIAN_POINT('',(-6.455276560267E0,2.651679697037E0,-8.5298E0));
#12336=CARTESIAN_POINT('',(-6.455276560267E0,2.651679697037E0,-8.5194E0));
#12337=CARTESIAN_POINT('',(-6.595708667874E0,2.651679697037E0,-8.5506E0));
#12338=CARTESIAN_POINT('',(-6.595708667874E0,2.651679697037E0,-8.5402E0));
#12339=CARTESIAN_POINT('',(-6.595708667874E0,2.651679697037E0,-8.5298E0));
#12340=CARTESIAN_POINT('',(-6.595708667874E0,2.651679697037E0,-8.5194E0));
#12341=B_SPLINE_SURFACE_WITH_KNOTS('',3,3,((#12325,#12326,#12327,#12328),
(#12329,#12330,#12331,#12332),(#12333,#12334,#12335,#12336),(#12337,#12338,
#12339,#12340)),.UNSPECIFIED.,.F.,.F.,.F.,(4,4),(4,4),(-4.326737010325E-2,
3.780289527163E-1),(-6.000000000005E-4,3.06E-2),.UNSPECIFIED.);
#12342=ORIENTED_EDGE('',*,*,#10561,.T.);
#12344=ORIENTED_EDGE('',*,*,#12343,.F.);
#12346=ORIENTED_EDGE('',*,*,#12345,.F.);
#12347=ORIENTED_EDGE('',*,*,#12317,.T.);
#12348=EDGE_LOOP('',(#12342,#12344,#12346,#12347));
#12349=FACE_OUTER_BOUND('',#12348,.F.);
#12350=ADVANCED_FACE('',(#12349),#12341,.T.);
#12351=CARTESIAN_POINT('',(-6.217679715157E0,2.565109843374E0,-8.5506E0));
#12352=CARTESIAN_POINT('',(-6.217679715157E0,2.565109843374E0,-8.5402E0));
#12353=CARTESIAN_POINT('',(-6.217679715157E0,2.565109843374E0,-8.5298E0));
#12354=CARTESIAN_POINT('',(-6.217679715157E0,2.565109843374E0,-8.5194E0));
#12355=CARTESIAN_POINT('',(-6.217679715157E0,2.608388917963E0,-8.5506E0));
#12356=CARTESIAN_POINT('',(-6.217679715157E0,2.608388917963E0,-8.5402E0));
#12357=CARTESIAN_POINT('',(-6.217679715157E0,2.608388917963E0,-8.5298E0));
#12358=CARTESIAN_POINT('',(-6.217679715157E0,2.608388917963E0,-8.5194E0));
#12359=CARTESIAN_POINT('',(-6.217679715157E0,2.651667992552E0,-8.5506E0));
#12360=CARTESIAN_POINT('',(-6.217679715157E0,2.651667992552E0,-8.5402E0));
#12361=CARTESIAN_POINT('',(-6.217679715157E0,2.651667992552E0,-8.5298E0));
#12362=CARTESIAN_POINT('',(-6.217679715157E0,2.651667992552E0,-8.5194E0));
#12363=CARTESIAN_POINT('',(-6.217679715157E0,2.694947067141E0,-8.5506E0));
#12364=CARTESIAN_POINT('',(-6.217679715157E0,2.694947067141E0,-8.5402E0));
#12365=CARTESIAN_POINT('',(-6.217679715157E0,2.694947067141E0,-8.5298E0));
#12366=CARTESIAN_POINT('',(-6.217679715157E0,2.694947067141E0,-8.5194E0));
#12367=B_SPLINE_SURFACE_WITH_KNOTS('',3,3,((#12351,#12352,#12353,#12354),
(#12355,#12356,#12357,#12358),(#12359,#12360,#12361,#12362),(#12363,#12364,
#12365,#12366)),.UNSPECIFIED.,.F.,.F.,.F.,(4,4),(4,4),(-4.326737010409E-2,
8.656985366309E-2),(-6.000000000005E-4,3.06E-2),.UNSPECIFIED.);
#12368=ORIENTED_EDGE('',*,*,#10559,.T.);
#12370=ORIENTED_EDGE('',*,*,#12369,.F.);
#12372=ORIENTED_EDGE('',*,*,#12371,.F.);
#12373=ORIENTED_EDGE('',*,*,#12343,.T.);
#12374=EDGE_LOOP('',(#12368,#12370,#12372,#12373));
#12375=FACE_OUTER_BOUND('',#12374,.F.);
#12376=ADVANCED_FACE('',(#12375),#12367,.T.);
#12377=CARTESIAN_POINT('',(-6.351483739089E0,2.529636081567E0,-8.5506E0));
#12378=CARTESIAN_POINT('',(-6.351494078847E0,2.529725328506E0,-8.5506E0));
#12379=CARTESIAN_POINT('',(-6.351633353384E0,2.530948417159E0,-8.5506E0));
#12380=CARTESIAN_POINT('',(-6.356063647688E0,2.582280024008E0,-8.5506E0));
#12381=CARTESIAN_POINT('',(-6.297743546006E0,2.607705770810E0,-8.5506E0));
#12382=CARTESIAN_POINT('',(-6.184280430137E0,2.609745331861E0,-8.5506E0));
#12384=DIRECTION('',(0.E0,0.E0,1.E0));
#12385=VECTOR('',#12384,1.E0);
#12386=SURFACE_OF_LINEAR_EXTRUSION('',#12383,#12385);
#12387=ORIENTED_EDGE('',*,*,#10557,.F.);
#12389=ORIENTED_EDGE('',*,*,#12388,.F.);
#12391=ORIENTED_EDGE('',*,*,#12390,.F.);
#12392=ORIENTED_EDGE('',*,*,#12369,.T.);
#12393=EDGE_LOOP('',(#12387,#12389,#12391,#12392));
#12394=FACE_OUTER_BOUND('',#12393,.F.);
#12395=ADVANCED_FACE('',(#12394),#12386,.T.);
#12396=CARTESIAN_POINT('',(-6.366362664030E0,2.396835253971E0,-8.5506E0));
#12397=CARTESIAN_POINT('',(-6.368804981386E0,2.483258144509E0,-8.5506E0));
#12398=CARTESIAN_POINT('',(-6.359461521086E0,2.544004617123E0,-8.5506E0));
#12399=CARTESIAN_POINT('',(-6.336536557478E0,2.579325055677E0,-8.5506E0));
#12401=DIRECTION('',(0.E0,0.E0,1.E0));
#12402=VECTOR('',#12401,1.E0);
#12403=SURFACE_OF_LINEAR_EXTRUSION('',#12400,#12402);
#12404=ORIENTED_EDGE('',*,*,#10555,.F.);
#12406=ORIENTED_EDGE('',*,*,#12405,.F.);
#12408=ORIENTED_EDGE('',*,*,#12407,.F.);
#12409=ORIENTED_EDGE('',*,*,#12388,.T.);
#12410=EDGE_LOOP('',(#12404,#12406,#12408,#12409));
#12411=FACE_OUTER_BOUND('',#12410,.F.);
#12412=ADVANCED_FACE('',(#12411),#12403,.T.);
#12413=CARTESIAN_POINT('',(-6.366740273237E0,1.685736190290E0,-8.5506E0));
#12414=CARTESIAN_POINT('',(-6.366740273237E0,1.685736190290E0,-8.5402E0));
#12415=CARTESIAN_POINT('',(-6.366740273237E0,1.685736190290E0,-8.5298E0));
#12416=CARTESIAN_POINT('',(-6.366740273237E0,1.685736190290E0,-8.5194E0));
#12417=CARTESIAN_POINT('',(-6.366740273237E0,1.945805313210E0,-8.5506E0));
#12418=CARTESIAN_POINT('',(-6.366740273237E0,1.945805313210E0,-8.5402E0));
#12419=CARTESIAN_POINT('',(-6.366740273237E0,1.945805313210E0,-8.5298E0));
#12420=CARTESIAN_POINT('',(-6.366740273237E0,1.945805313210E0,-8.5194E0));
#12421=CARTESIAN_POINT('',(-6.366740273237E0,2.205874436130E0,-8.5506E0));
#12422=CARTESIAN_POINT('',(-6.366740273237E0,2.205874436130E0,-8.5402E0));
#12423=CARTESIAN_POINT('',(-6.366740273237E0,2.205874436130E0,-8.5298E0));
#12424=CARTESIAN_POINT('',(-6.366740273237E0,2.205874436130E0,-8.5194E0));
#12425=CARTESIAN_POINT('',(-6.366740273237E0,2.465943559050E0,-8.5506E0));
#12426=CARTESIAN_POINT('',(-6.366740273237E0,2.465943559050E0,-8.5402E0));
#12427=CARTESIAN_POINT('',(-6.366740273237E0,2.465943559050E0,-8.5298E0));
#12428=CARTESIAN_POINT('',(-6.366740273237E0,2.465943559050E0,-8.5194E0));
#12429=B_SPLINE_SURFACE_WITH_KNOTS('',3,3,((#12413,#12414,#12415,#12416),
(#12417,#12418,#12419,#12420),(#12421,#12422,#12423,#12424),(#12425,#12426,
#12427,#12428)),.UNSPECIFIED.,.F.,.F.,.F.,(4,4),(4,4),(-4.326737010325E-2,
7.369399986553E-1),(-6.000000000032E-4,3.06E-2),.UNSPECIFIED.);
#12430=ORIENTED_EDGE('',*,*,#10553,.T.);
#12432=ORIENTED_EDGE('',*,*,#12431,.F.);
#12434=ORIENTED_EDGE('',*,*,#12433,.F.);
#12435=ORIENTED_EDGE('',*,*,#12405,.T.);
#12436=EDGE_LOOP('',(#12430,#12432,#12434,#12435));
#12437=FACE_OUTER_BOUND('',#12436,.F.);
#12438=ADVANCED_FACE('',(#12437),#12429,.T.);
#12439=CARTESIAN_POINT('',(-6.331403308841E0,1.580108276878E0,-8.5506E0));
#12440=CARTESIAN_POINT('',(-6.355949336252E0,1.601721140242E0,-8.5506E0));
#12441=CARTESIAN_POINT('',(-6.367177033151E0,1.652813405022E0,-8.5506E0));
#12442=CARTESIAN_POINT('',(-6.366727294162E0,1.733633264565E0,-8.5506E0));
#12444=DIRECTION('',(0.E0,0.E0,1.E0));
#12445=VECTOR('',#12444,1.E0);
#12446=SURFACE_OF_LINEAR_EXTRUSION('',#12443,#12445);
#12447=ORIENTED_EDGE('',*,*,#10551,.F.);
#12449=ORIENTED_EDGE('',*,*,#12448,.F.);
#12451=ORIENTED_EDGE('',*,*,#12450,.F.);
#12452=ORIENTED_EDGE('',*,*,#12431,.T.);
#12453=EDGE_LOOP('',(#12447,#12449,#12451,#12452));
#12454=FACE_OUTER_BOUND('',#12453,.F.);
#12455=ADVANCED_FACE('',(#12454),#12446,.T.);
#12456=CARTESIAN_POINT('',(-6.192755616876E0,1.542420545065E0,-8.5506E0));
#12457=CARTESIAN_POINT('',(-6.275176423022E0,1.543282275600E0,-8.5506E0));
#12458=CARTESIAN_POINT('',(-6.327615701847E0,1.562808582099E0,-8.5506E0));
#12459=CARTESIAN_POINT('',(-6.349427037125E0,1.603013363791E0,-8.5506E0));
#12460=CARTESIAN_POINT('',(-6.349663361304E0,1.603458322225E0,-8.5506E0));
#12462=DIRECTION('',(0.E0,0.E0,1.E0));
#12463=VECTOR('',#12462,1.E0);
#12464=SURFACE_OF_LINEAR_EXTRUSION('',#12461,#12463);
#12465=ORIENTED_EDGE('',*,*,#10549,.F.);
#12467=ORIENTED_EDGE('',*,*,#12466,.F.);
#12469=ORIENTED_EDGE('',*,*,#12468,.F.);
#12470=ORIENTED_EDGE('',*,*,#12448,.T.);
#12471=EDGE_LOOP('',(#12465,#12467,#12469,#12470));
#12472=FACE_OUTER_BOUND('',#12471,.F.);
#12473=ADVANCED_FACE('',(#12472),#12464,.T.);
#12474=CARTESIAN_POINT('',(-6.217679715157E0,1.456732629896E0,-8.5506E0));
#12475=CARTESIAN_POINT('',(-6.217679715157E0,1.456732629896E0,-8.5402E0));
#12476=CARTESIAN_POINT('',(-6.217679715157E0,1.456732629896E0,-8.5298E0));
#12477=CARTESIAN_POINT('',(-6.217679715157E0,1.456732629896E0,-8.5194E0));
#12478=CARTESIAN_POINT('',(-6.217679715157E0,1.500011707391E0,-8.5506E0));
#12479=CARTESIAN_POINT('',(-6.217679715157E0,1.500011707391E0,-8.5402E0));
#12480=CARTESIAN_POINT('',(-6.217679715157E0,1.500011707391E0,-8.5298E0));
#12481=CARTESIAN_POINT('',(-6.217679715157E0,1.500011707391E0,-8.5194E0));
#12482=CARTESIAN_POINT('',(-6.217679715157E0,1.543290784885E0,-8.5506E0));
#12483=CARTESIAN_POINT('',(-6.217679715157E0,1.543290784885E0,-8.5402E0));
#12484=CARTESIAN_POINT('',(-6.217679715157E0,1.543290784885E0,-8.5298E0));
#12485=CARTESIAN_POINT('',(-6.217679715157E0,1.543290784885E0,-8.5194E0));
#12486=CARTESIAN_POINT('',(-6.217679715157E0,1.586569862380E0,-8.5506E0));
#12487=CARTESIAN_POINT('',(-6.217679715157E0,1.586569862380E0,-8.5402E0));
#12488=CARTESIAN_POINT('',(-6.217679715157E0,1.586569862380E0,-8.5298E0));
#12489=CARTESIAN_POINT('',(-6.217679715157E0,1.586569862380E0,-8.5194E0));
#12490=B_SPLINE_SURFACE_WITH_KNOTS('',3,3,((#12474,#12475,#12476,#12477),
(#12478,#12479,#12480,#12481),(#12482,#12483,#12484,#12485),(#12486,#12487,
#12488,#12489)),.UNSPECIFIED.,.F.,.F.,.F.,(4,4),(4,4),(-4.326737010219E-2,
8.656986237819E-2),(-6.000000000032E-4,3.06E-2),.UNSPECIFIED.);
#12491=ORIENTED_EDGE('',*,*,#10547,.T.);
#12493=ORIENTED_EDGE('',*,*,#12492,.F.);
#12495=ORIENTED_EDGE('',*,*,#12494,.F.);
#12496=ORIENTED_EDGE('',*,*,#12466,.T.);
#12497=EDGE_LOOP('',(#12491,#12493,#12495,#12496));
#12498=FACE_OUTER_BOUND('',#12497,.F.);
#12499=ADVANCED_FACE('',(#12498),#12490,.T.);
#12500=CARTESIAN_POINT('',(-6.738939943551E0,1.5E0,-8.5506E0));
#12501=CARTESIAN_POINT('',(-6.738939943551E0,1.5E0,-8.5402E0));
#12502=CARTESIAN_POINT('',(-6.738939943551E0,1.5E0,-8.5298E0));
#12503=CARTESIAN_POINT('',(-6.738939943551E0,1.5E0,-8.5194E0));
#12504=CARTESIAN_POINT('',(-6.550764077385E0,1.5E0,-8.5506E0));
#12505=CARTESIAN_POINT('',(-6.550764077385E0,1.5E0,-8.5402E0));
#12506=CARTESIAN_POINT('',(-6.550764077385E0,1.5E0,-8.5298E0));
#12507=CARTESIAN_POINT('',(-6.550764077385E0,1.5E0,-8.5194E0));
#12508=CARTESIAN_POINT('',(-6.362588211219E0,1.5E0,-8.5506E0));
#12509=CARTESIAN_POINT('',(-6.362588211219E0,1.5E0,-8.5402E0));
#12510=CARTESIAN_POINT('',(-6.362588211219E0,1.5E0,-8.5298E0));
#12511=CARTESIAN_POINT('',(-6.362588211219E0,1.5E0,-8.5194E0));
#12512=CARTESIAN_POINT('',(-6.174412345053E0,1.5E0,-8.5506E0));
#12513=CARTESIAN_POINT('',(-6.174412345053E0,1.5E0,-8.5402E0));
#12514=CARTESIAN_POINT('',(-6.174412345053E0,1.5E0,-8.5298E0));
#12515=CARTESIAN_POINT('',(-6.174412345053E0,1.5E0,-8.5194E0));
#12516=B_SPLINE_SURFACE_WITH_KNOTS('',3,3,((#12500,#12501,#12502,#12503),
(#12504,#12505,#12506,#12507),(#12508,#12509,#12510,#12511),(#12512,#12513,
#12514,#12515)),.UNSPECIFIED.,.F.,.F.,.F.,(4,4),(4,4),(-4.326737010325E-2,
5.212602283933E-1),(-6.000000000005E-4,3.06E-2),.UNSPECIFIED.);
#12517=ORIENTED_EDGE('',*,*,#10545,.T.);
#12519=ORIENTED_EDGE('',*,*,#12518,.F.);
#12521=ORIENTED_EDGE('',*,*,#12520,.F.);
#12522=ORIENTED_EDGE('',*,*,#12492,.T.);
#12523=EDGE_LOOP('',(#12517,#12519,#12521,#12522));
#12524=FACE_OUTER_BOUND('',#12523,.F.);
#12525=ADVANCED_FACE('',(#12524),#12516,.T.);
#12526=CARTESIAN_POINT('',(-6.695672573447E0,1.586569862380E0,-8.5506E0));
#12527=CARTESIAN_POINT('',(-6.695672573447E0,1.586569862380E0,-8.5402E0));
#12528=CARTESIAN_POINT('',(-6.695672573447E0,1.586569862380E0,-8.5298E0));
#12529=CARTESIAN_POINT('',(-6.695672573447E0,1.586569862380E0,-8.5194E0));
#12530=CARTESIAN_POINT('',(-6.695672573447E0,1.543290784885E0,-8.5506E0));
#12531=CARTESIAN_POINT('',(-6.695672573447E0,1.543290784885E0,-8.5402E0));
#12532=CARTESIAN_POINT('',(-6.695672573447E0,1.543290784885E0,-8.5298E0));
#12533=CARTESIAN_POINT('',(-6.695672573447E0,1.543290784885E0,-8.5194E0));
#12534=CARTESIAN_POINT('',(-6.695672573447E0,1.500011707391E0,-8.5506E0));
#12535=CARTESIAN_POINT('',(-6.695672573447E0,1.500011707391E0,-8.5402E0));
#12536=CARTESIAN_POINT('',(-6.695672573447E0,1.500011707391E0,-8.5298E0));
#12537=CARTESIAN_POINT('',(-6.695672573447E0,1.500011707391E0,-8.5194E0));
#12538=CARTESIAN_POINT('',(-6.695672573447E0,1.456732629896E0,-8.5506E0));
#12539=CARTESIAN_POINT('',(-6.695672573447E0,1.456732629896E0,-8.5402E0));
#12540=CARTESIAN_POINT('',(-6.695672573447E0,1.456732629896E0,-8.5298E0));
#12541=CARTESIAN_POINT('',(-6.695672573447E0,1.456732629896E0,-8.5194E0));
#12542=B_SPLINE_SURFACE_WITH_KNOTS('',3,3,((#12526,#12527,#12528,#12529),
(#12530,#12531,#12532,#12533),(#12534,#12535,#12536,#12537),(#12538,#12539,
#12540,#12541)),.UNSPECIFIED.,.F.,.F.,.F.,(4,4),(4,4),(-4.326737010219E-2,
8.656986237819E-2),(-6.000000000032E-4,3.06E-2),.UNSPECIFIED.);
#12543=ORIENTED_EDGE('',*,*,#10543,.T.);
#12545=ORIENTED_EDGE('',*,*,#12544,.F.);
#12547=ORIENTED_EDGE('',*,*,#12546,.F.);
#12548=ORIENTED_EDGE('',*,*,#12518,.T.);
#12549=EDGE_LOOP('',(#12543,#12545,#12547,#12548));
#12550=FACE_OUTER_BOUND('',#12549,.F.);
#12551=ADVANCED_FACE('',(#12550),#12542,.T.);
#12552=CARTESIAN_POINT('',(-6.565839014029E0,1.611819111660E0,-8.5506E0));
#12553=CARTESIAN_POINT('',(-6.580322690125E0,1.561670706503E0,-8.5506E0));
#12554=CARTESIAN_POINT('',(-6.633097005615E0,1.537906915505E0,-8.5506E0));
#12555=CARTESIAN_POINT('',(-6.723410187011E0,1.544332996349E0,-8.5506E0));
#12557=DIRECTION('',(0.E0,0.E0,1.E0));
#12558=VECTOR('',#12557,1.E0);
#12559=SURFACE_OF_LINEAR_EXTRUSION('',#12556,#12558);
#12560=ORIENTED_EDGE('',*,*,#10541,.F.);
#12562=ORIENTED_EDGE('',*,*,#12561,.F.);
#12564=ORIENTED_EDGE('',*,*,#12563,.F.);
#12565=ORIENTED_EDGE('',*,*,#12544,.T.);
#12566=EDGE_LOOP('',(#12560,#12562,#12564,#12565));
#12567=FACE_OUTER_BOUND('',#12566,.F.);
#12568=ADVANCED_FACE('',(#12567),#12559,.T.);
#12569=CARTESIAN_POINT('',(-6.547155812863E0,1.755445990654E0,-8.5506E0));
#12570=CARTESIAN_POINT('',(-6.543368510596E0,1.660324572504E0,-8.5506E0));
#12571=CARTESIAN_POINT('',(-6.559578485762E0,1.597329508177E0,-8.5506E0));
#12572=CARTESIAN_POINT('',(-6.594500609852E0,1.568315590871E0,-8.5506E0));
#12573=CARTESIAN_POINT('',(-6.594856458276E0,1.568025032111E0,-8.5506E0));
#12575=DIRECTION('',(0.E0,0.E0,1.E0));
#12576=VECTOR('',#12575,1.E0);
#12577=SURFACE_OF_LINEAR_EXTRUSION('',#12574,#12576);
#12578=ORIENTED_EDGE('',*,*,#10539,.F.);
#12580=ORIENTED_EDGE('',*,*,#12579,.F.);
#12582=ORIENTED_EDGE('',*,*,#12581,.F.);
#12583=ORIENTED_EDGE('',*,*,#12561,.T.);
#12584=EDGE_LOOP('',(#12578,#12580,#12582,#12583));
#12585=FACE_OUTER_BOUND('',#12584,.F.);
#12586=ADVANCED_FACE('',(#12585),#12577,.T.);
#12587=CARTESIAN_POINT('',(-6.546612085104E0,2.505915034055E0,-8.5506E0));
#12588=CARTESIAN_POINT('',(-6.546612085104E0,2.505915034055E0,-8.5402E0));
#12589=CARTESIAN_POINT('',(-6.546612085104E0,2.505915034055E0,-8.5298E0));
#12590=CARTESIAN_POINT('',(-6.546612085104E0,2.505915034055E0,-8.5194E0));
#12591=CARTESIAN_POINT('',(-6.546612085104E0,2.232522086133E0,-8.5506E0));
#12592=CARTESIAN_POINT('',(-6.546612085104E0,2.232522086133E0,-8.5402E0));
#12593=CARTESIAN_POINT('',(-6.546612085104E0,2.232522086133E0,-8.5298E0));
#12594=CARTESIAN_POINT('',(-6.546612085104E0,2.232522086133E0,-8.5194E0));
#12595=CARTESIAN_POINT('',(-6.546612085104E0,1.959129138212E0,-8.5506E0));
#12596=CARTESIAN_POINT('',(-6.546612085104E0,1.959129138212E0,-8.5402E0));
#12597=CARTESIAN_POINT('',(-6.546612085104E0,1.959129138212E0,-8.5298E0));
#12598=CARTESIAN_POINT('',(-6.546612085104E0,1.959129138212E0,-8.5194E0));
#12599=CARTESIAN_POINT('',(-6.546612085104E0,1.685736190290E0,-8.5506E0));
#12600=CARTESIAN_POINT('',(-6.546612085104E0,1.685736190290E0,-8.5402E0));
#12601=CARTESIAN_POINT('',(-6.546612085104E0,1.685736190290E0,-8.5298E0));
#12602=CARTESIAN_POINT('',(-6.546612085104E0,1.685736190290E0,-8.5194E0));
#12603=B_SPLINE_SURFACE_WITH_KNOTS('',3,3,((#12587,#12588,#12589,#12590),
(#12591,#12592,#12593,#12594),(#12595,#12596,#12597,#12598),(#12599,#12600,
#12601,#12602)),.UNSPECIFIED.,.F.,.F.,.F.,(4,4),(4,4),(-4.326737010325E-2,
7.769114736603E-1),(-6.000000000032E-4,3.06E-2),.UNSPECIFIED.);
#12604=ORIENTED_EDGE('',*,*,#10537,.T.);
#12606=ORIENTED_EDGE('',*,*,#12605,.F.);
#12608=ORIENTED_EDGE('',*,*,#12607,.F.);
#12609=ORIENTED_EDGE('',*,*,#12579,.T.);
#12610=EDGE_LOOP('',(#12604,#12606,#12608,#12609));
#12611=FACE_OUTER_BOUND('',#12610,.F.);
#12612=ADVANCED_FACE('',(#12611),#12603,.T.);
#12613=CARTESIAN_POINT('',(-6.990496839309E0,1.460439231356E0,-8.5506E0));
#12614=CARTESIAN_POINT('',(-6.990496839309E0,1.460439231356E0,-8.5402E0));
#12615=CARTESIAN_POINT('',(-6.990496839309E0,1.460439231356E0,-8.5298E0));
#12616=CARTESIAN_POINT('',(-6.990496839309E0,1.460439231356E0,-8.5194E0));
#12617=CARTESIAN_POINT('',(-6.836694679070E0,1.807695631769E0,-8.5506E0));
#12618=CARTESIAN_POINT('',(-6.836694679070E0,1.807695631769E0,-8.5402E0));
#12619=CARTESIAN_POINT('',(-6.836694679070E0,1.807695631769E0,-8.5298E0));
#12620=CARTESIAN_POINT('',(-6.836694679070E0,1.807695631769E0,-8.5194E0));
#12621=CARTESIAN_POINT('',(-6.682892518830E0,2.154952032182E0,-8.5506E0));
#12622=CARTESIAN_POINT('',(-6.682892518830E0,2.154952032182E0,-8.5402E0));
#12623=CARTESIAN_POINT('',(-6.682892518830E0,2.154952032182E0,-8.5298E0));
#12624=CARTESIAN_POINT('',(-6.682892518830E0,2.154952032182E0,-8.5194E0));
#12625=CARTESIAN_POINT('',(-6.529090358591E0,2.502208432595E0,-8.5506E0));
#12626=CARTESIAN_POINT('',(-6.529090358591E0,2.502208432595E0,-8.5402E0));
#12627=CARTESIAN_POINT('',(-6.529090358591E0,2.502208432595E0,-8.5298E0));
#12628=CARTESIAN_POINT('',(-6.529090358591E0,2.502208432595E0,-8.5194E0));
#12629=B_SPLINE_SURFACE_WITH_KNOTS('',3,3,((#12613,#12614,#12615,#12616),
(#12617,#12618,#12619,#12620),(#12621,#12622,#12623,#12624),(#12625,#12626,
#12627,#12628)),.UNSPECIFIED.,.F.,.F.,.F.,(4,4),(4,4),(-4.326737010379E-2,
1.096109217815E0),(-6.000000000005E-4,3.06E-2),.UNSPECIFIED.);
#12630=ORIENTED_EDGE('',*,*,#10535,.F.);
#12632=ORIENTED_EDGE('',*,*,#12631,.F.);
#12634=ORIENTED_EDGE('',*,*,#12633,.F.);
#12635=ORIENTED_EDGE('',*,*,#12605,.T.);
#12636=EDGE_LOOP('',(#12630,#12632,#12634,#12635));
#12637=FACE_OUTER_BOUND('',#12636,.F.);
#12638=ADVANCED_FACE('',(#12637),#12629,.T.);
#12639=CARTESIAN_POINT('',(-6.995908768809E0,1.5E0,-8.5506E0));
#12640=CARTESIAN_POINT('',(-6.995908768809E0,1.5E0,-8.5402E0));
#12641=CARTESIAN_POINT('',(-6.995908768809E0,1.5E0,-8.5298E0));
#12642=CARTESIAN_POINT('',(-6.995908768809E0,1.5E0,-8.5194E0));
#12643=CARTESIAN_POINT('',(-6.988114323628E0,1.5E0,-8.5506E0));
#12644=CARTESIAN_POINT('',(-6.988114323628E0,1.5E0,-8.5402E0));
#12645=CARTESIAN_POINT('',(-6.988114323628E0,1.5E0,-8.5298E0));
#12646=CARTESIAN_POINT('',(-6.988114323628E0,1.5E0,-8.5194E0));
#12647=CARTESIAN_POINT('',(-6.980319878447E0,1.5E0,-8.5506E0));
#12648=CARTESIAN_POINT('',(-6.980319878447E0,1.5E0,-8.5402E0));
#12649=CARTESIAN_POINT('',(-6.980319878447E0,1.5E0,-8.5298E0));
#12650=CARTESIAN_POINT('',(-6.980319878447E0,1.5E0,-8.5194E0));
#12651=CARTESIAN_POINT('',(-6.972525433266E0,1.5E0,-8.5506E0));
#12652=CARTESIAN_POINT('',(-6.972525433266E0,1.5E0,-8.5402E0));
#12653=CARTESIAN_POINT('',(-6.972525433266E0,1.5E0,-8.5298E0));
#12654=CARTESIAN_POINT('',(-6.972525433266E0,1.5E0,-8.5194E0));
#12655=B_SPLINE_SURFACE_WITH_KNOTS('',3,3,((#12639,#12640,#12641,#12642),
(#12643,#12644,#12645,#12646),(#12647,#12648,#12649,#12650),(#12651,#12652,
#12653,#12654)),.UNSPECIFIED.,.F.,.F.,.F.,(4,4),(4,4),(-4.496795296591E-4,
2.293365601266E-2),(-6.E-4,3.06E-2),.UNSPECIFIED.);
#12656=ORIENTED_EDGE('',*,*,#10533,.T.);
#12658=ORIENTED_EDGE('',*,*,#12657,.F.);
#12660=ORIENTED_EDGE('',*,*,#12659,.F.);
#12661=ORIENTED_EDGE('',*,*,#12631,.T.);
#12662=EDGE_LOOP('',(#12656,#12658,#12660,#12661));
#12663=FACE_OUTER_BOUND('',#12662,.F.);
#12664=ADVANCED_FACE('',(#12663),#12655,.T.);
#12665=CARTESIAN_POINT('',(-7.424679720564E0,2.447934663662E0,-8.5506E0));
#12666=CARTESIAN_POINT('',(-7.424679720564E0,2.447934663662E0,-8.5402E0));
#12667=CARTESIAN_POINT('',(-7.424679720564E0,2.447934663662E0,-8.5298E0));
#12668=CARTESIAN_POINT('',(-7.424679720564E0,2.447934663662E0,-8.5194E0));
#12669=CARTESIAN_POINT('',(-7.275657181744E0,2.118818074388E0,-8.5506E0));
#12670=CARTESIAN_POINT('',(-7.275657181744E0,2.118818074388E0,-8.5402E0));
#12671=CARTESIAN_POINT('',(-7.275657181744E0,2.118818074388E0,-8.5298E0));
#12672=CARTESIAN_POINT('',(-7.275657181744E0,2.118818074388E0,-8.5194E0));
#12673=CARTESIAN_POINT('',(-7.126634642924E0,1.789701485115E0,-8.5506E0));
#12674=CARTESIAN_POINT('',(-7.126634642924E0,1.789701485115E0,-8.5402E0));
#12675=CARTESIAN_POINT('',(-7.126634642924E0,1.789701485115E0,-8.5298E0));
#12676=CARTESIAN_POINT('',(-7.126634642924E0,1.789701485115E0,-8.5194E0));
#12677=CARTESIAN_POINT('',(-6.977612104104E0,1.460584895841E0,-8.5506E0));
#12678=CARTESIAN_POINT('',(-6.977612104104E0,1.460584895841E0,-8.5402E0));
#12679=CARTESIAN_POINT('',(-6.977612104104E0,1.460584895841E0,-8.5298E0));
#12680=CARTESIAN_POINT('',(-6.977612104104E0,1.460584895841E0,-8.5194E0));
#12681=B_SPLINE_SURFACE_WITH_KNOTS('',3,3,((#12665,#12666,#12667,#12668),
(#12669,#12670,#12671,#12672),(#12673,#12674,#12675,#12676),(#12677,#12678,
#12679,#12680)),.UNSPECIFIED.,.F.,.F.,.F.,(4,4),(4,4),(-4.326737010350E-2,
1.040581797310E0),(-6.000000000005E-4,3.06E-2),.UNSPECIFIED.);
#12682=ORIENTED_EDGE('',*,*,#10531,.F.);
#12684=ORIENTED_EDGE('',*,*,#12683,.F.);
#12686=ORIENTED_EDGE('',*,*,#12685,.F.);
#12687=ORIENTED_EDGE('',*,*,#12657,.T.);
#12688=EDGE_LOOP('',(#12682,#12684,#12686,#12687));
#12689=FACE_OUTER_BOUND('',#12688,.F.);
#12690=ADVANCED_FACE('',(#12689),#12681,.T.);
#12691=CARTESIAN_POINT('',(-7.406832735389E0,1.685736190292E0,-8.5506E0));
#12692=CARTESIAN_POINT('',(-7.406832735389E0,1.685736190292E0,-8.5402E0));
#12693=CARTESIAN_POINT('',(-7.406832735389E0,1.685736190292E0,-8.5298E0));
#12694=CARTESIAN_POINT('',(-7.406832735389E0,1.685736190292E0,-8.5194E0));
#12695=CARTESIAN_POINT('',(-7.406832735389E0,1.941086436730E0,-8.5506E0));
#12696=CARTESIAN_POINT('',(-7.406832735389E0,1.941086436730E0,-8.5402E0));
#12697=CARTESIAN_POINT('',(-7.406832735389E0,1.941086436730E0,-8.5298E0));
#12698=CARTESIAN_POINT('',(-7.406832735389E0,1.941086436730E0,-8.5194E0));
#12699=CARTESIAN_POINT('',(-7.406832735389E0,2.196436683169E0,-8.5506E0));
#12700=CARTESIAN_POINT('',(-7.406832735389E0,2.196436683169E0,-8.5402E0));
#12701=CARTESIAN_POINT('',(-7.406832735389E0,2.196436683169E0,-8.5298E0));
#12702=CARTESIAN_POINT('',(-7.406832735389E0,2.196436683169E0,-8.5194E0));
#12703=CARTESIAN_POINT('',(-7.406832735389E0,2.451786929607E0,-8.5506E0));
#12704=CARTESIAN_POINT('',(-7.406832735389E0,2.451786929607E0,-8.5402E0));
#12705=CARTESIAN_POINT('',(-7.406832735389E0,2.451786929607E0,-8.5298E0));
#12706=CARTESIAN_POINT('',(-7.406832735389E0,2.451786929607E0,-8.5194E0));
#12707=B_SPLINE_SURFACE_WITH_KNOTS('',3,3,((#12691,#12692,#12693,#12694),
(#12695,#12696,#12697,#12698),(#12699,#12700,#12701,#12702),(#12703,#12704,
#12705,#12706)),.UNSPECIFIED.,.F.,.F.,.F.,(4,4),(4,4),(-4.326737010125E-2,
7.227833692123E-1),(-6.000000000005E-4,3.06E-2),.UNSPECIFIED.);
#12708=ORIENTED_EDGE('',*,*,#10529,.T.);
#12710=ORIENTED_EDGE('',*,*,#12709,.F.);
#12712=ORIENTED_EDGE('',*,*,#12711,.F.);
#12713=ORIENTED_EDGE('',*,*,#12683,.T.);
#12714=EDGE_LOOP('',(#12708,#12710,#12712,#12713));
#12715=FACE_OUTER_BOUND('',#12714,.F.);
#12716=ADVANCED_FACE('',(#12715),#12707,.T.);
#12717=CARTESIAN_POINT('',(-7.373043793639E0,1.573156550988E0,-8.5506E0));
#12718=CARTESIAN_POINT('',(-7.396011463514E0,1.589022594823E0,-8.5506E0));
#12719=CARTESIAN_POINT('',(-7.407270089743E0,1.642717681774E0,-8.5506E0));
#12720=CARTESIAN_POINT('',(-7.406819744666E0,1.734241829581E0,-8.5506E0));
#12722=DIRECTION('',(0.E0,0.E0,1.E0));
#12723=VECTOR('',#12722,1.E0);
#12724=SURFACE_OF_LINEAR_EXTRUSION('',#12721,#12723);
#12725=ORIENTED_EDGE('',*,*,#10527,.F.);
#12727=ORIENTED_EDGE('',*,*,#12726,.F.);
#12729=ORIENTED_EDGE('',*,*,#12728,.F.);
#12730=ORIENTED_EDGE('',*,*,#12709,.T.);
#12731=EDGE_LOOP('',(#12725,#12727,#12729,#12730));
#12732=FACE_OUTER_BOUND('',#12731,.F.);
#12733=ADVANCED_FACE('',(#12732),#12724,.T.);
#12734=CARTESIAN_POINT('',(-7.225929271166E0,1.542241033401E0,-8.5506E0));
#12735=CARTESIAN_POINT('',(-7.235847589091E0,1.542332618290E0,-8.5506E0));
#12736=CARTESIAN_POINT('',(-7.306836342398E0,1.544519949897E0,-8.5506E0));
#12737=CARTESIAN_POINT('',(-7.366841623149E0,1.561162025507E0,-8.5506E0));
#12738=CARTESIAN_POINT('',(-7.387614318120E0,1.586969683947E0,-8.5506E0));
#12739=CARTESIAN_POINT('',(-7.390681121548E0,1.593791432200E0,-8.5506E0));
#12741=DIRECTION('',(0.E0,0.E0,1.E0));
#12742=VECTOR('',#12741,1.E0);
#12743=SURFACE_OF_LINEAR_EXTRUSION('',#12740,#12742);
#12744=ORIENTED_EDGE('',*,*,#10525,.F.);
#12746=ORIENTED_EDGE('',*,*,#12745,.F.);
#12748=ORIENTED_EDGE('',*,*,#12747,.F.);
#12749=ORIENTED_EDGE('',*,*,#12726,.T.);
#12750=EDGE_LOOP('',(#12744,#12746,#12748,#12749));
#12751=FACE_OUTER_BOUND('',#12750,.F.);
#12752=ADVANCED_FACE('',(#12751),#12743,.T.);
#12753=CARTESIAN_POINT('',(-7.257772229612E0,1.456732629896E0,-8.5506E0));
#12754=CARTESIAN_POINT('',(-7.257772229612E0,1.456732629896E0,-8.5402E0));
#12755=CARTESIAN_POINT('',(-7.257772229612E0,1.456732629896E0,-8.5298E0));
#12756=CARTESIAN_POINT('',(-7.257772229612E0,1.456732629896E0,-8.5194E0));
#12757=CARTESIAN_POINT('',(-7.257772229612E0,1.500011707391E0,-8.5506E0));
#12758=CARTESIAN_POINT('',(-7.257772229612E0,1.500011707391E0,-8.5402E0));
#12759=CARTESIAN_POINT('',(-7.257772229612E0,1.500011707391E0,-8.5298E0));
#12760=CARTESIAN_POINT('',(-7.257772229612E0,1.500011707391E0,-8.5194E0));
#12761=CARTESIAN_POINT('',(-7.257772229612E0,1.543290784885E0,-8.5506E0));
#12762=CARTESIAN_POINT('',(-7.257772229612E0,1.543290784885E0,-8.5402E0));
#12763=CARTESIAN_POINT('',(-7.257772229612E0,1.543290784885E0,-8.5298E0));
#12764=CARTESIAN_POINT('',(-7.257772229612E0,1.543290784885E0,-8.5194E0));
#12765=CARTESIAN_POINT('',(-7.257772229612E0,1.586569862380E0,-8.5506E0));
#12766=CARTESIAN_POINT('',(-7.257772229612E0,1.586569862380E0,-8.5402E0));
#12767=CARTESIAN_POINT('',(-7.257772229612E0,1.586569862380E0,-8.5298E0));
#12768=CARTESIAN_POINT('',(-7.257772229612E0,1.586569862380E0,-8.5194E0));
#12769=B_SPLINE_SURFACE_WITH_KNOTS('',3,3,((#12753,#12754,#12755,#12756),
(#12757,#12758,#12759,#12760),(#12761,#12762,#12763,#12764),(#12765,#12766,
#12767,#12768)),.UNSPECIFIED.,.F.,.F.,.F.,(4,4),(4,4),(-4.326737010219E-2,
8.656986237819E-2),(-6.000000000032E-4,3.06E-2),.UNSPECIFIED.);
#12770=ORIENTED_EDGE('',*,*,#10523,.T.);
#12772=ORIENTED_EDGE('',*,*,#12771,.F.);
#12774=ORIENTED_EDGE('',*,*,#12773,.F.);
#12775=ORIENTED_EDGE('',*,*,#12745,.T.);
#12776=EDGE_LOOP('',(#12770,#12772,#12774,#12775));
#12777=FACE_OUTER_BOUND('',#12776,.F.);
#12778=ADVANCED_FACE('',(#12777),#12769,.T.);
#12779=CARTESIAN_POINT('',(-7.683267369918E0,1.5E0,-8.5506E0));
#12780=CARTESIAN_POINT('',(-7.683267369918E0,1.5E0,-8.5402E0));
#12781=CARTESIAN_POINT('',(-7.683267369918E0,1.5E0,-8.5298E0));
#12782=CARTESIAN_POINT('',(-7.683267369918E0,1.5E0,-8.5194E0));
#12783=CARTESIAN_POINT('',(-7.527013199781E0,1.5E0,-8.5506E0));
#12784=CARTESIAN_POINT('',(-7.527013199781E0,1.5E0,-8.5402E0));
#12785=CARTESIAN_POINT('',(-7.527013199781E0,1.5E0,-8.5298E0));
#12786=CARTESIAN_POINT('',(-7.527013199781E0,1.5E0,-8.5194E0));
#12787=CARTESIAN_POINT('',(-7.370759029645E0,1.5E0,-8.5506E0));
#12788=CARTESIAN_POINT('',(-7.370759029645E0,1.5E0,-8.5402E0));
#12789=CARTESIAN_POINT('',(-7.370759029645E0,1.5E0,-8.5298E0));
#12790=CARTESIAN_POINT('',(-7.370759029645E0,1.5E0,-8.5194E0));
#12791=CARTESIAN_POINT('',(-7.214504859508E0,1.5E0,-8.5506E0));
#12792=CARTESIAN_POINT('',(-7.214504859508E0,1.5E0,-8.5402E0));
#12793=CARTESIAN_POINT('',(-7.214504859508E0,1.5E0,-8.5298E0));
#12794=CARTESIAN_POINT('',(-7.214504859508E0,1.5E0,-8.5194E0));
#12795=B_SPLINE_SURFACE_WITH_KNOTS('',3,3,((#12779,#12780,#12781,#12782),
(#12783,#12784,#12785,#12786),(#12787,#12788,#12789,#12790),(#12791,#12792,
#12793,#12794)),.UNSPECIFIED.,.F.,.F.,.F.,(4,4),(4,4),(-4.326737010325E-2,
4.254951403053E-1),(-6.000000000005E-4,3.06E-2),.UNSPECIFIED.);
#12796=ORIENTED_EDGE('',*,*,#10521,.T.);
#12797=ORIENTED_EDGE('',*,*,#12120,.T.);
#12799=ORIENTED_EDGE('',*,*,#12798,.F.);
#12800=ORIENTED_EDGE('',*,*,#12771,.T.);
#12801=EDGE_LOOP('',(#12796,#12797,#12799,#12800));
#12802=FACE_OUTER_BOUND('',#12801,.F.);
#12803=ADVANCED_FACE('',(#12802),#12795,.T.);
#12804=CARTESIAN_POINT('',(-7.683267369918E0,1.456732629896E0,-8.52E0));
#12805=CARTESIAN_POINT('',(-7.683267369918E0,1.869470775644E0,-8.52E0));
#12806=CARTESIAN_POINT('',(-7.683267369918E0,2.282208921393E0,-8.52E0));
#12807=CARTESIAN_POINT('',(-7.683267369918E0,2.694947067141E0,-8.52E0));
#12808=CARTESIAN_POINT('',(-7.180315694963E0,1.456732629896E0,-8.52E0));
#12809=CARTESIAN_POINT('',(-7.180315694963E0,1.869470775644E0,-8.52E0));
#12810=CARTESIAN_POINT('',(-7.180315694963E0,2.282208921393E0,-8.52E0));
#12811=CARTESIAN_POINT('',(-7.180315694963E0,2.694947067141E0,-8.52E0));
#12812=CARTESIAN_POINT('',(-6.677364020008E0,1.456732629896E0,-8.52E0));
#12813=CARTESIAN_POINT('',(-6.677364020008E0,1.869470775644E0,-8.52E0));
#12814=CARTESIAN_POINT('',(-6.677364020008E0,2.282208921393E0,-8.52E0));
#12815=CARTESIAN_POINT('',(-6.677364020008E0,2.694947067141E0,-8.52E0));
#12816=CARTESIAN_POINT('',(-6.174412345053E0,1.456732629896E0,-8.52E0));
#12817=CARTESIAN_POINT('',(-6.174412345053E0,1.869470775644E0,-8.52E0));
#12818=CARTESIAN_POINT('',(-6.174412345053E0,2.282208921393E0,-8.52E0));
#12819=CARTESIAN_POINT('',(-6.174412345053E0,2.694947067141E0,-8.52E0));
#12820=B_SPLINE_SURFACE_WITH_KNOTS('',3,3,((#12804,#12805,#12806,#12807),
(#12808,#12809,#12810,#12811),(#12812,#12813,#12814,#12815),(#12816,#12817,
#12818,#12819)),.UNSPECIFIED.,.F.,.F.,.F.,(4,4),(4,4),(-7.683267369918E0,
-6.174412345053E0),(5.356732629896E0,6.594947067141E0),.UNSPECIFIED.);
#12821=ORIENTED_EDGE('',*,*,#12118,.T.);
#12822=ORIENTED_EDGE('',*,*,#12137,.T.);
#12823=ORIENTED_EDGE('',*,*,#12154,.T.);
#12824=ORIENTED_EDGE('',*,*,#12180,.T.);
#12825=ORIENTED_EDGE('',*,*,#12197,.T.);
#12826=ORIENTED_EDGE('',*,*,#12215,.T.);
#12827=ORIENTED_EDGE('',*,*,#12241,.T.);
#12828=ORIENTED_EDGE('',*,*,#12267,.T.);
#12829=ORIENTED_EDGE('',*,*,#12293,.T.);
#12830=ORIENTED_EDGE('',*,*,#12319,.T.);
#12831=ORIENTED_EDGE('',*,*,#12345,.T.);
#12832=ORIENTED_EDGE('',*,*,#12371,.T.);
#12833=ORIENTED_EDGE('',*,*,#12390,.T.);
#12834=ORIENTED_EDGE('',*,*,#12407,.T.);
#12835=ORIENTED_EDGE('',*,*,#12433,.T.);
#12836=ORIENTED_EDGE('',*,*,#12450,.T.);
#12837=ORIENTED_EDGE('',*,*,#12468,.T.);
#12838=ORIENTED_EDGE('',*,*,#12494,.T.);
#12839=ORIENTED_EDGE('',*,*,#12520,.T.);
#12840=ORIENTED_EDGE('',*,*,#12546,.T.);
#12841=ORIENTED_EDGE('',*,*,#12563,.T.);
#12842=ORIENTED_EDGE('',*,*,#12581,.T.);
#12843=ORIENTED_EDGE('',*,*,#12607,.T.);
#12844=ORIENTED_EDGE('',*,*,#12633,.T.);
#12845=ORIENTED_EDGE('',*,*,#12659,.T.);
#12846=ORIENTED_EDGE('',*,*,#12685,.T.);
#12847=ORIENTED_EDGE('',*,*,#12711,.T.);
#12848=ORIENTED_EDGE('',*,*,#12728,.T.);
#12849=ORIENTED_EDGE('',*,*,#12747,.T.);
#12850=ORIENTED_EDGE('',*,*,#12773,.T.);
#12851=ORIENTED_EDGE('',*,*,#12798,.T.);
#12852=EDGE_LOOP('',(#12821,#12822,#12823,#12824,#12825,#12826,#12827,#12828,
#12829,#12830,#12831,#12832,#12833,#12834,#12835,#12836,#12837,#12838,#12839,
#12840,#12841,#12842,#12843,#12844,#12845,#12846,#12847,#12848,#12849,#12850,
#12851));
#12853=FACE_OUTER_BOUND('',#12852,.F.);
#12854=ADVANCED_FACE('',(#12853),#12820,.T.);
#12855=OPEN_SHELL('',(#9434,#9451,#9478,#9495,#9519,#9535,#9569,#9600,#9630,
#9660,#9676,#9700,#9716,#9741,#9757,#9781,#9797,#9829,#9859,#9887,#9914,#9929,
#9952,#9999,#10015,#10040,#10056,#10081,#10098,#10125,#10140,#10167,#10195,
#10211,#10236,#10252,#10277,#10294,#10321,#10336,#10363,#10391,#10407,#10432,
#10448,#10583,#10600,#10627,#10644,#10678,#10707,#10734,#10750,#10775,#10790,
#10814,#10828,#10842,#10857,#10881,#10897,#10943,#10959,#10984,#11000,#11027,
#11042,#11058,#11074,#11101,#11117,#11141,#11156,#11180,#11195,#11218,#11245,
#11271,#11296,#11321,#11337,#11364,#11379,#11406,#11434,#11450,#11475,#11490,
#11515,#11530,#11563,#11578,#11603,#11619,#11635,#11651,#11680,#11696,#11720,
#11734,#11763,#11778,#11805,#11830,#11854,#11870,#11885,#11911,#11935,#11951,
#11977,#12002,#12016,#12032,#12058,#12083,#12097,#12124,#12142,#12159,#12185,
#12202,#12220,#12246,#12272,#12298,#12324,#12350,#12376,#12395,#12412,#12438,
#12455,#12473,#12499,#12525,#12551,#12568,#12586,#12612,#12638,#12664,#12690,
#12716,#12733,#12752,#12778,#12803,#12854));
#12856=FILL_AREA_STYLE_COLOUR('',#6);
#12857=FILL_AREA_STYLE('',(#12856));
#12858=SURFACE_STYLE_FILL_AREA(#12857);
#12859=SURFACE_SIDE_STYLE('',(#12858));
#12860=SURFACE_STYLE_USAGE(.BOTH.,#12859);
#12861=PRESENTATION_STYLE_ASSIGNMENT((#12860));
#6191=STYLED_ITEM('',(#12861),#12855);
#12862=MANIFOLD_SOLID_BREP('',#6190);
#12863=SHELL_BASED_SURFACE_MODEL('',(#12855));
#12864=PRESENTATION_LAYER_ASSIGNMENT('COLOR6','',(#12862));
#12865=PRESENTATION_LAYER_ASSIGNMENT('___SHELL','',(#6191,#12862));
#12866=PRESENTATION_LAYER_ASSIGNMENT('COLOR14','',(#6191));
#12867=PRESENTATION_LAYER_ASSIGNMENT('COLOR1','',(#12862));
#12868=PRESENTATION_LAYER_ASSIGNMENT('2_20_1','',(#12862));
#12869=PRESENTATION_LAYER_ASSIGNMENT('0-CASE-1_63_1','',(#6191));
#12870=PRESENTATION_LAYER_ASSIGNMENT('OPEN_CASCADE_STEP_TRANSLATOR_6_','',(
#12862));
#12872=DIMENSIONAL_EXPONENTS(0.E0,0.E0,0.E0,0.E0,0.E0,0.E0,0.E0);
#12874=PLANE_ANGLE_MEASURE_WITH_UNIT(PLANE_ANGLE_MEASURE(1.745329251994E-2),
#12873);
#12875=(CONVERSION_BASED_UNIT('DEGREE',#12874)NAMED_UNIT(*)PLANE_ANGLE_UNIT());
#12877=UNCERTAINTY_MEASURE_WITH_UNIT(LENGTH_MEASURE(3.605469950731E-3),#12871,
'closure',
'Maximum model space distance between geometric entities at asserted connectivities');
#12878=(GEOMETRIC_REPRESENTATION_CONTEXT(3)GLOBAL_UNCERTAINTY_ASSIGNED_CONTEXT((
#12877))GLOBAL_UNIT_ASSIGNED_CONTEXT((#12871,#12875,#12876))REPRESENTATION_CONTEXT('ID1','3'));
#12881=CARTESIAN_POINT('',(0.E0,0.E0,0.E0));
#12882=DIRECTION('',(0.E0,0.E0,1.E0));
#12883=DIRECTION('',(1.E0,0.E0,0.E0));
#12886=SHAPE_REPRESENTATION_RELATIONSHIP('','',#12885,#12879);
#12887=SHAPE_REPRESENTATION_RELATIONSHIP('','',#12885,#12880);
#12888=MECHANICAL_DESIGN_GEOMETRIC_PRESENTATION_REPRESENTATION('',(#2330,#2354,
#2456,#2488,#2510,#2542,#2564,#2596,#2618,#2649,#2683,#2717,#2761,#2805,#2849,
#2893,#2937,#2980,#3144,#3168,#3190,#3233,#3277,#3319,#3363,#3407,#3451,#3615,
#3638,#3659,#3682,#3703,#3726,#3747,#3770,#3791,#3814,#3835,#3858,#3879,#3901,
#3933,#3955,#3986,#4018,#4040,#4072,#4094,#4125,#4157,#4179,#4211,#4233,#4264,
#4296,#4318,#4350,#4372,#4403,#4435,#4467,#4489,#4511,#4543,#4565,#4587,#4609,
#4641,#4663,#4685,#4717,#4739,#4760,#4792,#4814,#4846,#4868,#4899,#4931,#4953,
#4985,#5007,#5038,#5070,#5092,#5114,#5146,#5168,#5200,#5222,#5254,#5276,#5298,
#5330,#5352,#5376,#5398,#5430,#5452,#5474,#5506,#5528,#5552,#5574,#5606,#5628,
#5652,#5674,#5706,#5728,#5760,#5782,#5814,#5836,#5868,#5890,#5922,#5943,#5965,
#5997,#6018,#6040,#6072,#6093,#6115,#6147,#6168,#6189,#6199,#6206,#6213,#6220,
#6228,#6236,#6244,#6251,#6258,#6265,#6272,#6279,#6286,#6294,#6301,#6308,#6320,
#6328,#6336,#6344,#6351,#6358,#6365,#6372,#6379,#6391,#6399,#6407,#6415,#6422,
#6430,#6437,#6444,#6451,#6458,#6465,#6472,#6480,#6487,#6494,#6502,#6509,#6516,
#6523,#6535,#6542,#6554,#6562,#6570,#6578,#6585,#6592,#6599,#6606,#6613,#6620,
#6627,#6638,#6646,#6654,#6661,#6669,#6677,#6689,#6696,#6703,#6711,#6718,#6729,
#6736,#6744,#6751,#6771,#6779,#6787,#6794,#6802,#6810,#6822,#6829,#6836,#6844,
#6851,#6871,#6879,#6886,#6893,#6904,#6912,#6920,#6927,#6934,#6941,#6948,#6955,
#6962,#6970,#6978,#6985,#6992,#7000,#7008,#7016,#7024,#7032,#7040,#7047,#7054,
#7062,#7070,#7078,#7086,#7093,#7100,#7107,#7114,#7121,#7128,#7135,#7142,#7149,
#7160,#7167,#7174,#7181,#7188,#7195,#7207,#7215,#7222,#7230,#7237,#7245,#7253,
#7261,#7272,#7280,#7291,#7298,#7310,#7317,#7324,#7331,#7338,#7349,#7356,#7363,
#7370,#7377,#7384,#7391,#7398,#7405,#7412,#7420,#7428,#7435,#7442,#7449,#7457,
#7464,#7476,#7488,#7495,#7502,#7509,#7517,#7525,#7532,#7540,#7547,#7555,#7563,
#7571,#7578,#7585,#7593,#7601,#7609,#7616,#7627,#7634,#7642,#7662,#7669,#7676,
#7683,#7691,#7698,#7706,#7714,#7722,#7730,#7742,#7749,#7756,#7763,#7771,#7778,
#7798,#7806,#7813,#7820,#7831,#7839,#7846,#7854,#7861,#7869,#7877,#7885,#7896,
#7903,#7910,#7917,#7924,#7931,#7938,#7946,#7953,#7961,#7969,#7976,#7984,#7991,
#8003,#8015,#8022,#8029,#8037,#8044,#8052,#8060,#8067,#8074,#8082,#8089,#8096,
#8107,#8118,#8125,#8133,#8140,#8147,#8154,#8162,#8170,#8177,#8184,#8191,#8199,
#8206,#8218,#8225,#8233,#8241,#8248,#8255,#8263,#8270,#8277,#8284,#8296,#8303,
#8311,#8318,#8326,#8334,#8341,#8348,#8355,#8362,#8370,#8377,#8389,#8396,#8404,
#8412,#8419,#8427,#8434,#8441,#8448,#8455,#8463,#8470,#8477,#8484,#8491,#8498,
#8505,#8512,#8519,#8526,#8533,#8540,#8547,#8554,#8561,#8568,#8575,#8582,#8589,
#8596,#8603,#8610,#8617,#8624,#8631,#8638,#8645,#8652,#8659,#8666,#8673,#8680,
#8687,#8694,#8701,#8708,#8715,#8722,#8729,#8736,#8743,#8750,#8757,#8764,#8771,
#8778,#8785,#8792,#8800,#8808,#8815,#8823,#8831,#8838,#8845,#8852,#8859,#8866,
#8873,#8881,#8889,#8896,#8904,#8912,#8919,#8926,#8933,#8941,#8949,#8956,#8963,
#8970,#8977,#8984,#8992,#9000,#9007,#9014,#6191),#12878);
#12889=APPLICATION_CONTEXT(
'CONFIGURATION CONTROLLED 3D DESIGNS OF MECHANICAL PARTS AND ASSEMBLIES');
#12890=APPLICATION_PROTOCOL_DEFINITION('international standard',
'config_control_design',1994,#12889);
#12891=DESIGN_CONTEXT('',#12889,'design');
#12892=MECHANICAL_CONTEXT('',#12889,'mechanical');
#12893=PRODUCT('PRT0135','PRT0135','NOT SPECIFIED',(#12892));
#12894=PRODUCT_DEFINITION_FORMATION_WITH_SPECIFIED_SOURCE('1','LAST_VERSION',
#12893,.MADE.);
#12898=PRODUCT_CATEGORY('part','');
#12899=PRODUCT_RELATED_PRODUCT_CATEGORY('detail','',(#12893));
#12900=PRODUCT_CATEGORY_RELATIONSHIP('','',#12898,#12899);
#12901=SECURITY_CLASSIFICATION_LEVEL('unclassified');
#12902=SECURITY_CLASSIFICATION('','',#12901);
#12903=CC_DESIGN_SECURITY_CLASSIFICATION(#12902,(#12894));
#12904=APPROVAL_STATUS('approved');
#12905=APPROVAL(#12904,'');
#12906=CC_DESIGN_APPROVAL(#12905,(#12902,#12894,#12895));
#12907=CALENDAR_DATE(121,22,7);
#12908=COORDINATED_UNIVERSAL_TIME_OFFSET(8,0,.AHEAD.);
#12909=LOCAL_TIME(10,56,4.E1,#12908);
#12910=DATE_AND_TIME(#12907,#12909);
#12911=APPROVAL_DATE_TIME(#12910,#12905);
#12912=DATE_TIME_ROLE('creation_date');
#12913=CC_DESIGN_DATE_AND_TIME_ASSIGNMENT(#12910,#12912,(#12895));
#12914=DATE_TIME_ROLE('classification_date');
#12915=CC_DESIGN_DATE_AND_TIME_ASSIGNMENT(#12910,#12914,(#12902));
#12916=PERSON('UNSPECIFIED','UNSPECIFIED',$,$,$,$);
#12917=ORGANIZATION('UNSPECIFIED','UNSPECIFIED','UNSPECIFIED');
#12918=PERSON_AND_ORGANIZATION(#12916,#12917);
#12919=APPROVAL_ROLE('approver');
#12920=APPROVAL_PERSON_ORGANIZATION(#12918,#12905,#12919);
#12921=PERSON_AND_ORGANIZATION_ROLE('creator');
#12922=CC_DESIGN_PERSON_AND_ORGANIZATION_ASSIGNMENT(#12918,#12921,(#12894,
#12895));
#12923=PERSON_AND_ORGANIZATION_ROLE('design_supplier');
#12924=CC_DESIGN_PERSON_AND_ORGANIZATION_ASSIGNMENT(#12918,#12923,(#12894));
#12925=PERSON_AND_ORGANIZATION_ROLE('classification_officer');
#12926=CC_DESIGN_PERSON_AND_ORGANIZATION_ASSIGNMENT(#12918,#12925,(#12902));
#12927=PERSON_AND_ORGANIZATION_ROLE('design_owner');
#12928=CC_DESIGN_PERSON_AND_ORGANIZATION_ASSIGNMENT(#12918,#12927,(#12893));
#1=DRAUGHTING_PRE_DEFINED_COLOUR('black');
#2=COLOUR_RGB('',0.E0,5.019608139990E-1,0.E0);
#3=DRAUGHTING_PRE_DEFINED_COLOUR('green');
#4=COLOUR_RGB('',1.1E-2,1.2E-2,1.E0);
#5=COLOUR_RGB('',2.352941176471E-1,2.509803921569E-1,2.666666666667E-1);
#6=COLOUR_RGB('',2.862135922330E-1,3.057281553398E-1,3.252427184466E-1);
#7=COLOUR_RGB('',3.92E-1,1.2E-2,1.2E-2);
#8=COLOUR_RGB('',4.1E-1,0.E0,2.2E-1);
#9=COLOUR_RGB('',5.019607843137E-1,5.019607843137E-1,5.019607843137E-1);
#10=COLOUR_RGB('',6.952E-1,7.426E-1,7.9E-1);
#11=COLOUR_RGB('',7.84314E-1,7.84314E-1,7.84314E-1);
#12=COLOUR_RGB('',8.784E-1,9.49E-1,1.E0);
#13=COLOUR_RGB('',9.098039215686E-1,4.431372549020E-1,3.137254901961E-2);
#14=COLOUR_RGB('',9.6E-1,9.6E-1,9.6E-1);
#15=COLOUR_RGB('',9.8E-1,6.27E-1,0.E0);
#16=DRAUGHTING_PRE_DEFINED_COLOUR('red');
#17=DRAUGHTING_PRE_DEFINED_COLOUR('yellow');
#18=COLOUR_RGB('',1.E0,1.E0,9.49E-1);
#19=DRAUGHTING_PRE_DEFINED_COLOUR('white');
#24=CIRCLE('',#23,1.E-1);
#29=CIRCLE('',#28,1.E-1);
#34=CIRCLE('',#33,1.E-1);
#39=CIRCLE('',#38,1.E-1);
#140=CIRCLE('',#139,1.E-1);
#145=CIRCLE('',#144,1.E-1);
#150=CIRCLE('',#149,1.E-1);
#155=CIRCLE('',#154,1.E-1);
#324=CIRCLE('',#323,2.499995E-1);
#329=CIRCLE('',#328,2.499995E-1);
#334=CIRCLE('',#333,2.499995E-1);
#339=CIRCLE('',#338,2.499995E-1);
#344=CIRCLE('',#343,2.499995E-1);
#349=CIRCLE('',#348,2.499995E-1);
#354=CIRCLE('',#353,2.499995E-1);
#359=CIRCLE('',#358,2.499995E-1);
#364=CIRCLE('',#363,2.499995E-1);
#369=CIRCLE('',#368,2.499995E-1);
#374=CIRCLE('',#373,2.549999952316E0);
#379=CIRCLE('',#378,2.549999952316E0);
#384=CIRCLE('',#383,2.499995E-1);
#389=CIRCLE('',#388,2.499995E-1);
#398=CIRCLE('',#397,4.131257037184E-1);
#409=B_SPLINE_CURVE_WITH_KNOTS('',3,(#403,#404,#405,#406,#407,#408),
.UNSPECIFIED.,.F.,.F.,(4,1,1,4),(0.E0,3.333333333333E-1,6.666666666667E-1,1.E0),
.UNSPECIFIED.);
#422=CIRCLE('',#421,1.369535867829E-2);
#431=CIRCLE('',#430,4.131176328263E-1);
#444=CIRCLE('',#443,4.131191981123E-1);
#453=CIRCLE('',#452,4.131176328263E-1);
#466=CIRCLE('',#465,4.131257037184E-1);
#475=CIRCLE('',#474,4.131241495198E-1);
#488=CIRCLE('',#487,4.131191981123E-1);
#497=CIRCLE('',#496,4.131176328263E-1);
#510=CIRCLE('',#509,4.131192119420E-1);
#519=CIRCLE('',#518,4.131176328223E-1);
#532=CIRCLE('',#531,1.457566903877E-2);
#541=CIRCLE('',#540,5.865001441545E-1);
#550=CIRCLE('',#549,1.368974153116E-2);
#559=CIRCLE('',#558,1.012309534253E0);
#570=B_SPLINE_CURVE_WITH_KNOTS('',3,(#564,#565,#566,#567,#568,#569),
.UNSPECIFIED.,.F.,.F.,(4,1,1,4),(0.E0,3.333333333333E-1,6.666666666667E-1,1.E0),
.UNSPECIFIED.);
#581=B_SPLINE_CURVE_WITH_KNOTS('',3,(#575,#576,#577,#578,#579,#580),
.UNSPECIFIED.,.F.,.F.,(4,1,1,4),(0.E0,3.333333333333E-1,6.666666666667E-1,1.E0),
.UNSPECIFIED.);
#586=CIRCLE('',#585,2.868936572141E-1);
#591=CIRCLE('',#590,2.868936572141E-1);
#596=CIRCLE('',#595,1.239504108757E-2);
#605=CIRCLE('',#604,1.243882221580E-2);
#610=CIRCLE('',#609,2.871194374388E-1);
#615=CIRCLE('',#614,2.871194374388E-1);
#622=B_SPLINE_CURVE_WITH_KNOTS('',3,(#616,#617,#618,#619,#620,#621),
.UNSPECIFIED.,.F.,.F.,(4,1,1,4),(0.E0,3.333333333333E-1,6.666666666667E-1,1.E0),
.UNSPECIFIED.);
#633=B_SPLINE_CURVE_WITH_KNOTS('',3,(#627,#628,#629,#630,#631,#632),
.UNSPECIFIED.,.F.,.F.,(4,1,1,4),(0.E0,3.333333333333E-1,6.666666666667E-1,1.E0),
.UNSPECIFIED.);
#638=CIRCLE('',#637,1.258421652553E-2);
#649=B_SPLINE_CURVE_WITH_KNOTS('',3,(#643,#644,#645,#646,#647,#648),
.UNSPECIFIED.,.F.,.F.,(4,1,1,4),(0.E0,3.333333333333E-1,6.666666666667E-1,1.E0),
.UNSPECIFIED.);
#654=CIRCLE('',#653,8.857614101142E-1);
#659=CIRCLE('',#658,8.857614101142E-1);
#664=CIRCLE('',#663,1.013108371650E0);
#673=CIRCLE('',#672,5.703602225982E-3);
#680=B_SPLINE_CURVE_WITH_KNOTS('',3,(#674,#675,#676,#677,#678,#679),
.UNSPECIFIED.,.F.,.F.,(4,1,1,4),(0.E0,3.333333333333E-1,6.666666666667E-1,1.E0),
.UNSPECIFIED.);
#693=B_SPLINE_CURVE_WITH_KNOTS('',3,(#685,#686,#687,#688,#689,#690,#691,#692),
.UNSPECIFIED.,.F.,.F.,(4,1,1,1,1,4),(0.E0,2.E-1,4.E-1,6.E-1,8.E-1,1.E0),
.UNSPECIFIED.);
#702=CIRCLE('',#701,2.355894056870E-1);
#711=CIRCLE('',#710,1.280552133349E-2);
#716=CIRCLE('',#715,1.942714293742E-2);
#725=CIRCLE('',#724,3.864997291999E-1);
#730=CIRCLE('',#729,3.866341361740E-1);
#735=CIRCLE('',#734,9.185870040141E0);
#746=B_SPLINE_CURVE_WITH_KNOTS('',3,(#740,#741,#742,#743,#744,#745),
.UNSPECIFIED.,.F.,.F.,(4,1,1,4),(0.E0,3.333333333333E-1,6.666666666667E-1,1.E0),
.UNSPECIFIED.);
#751=CIRCLE('',#750,2.224184838299E1);
#760=CIRCLE('',#759,1.360550389606E-2);
#765=CIRCLE('',#764,2.869473327205E-1);
#770=CIRCLE('',#769,1.382924043278E-2);
#779=CIRCLE('',#778,1.249871297801E-2);
#792=B_SPLINE_CURVE_WITH_KNOTS('',3,(#780,#781,#782,#783,#784,#785,#786,#787,
#788,#789,#790,#791),.UNSPECIFIED.,.F.,.F.,(4,1,1,1,1,1,1,1,1,4),(0.E0,
1.111111111111E-1,2.222222222222E-1,3.333333333333E-1,4.444444444444E-1,
5.555555555556E-1,6.666666666667E-1,7.777777777778E-1,8.888888888889E-1,1.E0),
.UNSPECIFIED.);
#798=B_SPLINE_CURVE_WITH_KNOTS('',3,(#793,#794,#795,#796,#797),.UNSPECIFIED.,
.F.,.F.,(4,1,4),(0.E0,1.662264498946E-2,1.E0),.UNSPECIFIED.);
#807=CIRCLE('',#806,3.858169478539E-1);
#816=CIRCLE('',#815,3.858074468073E-1);
#821=CIRCLE('',#820,3.858104839233E-1);
#830=CIRCLE('',#829,3.858139224640E-1);
#835=CIRCLE('',#834,3.858105038685E-1);
#844=CIRCLE('',#843,3.858074500731E-1);
#857=CIRCLE('',#856,2.499995E-1);
#862=CIRCLE('',#861,2.499995E-1);
#867=CIRCLE('',#866,2.499995E-1);
#872=CIRCLE('',#871,2.499995E-1);
#877=CIRCLE('',#876,2.499995E-1);
#882=CIRCLE('',#881,2.499995E-1);
#887=CIRCLE('',#886,2.499995E-1);
#892=CIRCLE('',#891,2.499995E-1);
#897=CIRCLE('',#896,2.499995E-1);
#902=CIRCLE('',#901,2.499995E-1);
#907=CIRCLE('',#906,2.549999952316E0);
#912=CIRCLE('',#911,2.549999952316E0);
#917=CIRCLE('',#916,2.499995E-1);
#922=CIRCLE('',#921,2.499995E-1);
#931=CIRCLE('',#930,4.131176328223E-1);
#940=CIRCLE('',#939,4.131192119420E-1);
#953=CIRCLE('',#952,4.131176328263E-1);
#962=CIRCLE('',#961,4.131191981123E-1);
#975=CIRCLE('',#974,4.131241495198E-1);
#984=CIRCLE('',#983,4.131257037184E-1);
#997=CIRCLE('',#996,4.131176328263E-1);
#1006=CIRCLE('',#1005,4.131191981123E-1);
#1019=CIRCLE('',#1018,4.131176328263E-1);
#1028=CIRCLE('',#1027,1.369535867829E-2);
#1043=B_SPLINE_CURVE_WITH_KNOTS('',3,(#1037,#1038,#1039,#1040,#1041,#1042),
.UNSPECIFIED.,.F.,.F.,(4,1,1,4),(0.E0,3.333333333333E-1,6.666666666667E-1,1.E0),
.UNSPECIFIED.);
#1052=CIRCLE('',#1051,4.131257037184E-1);
#1065=CIRCLE('',#1064,1.942714293742E-2);
#1070=CIRCLE('',#1069,1.280552133349E-2);
#1079=CIRCLE('',#1078,2.355894056870E-1);
#1092=B_SPLINE_CURVE_WITH_KNOTS('',3,(#1084,#1085,#1086,#1087,#1088,#1089,#1090,
#1091),.UNSPECIFIED.,.F.,.F.,(4,1,1,1,1,4),(0.E0,2.E-1,4.E-1,6.E-1,8.E-1,1.E0),
.UNSPECIFIED.);
#1104=B_SPLINE_CURVE_WITH_KNOTS('',3,(#1097,#1098,#1099,#1100,#1101,#1102,
#1103),.UNSPECIFIED.,.F.,.F.,(4,1,1,1,4),(0.E0,2.5E-1,5.E-1,7.5E-1,1.E0),
.UNSPECIFIED.);
#1109=CIRCLE('',#1108,5.703602225982E-3);
#1118=CIRCLE('',#1117,1.013108371650E0);
#1123=CIRCLE('',#1122,8.857614101142E-1);
#1128=CIRCLE('',#1127,8.857614101142E-1);
#1135=B_SPLINE_CURVE_WITH_KNOTS('',3,(#1129,#1130,#1131,#1132,#1133,#1134),
.UNSPECIFIED.,.F.,.F.,(4,1,1,4),(0.E0,3.333333333333E-1,6.666666666667E-1,1.E0),
.UNSPECIFIED.);
#1146=B_SPLINE_CURVE_WITH_KNOTS('',3,(#1140,#1141,#1142,#1143,#1144,#1145),
.UNSPECIFIED.,.F.,.F.,(4,1,1,4),(0.E0,3.333333333333E-1,6.666666666667E-1,1.E0),
.UNSPECIFIED.);
#1153=B_SPLINE_CURVE_WITH_KNOTS('',3,(#1147,#1148,#1149,#1150,#1151,#1152),
.UNSPECIFIED.,.F.,.F.,(4,1,1,4),(0.E0,3.333333333333E-1,6.666666666667E-1,1.E0),
.UNSPECIFIED.);
#1164=B_SPLINE_CURVE_WITH_KNOTS('',3,(#1158,#1159,#1160,#1161,#1162,#1163),
.UNSPECIFIED.,.F.,.F.,(4,1,1,4),(0.E0,3.333333333333E-1,6.666666666667E-1,1.E0),
.UNSPECIFIED.);
#1169=CIRCLE('',#1168,2.871194374388E-1);
#1174=CIRCLE('',#1173,2.871194374388E-1);
#1179=CIRCLE('',#1178,1.243882221580E-2);
#1188=CIRCLE('',#1187,1.239504108757E-2);
#1193=CIRCLE('',#1192,2.868936572141E-1);
#1198=CIRCLE('',#1197,2.868936572141E-1);
#1203=CIRCLE('',#1202,1.697009258962E-2);
#1214=B_SPLINE_CURVE_WITH_KNOTS('',3,(#1208,#1209,#1210,#1211,#1212,#1213),
.UNSPECIFIED.,.F.,.F.,(4,1,1,4),(0.E0,3.333333333333E-1,6.666666666667E-1,1.E0),
.UNSPECIFIED.);
#1223=CIRCLE('',#1222,1.012309534253E0);
#1232=CIRCLE('',#1231,1.368974153116E-2);
#1241=CIRCLE('',#1240,5.865001441545E-1);
#1250=CIRCLE('',#1249,1.457566903877E-2);
#1259=CIRCLE('',#1258,3.858074500731E-1);
#1268=CIRCLE('',#1267,3.858105038685E-1);
#1273=CIRCLE('',#1272,3.858139224640E-1);
#1282=CIRCLE('',#1281,3.858104839233E-1);
#1287=CIRCLE('',#1286,3.858074468073E-1);
#1296=CIRCLE('',#1295,3.858169478539E-1);
#1317=B_SPLINE_CURVE_WITH_KNOTS('',3,(#1305,#1306,#1307,#1308,#1309,#1310,#1311,
#1312,#1313,#1314,#1315,#1316),.UNSPECIFIED.,.F.,.F.,(4,1,1,1,1,1,1,1,1,4),
(0.E0,1.111111111111E-1,2.222222222222E-1,3.333333333333E-1,4.444444444444E-1,
5.555555555556E-1,6.666666666667E-1,7.777777777778E-1,8.888888888889E-1,1.E0),
.UNSPECIFIED.);
#1322=CIRCLE('',#1321,1.249871297801E-2);
#1331=CIRCLE('',#1330,1.382924043278E-2);
#1336=CIRCLE('',#1335,2.869473327205E-1);
#1341=CIRCLE('',#1340,1.360550389606E-2);
#1350=CIRCLE('',#1349,2.224184838299E1);
#1357=B_SPLINE_CURVE_WITH_KNOTS('',3,(#1351,#1352,#1353,#1354,#1355,#1356),
.UNSPECIFIED.,.F.,.F.,(4,1,1,4),(0.E0,3.333333333333E-1,6.666666666667E-1,1.E0),
.UNSPECIFIED.);
#1366=CIRCLE('',#1365,9.185870040141E0);
#1371=CIRCLE('',#1370,3.866341361740E-1);
#1376=CIRCLE('',#1375,3.864997291999E-1);
#1497=B_SPLINE_CURVE_WITH_KNOTS('',3,(#1493,#1494,#1495,#1496),.UNSPECIFIED.,
.F.,.F.,(4,4),(0.E0,1.E0),.UNSPECIFIED.);
#1510=B_SPLINE_CURVE_WITH_KNOTS('',3,(#1506,#1507,#1508,#1509),.UNSPECIFIED.,
.F.,.F.,(4,4),(0.E0,1.E0),.UNSPECIFIED.);
#1515=B_SPLINE_CURVE_WITH_KNOTS('',3,(#1511,#1512,#1513,#1514),.UNSPECIFIED.,
.F.,.F.,(4,4),(0.E0,1.E0),.UNSPECIFIED.);
#1528=B_SPLINE_CURVE_WITH_KNOTS('',3,(#1524,#1525,#1526,#1527),.UNSPECIFIED.,
.F.,.F.,(4,4),(0.E0,1.E0),.UNSPECIFIED.);
#1541=B_SPLINE_CURVE_WITH_KNOTS('',3,(#1537,#1538,#1539,#1540),.UNSPECIFIED.,
.F.,.F.,(4,4),(0.E0,1.E0),.UNSPECIFIED.);
#1582=B_SPLINE_CURVE_WITH_KNOTS('',3,(#1578,#1579,#1580,#1581),.UNSPECIFIED.,
.F.,.F.,(4,4),(0.E0,1.E0),.UNSPECIFIED.);
#1611=B_SPLINE_CURVE_WITH_KNOTS('',3,(#1607,#1608,#1609,#1610),.UNSPECIFIED.,
.F.,.F.,(4,4),(0.E0,1.E0),.UNSPECIFIED.);
#1624=B_SPLINE_CURVE_WITH_KNOTS('',3,(#1620,#1621,#1622,#1623),.UNSPECIFIED.,
.F.,.F.,(4,4),(0.E0,1.E0),.UNSPECIFIED.);
#1629=B_SPLINE_CURVE_WITH_KNOTS('',3,(#1625,#1626,#1627,#1628),.UNSPECIFIED.,
.F.,.F.,(4,4),(0.E0,1.E0),.UNSPECIFIED.);
#1642=B_SPLINE_CURVE_WITH_KNOTS('',3,(#1638,#1639,#1640,#1641),.UNSPECIFIED.,
.F.,.F.,(4,4),(0.E0,1.E0),.UNSPECIFIED.);
#1655=B_SPLINE_CURVE_WITH_KNOTS('',3,(#1651,#1652,#1653,#1654),.UNSPECIFIED.,
.F.,.F.,(4,4),(0.E0,1.E0),.UNSPECIFIED.);
#1660=B_SPLINE_CURVE_WITH_KNOTS('',3,(#1656,#1657,#1658,#1659),.UNSPECIFIED.,
.F.,.F.,(4,4),(0.E0,1.E0),.UNSPECIFIED.);
#1673=B_SPLINE_CURVE_WITH_KNOTS('',3,(#1669,#1670,#1671,#1672),.UNSPECIFIED.,
.F.,.F.,(4,4),(0.E0,1.E0),.UNSPECIFIED.);
#1678=B_SPLINE_CURVE_WITH_KNOTS('',3,(#1674,#1675,#1676,#1677),.UNSPECIFIED.,
.F.,.F.,(4,4),(0.E0,1.E0),.UNSPECIFIED.);
#2245=EDGE_CURVE('',#1749,#1750,#24,.T.);
#2247=EDGE_CURVE('',#1753,#1750,#315,.T.);
#2249=EDGE_CURVE('',#1753,#1754,#29,.T.);
#2251=EDGE_CURVE('',#1757,#1754,#291,.T.);
#2253=EDGE_CURVE('',#1757,#1758,#34,.T.);
#2255=EDGE_CURVE('',#1761,#1758,#275,.T.);
#2257=EDGE_CURVE('',#1761,#1762,#39,.T.);
#2259=EDGE_CURVE('',#1749,#1762,#259,.T.);
#2263=EDGE_CURVE('',#2134,#2135,#43,.T.);
#2265=EDGE_CURVE('',#2135,#2178,#47,.T.);
#2267=EDGE_CURVE('',#2178,#2179,#51,.T.);
#2269=EDGE_CURVE('',#2179,#2134,#55,.T.);
#2273=EDGE_CURVE('',#2138,#2139,#59,.T.);
#2275=EDGE_CURVE('',#2139,#2142,#63,.T.);
#2277=EDGE_CURVE('',#2142,#2143,#67,.T.);
#2279=EDGE_CURVE('',#2143,#2138,#71,.T.);
#2283=EDGE_CURVE('',#2146,#2147,#75,.T.);
#2285=EDGE_CURVE('',#2147,#2150,#79,.T.);
#2287=EDGE_CURVE('',#2150,#2151,#83,.T.);
#2289=EDGE_CURVE('',#2151,#2146,#87,.T.);
#2293=EDGE_CURVE('',#2154,#2155,#91,.T.);
#2295=EDGE_CURVE('',#2155,#2158,#95,.T.);
#2297=EDGE_CURVE('',#2158,#2159,#99,.T.);
#2299=EDGE_CURVE('',#2159,#2154,#103,.T.);
#2303=EDGE_CURVE('',#2162,#2163,#107,.T.);
#2305=EDGE_CURVE('',#2163,#2166,#111,.T.);
#2307=EDGE_CURVE('',#2166,#2167,#115,.T.);
#2309=EDGE_CURVE('',#2167,#2162,#119,.T.);
#2313=EDGE_CURVE('',#2170,#2171,#123,.T.);
#2315=EDGE_CURVE('',#2171,#2174,#127,.T.);
#2317=EDGE_CURVE('',#2174,#2175,#131,.T.);
#2319=EDGE_CURVE('',#2175,#2170,#135,.T.);
#2333=POLYLINE('',(#2331,#2332));
#2338=EDGE_CURVE('',#1764,#1766,#140,.T.);
#2340=EDGE_CURVE('',#1750,#1764,#303,.T.);
#2343=EDGE_CURVE('',#1766,#1749,#255,.T.);
#2373=EDGE_CURVE('',#1768,#1766,#263,.T.);
#2375=EDGE_CURVE('',#1768,#1770,#145,.T.);
#2377=EDGE_CURVE('',#1772,#1770,#279,.T.);
#2379=EDGE_CURVE('',#1772,#1774,#150,.T.);
#2381=EDGE_CURVE('',#1776,#1774,#295,.T.);
#2383=EDGE_CURVE('',#1776,#1778,#155,.T.);
#2385=EDGE_CURVE('',#1764,#1778,#307,.T.);
#2389=EDGE_CURVE('',#2182,#2183,#159,.T.);
#2391=EDGE_CURVE('',#2183,#2226,#163,.T.);
#2393=EDGE_CURVE('',#2226,#2227,#167,.T.);
#2395=EDGE_CURVE('',#2227,#2182,#171,.T.);
#2399=EDGE_CURVE('',#2186,#2187,#175,.T.);
#2401=EDGE_CURVE('',#2187,#2190,#179,.T.);
#2403=EDGE_CURVE('',#2190,#2191,#183,.T.);
#2405=EDGE_CURVE('',#2191,#2186,#187,.T.);
#2409=EDGE_CURVE('',#2194,#2195,#191,.T.);
#2411=EDGE_CURVE('',#2195,#2198,#195,.T.);
#2413=EDGE_CURVE('',#2198,#2199,#199,.T.);
#2415=EDGE_CURVE('',#2199,#2194,#203,.T.);
#2419=EDGE_CURVE('',#2202,#2203,#207,.T.);
#2421=EDGE_CURVE('',#2203,#2206,#211,.T.);
#2423=EDGE_CURVE('',#2206,#2207,#215,.T.);
#2425=EDGE_CURVE('',#2207,#2202,#219,.T.);
#2429=EDGE_CURVE('',#2210,#2211,#223,.T.);
#2431=EDGE_CURVE('',#2211,#2214,#227,.T.);
#2433=EDGE_CURVE('',#2214,#2215,#231,.T.);
#2435=EDGE_CURVE('',#2215,#2210,#235,.T.);
#2439=EDGE_CURVE('',#2218,#2219,#239,.T.);
#2441=EDGE_CURVE('',#2219,#2222,#243,.T.);
#2443=EDGE_CURVE('',#2222,#2223,#247,.T.);
#2445=EDGE_CURVE('',#2223,#2218,#251,.T.);
#2476=EDGE_CURVE('',#1768,#1762,#267,.T.);
#2491=POLYLINE('',(#2489,#2490));
#2499=EDGE_CURVE('',#1770,#1761,#271,.T.);
#2530=EDGE_CURVE('',#1772,#1758,#283,.T.);
#2545=POLYLINE('',(#2543,#2544));
#2553=EDGE_CURVE('',#1774,#1757,#287,.T.);
#2584=EDGE_CURVE('',#1776,#1754,#299,.T.);
#2599=POLYLINE('',(#2597,#2598));
#2607=EDGE_CURVE('',#1778,#1753,#311,.T.);
#2668=EDGE_CURVE('',#1793,#2134,#523,.T.);
#2670=EDGE_CURVE('',#1793,#1794,#319,.T.);
#2672=EDGE_CURVE('',#2135,#1794,#926,.T.);
#2702=EDGE_CURVE('',#1802,#2182,#1254,.T.);
#2704=EDGE_CURVE('',#1801,#1802,#1722,.T.);
#2706=EDGE_CURVE('',#2183,#1801,#527,.T.);
#2736=EDGE_CURVE('',#2139,#1923,#393,.T.);
#2738=EDGE_CURVE('',#1923,#1919,#398,.T.);
#2740=EDGE_CURVE('',#1919,#1926,#402,.T.);
#2742=EDGE_CURVE('',#1926,#1931,#409,.T.);
#2744=EDGE_CURVE('',#1931,#2142,#413,.T.);
#2748=EDGE_CURVE('',#2096,#2097,#384,.T.);
#2750=EDGE_CURVE('',#2097,#2096,#389,.T.);
#2780=EDGE_CURVE('',#2147,#1939,#417,.T.);
#2782=EDGE_CURVE('',#1939,#1935,#422,.T.);
#2784=EDGE_CURVE('',#1935,#1942,#426,.T.);
#2786=EDGE_CURVE('',#1942,#1947,#431,.T.);
#2788=EDGE_CURVE('',#1947,#2150,#435,.T.);
#2792=EDGE_CURVE('',#2088,#2089,#364,.T.);
#2794=EDGE_CURVE('',#2089,#2088,#369,.T.);
#2824=EDGE_CURVE('',#2155,#1998,#439,.T.);
#2826=EDGE_CURVE('',#1998,#1994,#444,.T.);
#2828=EDGE_CURVE('',#1994,#2001,#448,.T.);
#2830=EDGE_CURVE('',#2001,#2006,#453,.T.);
#2832=EDGE_CURVE('',#2006,#2158,#457,.T.);
#2836=EDGE_CURVE('',#2084,#2085,#354,.T.);
#2838=EDGE_CURVE('',#2085,#2084,#359,.T.);
#2868=EDGE_CURVE('',#2163,#2022,#461,.T.);
#2870=EDGE_CURVE('',#2022,#2018,#466,.T.);
#2872=EDGE_CURVE('',#2018,#2025,#470,.T.);
#2874=EDGE_CURVE('',#2025,#2030,#475,.T.);
#2876=EDGE_CURVE('',#2030,#2166,#479,.T.);
#2880=EDGE_CURVE('',#2072,#2073,#324,.T.);
#2882=EDGE_CURVE('',#2073,#2072,#329,.T.);
#2912=EDGE_CURVE('',#2171,#2046,#483,.T.);
#2914=EDGE_CURVE('',#2046,#2042,#488,.T.);
#2916=EDGE_CURVE('',#2042,#2049,#492,.T.);
#2918=EDGE_CURVE('',#2049,#2054,#497,.T.);
#2920=EDGE_CURVE('',#2054,#2174,#501,.T.);
#2924=EDGE_CURVE('',#2080,#2081,#344,.T.);
#2926=EDGE_CURVE('',#2081,#2080,#349,.T.);
#2956=EDGE_CURVE('',#2179,#1786,#505,.T.);
#2958=EDGE_CURVE('',#1786,#1781,#510,.T.);
#2960=EDGE_CURVE('',#1781,#1788,#514,.T.);
#2962=EDGE_CURVE('',#1788,#1793,#519,.T.);
#2967=EDGE_CURVE('',#2076,#2077,#334,.T.);
#2969=EDGE_CURVE('',#2077,#2076,#339,.T.);
#3000=EDGE_CURVE('',#1801,#1797,#532,.T.);
#3002=EDGE_CURVE('',#1797,#1804,#536,.T.);
#3004=EDGE_CURVE('',#1804,#1809,#541,.T.);
#3006=EDGE_CURVE('',#1809,#1812,#545,.T.);
#3008=EDGE_CURVE('',#1812,#1817,#550,.T.);
#3010=EDGE_CURVE('',#1817,#1820,#554,.T.);
#3012=EDGE_CURVE('',#1820,#1825,#559,.T.);
#3014=EDGE_CURVE('',#1825,#1828,#563,.T.);
#3016=EDGE_CURVE('',#1828,#1833,#570,.T.);
#3018=EDGE_CURVE('',#1833,#1836,#574,.T.);
#3020=EDGE_CURVE('',#1836,#1839,#581,.T.);
#3022=EDGE_CURVE('',#1839,#2065,#586,.T.);
#3024=EDGE_CURVE('',#2065,#1845,#591,.T.);
#3026=EDGE_CURVE('',#1845,#1843,#596,.T.);
#3028=EDGE_CURVE('',#1843,#1848,#600,.T.);
#3030=EDGE_CURVE('',#1848,#1851,#605,.T.);
#3032=EDGE_CURVE('',#1851,#2067,#610,.T.);
#3034=EDGE_CURVE('',#2067,#1857,#615,.T.);
#3036=EDGE_CURVE('',#1857,#1855,#622,.T.);
#3038=EDGE_CURVE('',#1855,#1860,#626,.T.);
#3040=EDGE_CURVE('',#1860,#1867,#633,.T.);
#3042=EDGE_CURVE('',#1867,#1865,#638,.T.);
#3044=EDGE_CURVE('',#1865,#1870,#642,.T.);
#3046=EDGE_CURVE('',#1870,#1875,#649,.T.);
#3048=EDGE_CURVE('',#1875,#2069,#654,.T.);
#3050=EDGE_CURVE('',#2069,#1873,#659,.T.);
#3052=EDGE_CURVE('',#1873,#1879,#664,.T.);
#3054=EDGE_CURVE('',#1879,#1882,#668,.T.);
#3056=EDGE_CURVE('',#1882,#1889,#673,.T.);
#3058=EDGE_CURVE('',#1889,#1887,#680,.T.);
#3060=EDGE_CURVE('',#1887,#1892,#684,.T.);
#3062=EDGE_CURVE('',#1892,#1897,#693,.T.);
#3064=EDGE_CURVE('',#1897,#1900,#697,.T.);
#3066=EDGE_CURVE('',#1900,#1905,#702,.T.);
#3068=EDGE_CURVE('',#1905,#1908,#706,.T.);
#3070=EDGE_CURVE('',#1908,#1915,#711,.T.);
#3072=EDGE_CURVE('',#1915,#1913,#716,.T.);
#3074=EDGE_CURVE('',#1913,#2186,#720,.T.);
#3077=EDGE_CURVE('',#2191,#2194,#725,.T.);
#3080=EDGE_CURVE('',#2199,#1954,#730,.T.);
#3082=EDGE_CURVE('',#1954,#1951,#735,.T.);
#3084=EDGE_CURVE('',#1951,#1957,#739,.T.);
#3086=EDGE_CURVE('',#1957,#1964,#746,.T.);
#3088=EDGE_CURVE('',#1964,#1962,#751,.T.);
#3090=EDGE_CURVE('',#1962,#1968,#755,.T.);
#3092=EDGE_CURVE('',#1968,#1970,#760,.T.);
#3094=EDGE_CURVE('',#1970,#1976,#765,.T.);
#3096=EDGE_CURVE('',#1976,#1974,#770,.T.);
#3098=EDGE_CURVE('',#1974,#1979,#774,.T.);
#3100=EDGE_CURVE('',#1979,#1982,#779,.T.);
#3102=EDGE_CURVE('',#1982,#1986,#792,.T.);
#3104=EDGE_CURVE('',#1986,#1990,#798,.T.);
#3106=EDGE_CURVE('',#1990,#2202,#802,.T.);
#3109=EDGE_CURVE('',#2207,#2010,#807,.T.);
#3111=EDGE_CURVE('',#2010,#2013,#811,.T.);
#3113=EDGE_CURVE('',#2013,#2210,#816,.T.);
#3116=EDGE_CURVE('',#2215,#2034,#821,.T.);
#3118=EDGE_CURVE('',#2034,#2037,#825,.T.);
#3120=EDGE_CURVE('',#2037,#2218,#830,.T.);
#3123=EDGE_CURVE('',#2223,#2058,#835,.T.);
#3125=EDGE_CURVE('',#2058,#2061,#839,.T.);
#3127=EDGE_CURVE('',#2061,#2226,#844,.T.);
#3131=EDGE_CURVE('',#2092,#2093,#374,.T.);
#3133=EDGE_CURVE('',#2093,#2092,#379,.T.);
#3147=POLYLINE('',(#3145,#3146));
#3153=EDGE_CURVE('',#2099,#2072,#852,.T.);
#3155=EDGE_CURVE('',#2101,#2099,#857,.T.);
#3157=EDGE_CURVE('',#2073,#2101,#848,.T.);
#3171=POLYLINE('',(#3169,#3170));
#3178=EDGE_CURVE('',#2099,#2101,#862,.T.);
#3210=EDGE_CURVE('',#1794,#1790,#931,.T.);
#3212=EDGE_CURVE('',#1790,#1782,#935,.T.);
#3214=EDGE_CURVE('',#1782,#1785,#940,.T.);
#3216=EDGE_CURVE('',#1785,#2178,#944,.T.);
#3220=EDGE_CURVE('',#2110,#2111,#867,.T.);
#3222=EDGE_CURVE('',#2111,#2110,#872,.T.);
#3252=EDGE_CURVE('',#2175,#2055,#948,.T.);
#3254=EDGE_CURVE('',#2055,#2051,#953,.T.);
#3256=EDGE_CURVE('',#2051,#2043,#957,.T.);
#3258=EDGE_CURVE('',#2043,#2047,#962,.T.);
#3260=EDGE_CURVE('',#2047,#2170,#966,.T.);
#3264=EDGE_CURVE('',#2114,#2115,#877,.T.);
#3266=EDGE_CURVE('',#2115,#2114,#882,.T.);
#3296=EDGE_CURVE('',#2167,#2031,#970,.T.);
#3298=EDGE_CURVE('',#2031,#2027,#975,.T.);
#3300=EDGE_CURVE('',#2027,#2019,#979,.T.);
#3302=EDGE_CURVE('',#2019,#2023,#984,.T.);
#3304=EDGE_CURVE('',#2023,#2162,#988,.T.);
#3338=EDGE_CURVE('',#2159,#2007,#992,.T.);
#3340=EDGE_CURVE('',#2007,#2003,#997,.T.);
#3342=EDGE_CURVE('',#2003,#1995,#1001,.T.);
#3344=EDGE_CURVE('',#1995,#1999,#1006,.T.);
#3346=EDGE_CURVE('',#1999,#2154,#1010,.T.);
#3350=EDGE_CURVE('',#2118,#2119,#887,.T.);
#3352=EDGE_CURVE('',#2119,#2118,#892,.T.);
#3382=EDGE_CURVE('',#2151,#1948,#1014,.T.);
#3384=EDGE_CURVE('',#1948,#1944,#1019,.T.);
#3386=EDGE_CURVE('',#1944,#1936,#1023,.T.);
#3388=EDGE_CURVE('',#1936,#1940,#1028,.T.);
#3390=EDGE_CURVE('',#1940,#2146,#1032,.T.);
#3394=EDGE_CURVE('',#2122,#2123,#897,.T.);
#3396=EDGE_CURVE('',#2123,#2122,#902,.T.);
#3426=EDGE_CURVE('',#2143,#1932,#1036,.T.);
#3428=EDGE_CURVE('',#1932,#1928,#1043,.T.);
#3430=EDGE_CURVE('',#1928,#1920,#1047,.T.);
#3432=EDGE_CURVE('',#1920,#1924,#1052,.T.);
#3434=EDGE_CURVE('',#1924,#2138,#1056,.T.);
#3438=EDGE_CURVE('',#2130,#2131,#917,.T.);
#3440=EDGE_CURVE('',#2131,#2130,#922,.T.);
#3470=EDGE_CURVE('',#2187,#1914,#1060,.T.);
#3472=EDGE_CURVE('',#1914,#1916,#1065,.T.);
#3474=EDGE_CURVE('',#1916,#1910,#1070,.T.);
#3476=EDGE_CURVE('',#1910,#1906,#1074,.T.);
#3478=EDGE_CURVE('',#1906,#1902,#1079,.T.);
#3480=EDGE_CURVE('',#1902,#1898,#1083,.T.);
#3482=EDGE_CURVE('',#1898,#1894,#1092,.T.);
#3484=EDGE_CURVE('',#1894,#1888,#1096,.T.);
#3486=EDGE_CURVE('',#1888,#1890,#1104,.T.);
#3488=EDGE_CURVE('',#1890,#1884,#1109,.T.);
#3490=EDGE_CURVE('',#1884,#1880,#1113,.T.);
#3492=EDGE_CURVE('',#1880,#1874,#1118,.T.);
#3494=EDGE_CURVE('',#1874,#2103,#1123,.T.);
#3496=EDGE_CURVE('',#2103,#1876,#1128,.T.);
#3498=EDGE_CURVE('',#1876,#1872,#1135,.T.);
#3500=EDGE_CURVE('',#1872,#1866,#1139,.T.);
#3502=EDGE_CURVE('',#1866,#1868,#1146,.T.);
#3504=EDGE_CURVE('',#1868,#1862,#1153,.T.);
#3506=EDGE_CURVE('',#1862,#1856,#1157,.T.);
#3508=EDGE_CURVE('',#1856,#1858,#1164,.T.);
#3510=EDGE_CURVE('',#1858,#2105,#1169,.T.);
#3512=EDGE_CURVE('',#2105,#1852,#1174,.T.);
#3514=EDGE_CURVE('',#1852,#1850,#1179,.T.);
#3516=EDGE_CURVE('',#1850,#1844,#1183,.T.);
#3518=EDGE_CURVE('',#1844,#1846,#1188,.T.);
#3520=EDGE_CURVE('',#1846,#2107,#1193,.T.);
#3522=EDGE_CURVE('',#2107,#1840,#1198,.T.);
#3524=EDGE_CURVE('',#1840,#1838,#1203,.T.);
#3526=EDGE_CURVE('',#1838,#1834,#1207,.T.);
#3528=EDGE_CURVE('',#1834,#1830,#1214,.T.);
#3530=EDGE_CURVE('',#1830,#1826,#1218,.T.);
#3532=EDGE_CURVE('',#1826,#1822,#1223,.T.);
#3534=EDGE_CURVE('',#1822,#1818,#1227,.T.);
#3536=EDGE_CURVE('',#1818,#1814,#1232,.T.);
#3538=EDGE_CURVE('',#1814,#1810,#1236,.T.);
#3540=EDGE_CURVE('',#1810,#1806,#1241,.T.);
#3542=EDGE_CURVE('',#1806,#1798,#1245,.T.);
#3544=EDGE_CURVE('',#1798,#1802,#1250,.T.);
#3548=EDGE_CURVE('',#2227,#2063,#1259,.T.);
#3550=EDGE_CURVE('',#2063,#2059,#1263,.T.);
#3552=EDGE_CURVE('',#2059,#2222,#1268,.T.);
#3555=EDGE_CURVE('',#2219,#2039,#1273,.T.);
#3557=EDGE_CURVE('',#2039,#2035,#1277,.T.);
#3559=EDGE_CURVE('',#2035,#2214,#1282,.T.);
#3562=EDGE_CURVE('',#2211,#2015,#1287,.T.);
#3564=EDGE_CURVE('',#2015,#2011,#1291,.T.);
#3566=EDGE_CURVE('',#2011,#2206,#1296,.T.);
#3569=EDGE_CURVE('',#2203,#1991,#1300,.T.);
#3571=EDGE_CURVE('',#1991,#1987,#1304,.T.);
#3573=EDGE_CURVE('',#1987,#1983,#1317,.T.);
#3575=EDGE_CURVE('',#1983,#1981,#1322,.T.);
#3577=EDGE_CURVE('',#1981,#1975,#1326,.T.);
#3579=EDGE_CURVE('',#1975,#1977,#1331,.T.);
#3581=EDGE_CURVE('',#1977,#1971,#1336,.T.);
#3583=EDGE_CURVE('',#1971,#1969,#1341,.T.);
#3585=EDGE_CURVE('',#1969,#1963,#1345,.T.);
#3587=EDGE_CURVE('',#1963,#1965,#1350,.T.);
#3589=EDGE_CURVE('',#1965,#1959,#1357,.T.);
#3591=EDGE_CURVE('',#1959,#1952,#1361,.T.);
#3593=EDGE_CURVE('',#1952,#1955,#1366,.T.);
#3595=EDGE_CURVE('',#1955,#2198,#1371,.T.);
#3598=EDGE_CURVE('',#2195,#2190,#1376,.T.);
#3602=EDGE_CURVE('',#2126,#2127,#907,.T.);
#3604=EDGE_CURVE('',#2127,#2126,#912,.T.);
#3618=POLYLINE('',(#3616,#3617));
#3624=EDGE_CURVE('',#2111,#2076,#1384,.T.);
#3627=EDGE_CURVE('',#2077,#2110,#1380,.T.);
#3641=POLYLINE('',(#3639,#3640));
#3662=POLYLINE('',(#3660,#3661));
#3668=EDGE_CURVE('',#2115,#2080,#1392,.T.);
#3671=EDGE_CURVE('',#2081,#2114,#1388,.T.);
#3685=POLYLINE('',(#3683,#3684));
#3706=POLYLINE('',(#3704,#3705));
#3712=EDGE_CURVE('',#2119,#2084,#1400,.T.);
#3715=EDGE_CURVE('',#2085,#2118,#1396,.T.);
#3729=POLYLINE('',(#3727,#3728));
#3750=POLYLINE('',(#3748,#3749));
#3756=EDGE_CURVE('',#2123,#2088,#1408,.T.);
#3759=EDGE_CURVE('',#2089,#2122,#1404,.T.);
#3773=POLYLINE('',(#3771,#3772));
#3794=POLYLINE('',(#3792,#3793));
#3800=EDGE_CURVE('',#2127,#2092,#1416,.T.);
#3803=EDGE_CURVE('',#2093,#2126,#1412,.T.);
#3817=POLYLINE('',(#3815,#3816));
#3838=POLYLINE('',(#3836,#3837));
#3844=EDGE_CURVE('',#2131,#2096,#1424,.T.);
#3847=EDGE_CURVE('',#2097,#2130,#1420,.T.);
#3861=POLYLINE('',(#3859,#3860));
#3882=POLYLINE('',(#3880,#3881));
#3889=EDGE_CURVE('',#1788,#1790,#1428,.T.);
#3921=EDGE_CURVE('',#1781,#1782,#1432,.T.);
#3936=POLYLINE('',(#3934,#3935));
#3943=EDGE_CURVE('',#1785,#1786,#1436,.T.);
#4006=EDGE_CURVE('',#2054,#2055,#1440,.T.);
#4021=POLYLINE('',(#4019,#4020));
#4028=EDGE_CURVE('',#2049,#2051,#1444,.T.);
#4060=EDGE_CURVE('',#2042,#2043,#1448,.T.);
#4075=POLYLINE('',(#4073,#4074));
#4082=EDGE_CURVE('',#2046,#2047,#1452,.T.);
#4145=EDGE_CURVE('',#2030,#2031,#1456,.T.);
#4160=POLYLINE('',(#4158,#4159));
#4167=EDGE_CURVE('',#2025,#2027,#1460,.T.);
#4199=EDGE_CURVE('',#2018,#2019,#1464,.T.);
#4214=POLYLINE('',(#4212,#4213));
#4221=EDGE_CURVE('',#2022,#2023,#1468,.T.);
#4284=EDGE_CURVE('',#2006,#2007,#1472,.T.);
#4299=POLYLINE('',(#4297,#4298));
#4306=EDGE_CURVE('',#2001,#2003,#1476,.T.);
#4338=EDGE_CURVE('',#1994,#1995,#1480,.T.);
#4353=POLYLINE('',(#4351,#4352));
#4360=EDGE_CURVE('',#1998,#1999,#1484,.T.);
#4423=EDGE_CURVE('',#1990,#1991,#1488,.T.);
#4455=EDGE_CURVE('',#1986,#1987,#1492,.T.);
#4470=POLYLINE('',(#4468,#4469));
#4477=EDGE_CURVE('',#1982,#1983,#1497,.T.);
#4492=POLYLINE('',(#4490,#4491));
#4499=EDGE_CURVE('',#1979,#1981,#1501,.T.);
#4531=EDGE_CURVE('',#1974,#1975,#1505,.T.);
#4546=POLYLINE('',(#4544,#4545));
#4553=EDGE_CURVE('',#1976,#1977,#1510,.T.);
#4568=POLYLINE('',(#4566,#4567));
#4575=EDGE_CURVE('',#1970,#1971,#1515,.T.);
#4590=POLYLINE('',(#4588,#4589));
#4597=EDGE_CURVE('',#1968,#1969,#1519,.T.);
#4629=EDGE_CURVE('',#1962,#1963,#1523,.T.);
#4644=POLYLINE('',(#4642,#4643));
#4651=EDGE_CURVE('',#1964,#1965,#1528,.T.);
#4666=POLYLINE('',(#4664,#4665));
#4673=EDGE_CURVE('',#1957,#1959,#1532,.T.);
#4705=EDGE_CURVE('',#1951,#1952,#1536,.T.);
#4720=POLYLINE('',(#4718,#4719));
#4727=EDGE_CURVE('',#1954,#1955,#1541,.T.);
#4742=POLYLINE('',(#4740,#4741));
#4780=EDGE_CURVE('',#1947,#1948,#1545,.T.);
#4795=POLYLINE('',(#4793,#4794));
#4802=EDGE_CURVE('',#1942,#1944,#1549,.T.);
#4834=EDGE_CURVE('',#1935,#1936,#1553,.T.);
#4849=POLYLINE('',(#4847,#4848));
#4856=EDGE_CURVE('',#1939,#1940,#1557,.T.);
#4919=EDGE_CURVE('',#1931,#1932,#1561,.T.);
#4934=POLYLINE('',(#4932,#4933));
#4941=EDGE_CURVE('',#1926,#1928,#1565,.T.);
#4973=EDGE_CURVE('',#1919,#1920,#1569,.T.);
#4988=POLYLINE('',(#4986,#4987));
#4995=EDGE_CURVE('',#1923,#1924,#1573,.T.);
#5058=EDGE_CURVE('',#1913,#1914,#1577,.T.);
#5073=POLYLINE('',(#5071,#5072));
#5080=EDGE_CURVE('',#1915,#1916,#1582,.T.);
#5095=POLYLINE('',(#5093,#5094));
#5102=EDGE_CURVE('',#1908,#1910,#1586,.T.);
#5134=EDGE_CURVE('',#1905,#1906,#1590,.T.);
#5149=POLYLINE('',(#5147,#5148));
#5156=EDGE_CURVE('',#1900,#1902,#1594,.T.);
#5188=EDGE_CURVE('',#1897,#1898,#1598,.T.);
#5203=POLYLINE('',(#5201,#5202));
#5210=EDGE_CURVE('',#1892,#1894,#1602,.T.);
#5242=EDGE_CURVE('',#1887,#1888,#1606,.T.);
#5257=POLYLINE('',(#5255,#5256));
#5264=EDGE_CURVE('',#1889,#1890,#1611,.T.);
#5279=POLYLINE('',(#5277,#5278));
#5286=EDGE_CURVE('',#1882,#1884,#1615,.T.);
#5318=EDGE_CURVE('',#1879,#1880,#1619,.T.);
#5333=POLYLINE('',(#5331,#5332));
#5340=EDGE_CURVE('',#1873,#1874,#1624,.T.);
#5355=POLYLINE('',(#5353,#5354));
#5363=EDGE_CURVE('',#1875,#1876,#1629,.T.);
#5379=POLYLINE('',(#5377,#5378));
#5386=EDGE_CURVE('',#1870,#1872,#1633,.T.);
#5418=EDGE_CURVE('',#1865,#1866,#1637,.T.);
#5433=POLYLINE('',(#5431,#5432));
#5440=EDGE_CURVE('',#1867,#1868,#1642,.T.);
#5455=POLYLINE('',(#5453,#5454));
#5462=EDGE_CURVE('',#1860,#1862,#1646,.T.);
#5494=EDGE_CURVE('',#1855,#1856,#1650,.T.);
#5509=POLYLINE('',(#5507,#5508));
#5516=EDGE_CURVE('',#1857,#1858,#1655,.T.);
#5531=POLYLINE('',(#5529,#5530));
#5539=EDGE_CURVE('',#1851,#1852,#1660,.T.);
#5555=POLYLINE('',(#5553,#5554));
#5562=EDGE_CURVE('',#1848,#1850,#1664,.T.);
#5594=EDGE_CURVE('',#1843,#1844,#1668,.T.);
#5609=POLYLINE('',(#5607,#5608));
#5616=EDGE_CURVE('',#1845,#1846,#1673,.T.);
#5631=POLYLINE('',(#5629,#5630));
#5639=EDGE_CURVE('',#1839,#1840,#1678,.T.);
#5655=POLYLINE('',(#5653,#5654));
#5662=EDGE_CURVE('',#1836,#1838,#1682,.T.);
#5694=EDGE_CURVE('',#1833,#1834,#1686,.T.);
#5709=POLYLINE('',(#5707,#5708));
#5716=EDGE_CURVE('',#1828,#1830,#1690,.T.);
#5748=EDGE_CURVE('',#1825,#1826,#1694,.T.);
#5763=POLYLINE('',(#5761,#5762));
#5770=EDGE_CURVE('',#1820,#1822,#1698,.T.);
#5802=EDGE_CURVE('',#1817,#1818,#1702,.T.);
#5817=POLYLINE('',(#5815,#5816));
#5824=EDGE_CURVE('',#1812,#1814,#1706,.T.);
#5856=EDGE_CURVE('',#1809,#1810,#1710,.T.);
#5871=POLYLINE('',(#5869,#5870));
#5878=EDGE_CURVE('',#1804,#1806,#1714,.T.);
#5910=EDGE_CURVE('',#1797,#1798,#1718,.T.);
#5925=POLYLINE('',(#5923,#5924));
#5946=POLYLINE('',(#5944,#5945));
#5953=EDGE_CURVE('',#2061,#2063,#1726,.T.);
#5985=EDGE_CURVE('',#2058,#2059,#1730,.T.);
#6000=POLYLINE('',(#5998,#5999));
#6021=POLYLINE('',(#6019,#6020));
#6028=EDGE_CURVE('',#2037,#2039,#1734,.T.);
#6060=EDGE_CURVE('',#2034,#2035,#1738,.T.);
#6075=POLYLINE('',(#6073,#6074));
#6096=POLYLINE('',(#6094,#6095));
#6103=EDGE_CURVE('',#2013,#2015,#1742,.T.);
#6135=EDGE_CURVE('',#2010,#2011,#1746,.T.);
#6150=POLYLINE('',(#6148,#6149));
#6171=POLYLINE('',(#6169,#6170));
#6225=CIRCLE('',#6224,3.5E-1);
#6233=CIRCLE('',#6232,3.499999999968E-1);
#6241=CIRCLE('',#6240,3.499999999997E-1);
#6291=B_SPLINE_CURVE_WITH_KNOTS('',3,(#6287,#6288,#6289,#6290),.UNSPECIFIED.,
.F.,.F.,(4,4),(0.E0,1.E0),.UNSPECIFIED.);
#6317=B_SPLINE_CURVE_WITH_KNOTS('',3,(#6309,#6310,#6311,#6312,#6313,#6314,#6315,
#6316),.UNSPECIFIED.,.F.,.F.,(4,1,1,1,1,4),(0.E0,2.E-1,4.E-1,6.E-1,8.E-1,1.E0),
.UNSPECIFIED.);
#6325=CIRCLE('',#6324,3.500000000001E-1);
#6333=CIRCLE('',#6332,3.500000000001E-1);
#6341=CIRCLE('',#6340,3.499999999968E-1);
#6388=B_SPLINE_CURVE_WITH_KNOTS('',3,(#6380,#6381,#6382,#6383,#6384,#6385,#6386,
#6387),.UNSPECIFIED.,.F.,.F.,(4,1,1,1,1,4),(0.E0,2.E-1,4.E-1,6.E-1,8.E-1,1.E0),
.UNSPECIFIED.);
#6396=CIRCLE('',#6395,3.499999999968E-1);
#6404=CIRCLE('',#6403,3.5E-1);
#6412=CIRCLE('',#6411,3.499999999997E-1);
#6427=B_SPLINE_CURVE_WITH_KNOTS('',3,(#6423,#6424,#6425,#6426),.UNSPECIFIED.,
.F.,.F.,(4,4),(0.E0,1.E0),.UNSPECIFIED.);
#6477=B_SPLINE_CURVE_WITH_KNOTS('',3,(#6473,#6474,#6475,#6476),.UNSPECIFIED.,
.F.,.F.,(4,4),(0.E0,1.E0),.UNSPECIFIED.);
#6499=B_SPLINE_CURVE_WITH_KNOTS('',3,(#6495,#6496,#6497,#6498),.UNSPECIFIED.,
.F.,.F.,(4,4),(0.E0,1.E0),.UNSPECIFIED.);
#6532=B_SPLINE_CURVE_WITH_KNOTS('',3,(#6524,#6525,#6526,#6527,#6528,#6529,#6530,
#6531),.UNSPECIFIED.,.F.,.F.,(4,1,1,1,1,4),(0.E0,2.E-1,4.E-1,6.E-1,8.E-1,1.E0),
.UNSPECIFIED.);
#6551=B_SPLINE_CURVE_WITH_KNOTS('',3,(#6543,#6544,#6545,#6546,#6547,#6548,#6549,
#6550),.UNSPECIFIED.,.F.,.F.,(4,1,1,1,1,4),(0.E0,2.E-1,4.E-1,6.E-1,8.E-1,1.E0),
.UNSPECIFIED.);
#6559=CIRCLE('',#6558,3.500000000001E-1);
#6567=CIRCLE('',#6566,3.500000000001E-1);
#6575=CIRCLE('',#6574,3.499999999968E-1);
#6635=B_SPLINE_CURVE_WITH_KNOTS('',3,(#6628,#6629,#6630,#6631,#6632,#6633,
#6634),.UNSPECIFIED.,.F.,.F.,(4,1,1,1,4),(0.E0,2.5E-1,5.E-1,7.5E-1,1.E0),
.UNSPECIFIED.);
#6643=CIRCLE('',#6642,9.999999999907E-2);
#6651=CIRCLE('',#6650,1.E-1);
#6666=CIRCLE('',#6665,1.E-1);
#6674=CIRCLE('',#6673,1.E-1);
#6686=B_SPLINE_CURVE_WITH_KNOTS('',3,(#6678,#6679,#6680,#6681,#6682,#6683,#6684,
#6685),.UNSPECIFIED.,.F.,.F.,(4,1,1,1,1,4),(0.E0,2.E-1,4.E-1,6.E-1,8.E-1,1.E0),
.UNSPECIFIED.);
#6708=CIRCLE('',#6707,1.000000001685E-1);
#6726=B_SPLINE_CURVE_WITH_KNOTS('',3,(#6719,#6720,#6721,#6722,#6723,#6724,
#6725),.UNSPECIFIED.,.F.,.F.,(4,1,1,1,4),(0.E0,2.5E-1,5.E-1,7.5E-1,1.E0),
.UNSPECIFIED.);
#6741=B_SPLINE_CURVE_WITH_KNOTS('',3,(#6737,#6738,#6739,#6740),.UNSPECIFIED.,
.F.,.F.,(4,4),(0.E0,1.E0),.UNSPECIFIED.);
#6768=B_SPLINE_CURVE_WITH_KNOTS('',3,(#6752,#6753,#6754,#6755,#6756,#6757,#6758,
#6759,#6760,#6761,#6762,#6763,#6764,#6765,#6766,#6767),.UNSPECIFIED.,.F.,.F.,(4,
1,1,1,1,1,1,1,1,1,1,1,1,4),(0.E0,7.692307692308E-2,1.538461538462E-1,
2.307692307692E-1,3.076923076923E-1,3.846153846154E-1,4.615384615385E-1,
5.384615384615E-1,6.153846153846E-1,6.923076923077E-1,7.692307692308E-1,
8.461538461538E-1,9.230769230769E-1,1.E0),.UNSPECIFIED.);
#6776=CIRCLE('',#6775,9.999999999907E-2);
#6784=CIRCLE('',#6783,1.E-1);
#6799=CIRCLE('',#6798,1.E-1);
#6807=CIRCLE('',#6806,1.E-1);
#6819=B_SPLINE_CURVE_WITH_KNOTS('',3,(#6811,#6812,#6813,#6814,#6815,#6816,#6817,
#6818),.UNSPECIFIED.,.F.,.F.,(4,1,1,1,1,4),(0.E0,2.E-1,4.E-1,6.E-1,8.E-1,1.E0),
.UNSPECIFIED.);
#6841=CIRCLE('',#6840,1.000000001756E-1);
#6868=B_SPLINE_CURVE_WITH_KNOTS('',3,(#6852,#6853,#6854,#6855,#6856,#6857,#6858,
#6859,#6860,#6861,#6862,#6863,#6864,#6865,#6866,#6867),.UNSPECIFIED.,.F.,.F.,(4,
1,1,1,1,1,1,1,1,1,1,1,1,4),(0.E0,7.692307692308E-2,1.538461538462E-1,
2.307692307692E-1,3.076923076923E-1,3.846153846154E-1,4.615384615385E-1,
5.384615384615E-1,6.153846153846E-1,6.923076923077E-1,7.692307692308E-1,
8.461538461538E-1,9.230769230769E-1,1.E0),.UNSPECIFIED.);
#6876=B_SPLINE_CURVE_WITH_KNOTS('',3,(#6872,#6873,#6874,#6875),.UNSPECIFIED.,
.F.,.F.,(4,4),(0.E0,1.E0),.UNSPECIFIED.);
#6901=B_SPLINE_CURVE_WITH_KNOTS('',3,(#6894,#6895,#6896,#6897,#6898,#6899,
#6900),.UNSPECIFIED.,.F.,.F.,(4,1,1,1,4),(0.E0,2.5E-1,5.E-1,7.5E-1,1.E0),
.UNSPECIFIED.);
#6909=CIRCLE('',#6908,9.999999999907E-2);
#6917=CIRCLE('',#6916,1.E-1);
#6967=B_SPLINE_CURVE_WITH_KNOTS('',3,(#6963,#6964,#6965,#6966),.UNSPECIFIED.,
.F.,.F.,(4,4),(0.E0,1.E0),.UNSPECIFIED.);
#6975=B_SPLINE_CURVE_WITH_KNOTS('',3,(#6971,#6972,#6973,#6974),.UNSPECIFIED.,
.F.,.F.,(4,4),(0.E0,1.E0),.UNSPECIFIED.);
#6997=B_SPLINE_CURVE_WITH_KNOTS('',3,(#6993,#6994,#6995,#6996),.UNSPECIFIED.,
.F.,.F.,(4,4),(0.E0,1.E0),.UNSPECIFIED.);
#7005=B_SPLINE_CURVE_WITH_KNOTS('',3,(#7001,#7002,#7003,#7004),.UNSPECIFIED.,
.F.,.F.,(4,4),(0.E0,1.E0),.UNSPECIFIED.);
#7013=B_SPLINE_CURVE_WITH_KNOTS('',3,(#7009,#7010,#7011,#7012),.UNSPECIFIED.,
.F.,.F.,(4,4),(0.E0,1.E0),.UNSPECIFIED.);
#7021=B_SPLINE_CURVE_WITH_KNOTS('',3,(#7017,#7018,#7019,#7020),.UNSPECIFIED.,
.F.,.F.,(4,4),(0.E0,1.E0),.UNSPECIFIED.);
#7029=B_SPLINE_CURVE_WITH_KNOTS('',3,(#7025,#7026,#7027,#7028),.UNSPECIFIED.,
.F.,.F.,(4,4),(0.E0,1.E0),.UNSPECIFIED.);
#7037=B_SPLINE_CURVE_WITH_KNOTS('',3,(#7033,#7034,#7035,#7036),.UNSPECIFIED.,
.F.,.F.,(4,4),(0.E0,1.E0),.UNSPECIFIED.);
#7059=B_SPLINE_CURVE_WITH_KNOTS('',3,(#7055,#7056,#7057,#7058),.UNSPECIFIED.,
.F.,.F.,(4,4),(0.E0,1.E0),.UNSPECIFIED.);
#7067=B_SPLINE_CURVE_WITH_KNOTS('',3,(#7063,#7064,#7065,#7066),.UNSPECIFIED.,
.F.,.F.,(4,4),(0.E0,1.E0),.UNSPECIFIED.);
#7075=B_SPLINE_CURVE_WITH_KNOTS('',3,(#7071,#7072,#7073,#7074),.UNSPECIFIED.,
.F.,.F.,(4,4),(0.E0,1.E0),.UNSPECIFIED.);
#7083=B_SPLINE_CURVE_WITH_KNOTS('',3,(#7079,#7080,#7081,#7082),.UNSPECIFIED.,
.F.,.F.,(4,4),(0.E0,1.E0),.UNSPECIFIED.);
#7157=B_SPLINE_CURVE_WITH_KNOTS('',3,(#7150,#7151,#7152,#7153,#7154,#7155,
#7156),.UNSPECIFIED.,.F.,.F.,(4,1,1,1,4),(0.E0,2.5E-1,5.E-1,7.5E-1,1.E0),
.UNSPECIFIED.);
#7204=B_SPLINE_CURVE_WITH_KNOTS('',3,(#7196,#7197,#7198,#7199,#7200,#7201,#7202,
#7203),.UNSPECIFIED.,.F.,.F.,(4,1,1,1,1,4),(0.E0,2.E-1,4.E-1,6.E-1,8.E-1,1.E0),
.UNSPECIFIED.);
#7212=CIRCLE('',#7211,1.E-1);
#7227=CIRCLE('',#7226,1.000000000001E-1);
#7242=CIRCLE('',#7241,1.000000000001E-1);
#7250=CIRCLE('',#7249,9.999999999999E-2);
#7258=CIRCLE('',#7257,1.000000001185E-1);
#7269=B_SPLINE_CURVE_WITH_KNOTS('',3,(#7262,#7263,#7264,#7265,#7266,#7267,
#7268),.UNSPECIFIED.,.F.,.F.,(4,1,1,1,4),(0.E0,2.5E-1,5.E-1,7.5E-1,1.E0),
.UNSPECIFIED.);
#7277=CIRCLE('',#7276,1.000000000093E-1);
#7288=B_SPLINE_CURVE_WITH_KNOTS('',3,(#7281,#7282,#7283,#7284,#7285,#7286,
#7287),.UNSPECIFIED.,.F.,.F.,(4,1,1,1,4),(0.E0,2.5E-1,5.E-1,7.5E-1,1.E0),
.UNSPECIFIED.);
#7307=B_SPLINE_CURVE_WITH_KNOTS('',3,(#7299,#7300,#7301,#7302,#7303,#7304,#7305,
#7306),.UNSPECIFIED.,.F.,.F.,(4,1,1,1,1,4),(0.E0,2.E-1,4.E-1,6.E-1,8.E-1,1.E0),
.UNSPECIFIED.);
#7346=B_SPLINE_CURVE_WITH_KNOTS('',3,(#7339,#7340,#7341,#7342,#7343,#7344,
#7345),.UNSPECIFIED.,.F.,.F.,(4,1,1,1,4),(0.E0,2.5E-1,5.E-1,7.5E-1,1.E0),
.UNSPECIFIED.);
#7417=CIRCLE('',#7416,9.999999990246E-2);
#7425=CIRCLE('',#7424,1.E-1);
#7454=CIRCLE('',#7453,1.E-1);
#7473=B_SPLINE_CURVE_WITH_KNOTS('',3,(#7465,#7466,#7467,#7468,#7469,#7470,#7471,
#7472),.UNSPECIFIED.,.F.,.F.,(4,1,1,1,1,4),(0.E0,2.E-1,4.E-1,6.E-1,8.E-1,1.E0),
.UNSPECIFIED.);
#7485=B_SPLINE_CURVE_WITH_KNOTS('',3,(#7477,#7478,#7479,#7480,#7481,#7482,#7483,
#7484),.UNSPECIFIED.,.F.,.F.,(4,1,1,1,1,4),(0.E0,2.E-1,4.E-1,6.E-1,8.E-1,1.E0),
.UNSPECIFIED.);
#7514=CIRCLE('',#7513,1.E-1);
#7522=CIRCLE('',#7521,1.E-1);
#7537=CIRCLE('',#7536,9.999999999907E-2);
#7552=CIRCLE('',#7551,1.E-1);
#7560=CIRCLE('',#7559,1.000000000001E-1);
#7568=CIRCLE('',#7567,1.E-1);
#7590=CIRCLE('',#7589,1.000000000001E-1);
#7598=CIRCLE('',#7597,1.E-1);
#7606=CIRCLE('',#7605,1.E-1);
#7624=B_SPLINE_CURVE_WITH_KNOTS('',3,(#7617,#7618,#7619,#7620,#7621,#7622,
#7623),.UNSPECIFIED.,.F.,.F.,(4,1,1,1,4),(0.E0,2.5E-1,5.E-1,7.5E-1,1.E0),
.UNSPECIFIED.);
#7639=B_SPLINE_CURVE_WITH_KNOTS('',3,(#7635,#7636,#7637,#7638),.UNSPECIFIED.,
.F.,.F.,(4,4),(0.E0,1.E0),.UNSPECIFIED.);
#7659=B_SPLINE_CURVE_WITH_KNOTS('',3,(#7643,#7644,#7645,#7646,#7647,#7648,#7649,
#7650,#7651,#7652,#7653,#7654,#7655,#7656,#7657,#7658),.UNSPECIFIED.,.F.,.F.,(4,
1,1,1,1,1,1,1,1,1,1,1,1,4),(0.E0,7.692307692308E-2,1.538461538462E-1,
2.307692307692E-1,3.076923076923E-1,3.846153846154E-1,4.615384615385E-1,
5.384615384615E-1,6.153846153846E-1,6.923076923077E-1,7.692307692308E-1,
8.461538461538E-1,9.230769230769E-1,1.E0),.UNSPECIFIED.);
#7688=B_SPLINE_CURVE_WITH_KNOTS('',3,(#7684,#7685,#7686,#7687),.UNSPECIFIED.,
.F.,.F.,(4,4),(0.E0,1.E0),.UNSPECIFIED.);
#7703=B_SPLINE_CURVE_WITH_KNOTS('',3,(#7699,#7700,#7701,#7702),.UNSPECIFIED.,
.F.,.F.,(4,4),(0.E0,1.E0),.UNSPECIFIED.);
#7711=B_SPLINE_CURVE_WITH_KNOTS('',3,(#7707,#7708,#7709,#7710),.UNSPECIFIED.,
.F.,.F.,(4,4),(0.E0,1.E0),.UNSPECIFIED.);
#7719=CIRCLE('',#7718,1.E-1);
#7727=CIRCLE('',#7726,1.E-1);
#7739=B_SPLINE_CURVE_WITH_KNOTS('',3,(#7731,#7732,#7733,#7734,#7735,#7736,#7737,
#7738),.UNSPECIFIED.,.F.,.F.,(4,1,1,1,1,4),(0.E0,2.E-1,4.E-1,6.E-1,8.E-1,1.E0),
.UNSPECIFIED.);
#7768=CIRCLE('',#7767,1.000000001756E-1);
#7795=B_SPLINE_CURVE_WITH_KNOTS('',3,(#7779,#7780,#7781,#7782,#7783,#7784,#7785,
#7786,#7787,#7788,#7789,#7790,#7791,#7792,#7793,#7794),.UNSPECIFIED.,.F.,.F.,(4,
1,1,1,1,1,1,1,1,1,1,1,1,4),(0.E0,7.692307692308E-2,1.538461538462E-1,
2.307692307692E-1,3.076923076923E-1,3.846153846154E-1,4.615384615385E-1,
5.384615384615E-1,6.153846153846E-1,6.923076923077E-1,7.692307692308E-1,
8.461538461538E-1,9.230769230769E-1,1.E0),.UNSPECIFIED.);
#7803=B_SPLINE_CURVE_WITH_KNOTS('',3,(#7799,#7800,#7801,#7802),.UNSPECIFIED.,
.F.,.F.,(4,4),(0.E0,1.E0),.UNSPECIFIED.);
#7828=B_SPLINE_CURVE_WITH_KNOTS('',3,(#7821,#7822,#7823,#7824,#7825,#7826,
#7827),.UNSPECIFIED.,.F.,.F.,(4,1,1,1,4),(0.E0,2.5E-1,5.E-1,7.5E-1,1.E0),
.UNSPECIFIED.);
#7836=CIRCLE('',#7835,9.999999989554E-2);
#7851=CIRCLE('',#7850,9.999999999907E-2);
#7866=CIRCLE('',#7865,9.999999999999E-2);
#7874=CIRCLE('',#7873,1.000000000001E-1);
#7882=CIRCLE('',#7881,1.000000001185E-1);
#7893=B_SPLINE_CURVE_WITH_KNOTS('',3,(#7886,#7887,#7888,#7889,#7890,#7891,
#7892),.UNSPECIFIED.,.F.,.F.,(4,1,1,1,4),(0.E0,2.5E-1,5.E-1,7.5E-1,1.E0),
.UNSPECIFIED.);
#7943=CIRCLE('',#7942,1.000000000001E-1);
#7958=CIRCLE('',#7957,1.E-1);
#7966=CIRCLE('',#7965,1.000000000137E-1);
#7981=CIRCLE('',#7980,1.E-1);
#8000=B_SPLINE_CURVE_WITH_KNOTS('',3,(#7992,#7993,#7994,#7995,#7996,#7997,#7998,
#7999),.UNSPECIFIED.,.F.,.F.,(4,1,1,1,1,4),(0.E0,2.E-1,4.E-1,6.E-1,8.E-1,1.E0),
.UNSPECIFIED.);
#8012=B_SPLINE_CURVE_WITH_KNOTS('',3,(#8004,#8005,#8006,#8007,#8008,#8009,#8010,
#8011),.UNSPECIFIED.,.F.,.F.,(4,1,1,1,1,4),(0.E0,2.E-1,4.E-1,6.E-1,8.E-1,1.E0),
.UNSPECIFIED.);
#8034=B_SPLINE_CURVE_WITH_KNOTS('',3,(#8030,#8031,#8032,#8033),.UNSPECIFIED.,
.F.,.F.,(4,4),(0.E0,1.E0),.UNSPECIFIED.);
#8049=CIRCLE('',#8048,1.E-1);
#8057=CIRCLE('',#8056,1.E-1);
#8079=CIRCLE('',#8078,1.000000000001E-1);
#8104=B_SPLINE_CURVE_WITH_KNOTS('',3,(#8097,#8098,#8099,#8100,#8101,#8102,
#8103),.UNSPECIFIED.,.F.,.F.,(4,1,1,1,4),(0.E0,2.5E-1,5.E-1,7.5E-1,1.E0),
.UNSPECIFIED.);
#8115=B_SPLINE_CURVE_WITH_KNOTS('',3,(#8108,#8109,#8110,#8111,#8112,#8113,
#8114),.UNSPECIFIED.,.F.,.F.,(4,1,1,1,4),(0.E0,2.5E-1,5.E-1,7.5E-1,1.E0),
.UNSPECIFIED.);
#8130=B_SPLINE_CURVE_WITH_KNOTS('',3,(#8126,#8127,#8128,#8129),.UNSPECIFIED.,
.F.,.F.,(4,4),(0.E0,1.E0),.UNSPECIFIED.);
#8159=B_SPLINE_CURVE_WITH_KNOTS('',3,(#8155,#8156,#8157,#8158),.UNSPECIFIED.,
.F.,.F.,(4,4),(0.E0,1.E0),.UNSPECIFIED.);
#8167=B_SPLINE_CURVE_WITH_KNOTS('',3,(#8163,#8164,#8165,#8166),.UNSPECIFIED.,
.F.,.F.,(4,4),(0.E0,1.E0),.UNSPECIFIED.);
#8196=CIRCLE('',#8195,1.E-1);
#8215=B_SPLINE_CURVE_WITH_KNOTS('',3,(#8207,#8208,#8209,#8210,#8211,#8212,#8213,
#8214),.UNSPECIFIED.,.F.,.F.,(4,1,1,1,1,4),(0.E0,2.E-1,4.E-1,6.E-1,8.E-1,1.E0),
.UNSPECIFIED.);
#8230=B_SPLINE_CURVE_WITH_KNOTS('',3,(#8226,#8227,#8228,#8229),.UNSPECIFIED.,
.F.,.F.,(4,4),(0.E0,1.E0),.UNSPECIFIED.);
#8238=B_SPLINE_CURVE_WITH_KNOTS('',3,(#8234,#8235,#8236,#8237),.UNSPECIFIED.,
.F.,.F.,(4,4),(0.E0,1.E0),.UNSPECIFIED.);
#8260=B_SPLINE_CURVE_WITH_KNOTS('',3,(#8256,#8257,#8258,#8259),.UNSPECIFIED.,
.F.,.F.,(4,4),(0.E0,1.E0),.UNSPECIFIED.);
#8293=B_SPLINE_CURVE_WITH_KNOTS('',3,(#8285,#8286,#8287,#8288,#8289,#8290,#8291,
#8292),.UNSPECIFIED.,.F.,.F.,(4,1,1,1,1,4),(0.E0,2.E-1,4.E-1,6.E-1,8.E-1,1.E0),
.UNSPECIFIED.);
#8308=B_SPLINE_CURVE_WITH_KNOTS('',3,(#8304,#8305,#8306,#8307),.UNSPECIFIED.,
.F.,.F.,(4,4),(0.E0,1.E0),.UNSPECIFIED.);
#8323=B_SPLINE_CURVE_WITH_KNOTS('',3,(#8319,#8320,#8321,#8322),.UNSPECIFIED.,
.F.,.F.,(4,4),(0.E0,1.E0),.UNSPECIFIED.);
#8331=B_SPLINE_CURVE_WITH_KNOTS('',3,(#8327,#8328,#8329,#8330),.UNSPECIFIED.,
.F.,.F.,(4,4),(0.E0,1.E0),.UNSPECIFIED.);
#8367=CIRCLE('',#8366,1.E-1);
#8386=B_SPLINE_CURVE_WITH_KNOTS('',3,(#8378,#8379,#8380,#8381,#8382,#8383,#8384,
#8385),.UNSPECIFIED.,.F.,.F.,(4,1,1,1,1,4),(0.E0,2.E-1,4.E-1,6.E-1,8.E-1,1.E0),
.UNSPECIFIED.);
#8401=B_SPLINE_CURVE_WITH_KNOTS('',3,(#8397,#8398,#8399,#8400),.UNSPECIFIED.,
.F.,.F.,(4,4),(0.E0,1.E0),.UNSPECIFIED.);
#8409=B_SPLINE_CURVE_WITH_KNOTS('',3,(#8405,#8406,#8407,#8408),.UNSPECIFIED.,
.F.,.F.,(4,4),(0.E0,1.E0),.UNSPECIFIED.);
#8424=B_SPLINE_CURVE_WITH_KNOTS('',3,(#8420,#8421,#8422,#8423),.UNSPECIFIED.,
.F.,.F.,(4,4),(0.E0,1.E0),.UNSPECIFIED.);
#8460=CIRCLE('',#8459,1.E-1);
#8797=B_SPLINE_CURVE_WITH_KNOTS('',3,(#8793,#8794,#8795,#8796),.UNSPECIFIED.,
.F.,.F.,(4,4),(0.E0,1.E0),.UNSPECIFIED.);
#8805=B_SPLINE_CURVE_WITH_KNOTS('',3,(#8801,#8802,#8803,#8804),.UNSPECIFIED.,
.F.,.F.,(4,4),(0.E0,1.E0),.UNSPECIFIED.);
#8820=B_SPLINE_CURVE_WITH_KNOTS('',3,(#8816,#8817,#8818,#8819),.UNSPECIFIED.,
.F.,.F.,(4,4),(0.E0,1.E0),.UNSPECIFIED.);
#8828=B_SPLINE_CURVE_WITH_KNOTS('',3,(#8824,#8825,#8826,#8827),.UNSPECIFIED.,
.F.,.F.,(4,4),(0.E0,1.E0),.UNSPECIFIED.);
#8878=B_SPLINE_CURVE_WITH_KNOTS('',3,(#8874,#8875,#8876,#8877),.UNSPECIFIED.,
.F.,.F.,(4,4),(0.E0,1.E0),.UNSPECIFIED.);
#8886=B_SPLINE_CURVE_WITH_KNOTS('',3,(#8882,#8883,#8884,#8885),.UNSPECIFIED.,
.F.,.F.,(4,4),(0.E0,1.E0),.UNSPECIFIED.);
#8901=B_SPLINE_CURVE_WITH_KNOTS('',3,(#8897,#8898,#8899,#8900),.UNSPECIFIED.,
.F.,.F.,(4,4),(0.E0,1.E0),.UNSPECIFIED.);
#8909=B_SPLINE_CURVE_WITH_KNOTS('',3,(#8905,#8906,#8907,#8908),.UNSPECIFIED.,
.F.,.F.,(4,4),(0.E0,1.E0),.UNSPECIFIED.);
#8938=B_SPLINE_CURVE_WITH_KNOTS('',3,(#8934,#8935,#8936,#8937),.UNSPECIFIED.,
.F.,.F.,(4,4),(0.E0,1.E0),.UNSPECIFIED.);
#8946=B_SPLINE_CURVE_WITH_KNOTS('',3,(#8942,#8943,#8944,#8945),.UNSPECIFIED.,
.F.,.F.,(4,4),(0.E0,1.E0),.UNSPECIFIED.);
#8989=B_SPLINE_CURVE_WITH_KNOTS('',3,(#8985,#8986,#8987,#8988),.UNSPECIFIED.,
.F.,.F.,(4,4),(0.E0,1.E0),.UNSPECIFIED.);
#8997=B_SPLINE_CURVE_WITH_KNOTS('',3,(#8993,#8994,#8995,#8996),.UNSPECIFIED.,
.F.,.F.,(4,4),(0.E0,1.E0),.UNSPECIFIED.);
#9424=EDGE_CURVE('',#9021,#9022,#6195,.T.);
#9426=EDGE_CURVE('',#9059,#9021,#6419,.T.);
#9428=EDGE_CURVE('',#9033,#9059,#6348,.T.);
#9430=EDGE_CURVE('',#9022,#9033,#6248,.T.);
#9437=POLYLINE('',(#9435,#9436));
#9442=EDGE_CURVE('',#9017,#9018,#6203,.T.);
#9444=EDGE_CURVE('',#9021,#9017,#6575,.T.);
#9447=EDGE_CURVE('',#9018,#9022,#6233,.T.);
#9470=EDGE_CURVE('',#9018,#9024,#6210,.T.);
#9472=EDGE_CURVE('',#9026,#9024,#6520,.T.);
#9474=EDGE_CURVE('',#9026,#9017,#6217,.T.);
#9481=POLYLINE('',(#9479,#9480));
#9486=EDGE_CURVE('',#9029,#9018,#6225,.T.);
#9488=EDGE_CURVE('',#9027,#9029,#6255,.T.);
#9490=EDGE_CURVE('',#9024,#9027,#6532,.T.);
#9515=EDGE_CURVE('',#9029,#9022,#6241,.T.);
#9522=POLYLINE('',(#9520,#9521));
#9527=EDGE_CURVE('',#9029,#9031,#6262,.T.);
#9531=EDGE_CURVE('',#9031,#9033,#6333,.T.);
#9553=EDGE_CURVE('',#9036,#9037,#6276,.T.);
#9555=EDGE_CURVE('',#9075,#9036,#6477,.T.);
#9557=EDGE_CURVE('',#9027,#9075,#6539,.T.);
#9561=EDGE_CURVE('',#9031,#9039,#6269,.T.);
#9563=EDGE_CURVE('',#9040,#9039,#6305,.T.);
#9565=EDGE_CURVE('',#9037,#9040,#6291,.T.);
#9588=EDGE_CURVE('',#9052,#9037,#6283,.T.);
#9590=EDGE_CURVE('',#9044,#9052,#7346,.T.);
#9592=EDGE_CURVE('',#9043,#9044,#7132,.T.);
#9594=EDGE_CURVE('',#9046,#9043,#7269,.T.);
#9596=EDGE_CURVE('',#9036,#9046,#6484,.T.);
#9618=EDGE_CURVE('',#9048,#9040,#6298,.T.);
#9620=EDGE_CURVE('',#9047,#9048,#6427,.T.);
#9622=EDGE_CURVE('',#9050,#9047,#6462,.T.);
#9624=EDGE_CURVE('',#9052,#9050,#7374,.T.);
#9650=EDGE_CURVE('',#9053,#9039,#6317,.T.);
#9652=EDGE_CURVE('',#9061,#9053,#6369,.T.);
#9654=EDGE_CURVE('',#9062,#9061,#6388,.T.);
#9656=EDGE_CURVE('',#9048,#9062,#6434,.T.);
#9663=POLYLINE('',(#9661,#9662));
#9668=EDGE_CURVE('',#9055,#9031,#6325,.T.);
#9670=EDGE_CURVE('',#9053,#9055,#6376,.T.);
#9696=EDGE_CURVE('',#9033,#9055,#6341,.T.);
#9703=POLYLINE('',(#9701,#9702));
#9708=EDGE_CURVE('',#9055,#9057,#6355,.T.);
#9712=EDGE_CURVE('',#9057,#9059,#6396,.T.);
#9735=EDGE_CURVE('',#9057,#9061,#6362,.T.);
#9744=POLYLINE('',(#9742,#9743));
#9749=EDGE_CURVE('',#9064,#9057,#6404,.T.);
#9751=EDGE_CURVE('',#9062,#9064,#6441,.T.);
#9776=EDGE_CURVE('',#9064,#9059,#6412,.T.);
#9784=POLYLINE('',(#9782,#9783));
#9789=EDGE_CURVE('',#9064,#9066,#6448,.T.);
#9793=EDGE_CURVE('',#9066,#9021,#6567,.T.);
#9815=EDGE_CURVE('',#9047,#9071,#6469,.T.);
#9821=EDGE_CURVE('',#9066,#9068,#6455,.T.);
#9823=EDGE_CURVE('',#9070,#9068,#6513,.T.);
#9825=EDGE_CURVE('',#9071,#9070,#6499,.T.);
#9849=EDGE_CURVE('',#9073,#9071,#6491,.T.);
#9851=EDGE_CURVE('',#9096,#9073,#6635,.T.);
#9853=EDGE_CURVE('',#9298,#9096,#7907,.T.);
#9855=EDGE_CURVE('',#9050,#9298,#7893,.T.);
#9877=EDGE_CURVE('',#9075,#9070,#6506,.T.);
#9881=EDGE_CURVE('',#9073,#9046,#6589,.T.);
#9907=EDGE_CURVE('',#9026,#9068,#6551,.T.);
#9917=POLYLINE('',(#9915,#9916));
#9922=EDGE_CURVE('',#9017,#9066,#6559,.T.);
#9970=EDGE_CURVE('',#9077,#9073,#6582,.T.);
#9973=EDGE_CURVE('',#9046,#9079,#6596,.T.);
#9975=EDGE_CURVE('',#9082,#9079,#6924,.T.);
#9977=EDGE_CURVE('',#9082,#9083,#6603,.T.);
#9979=EDGE_CURVE('',#9132,#9083,#6883,.T.);
#9981=EDGE_CURVE('',#9086,#9132,#6876,.T.);
#9983=EDGE_CURVE('',#9086,#9087,#6610,.T.);
#9985=EDGE_CURVE('',#9090,#9087,#6791,.T.);
#9987=EDGE_CURVE('',#9090,#9091,#6617,.T.);
#9989=EDGE_CURVE('',#9113,#9091,#6741,.T.);
#9991=EDGE_CURVE('',#9094,#9113,#6733,.T.);
#9993=EDGE_CURVE('',#9094,#9095,#6624,.T.);
#9995=EDGE_CURVE('',#9077,#9095,#6658,.T.);
#10002=POLYLINE('',(#10000,#10001));
#10008=EDGE_CURVE('',#9100,#9077,#6651,.T.);
#10010=EDGE_CURVE('',#9096,#9100,#7914,.T.);
#10033=EDGE_CURVE('',#9077,#9098,#6643,.T.);
#10035=EDGE_CURVE('',#9100,#9098,#7943,.T.);
#10043=POLYLINE('',(#10041,#10042));
#10049=EDGE_CURVE('',#9102,#9095,#6674,.T.);
#10051=EDGE_CURVE('',#9098,#9102,#6931,.T.);
#10074=EDGE_CURVE('',#9104,#9102,#6666,.T.);
#10077=EDGE_CURVE('',#9104,#9095,#6708,.T.);
#10084=POLYLINE('',(#10082,#10083));
#10089=EDGE_CURVE('',#9106,#9104,#6700,.T.);
#10091=EDGE_CURVE('',#9106,#9107,#6686,.T.);
#10093=EDGE_CURVE('',#9102,#9107,#6938,.T.);
#10116=EDGE_CURVE('',#9104,#9109,#6693,.T.);
#10118=EDGE_CURVE('',#9111,#9109,#6715,.T.);
#10120=EDGE_CURVE('',#9106,#9111,#8308,.T.);
#10128=POLYLINE('',(#10126,#10127));
#10136=EDGE_CURVE('',#9109,#9094,#6726,.T.);
#10161=EDGE_CURVE('',#9115,#9113,#6748,.T.);
#10163=EDGE_CURVE('',#9111,#9115,#8315,.T.);
#10186=EDGE_CURVE('',#9116,#9091,#6768,.T.);
#10188=EDGE_CURVE('',#9338,#9116,#8338,.T.);
#10190=EDGE_CURVE('',#9115,#9338,#8323,.T.);
#10198=POLYLINE('',(#10196,#10197));
#10204=EDGE_CURVE('',#9120,#9090,#6784,.T.);
#10206=EDGE_CURVE('',#9116,#9120,#8345,.T.);
#10229=EDGE_CURVE('',#9090,#9118,#6776,.T.);
#10231=EDGE_CURVE('',#9120,#9118,#8367,.T.);
#10239=POLYLINE('',(#10237,#10238));
#10245=EDGE_CURVE('',#9122,#9087,#6807,.T.);
#10247=EDGE_CURVE('',#9118,#9122,#6945,.T.);
#10270=EDGE_CURVE('',#9124,#9122,#6799,.T.);
#10273=EDGE_CURVE('',#9124,#9087,#6841,.T.);
#10280=POLYLINE('',(#10278,#10279));
#10285=EDGE_CURVE('',#9126,#9124,#6833,.T.);
#10287=EDGE_CURVE('',#9126,#9127,#6819,.T.);
#10289=EDGE_CURVE('',#9122,#9127,#6952,.T.);
#10312=EDGE_CURVE('',#9124,#9129,#6826,.T.);
#10314=EDGE_CURVE('',#9131,#9129,#6848,.T.);
#10316=EDGE_CURVE('',#9126,#9131,#8401,.T.);
#10324=POLYLINE('',(#10322,#10323));
#10332=EDGE_CURVE('',#9129,#9086,#6868,.T.);
#10357=EDGE_CURVE('',#9134,#9132,#6890,.T.);
#10359=EDGE_CURVE('',#9131,#9134,#8409,.T.);
#10382=EDGE_CURVE('',#9135,#9083,#6901,.T.);
#10384=EDGE_CURVE('',#9344,#9135,#8431,.T.);
#10386=EDGE_CURVE('',#9134,#9344,#8416,.T.);
#10394=POLYLINE('',(#10392,#10393));
#10400=EDGE_CURVE('',#9139,#9082,#6917,.T.);
#10402=EDGE_CURVE('',#9135,#9139,#8438,.T.);
#10425=EDGE_CURVE('',#9082,#9137,#6909,.T.);
#10427=EDGE_CURVE('',#9139,#9137,#8460,.T.);
#10435=POLYLINE('',(#10433,#10434));
#10440=EDGE_CURVE('',#9137,#9141,#6959,.T.);
#10444=EDGE_CURVE('',#9141,#9079,#7250,.T.);
#10466=EDGE_CURVE('',#9199,#9200,#7090,.T.);
#10468=EDGE_CURVE('',#9272,#9199,#7575,.T.);
#10470=EDGE_CURVE('',#9266,#9272,#7544,.T.);
#10472=EDGE_CURVE('',#9260,#9266,#7492,.T.);
#10474=EDGE_CURVE('',#9258,#9260,#7461,.T.);
#10476=EDGE_CURVE('',#9251,#9258,#7439,.T.);
#10478=EDGE_CURVE('',#9250,#9251,#7402,.T.);
#10480=EDGE_CURVE('',#9281,#9250,#7746,.T.);
#10482=EDGE_CURVE('',#9329,#9281,#8203,.T.);
#10484=EDGE_CURVE('',#9291,#9329,#8188,.T.);
#10486=EDGE_CURVE('',#9295,#9291,#7843,.T.);
#10488=EDGE_CURVE('',#9320,#9295,#8064,.T.);
#10490=EDGE_CURVE('',#9315,#9320,#8019,.T.);
#10492=EDGE_CURVE('',#9312,#9315,#7988,.T.);
#10494=EDGE_CURVE('',#9308,#9312,#7973,.T.);
#10496=EDGE_CURVE('',#9098,#9308,#7950,.T.);
#10500=EDGE_CURVE('',#9335,#9107,#8281,.T.);
#10502=EDGE_CURVE('',#9118,#9335,#8352,.T.);
#10506=EDGE_CURVE('',#9340,#9127,#8374,.T.);
#10508=EDGE_CURVE('',#9137,#9340,#8445,.T.);
#10511=EDGE_CURVE('',#9225,#9141,#7234,.T.);
#10513=EDGE_CURVE('',#9224,#9225,#7185,.T.);
#10515=EDGE_CURVE('',#9200,#9224,#7295,.T.);
#10519=EDGE_CURVE('',#9144,#9145,#8467,.T.);
#10521=EDGE_CURVE('',#9147,#9144,#8768,.T.);
#10523=EDGE_CURVE('',#9149,#9147,#8754,.T.);
#10525=EDGE_CURVE('',#9149,#9150,#6967,.T.);
#10527=EDGE_CURVE('',#9150,#9151,#6975,.T.);
#10529=EDGE_CURVE('',#9153,#9151,#8726,.T.);
#10531=EDGE_CURVE('',#9153,#9155,#6982,.T.);
#10533=EDGE_CURVE('',#9157,#9155,#8705,.T.);
#10535=EDGE_CURVE('',#9157,#9159,#6989,.T.);
#10537=EDGE_CURVE('',#9161,#9159,#8684,.T.);
#10539=EDGE_CURVE('',#9161,#9162,#6997,.T.);
#10541=EDGE_CURVE('',#9162,#9163,#7005,.T.);
#10543=EDGE_CURVE('',#9165,#9163,#8656,.T.);
#10545=EDGE_CURVE('',#9167,#9165,#8642,.T.);
#10547=EDGE_CURVE('',#9169,#9167,#8628,.T.);
#10549=EDGE_CURVE('',#9169,#9170,#7013,.T.);
#10551=EDGE_CURVE('',#9170,#9171,#7021,.T.);
#10553=EDGE_CURVE('',#9173,#9171,#8600,.T.);
#10555=EDGE_CURVE('',#9173,#9174,#7029,.T.);
#10557=EDGE_CURVE('',#9174,#9175,#7037,.T.);
#10559=EDGE_CURVE('',#9177,#9175,#8572,.T.);
#10561=EDGE_CURVE('',#9179,#9177,#8558,.T.);
#10563=EDGE_CURVE('',#9179,#9181,#7044,.T.);
#10565=EDGE_CURVE('',#9181,#9183,#7051,.T.);
#10567=EDGE_CURVE('',#9185,#9183,#8530,.T.);
#10569=EDGE_CURVE('',#9187,#9185,#8516,.T.);
#10571=EDGE_CURVE('',#9187,#9188,#7059,.T.);
#10573=EDGE_CURVE('',#9188,#9189,#7067,.T.);
#10575=EDGE_CURVE('',#9191,#9189,#8488,.T.);
#10577=EDGE_CURVE('',#9191,#9192,#7075,.T.);
#10579=EDGE_CURVE('',#9192,#9145,#7083,.T.);
#10586=POLYLINE('',(#10584,#10585));
#10591=EDGE_CURVE('',#9195,#9196,#7104,.T.);
#10593=EDGE_CURVE('',#9199,#9195,#7598,.T.);
#10596=EDGE_CURVE('',#9196,#9200,#7307,.T.);
#10618=EDGE_CURVE('',#9202,#9195,#7097,.T.);
#10621=EDGE_CURVE('',#9204,#9196,#7328,.T.);
#10623=EDGE_CURVE('',#9202,#9204,#7164,.T.);
#10630=POLYLINE('',(#10628,#10629));
#10635=EDGE_CURVE('',#9207,#9205,#7111,.T.);
#10637=EDGE_CURVE('',#9195,#9207,#7606,.T.);
#10640=EDGE_CURVE('',#9205,#9202,#7157,.T.);
#10663=EDGE_CURVE('',#9210,#9205,#7146,.T.);
#10665=EDGE_CURVE('',#9210,#9211,#7118,.T.);
#10667=EDGE_CURVE('',#9213,#9211,#7219,.T.);
#10669=EDGE_CURVE('',#9213,#9043,#7125,.T.);
#10672=EDGE_CURVE('',#9044,#9215,#7139,.T.);
#10674=EDGE_CURVE('',#9207,#9215,#7582,.T.);
#10696=EDGE_CURVE('',#9219,#9221,#7178,.T.);
#10698=EDGE_CURVE('',#9210,#9219,#7288,.T.);
#10703=EDGE_CURVE('',#9221,#9204,#7321,.T.);
#10725=EDGE_CURVE('',#9218,#9227,#7192,.T.);
#10727=EDGE_CURVE('',#9218,#9219,#7171,.T.);
#10730=EDGE_CURVE('',#9227,#9221,#7314,.T.);
#10737=POLYLINE('',(#10735,#10736));
#10743=EDGE_CURVE('',#9218,#9225,#7212,.T.);
#10746=EDGE_CURVE('',#9227,#9224,#7204,.T.);
#10769=EDGE_CURVE('',#9211,#9225,#7227,.T.);
#10771=EDGE_CURVE('',#9218,#9211,#7277,.T.);
#10778=POLYLINE('',(#10776,#10777));
#10786=EDGE_CURVE('',#9213,#9141,#7242,.T.);
#10810=EDGE_CURVE('',#9213,#9079,#7258,.T.);
#10817=POLYLINE('',(#10815,#10816));
#10831=POLYLINE('',(#10829,#10830));
#10845=POLYLINE('',(#10843,#10844));
#10852=EDGE_CURVE('',#9196,#9227,#7335,.T.);
#10884=POLYLINE('',(#10882,#10883));
#10889=EDGE_CURVE('',#9237,#9052,#7367,.T.);
#10891=EDGE_CURVE('',#9215,#9237,#7568,.T.);
#10915=EDGE_CURVE('',#9230,#9247,#7409,.T.);
#10917=EDGE_CURVE('',#9230,#9231,#7353,.T.);
#10919=EDGE_CURVE('',#9274,#9231,#7639,.T.);
#10921=EDGE_CURVE('',#9234,#9274,#7631,.T.);
#10923=EDGE_CURVE('',#9234,#9235,#7360,.T.);
#10925=EDGE_CURVE('',#9237,#9235,#7529,.T.);
#10929=EDGE_CURVE('',#9050,#9239,#7381,.T.);
#10931=EDGE_CURVE('',#9242,#9239,#7858,.T.);
#10933=EDGE_CURVE('',#9242,#9243,#7388,.T.);
#10935=EDGE_CURVE('',#9286,#9243,#7810,.T.);
#10937=EDGE_CURVE('',#9246,#9286,#7803,.T.);
#10939=EDGE_CURVE('',#9246,#9247,#7395,.T.);
#10946=POLYLINE('',(#10944,#10945));
#10952=EDGE_CURVE('',#9230,#9251,#7425,.T.);
#10955=EDGE_CURVE('',#9250,#9247,#7727,.T.);
#10977=EDGE_CURVE('',#9253,#9230,#7417,.T.);
#10980=EDGE_CURVE('',#9253,#9251,#7454,.T.);
#10987=POLYLINE('',(#10985,#10986));
#10994=EDGE_CURVE('',#9254,#9253,#7432,.T.);
#10996=EDGE_CURVE('',#9231,#9254,#7659,.T.);
#11018=EDGE_CURVE('',#9256,#9253,#7446,.T.);
#11020=EDGE_CURVE('',#9255,#9256,#7711,.T.);
#11022=EDGE_CURVE('',#9254,#9255,#7666,.T.);
#11030=POLYLINE('',(#11028,#11029));
#11036=EDGE_CURVE('',#9256,#9258,#7473,.T.);
#11045=POLYLINE('',(#11043,#11044));
#11051=EDGE_CURVE('',#9262,#9260,#7485,.T.);
#11053=EDGE_CURVE('',#9256,#9262,#7680,.T.);
#11061=POLYLINE('',(#11059,#11060));
#11066=EDGE_CURVE('',#9262,#9264,#7506,.T.);
#11070=EDGE_CURVE('',#9264,#9266,#7514,.T.);
#11092=EDGE_CURVE('',#9264,#9268,#7499,.T.);
#11094=EDGE_CURVE('',#9270,#9268,#7613,.T.);
#11096=EDGE_CURVE('',#9262,#9270,#7688,.T.);
#11104=POLYLINE('',(#11102,#11103));
#11110=EDGE_CURVE('',#9235,#9264,#7522,.T.);
#11113=EDGE_CURVE('',#9268,#9234,#7624,.T.);
#11136=EDGE_CURVE('',#9235,#9266,#7537,.T.);
#11144=POLYLINE('',(#11142,#11143));
#11152=EDGE_CURVE('',#9237,#9272,#7552,.T.);
#11175=EDGE_CURVE('',#9272,#9215,#7560,.T.);
#11183=POLYLINE('',(#11181,#11182));
#11189=EDGE_CURVE('',#9207,#9199,#7590,.T.);
#11239=EDGE_CURVE('',#9276,#9274,#7673,.T.);
#11241=EDGE_CURVE('',#9270,#9276,#7695,.T.);
#11266=EDGE_CURVE('',#9276,#9255,#7703,.T.);
#11314=EDGE_CURVE('',#9278,#9250,#7719,.T.);
#11317=EDGE_CURVE('',#9278,#9247,#7768,.T.);
#11324=POLYLINE('',(#11322,#11323));
#11329=EDGE_CURVE('',#9280,#9278,#7760,.T.);
#11331=EDGE_CURVE('',#9280,#9281,#7739,.T.);
#11355=EDGE_CURVE('',#9278,#9283,#7753,.T.);
#11357=EDGE_CURVE('',#9285,#9283,#7775,.T.);
#11359=EDGE_CURVE('',#9280,#9285,#8230,.T.);
#11367=POLYLINE('',(#11365,#11366));
#11375=EDGE_CURVE('',#9283,#9246,#7795,.T.);
#11400=EDGE_CURVE('',#9288,#9286,#7817,.T.);
#11402=EDGE_CURVE('',#9285,#9288,#8238,.T.);
#11425=EDGE_CURVE('',#9289,#9243,#7828,.T.);
#11427=EDGE_CURVE('',#9333,#9289,#8267,.T.);
#11429=EDGE_CURVE('',#9288,#9333,#8245,.T.);
#11437=POLYLINE('',(#11435,#11436));
#11443=EDGE_CURVE('',#9293,#9242,#7836,.T.);
#11445=EDGE_CURVE('',#9289,#9293,#8274,.T.);
#11468=EDGE_CURVE('',#9291,#9242,#7851,.T.);
#11470=EDGE_CURVE('',#9293,#9291,#8196,.T.);
#11478=POLYLINE('',(#11476,#11477));
#11486=EDGE_CURVE('',#9295,#9239,#7866,.T.);
#11509=EDGE_CURVE('',#9297,#9239,#7882,.T.);
#11511=EDGE_CURVE('',#9297,#9295,#7874,.T.);
#11518=POLYLINE('',(#11516,#11517));
#11523=EDGE_CURVE('',#9297,#9298,#7900,.T.);
#11551=EDGE_CURVE('',#9301,#9100,#7935,.T.);
#11553=EDGE_CURVE('',#9301,#9302,#7921,.T.);
#11555=EDGE_CURVE('',#9305,#9302,#8086,.T.);
#11557=EDGE_CURVE('',#9305,#9306,#7928,.T.);
#11559=EDGE_CURVE('',#9297,#9306,#8071,.T.);
#11566=POLYLINE('',(#11564,#11565));
#11574=EDGE_CURVE('',#9301,#9308,#7958,.T.);
#11597=EDGE_CURVE('',#9310,#9308,#7981,.T.);
#11599=EDGE_CURVE('',#9310,#9301,#7966,.T.);
#11606=POLYLINE('',(#11604,#11605));
#11612=EDGE_CURVE('',#9313,#9312,#8000,.T.);
#11614=EDGE_CURVE('',#9310,#9313,#8122,.T.);
#11622=POLYLINE('',(#11620,#11621));
#11628=EDGE_CURVE('',#9316,#9315,#8012,.T.);
#11630=EDGE_CURVE('',#9313,#9316,#8151,.T.);
#11638=POLYLINE('',(#11636,#11637));
#11643=EDGE_CURVE('',#9316,#9318,#8041,.T.);
#11647=EDGE_CURVE('',#9318,#9320,#8049,.T.);
#11669=EDGE_CURVE('',#9318,#9322,#8026,.T.);
#11671=EDGE_CURVE('',#9323,#9322,#8093,.T.);
#11673=EDGE_CURVE('',#9323,#9324,#8034,.T.);
#11675=EDGE_CURVE('',#9316,#9324,#8159,.T.);
#11683=POLYLINE('',(#11681,#11682));
#11689=EDGE_CURVE('',#9306,#9318,#8057,.T.);
#11692=EDGE_CURVE('',#9322,#9305,#8104,.T.);
#11715=EDGE_CURVE('',#9306,#9320,#8079,.T.);
#11723=POLYLINE('',(#11721,#11722));
#11753=EDGE_CURVE('',#9325,#9302,#8115,.T.);
#11755=EDGE_CURVE('',#9327,#9325,#8137,.T.);
#11757=EDGE_CURVE('',#9323,#9327,#8181,.T.);
#11766=POLYLINE('',(#11764,#11765));
#11773=EDGE_CURVE('',#9325,#9310,#8144,.T.);
#11797=EDGE_CURVE('',#9326,#9313,#8167,.T.);
#11799=EDGE_CURVE('',#9326,#9327,#8130,.T.);
#11825=EDGE_CURVE('',#9326,#9324,#8174,.T.);
#11857=POLYLINE('',(#11855,#11856));
#11863=EDGE_CURVE('',#9331,#9329,#8215,.T.);
#11865=EDGE_CURVE('',#9293,#9331,#8252,.T.);
#11873=POLYLINE('',(#11871,#11872));
#11880=EDGE_CURVE('',#9331,#9280,#8222,.T.);
#11907=EDGE_CURVE('',#9331,#9333,#8260,.T.);
#11938=POLYLINE('',(#11936,#11937));
#11945=EDGE_CURVE('',#9337,#9106,#8300,.T.);
#11947=EDGE_CURVE('',#9337,#9335,#8293,.T.);
#11973=EDGE_CURVE('',#9337,#9338,#8331,.T.);
#11995=EDGE_CURVE('',#9337,#9120,#8359,.T.);
#12005=POLYLINE('',(#12003,#12004));
#12019=POLYLINE('',(#12017,#12018));
#12026=EDGE_CURVE('',#9342,#9126,#8393,.T.);
#12028=EDGE_CURVE('',#9342,#9340,#8386,.T.);
#12054=EDGE_CURVE('',#9342,#9344,#8424,.T.);
#12076=EDGE_CURVE('',#9342,#9139,#8452,.T.);
#12086=POLYLINE('',(#12084,#12085));
#12116=EDGE_CURVE('',#9348,#9145,#8474,.T.);
#12118=EDGE_CURVE('',#9347,#9348,#8789,.T.);
#12120=EDGE_CURVE('',#9144,#9347,#8775,.T.);
#12130=B_SPLINE_CURVE_WITH_KNOTS('',3,(#12125,#12126,#12127,#12128,#12129),
.UNSPECIFIED.,.F.,.F.,(4,1,4),(0.E0,1.078385953661E-2,1.E0),.UNSPECIFIED.);
#12135=EDGE_CURVE('',#9350,#9192,#8481,.T.);
#12137=EDGE_CURVE('',#9348,#9350,#8797,.T.);
#12147=B_SPLINE_CURVE_WITH_KNOTS('',3,(#12143,#12144,#12145,#12146),
.UNSPECIFIED.,.F.,.F.,(4,4),(0.E0,1.E0),.UNSPECIFIED.);
#12152=EDGE_CURVE('',#9352,#9191,#8495,.T.);
#12154=EDGE_CURVE('',#9350,#9352,#8805,.T.);
#12178=EDGE_CURVE('',#9354,#9189,#8502,.T.);
#12180=EDGE_CURVE('',#9352,#9354,#8812,.T.);
#12190=B_SPLINE_CURVE_WITH_KNOTS('',3,(#12186,#12187,#12188,#12189),
.UNSPECIFIED.,.F.,.F.,(4,4),(0.E0,1.E0),.UNSPECIFIED.);
#12195=EDGE_CURVE('',#9356,#9188,#8509,.T.);
#12197=EDGE_CURVE('',#9354,#9356,#8820,.T.);
#12208=B_SPLINE_CURVE_WITH_KNOTS('',3,(#12203,#12204,#12205,#12206,#12207),
.UNSPECIFIED.,.F.,.F.,(4,1,4),(0.E0,9.894512417856E-1,1.E0),.UNSPECIFIED.);
#12213=EDGE_CURVE('',#9358,#9187,#8523,.T.);
#12215=EDGE_CURVE('',#9356,#9358,#8828,.T.);
#12239=EDGE_CURVE('',#9360,#9185,#8537,.T.);
#12241=EDGE_CURVE('',#9358,#9360,#8835,.T.);
#12265=EDGE_CURVE('',#9362,#9183,#8544,.T.);
#12267=EDGE_CURVE('',#9360,#9362,#8842,.T.);
#12291=EDGE_CURVE('',#9364,#9181,#8551,.T.);
#12293=EDGE_CURVE('',#9362,#9364,#8849,.T.);
#12317=EDGE_CURVE('',#9366,#9179,#8565,.T.);
#12319=EDGE_CURVE('',#9364,#9366,#8856,.T.);
#12343=EDGE_CURVE('',#9368,#9177,#8579,.T.);
#12345=EDGE_CURVE('',#9366,#9368,#8863,.T.);
#12369=EDGE_CURVE('',#9370,#9175,#8586,.T.);
#12371=EDGE_CURVE('',#9368,#9370,#8870,.T.);
#12383=B_SPLINE_CURVE_WITH_KNOTS('',3,(#12377,#12378,#12379,#12380,#12381,
#12382),.UNSPECIFIED.,.F.,.F.,(4,1,1,4),(0.E0,1.716709343645E-3,
2.354690058201E-2,1.E0),.UNSPECIFIED.);
#12388=EDGE_CURVE('',#9372,#9174,#8593,.T.);
#12390=EDGE_CURVE('',#9370,#9372,#8878,.T.);
#12400=B_SPLINE_CURVE_WITH_KNOTS('',3,(#12396,#12397,#12398,#12399),
.UNSPECIFIED.,.F.,.F.,(4,4),(0.E0,1.E0),.UNSPECIFIED.);
#12405=EDGE_CURVE('',#9374,#9173,#8607,.T.);
#12407=EDGE_CURVE('',#9372,#9374,#8886,.T.);
#12431=EDGE_CURVE('',#9376,#9171,#8614,.T.);
#12433=EDGE_CURVE('',#9374,#9376,#8893,.T.);
#12443=B_SPLINE_CURVE_WITH_KNOTS('',3,(#12439,#12440,#12441,#12442),
.UNSPECIFIED.,.F.,.F.,(4,4),(0.E0,1.E0),.UNSPECIFIED.);
#12448=EDGE_CURVE('',#9378,#9170,#8621,.T.);
#12450=EDGE_CURVE('',#9376,#9378,#8901,.T.);
#12461=B_SPLINE_CURVE_WITH_KNOTS('',3,(#12456,#12457,#12458,#12459,#12460),
.UNSPECIFIED.,.F.,.F.,(4,1,4),(0.E0,9.889950493538E-1,1.E0),.UNSPECIFIED.);
#12466=EDGE_CURVE('',#9380,#9169,#8635,.T.);
#12468=EDGE_CURVE('',#9378,#9380,#8909,.T.);
#12492=EDGE_CURVE('',#9382,#9167,#8649,.T.);
#12494=EDGE_CURVE('',#9380,#9382,#8916,.T.);
#12518=EDGE_CURVE('',#9384,#9165,#8663,.T.);
#12520=EDGE_CURVE('',#9382,#9384,#8923,.T.);
#12544=EDGE_CURVE('',#9386,#9163,#8670,.T.);
#12546=EDGE_CURVE('',#9384,#9386,#8930,.T.);
#12556=B_SPLINE_CURVE_WITH_KNOTS('',3,(#12552,#12553,#12554,#12555),
.UNSPECIFIED.,.F.,.F.,(4,4),(0.E0,1.E0),.UNSPECIFIED.);
#12561=EDGE_CURVE('',#9388,#9162,#8677,.T.);
#12563=EDGE_CURVE('',#9386,#9388,#8938,.T.);
#12574=B_SPLINE_CURVE_WITH_KNOTS('',3,(#12569,#12570,#12571,#12572,#12573),
.UNSPECIFIED.,.F.,.F.,(4,1,4),(0.E0,9.898652202441E-1,1.E0),.UNSPECIFIED.);
#12579=EDGE_CURVE('',#9390,#9161,#8691,.T.);
#12581=EDGE_CURVE('',#9388,#9390,#8946,.T.);
#12605=EDGE_CURVE('',#9392,#9159,#8698,.T.);
#12607=EDGE_CURVE('',#9390,#9392,#8953,.T.);
#12631=EDGE_CURVE('',#9394,#9157,#8712,.T.);
#12633=EDGE_CURVE('',#9392,#9394,#8960,.T.);
#12657=EDGE_CURVE('',#9396,#9155,#8719,.T.);
#12659=EDGE_CURVE('',#9394,#9396,#8967,.T.);
#12683=EDGE_CURVE('',#9398,#9153,#8733,.T.);
#12685=EDGE_CURVE('',#9396,#9398,#8974,.T.);
#12709=EDGE_CURVE('',#9400,#9151,#8740,.T.);
#12711=EDGE_CURVE('',#9398,#9400,#8981,.T.);
#12721=B_SPLINE_CURVE_WITH_KNOTS('',3,(#12717,#12718,#12719,#12720),
.UNSPECIFIED.,.F.,.F.,(4,4),(0.E0,1.E0),.UNSPECIFIED.);
#12726=EDGE_CURVE('',#9402,#9150,#8747,.T.);
#12728=EDGE_CURVE('',#9400,#9402,#8989,.T.);
#12740=B_SPLINE_CURVE_WITH_KNOTS('',3,(#12734,#12735,#12736,#12737,#12738,
#12739),.UNSPECIFIED.,.F.,.F.,(4,1,1,4),(0.E0,1.047597681718E-1,
7.833999163670E-1,1.E0),.UNSPECIFIED.);
#12745=EDGE_CURVE('',#9404,#9149,#8761,.T.);
#12747=EDGE_CURVE('',#9402,#9404,#8997,.T.);
#12771=EDGE_CURVE('',#9406,#9147,#8782,.T.);
#12773=EDGE_CURVE('',#9404,#9406,#9004,.T.);
#12798=EDGE_CURVE('',#9406,#9347,#9011,.T.);
#12871=(LENGTH_UNIT()NAMED_UNIT(*)SI_UNIT(.MILLI.,.METRE.));
#12873=(NAMED_UNIT(*)PLANE_ANGLE_UNIT()SI_UNIT($,.RADIAN.));
#12876=(NAMED_UNIT(*)SI_UNIT($,.STERADIAN.)SOLID_ANGLE_UNIT());
#12879=ADVANCED_BREP_SHAPE_REPRESENTATION('',(#12862),#12878);
#12880=MANIFOLD_SURFACE_SHAPE_REPRESENTATION('',(#12863),#12878);
#12884=AXIS2_PLACEMENT_3D('',#12881,#12882,#12883);
#12885=SHAPE_REPRESENTATION('',(#12884),#12878);
#12895=PRODUCT_DEFINITION('design','',#12894,#12891);
#12896=PRODUCT_DEFINITION_SHAPE('','SHAPE FOR PRT0135.',#12895);
#12897=SHAPE_DEFINITION_REPRESENTATION(#12896,#12885);
ENDSEC;
END-ISO-10303-21;
