ISO-10303-21;
HEADER;
FILE_DESCRIPTION (( 'STEP AP214' ),
    '1' );
FILE_NAME ('VS1838B.STEP',
    '2021-07-15T13:38:51',
    ( '' ),
    ( '' ),
    'SwSTEP 2.0',
    'SolidWorks 2018',
    '' );
FILE_SCHEMA (( 'AUTOMOTIVE_DESIGN' ));
ENDSEC;

DATA;
#1 = LINE ( 'NONE', #1570, #2086 ) ;
#2 = PLANE ( 'NONE',  #2976 ) ;
#3 =( LENGTH_UNIT ( ) NAMED_UNIT ( * ) SI_UNIT ( .MILLI., .METRE. ) );
#4 = DIRECTION ( 'NONE',  ( 0.000000000000000000, -1.000000000000000000, 0.000000000000000000 ) ) ;
#5 = VECTOR ( 'NONE', #1732, 1000.000000000000000 ) ;
#6 = PRESENTATION_LAYER_ASSIGNMENT (  '', '', ( #334 ) ) ;
#7 = ADVANCED_FACE ( 'NONE', ( #86 ), #1759, .F. ) ;
#8 = DIRECTION ( 'NONE',  ( -1.000000000000000000, 0.000000000000000000, 0.000000000000000000 ) ) ;
#9 = CARTESIAN_POINT ( 'NONE',  ( -0.3499999999999999778, 5.599999999999999645, -0.2000000000000000111 ) ) ;
#10 = LINE ( 'NONE', #3033, #1793 ) ;
#11 = ORIENTED_EDGE ( 'NONE', *, *, #1905, .T. ) ;
#12 =( NAMED_UNIT ( * ) PLANE_ANGLE_UNIT ( ) SI_UNIT ( $, .RADIAN. ) );
#13 = EDGE_CURVE ( 'NONE', #3082, #1947, #2566, .T. ) ;
#14 = VERTEX_POINT ( 'NONE', #2304 ) ;
#15 = CARTESIAN_POINT ( 'NONE',  ( -2.189999999999999947, 7.072000000000000064, -0.2000000000000000111 ) ) ;
#16 = PLANE ( 'NONE',  #2577 ) ;
#17 = EDGE_LOOP ( 'NONE', ( #1107, #1723, #2182, #1302 ) ) ;
#18 = EDGE_CURVE ( 'NONE', #646, #3074, #1901, .T. ) ;
#19 = UNCERTAINTY_MEASURE_WITH_UNIT (LENGTH_MEASURE( 1.000000000000000082E-05 ), #345, 'distance_accuracy_value', 'NONE');
#20 = ORIENTED_EDGE ( 'NONE', *, *, #2647, .F. ) ;
#21 = DIRECTION ( 'NONE',  ( -1.000000000000000000, 0.000000000000000000, 0.000000000000000000 ) ) ;
#22 = CARTESIAN_POINT ( 'NONE',  ( 2.890000000000000124, 5.599999999999999645, -0.2000000000000000111 ) ) ;
#23 = ORIENTED_EDGE ( 'NONE', *, *, #2081, .T. ) ;
#24 = SURFACE_STYLE_USAGE ( .BOTH. , #538 ) ;
#25 = DIRECTION ( 'NONE',  ( 0.000000000000000000, 0.000000000000000000, 1.000000000000000000 ) ) ;
#26 = SURFACE_SIDE_STYLE ('',( #1325 ) ) ;
#27 = SURFACE_STYLE_USAGE ( .BOTH. , #519 ) ;
#28 = SURFACE_STYLE_USAGE ( .BOTH. , #2838 ) ;
#29 = DIRECTION ( 'NONE',  ( 1.000000000000000000, 0.000000000000000000, 0.000000000000000000 ) ) ;
#30 = EDGE_LOOP ( 'NONE', ( #260, #1413, #978, #2509 ) ) ;
#31 = EDGE_CURVE ( 'NONE', #2725, #58, #1400, .T. ) ;
#32 = DIRECTION ( 'NONE',  ( 1.000000000000000000, 0.000000000000000000, 0.000000000000000000 ) ) ;
#33 = PRESENTATION_STYLE_ASSIGNMENT (( #507 ) ) ;
#34 = CARTESIAN_POINT ( 'NONE',  ( -1.810585256662605724, -1.626909665860700294, 3.210335186065044422 ) ) ;
#35 = MECHANICAL_DESIGN_GEOMETRIC_PRESENTATION_REPRESENTATION (  '', ( #713 ), #3080 ) ;
#36 = PRODUCT_CONTEXT ( 'NONE', #1241, 'mechanical' ) ;
#37 = CARTESIAN_POINT ( 'NONE',  ( -0.4249999999999999889, 6.996999999999999886, -0.2000000000000000111 ) ) ;
#38 = FILL_AREA_STYLE ('',( #2479 ) ) ;
#39 = PLANE ( 'NONE',  #390 ) ;
#40 =( LENGTH_UNIT ( ) NAMED_UNIT ( * ) SI_UNIT ( .MILLI., .METRE. ) );
#41 = DIRECTION ( 'NONE',  ( 0.7071067811865975328, 0.7071067811864976127, 0.000000000000000000 ) ) ;
#42 = AXIS2_PLACEMENT_3D ( 'NONE', #432, #1982, #1265 ) ;
#43 = FILL_AREA_STYLE_COLOUR ( '', #109 ) ;
#44 = EDGE_CURVE ( 'NONE', #1906, #1908, #1136, .T. ) ;
#45 =( NAMED_UNIT ( * ) SI_UNIT ( $, .STERADIAN. ) SOLID_ANGLE_UNIT ( ) );
#46 = PRESENTATION_LAYER_ASSIGNMENT (  '', '', ( #3008 ) ) ;
#47 = COLOUR_RGB ( '',1.000000000000000000, 1.000000000000000000, 1.000000000000000000 ) ;
#48 =( NAMED_UNIT ( * ) PLANE_ANGLE_UNIT ( ) SI_UNIT ( $, .RADIAN. ) );
#49 = DIRECTION ( 'NONE',  ( 0.000000000000000000, 0.000000000000000000, 1.000000000000000000 ) ) ;
#50 = DIRECTION ( 'NONE',  ( 0.000000000000000000, 1.000000000000000000, 0.000000000000000000 ) ) ;
#51 = FACE_OUTER_BOUND ( 'NONE', #1180, .T. ) ;
#52 =( LENGTH_UNIT ( ) NAMED_UNIT ( * ) SI_UNIT ( .MILLI., .METRE. ) );
#53 = VECTOR ( 'NONE', #2360, 1000.000000000000000 ) ;
#54 = ORIENTED_EDGE ( 'NONE', *, *, #2297, .T. ) ;
#55 = ORIENTED_EDGE ( 'NONE', *, *, #992, .F. ) ;
#56 = DIRECTION ( 'NONE',  ( 0.000000000000000000, 1.000000000000000000, 0.000000000000000000 ) ) ;
#57 =( LENGTH_UNIT ( ) NAMED_UNIT ( * ) SI_UNIT ( .MILLI., .METRE. ) );
#58 = VERTEX_POINT ( 'NONE', #191 ) ;
#59 = VECTOR ( 'NONE', #1022, 1000.000000000000000 ) ;
#60 = DIRECTION ( 'NONE',  ( 0.000000000000000000, -1.000000000000000000, 0.000000000000000000 ) ) ;
#61 = CARTESIAN_POINT ( 'NONE',  ( 2.890000000000000124, 4.275000000000000355, -0.2000000000000000111 ) ) ;
#62 = VERTEX_POINT ( 'NONE', #361 ) ;
#63 = PRESENTATION_LAYER_ASSIGNMENT (  '', '', ( #2469 ) ) ;
#64 = EDGE_CURVE ( 'NONE', #890, #1611, #121, .T. ) ;
#65 = ORIENTED_EDGE ( 'NONE', *, *, #1842, .T. ) ;
#66 = CARTESIAN_POINT ( 'NONE',  ( -0.3499999999999999778, 3.474999999999999645, -0.2000000000000000111 ) ) ;
#67 = FILL_AREA_STYLE ('',( #2198 ) ) ;
#68 = ORIENTED_EDGE ( 'NONE', *, *, #458, .T. ) ;
#69 = VERTEX_POINT ( 'NONE', #169 ) ;
#70 = FILL_AREA_STYLE_COLOUR ( '', #297 ) ;
#71 = LINE ( 'NONE', #1508, #2587 ) ;
#72 = CARTESIAN_POINT ( 'NONE',  ( 2.250000000000000000, 3.875000000000000000, -0.2000000000000000111 ) ) ;
#73 = CARTESIAN_POINT ( 'NONE',  ( -2.000000000000000000, -0.7750000000000000222, 3.399999999999999911 ) ) ;
#74 = UNCERTAINTY_MEASURE_WITH_UNIT (LENGTH_MEASURE( 1.000000000000000082E-05 ), #2032, 'distance_accuracy_value', 'NONE');
#75 = CARTESIAN_POINT ( 'NONE',  ( 2.115000000000000213, 5.675000000000000711, -0.2000000000000000111 ) ) ;
#76 = PRESENTATION_LAYER_ASSIGNMENT (  '', '', ( #185 ) ) ;
#77 =( LENGTH_UNIT ( ) NAMED_UNIT ( * ) SI_UNIT ( .MILLI., .METRE. ) );
#78 = VECTOR ( 'NONE', #2635, 1000.000000000000000 ) ;
#79 = FILL_AREA_STYLE_COLOUR ( '', #1550 ) ;
#80 =( NAMED_UNIT ( * ) PLANE_ANGLE_UNIT ( ) SI_UNIT ( $, .RADIAN. ) );
#81 = SURFACE_STYLE_FILL_AREA ( #743 ) ;
#82 = CARTESIAN_POINT ( 'NONE',  ( 2.689999999999999947, 4.275000000000000355, 0.2999999999999999889 ) ) ;
#83 = LINE ( 'NONE', #1427, #2958 ) ;
#84 = AXIS2_PLACEMENT_3D ( 'NONE', #1509, #1016, #1261 ) ;
#85 = ORIENTED_EDGE ( 'NONE', *, *, #553, .F. ) ;
#86 = FACE_OUTER_BOUND ( 'NONE', #1828, .T. ) ;
#87 =( NAMED_UNIT ( * ) SI_UNIT ( $, .STERADIAN. ) SOLID_ANGLE_UNIT ( ) );
#88 = ORIENTED_EDGE ( 'NONE', *, *, #2507, .F. ) ;
#89 = COLOUR_RGB ( '',1.000000000000000000, 1.000000000000000000, 1.000000000000000000 ) ;
#90 = SURFACE_SIDE_STYLE ('',( #666 ) ) ;
#91 = EDGE_CURVE ( 'NONE', #2604, #552, #2290, .T. ) ;
#92 = SURFACE_SIDE_STYLE ('',( #2060 ) ) ;
#93 = ORIENTED_EDGE ( 'NONE', *, *, #2642, .F. ) ;
#94 =( LENGTH_UNIT ( ) NAMED_UNIT ( * ) SI_UNIT ( .MILLI., .METRE. ) );
#95 = DIRECTION ( 'NONE',  ( 1.000000000000000000, 0.000000000000000000, 0.000000000000000000 ) ) ;
#96 = ORIENTED_EDGE ( 'NONE', *, *, #1870, .T. ) ;
#97 = CARTESIAN_POINT ( 'NONE',  ( 2.965000000000000302, 6.996999999999999886, 0.2999999999999999889 ) ) ;
#98 = ORIENTED_EDGE ( 'NONE', *, *, #1549, .F. ) ;
#99 = AXIS2_PLACEMENT_3D ( 'NONE', #1623, #2817, #1126 ) ;
#100 = EDGE_CURVE ( 'NONE', #1271, #801, #2844, .T. ) ;
#101 = CARTESIAN_POINT ( 'NONE',  ( -2.890000000000000124, 4.074999999999999289, 0.2999999999999999889 ) ) ;
#102 = LINE ( 'NONE', #1384, #2114 ) ;
#103 = FILL_AREA_STYLE ('',( #1480 ) ) ;
#104 = PRESENTATION_LAYER_ASSIGNMENT (  '', '', ( #910 ) ) ;
#105 = SURFACE_STYLE_USAGE ( .BOTH. , #1564 ) ;
#106 = ORIENTED_EDGE ( 'NONE', *, *, #1522, .T. ) ;
#107 = CARTESIAN_POINT ( 'NONE',  ( 2.189999999999999947, 27.02500000000000213, -0.2000000000000000111 ) ) ;
#108 = DIRECTION ( 'NONE',  ( -0.000000000000000000, 1.000000000000000000, 0.000000000000000000 ) ) ;
#109 = COLOUR_RGB ( '',1.000000000000000000, 1.000000000000000000, 1.000000000000000000 ) ;
#110 = UNCERTAINTY_MEASURE_WITH_UNIT (LENGTH_MEASURE( 1.000000000000000082E-05 ), #735, 'distance_accuracy_value', 'NONE');
#111 = PRESENTATION_LAYER_ASSIGNMENT (  '', '', ( #2810 ) ) ;
#112 =( NAMED_UNIT ( * ) SI_UNIT ( $, .STERADIAN. ) SOLID_ANGLE_UNIT ( ) );
#113 = VECTOR ( 'NONE', #782, 1000.000000000000000 ) ;
#114 = LINE ( 'NONE', #683, #604 ) ;
#115 = STYLED_ITEM ( 'NONE', ( #210 ), #1209 ) ;
#116 = EDGE_CURVE ( 'NONE', #890, #1947, #2874, .T. ) ;
#117 =( NAMED_UNIT ( * ) PLANE_ANGLE_UNIT ( ) SI_UNIT ( $, .RADIAN. ) );
#118 = PLANE ( 'NONE',  #977 ) ;
#119 = EDGE_LOOP ( 'NONE', ( #767, #2372, #1190, #472 ) ) ;
#120 = STYLED_ITEM ( 'NONE', ( #1399 ), #2166 ) ;
#121 = LINE ( 'NONE', #2365, #391 ) ;
#122 = FILL_AREA_STYLE ('',( #2063 ) ) ;
#123 = VECTOR ( 'NONE', #2393, 1000.000000000000000 ) ;
#124 =( NAMED_UNIT ( * ) PLANE_ANGLE_UNIT ( ) SI_UNIT ( $, .RADIAN. ) );
#125 = ORIENTED_EDGE ( 'NONE', *, *, #2451, .T. ) ;
#126 = ORIENTED_EDGE ( 'NONE', *, *, #845, .T. ) ;
#127 = VERTEX_POINT ( 'NONE', #2385 ) ;
#128 = DIRECTION ( 'NONE',  ( 0.000000000000000000, 0.000000000000000000, 1.000000000000000000 ) ) ;
#129 = FILL_AREA_STYLE ('',( #2288 ) ) ;
#130 = EDGE_CURVE ( 'NONE', #1541, #1345, #674, .T. ) ;
#131 = ORIENTED_EDGE ( 'NONE', *, *, #180, .T. ) ;
#132 =( NAMED_UNIT ( * ) SI_UNIT ( $, .STERADIAN. ) SOLID_ANGLE_UNIT ( ) );
#133 = AXIS2_PLACEMENT_3D ( 'NONE', #741, #1925, #29 ) ;
#134 = STYLED_ITEM ( 'NONE', ( #1049 ), #1445 ) ;
#135 = ORIENTED_EDGE ( 'NONE', *, *, #1536, .T. ) ;
#136 = EDGE_CURVE ( 'NONE', #2219, #677, #758, .T. ) ;
#137 = VECTOR ( 'NONE', #2429, 1000.000000000000000 ) ;
#138 = MECHANICAL_DESIGN_GEOMETRIC_PRESENTATION_REPRESENTATION (  '', ( #848 ), #2752 ) ;
#139 = CARTESIAN_POINT ( 'NONE',  ( -1.895000000000000018, 3.474999999999999645, 0.2999999999999999889 ) ) ;
#140 = COLOUR_RGB ( '',1.000000000000000000, 1.000000000000000000, 1.000000000000000000 ) ;
#141 = VECTOR ( 'NONE', #2473, 1000.000000000000000 ) ;
#142 = EDGE_CURVE ( 'NONE', #69, #1880, #2957, .T. ) ;
#143 = DIRECTION ( 'NONE',  ( 0.000000000000000000, 1.000000000000000000, 0.000000000000000000 ) ) ;
#144 = SURFACE_STYLE_FILL_AREA ( #620 ) ;
#145 = PRESENTATION_STYLE_ASSIGNMENT (( #811 ) ) ;
#146 = LINE ( 'NONE', #1021, #1524 ) ;
#147 = LINE ( 'NONE', #933, #1032 ) ;
#148 = ORIENTED_EDGE ( 'NONE', *, *, #1319, .F. ) ;
#149 = VECTOR ( 'NONE', #2879, 1000.000000000000000 ) ;
#150 = PRODUCT_DEFINITION_CONTEXT ( 'detailed design', #269, 'design' ) ;
#151 = MECHANICAL_DESIGN_GEOMETRIC_PRESENTATION_REPRESENTATION (  '', ( #586 ), #740 ) ;
#152 = ORIENTED_EDGE ( 'NONE', *, *, #733, .F. ) ;
#153 = ORIENTED_EDGE ( 'NONE', *, *, #1842, .F. ) ;
#154 = CARTESIAN_POINT ( 'NONE',  ( -0.4249999999999999889, 6.996999999999999886, 0.2999999999999999889 ) ) ;
#155 = AXIS2_PLACEMENT_3D ( 'NONE', #1086, #1799, #373 ) ;
#156 = EDGE_LOOP ( 'NONE', ( #643, #2364, #838, #253 ) ) ;
#157 = EDGE_LOOP ( 'NONE', ( #2502, #514, #2195, #1296 ) ) ;
#158 =( GEOMETRIC_REPRESENTATION_CONTEXT ( 3 ) GLOBAL_UNCERTAINTY_ASSIGNED_CONTEXT ( ( #2693 ) ) GLOBAL_UNIT_ASSIGNED_CONTEXT ( ( #1015, #2459, #1000 ) ) REPRESENTATION_CONTEXT ( 'NONE', 'WORKASPACE' ) );
#159 = CARTESIAN_POINT ( 'NONE',  ( 2.050000000000000266, 3.474999999999999645, -0.2000000000000000111 ) ) ;
#160 = UNCERTAINTY_MEASURE_WITH_UNIT (LENGTH_MEASURE( 1.000000000000000082E-05 ), #688, 'distance_accuracy_value', 'NONE');
#161 = VERTEX_POINT ( 'NONE', #446 ) ;
#162 = AXIS2_PLACEMENT_3D ( 'NONE', #2124, #1869, #642 ) ;
#163 = COLOUR_RGB ( '',1.000000000000000000, 1.000000000000000000, 1.000000000000000000 ) ;
#164 = ORIENTED_EDGE ( 'NONE', *, *, #2704, .T. ) ;
#165 =( LENGTH_UNIT ( ) NAMED_UNIT ( * ) SI_UNIT ( .MILLI., .METRE. ) );
#166 = LINE ( 'NONE', #1282, #1383 ) ;
#167 = PRESENTATION_LAYER_ASSIGNMENT (  '', '', ( #1678 ) ) ;
#168 = EDGE_CURVE ( 'NONE', #2777, #1906, #913, .T. ) ;
#169 = CARTESIAN_POINT ( 'NONE',  ( 1.350000000000000089, 4.575000000000000178, -0.2000000000000000111 ) ) ;
#170 = ORIENTED_EDGE ( 'NONE', *, *, #1390, .T. ) ;
#171 = FILL_AREA_STYLE_COLOUR ( '', #2730 ) ;
#172 = AXIS2_PLACEMENT_3D ( 'NONE', #870, #1122, #2824 ) ;
#173 = CARTESIAN_POINT ( 'NONE',  ( 1.615489207648838299, -1.955873973569979274, 3.015417740165127647 ) ) ;
#174 = SURFACE_STYLE_FILL_AREA ( #1467 ) ;
#175 = PLANE ( 'NONE',  #1865 ) ;
#176 = COLOUR_RGB ( '',1.000000000000000000, 1.000000000000000000, 1.000000000000000000 ) ;
#177 = VECTOR ( 'NONE', #1659, 1000.000000000000000 ) ;
#178 = PRESENTATION_STYLE_ASSIGNMENT (( #1059 ) ) ;
#179 = CARTESIAN_POINT ( 'NONE',  ( -0.4249999999999999889, 5.675000000000000711, -0.2000000000000000111 ) ) ;
#180 = EDGE_CURVE ( 'NONE', #1727, #3034, #1034, .T. ) ;
#181 = CARTESIAN_POINT ( 'NONE',  ( 1.652862515829303769, -1.902902137067981281, 3.052698607951311427 ) ) ;
#182 = DIRECTION ( 'NONE',  ( 0.000000000000000000, 0.000000000000000000, 1.000000000000000000 ) ) ;
#183 = DIRECTION ( 'NONE',  ( -0.7071067811864976127, 0.7071067811865975328, 0.000000000000000000 ) ) ;
#184 = PLANE ( 'NONE',  #1610 ) ;
#185 = STYLED_ITEM ( 'NONE', ( #3107 ), #490 ) ;
#186 = EDGE_LOOP ( 'NONE', ( #126, #949, #1538, #778 ) ) ;
#187 = ADVANCED_FACE ( 'NONE', ( #51 ), #2906, .T. ) ;
#188 = VECTOR ( 'NONE', #2354, 1000.000000000000000 ) ;
#189 = CARTESIAN_POINT ( 'NONE',  ( -2.890000000000000124, 5.599999999999999645, -0.2000000000000000111 ) ) ;
#190 = ORIENTED_EDGE ( 'NONE', *, *, #180, .F. ) ;
#191 = CARTESIAN_POINT ( 'NONE',  ( 1.350000000000000089, 3.474999999999999645, 0.2999999999999999889 ) ) ;
#192 =( NAMED_UNIT ( * ) SI_UNIT ( $, .STERADIAN. ) SOLID_ANGLE_UNIT ( ) );
#193 =( LENGTH_UNIT ( ) NAMED_UNIT ( * ) SI_UNIT ( .MILLI., .METRE. ) );
#194 = VERTEX_POINT ( 'NONE', #669 ) ;
#195 = CARTESIAN_POINT ( 'NONE',  ( -2.965000000000000302, 5.675000000000000711, -0.2000000000000000111 ) ) ;
#196 = CARTESIAN_POINT ( 'NONE',  ( 0.000000000000000000, -2.774999999999999911, 1.399999999999999911 ) ) ;
#197 = SURFACE_STYLE_USAGE ( .BOTH. , #3060 ) ;
#198 = ORIENTED_EDGE ( 'NONE', *, *, #2624, .T. ) ;
#199 = CARTESIAN_POINT ( 'NONE',  ( 2.890000000000000124, 5.599999999999999645, 0.2999999999999999889 ) ) ;
#200 = FILL_AREA_STYLE ('',( #2812 ) ) ;
#201 = UNCERTAINTY_MEASURE_WITH_UNIT (LENGTH_MEASURE( 1.000000000000000082E-05 ), #2308, 'distance_accuracy_value', 'NONE');
#202 = ORIENTED_EDGE ( 'NONE', *, *, #896, .T. ) ;
#203 = DIRECTION ( 'NONE',  ( 0.000000000000000000, 0.000000000000000000, 1.000000000000000000 ) ) ;
#204 = CARTESIAN_POINT ( 'NONE',  ( -1.270803639467755985, -2.320584353815962952, 2.670413357788198550 ) ) ;
#205 = ADVANCED_FACE ( 'NONE', ( #2168 ), #1627, .T. ) ;
#206 = EDGE_LOOP ( 'NONE', ( #467, #2105, #1998, #1677, #279, #2383, #2039, #1442, #895, #2847, #1957, #1269 ) ) ;
#207 =( NAMED_UNIT ( * ) SI_UNIT ( $, .STERADIAN. ) SOLID_ANGLE_UNIT ( ) );
#208 = DIRECTION ( 'NONE',  ( 0.000000000000000000, -1.000000000000000000, 0.000000000000000000 ) ) ;
#209 = FILL_AREA_STYLE_COLOUR ( '', #1316 ) ;
#210 = PRESENTATION_STYLE_ASSIGNMENT (( #1355 ) ) ;
#211 = ORIENTED_EDGE ( 'NONE', *, *, #1083, .F. ) ;
#212 = DIRECTION ( 'NONE',  ( 0.000000000000000000, -1.000000000000000000, 0.000000000000000000 ) ) ;
#213 = EDGE_CURVE ( 'NONE', #1951, #2175, #2055, .T. ) ;
#214 = FILL_AREA_STYLE_COLOUR ( '', #47 ) ;
#215 = COLOUR_RGB ( '',1.000000000000000000, 1.000000000000000000, 1.000000000000000000 ) ;
#216 = DIRECTION ( 'NONE',  ( -0.7071067811864976127, 0.7071067811865975328, 0.000000000000000000 ) ) ;
#217 = AXIS2_PLACEMENT_3D ( 'NONE', #1429, #2702, #3092 ) ;
#218 = LINE ( 'NONE', #2525, #2204 ) ;
#219 = CARTESIAN_POINT ( 'NONE',  ( 2.500000000000000000, 3.474999999999999645, -1.399999999999999911 ) ) ;
#220 = DIRECTION ( 'NONE',  ( 0.000000000000000000, 0.000000000000000000, -1.000000000000000000 ) ) ;
#221 = CARTESIAN_POINT ( 'NONE',  ( -0.3499999999999999778, 27.02500000000000213, -0.2000000000000000111 ) ) ;
#222 = VECTOR ( 'NONE', #2000, 1000.000000000000000 ) ;
#223 = STYLED_ITEM ( 'NONE', ( #2350 ), #3098 ) ;
#224 = PLANE ( 'NONE',  #1040 ) ;
#225 = ADVANCED_FACE ( 'NONE', ( #1398 ), #2437, .T. ) ;
#226 = DIRECTION ( 'NONE',  ( -0.000000000000000000, 1.000000000000000000, 0.000000000000000000 ) ) ;
#227 = SURFACE_STYLE_FILL_AREA ( #1295 ) ;
#228 = FILL_AREA_STYLE ('',( #1152 ) ) ;
#229 = EDGE_CURVE ( 'NONE', #851, #3034, #668, .T. ) ;
#230 = ORIENTED_EDGE ( 'NONE', *, *, #1020, .F. ) ;
#231 =( NAMED_UNIT ( * ) SI_UNIT ( $, .STERADIAN. ) SOLID_ANGLE_UNIT ( ) );
#232 = VECTOR ( 'NONE', #2331, 1000.000000000000000 ) ;
#233 = DIRECTION ( 'NONE',  ( -0.000000000000000000, 1.000000000000000000, 0.000000000000000000 ) ) ;
#234 = ORIENTED_EDGE ( 'NONE', *, *, #1220, .T. ) ;
#235 = FILL_AREA_STYLE ('',( #942 ) ) ;
#236 = ORIENTED_EDGE ( 'NONE', *, *, #2602, .F. ) ;
#237 = STYLED_ITEM ( 'NONE', ( #1975 ), #691 ) ;
#238 = CARTESIAN_POINT ( 'NONE',  ( -1.195000000000000062, 3.474999999999999645, 0.2999999999999999889 ) ) ;
#239 = CARTESIAN_POINT ( 'NONE',  ( -2.189999999999999947, 4.774999999999999467, -0.2000000000000000111 ) ) ;
#240 = VECTOR ( 'NONE', #2904, 1000.000000000000000 ) ;
#241 = STYLED_ITEM ( 'NONE', ( #2259 ), #2150 ) ;
#242 = ORIENTED_EDGE ( 'NONE', *, *, #2802, .T. ) ;
#243 = SURFACE_STYLE_USAGE ( .BOTH. , #1669 ) ;
#244 = ADVANCED_FACE ( 'NONE', ( #2528 ), #503, .T. ) ;
#245 = VECTOR ( 'NONE', #470, 1000.000000000000000 ) ;
#246 = CARTESIAN_POINT ( 'NONE',  ( 0.000000000000000000, 0.000000000000000000, -1.399999999999999911 ) ) ;
#247 = CARTESIAN_POINT ( 'NONE',  ( 0.4249999999999999889, 5.675000000000000711, -0.2000000000000000111 ) ) ;
#248 =( GEOMETRIC_REPRESENTATION_CONTEXT ( 3 ) GLOBAL_UNCERTAINTY_ASSIGNED_CONTEXT ( ( #1701 ) ) GLOBAL_UNIT_ASSIGNED_CONTEXT ( ( #252, #1950, #1004 ) ) REPRESENTATION_CONTEXT ( 'NONE', 'WORKASPACE' ) );
#249 = ORIENTED_EDGE ( 'NONE', *, *, #2490, .F. ) ;
#250 = DIRECTION ( 'NONE',  ( 0.000000000000000000, -1.000000000000000000, 0.000000000000000000 ) ) ;
#251 = DIRECTION ( 'NONE',  ( -1.000000000000000000, 0.000000000000000000, 0.000000000000000000 ) ) ;
#252 =( LENGTH_UNIT ( ) NAMED_UNIT ( * ) SI_UNIT ( .MILLI., .METRE. ) );
#253 = ORIENTED_EDGE ( 'NONE', *, *, #2841, .T. ) ;
#254 = FILL_AREA_STYLE ('',( #2412 ) ) ;
#255 = SURFACE_STYLE_USAGE ( .BOTH. , #515 ) ;
#256 = PRODUCT ( 'VS1838B', 'VS1838B', '', ( #36 ) ) ;
#257 = EDGE_CURVE ( 'NONE', #552, #1195, #2920, .T. ) ;
#258 = FACE_OUTER_BOUND ( 'NONE', #364, .T. ) ;
#259 = SURFACE_STYLE_USAGE ( .BOTH. , #1443 ) ;
#260 = ORIENTED_EDGE ( 'NONE', *, *, #142, .F. ) ;
#261 = STYLED_ITEM ( 'NONE', ( #348 ), #453 ) ;
#262 = APPLICATION_PROTOCOL_DEFINITION ( 'draft international standard', 'automotive_design', 1998, #1472 ) ;
#263 = ADVANCED_FACE ( 'NONE', ( #573 ), #1765, .T. ) ;
#264 = AXIS2_PLACEMENT_3D ( 'NONE', #1089, #2291, #825 ) ;
#265 =( NAMED_UNIT ( * ) SI_UNIT ( $, .STERADIAN. ) SOLID_ANGLE_UNIT ( ) );
#266 = LINE ( 'NONE', #970, #1974 ) ;
#267 = CARTESIAN_POINT ( 'NONE',  ( -1.753378219049569253, -1.739175228572817922, 3.153088061213753956 ) ) ;
#268 = MECHANICAL_DESIGN_GEOMETRIC_PRESENTATION_REPRESENTATION (  '', ( #910 ), #1956 ) ;
#269 = APPLICATION_CONTEXT ( 'automotive_design' ) ;
#270 = SURFACE_SIDE_STYLE ('',( #1822 ) ) ;
#271 =( NAMED_UNIT ( * ) PLANE_ANGLE_UNIT ( ) SI_UNIT ( $, .RADIAN. ) );
#272 = CARTESIAN_POINT ( 'NONE',  ( 2.890000000000000124, 27.02500000000000213, -0.2000000000000000111 ) ) ;
#273 = COLOUR_RGB ( '',1.000000000000000000, 1.000000000000000000, 1.000000000000000000 ) ;
#274 = VERTEX_POINT ( 'NONE', #997 ) ;
#275 = CARTESIAN_POINT ( 'NONE',  ( -2.500000000000000000, -3.474999999999999645, -1.399999999999999911 ) ) ;
#276 = STYLED_ITEM ( 'NONE', ( #1855 ), #327 ) ;
#277 = VERTEX_POINT ( 'NONE', #1050 ) ;
#278 = PRODUCT_CONTEXT ( 'NONE', #1728, 'mechanical' ) ;
#279 = ORIENTED_EDGE ( 'NONE', *, *, #1125, .T. ) ;
#280 = MECHANICAL_DESIGN_GEOMETRIC_PRESENTATION_REPRESENTATION (  '', ( #115 ), #1081 ) ;
#281 = EDGE_CURVE ( 'NONE', #127, #955, #2215, .T. ) ;
#282 = FILL_AREA_STYLE_COLOUR ( '', #908 ) ;
#283 = CARTESIAN_POINT ( 'NONE',  ( 2.890000000000000124, 4.275000000000000355, 0.2999999999999999889 ) ) ;
#284 = DIRECTION ( 'NONE',  ( 0.000000000000000000, 0.000000000000000000, -1.000000000000000000 ) ) ;
#285 = VERTEX_POINT ( 'NONE', #766 ) ;
#286 = PRESENTATION_LAYER_ASSIGNMENT (  '', '', ( #120 ) ) ;
#287 = PLANE ( 'NONE',  #2441 ) ;
#288 = LINE ( 'NONE', #618, #1045 ) ;
#289 = ORIENTED_EDGE ( 'NONE', *, *, #136, .F. ) ;
#290 =( LENGTH_UNIT ( ) NAMED_UNIT ( * ) SI_UNIT ( .MILLI., .METRE. ) );
#291 =( NAMED_UNIT ( * ) SI_UNIT ( $, .STERADIAN. ) SOLID_ANGLE_UNIT ( ) );
#292 = LINE ( 'NONE', #1736, #2784 ) ;
#293 = DIRECTION ( 'NONE',  ( -1.000000000000000000, 0.000000000000000000, 0.000000000000000000 ) ) ;
#294 = CARTESIAN_POINT ( 'NONE',  ( -2.890000000000000124, 7.072000000000000064, -0.2000000000000000111 ) ) ;
#295 = EDGE_CURVE ( 'NONE', #677, #2530, #2955, .T. ) ;
#296 =( NAMED_UNIT ( * ) SI_UNIT ( $, .STERADIAN. ) SOLID_ANGLE_UNIT ( ) );
#297 = COLOUR_RGB ( '',1.000000000000000000, 1.000000000000000000, 1.000000000000000000 ) ;
#298 =( GEOMETRIC_REPRESENTATION_CONTEXT ( 3 ) GLOBAL_UNCERTAINTY_ASSIGNED_CONTEXT ( ( #404 ) ) GLOBAL_UNIT_ASSIGNED_CONTEXT ( ( #1904, #3035, #2413 ) ) REPRESENTATION_CONTEXT ( 'NONE', 'WORKASPACE' ) );
#299 = FILL_AREA_STYLE ('',( #70 ) ) ;
#300 = SURFACE_STYLE_USAGE ( .BOTH. , #322 ) ;
#301 = SURFACE_STYLE_FILL_AREA ( #3100 ) ;
#302 = MECHANICAL_DESIGN_GEOMETRIC_PRESENTATION_REPRESENTATION (  '', ( #3046 ), #3104 ) ;
#303 = DIRECTION ( 'NONE',  ( 0.000000000000000000, 0.000000000000000000, 1.000000000000000000 ) ) ;
#304 = SURFACE_STYLE_FILL_AREA ( #1301 ) ;
#305 = UNCERTAINTY_MEASURE_WITH_UNIT (LENGTH_MEASURE( 1.000000000000000082E-05 ), #808, 'distance_accuracy_value', 'NONE');
#306 =( GEOMETRIC_REPRESENTATION_CONTEXT ( 3 ) GLOBAL_UNCERTAINTY_ASSIGNED_CONTEXT ( ( #1061 ) ) GLOBAL_UNIT_ASSIGNED_CONTEXT ( ( #1054, #1769, #291 ) ) REPRESENTATION_CONTEXT ( 'NONE', 'WORKASPACE' ) );
#307 = LINE ( 'NONE', #2945, #2600 ) ;
#308 = CYLINDRICAL_SURFACE ( 'NONE', #2919, 2.000000000000000000 ) ;
#309 = EDGE_LOOP ( 'NONE', ( #2786, #1331, #2267, #1179 ) ) ;
#310 = VECTOR ( 'NONE', #1731, 1000.000000000000000 ) ;
#311 = EDGE_CURVE ( 'NONE', #465, #1541, #307, .T. ) ;
#312 = ORIENTED_EDGE ( 'NONE', *, *, #3047, .F. ) ;
#313 = ORIENTED_EDGE ( 'NONE', *, *, #2783, .F. ) ;
#314 = CARTESIAN_POINT ( 'NONE',  ( 2.115000000000000213, 5.675000000000000711, 0.2999999999999999889 ) ) ;
#315 = DIRECTION ( 'NONE',  ( 0.000000000000000000, 1.000000000000000000, 0.000000000000000000 ) ) ;
#316 = ORIENTED_EDGE ( 'NONE', *, *, #444, .F. ) ;
#317 = VECTOR ( 'NONE', #2110, 1000.000000000000000 ) ;
#318 = CARTESIAN_POINT ( 'NONE',  ( -2.189999999999999947, 5.599999999999999645, -0.2000000000000000111 ) ) ;
#319 = STYLED_ITEM ( 'NONE', ( #1978 ), #225 ) ;
#320 = EDGE_LOOP ( 'NONE', ( #1117, #2932, #842, #152, #2231, #689, #1019, #762, #328, #968, #2379 ) ) ;
#321 = FACE_OUTER_BOUND ( 'NONE', #2147, .T. ) ;
#322 = SURFACE_SIDE_STYLE ('',( #1665 ) ) ;
#323 = ORIENTED_EDGE ( 'NONE', *, *, #576, .T. ) ;
#324 = STYLED_ITEM ( 'NONE', ( #1692 ), #1256 ) ;
#325 = EDGE_CURVE ( 'NONE', #1880, #58, #2212, .T. ) ;
#326 = COLOUR_RGB ( '',1.000000000000000000, 1.000000000000000000, 1.000000000000000000 ) ;
#327 = ADVANCED_FACE ( 'NONE', ( #1436 ), #287, .T. ) ;
#328 = ORIENTED_EDGE ( 'NONE', *, *, #481, .T. ) ;
#329 = CARTESIAN_POINT ( 'NONE',  ( 2.190999999999999837, 5.599000000000000199, 0.2999999999999999889 ) ) ;
#330 = STYLED_ITEM ( 'NONE', ( #346 ), #2432 ) ;
#331 = FILL_AREA_STYLE_COLOUR ( '', #1132 ) ;
#332 =( NAMED_UNIT ( * ) SI_UNIT ( $, .STERADIAN. ) SOLID_ANGLE_UNIT ( ) );
#333 = CARTESIAN_POINT ( 'NONE',  ( 1.350000000000000089, 3.474999999999999645, -0.2000000000000000111 ) ) ;
#334 = STYLED_ITEM ( 'NONE', ( #900 ), #2948 ) ;
#335 = ORIENTED_EDGE ( 'NONE', *, *, #2816, .T. ) ;
#336 = PLANE ( 'NONE',  #2225 ) ;
#337 = AXIS2_PLACEMENT_3D ( 'NONE', #3096, #2895, #1235 ) ;
#338 = FILL_AREA_STYLE ('',( #370 ) ) ;
#339 = DIRECTION ( 'NONE',  ( 0.000000000000000000, 0.000000000000000000, -1.000000000000000000 ) ) ;
#340 = CIRCLE ( 'NONE', #1225, 2.000000000000000000 ) ;
#341 = AXIS2_PLACEMENT_3D ( 'NONE', #989, #1242, #2935 ) ;
#342 = SURFACE_STYLE_FILL_AREA ( #2551 ) ;
#343 = EDGE_CURVE ( 'NONE', #1451, #652, #1097, .T. ) ;
#344 = DIRECTION ( 'NONE',  ( -0.7071067811864976127, -0.7071067811865975328, 0.000000000000000000 ) ) ;
#345 =( LENGTH_UNIT ( ) NAMED_UNIT ( * ) SI_UNIT ( .MILLI., .METRE. ) );
#346 = PRESENTATION_STYLE_ASSIGNMENT (( #597 ) ) ;
#347 =( NAMED_UNIT ( * ) SI_UNIT ( $, .STERADIAN. ) SOLID_ANGLE_UNIT ( ) );
#348 = PRESENTATION_STYLE_ASSIGNMENT (( #2557 ) ) ;
#349 = MECHANICAL_DESIGN_GEOMETRIC_PRESENTATION_REPRESENTATION (  '', ( #241 ), #824 ) ;
#350 = UNCERTAINTY_MEASURE_WITH_UNIT (LENGTH_MEASURE( 1.000000000000000082E-05 ), #1253, 'distance_accuracy_value', 'NONE');
#351 = AXIS2_PLACEMENT_3D ( 'NONE', #2522, #1277, #50 ) ;
#352 = EDGE_LOOP ( 'NONE', ( #2724, #1497, #1071, #1861 ) ) ;
#353 = VECTOR ( 'NONE', #456, 1000.000000000000000 ) ;
#354 =( LENGTH_UNIT ( ) NAMED_UNIT ( * ) SI_UNIT ( .MILLI., .METRE. ) );
#355 = ORIENTED_EDGE ( 'NONE', *, *, #1965, .T. ) ;
#356 = DIRECTION ( 'NONE',  ( 1.000000000000000000, 0.000000000000000000, 0.000000000000000000 ) ) ;
#357 = EDGE_CURVE ( 'NONE', #62, #963, #146, .T. ) ;
#358 = CARTESIAN_POINT ( 'NONE',  ( 0.3499999999999999778, 27.02500000000000213, 0.2999999999999999889 ) ) ;
#359 = ORIENTED_EDGE ( 'NONE', *, *, #576, .F. ) ;
#360 = SURFACE_SIDE_STYLE ('',( #2248 ) ) ;
#361 = CARTESIAN_POINT ( 'NONE',  ( -2.000000000000000000, 3.474999999999999645, 1.399999999999999911 ) ) ;
#362 = CARTESIAN_POINT ( 'NONE',  ( 2.115000000000000213, 5.675000000000000711, 0.2999999999999999889 ) ) ;
#363 = DIRECTION ( 'NONE',  ( 0.000000000000000000, 1.000000000000000000, 0.000000000000000000 ) ) ;
#364 = EDGE_LOOP ( 'NONE', ( #395, #580, #800, #2059 ) ) ;
#365 = CARTESIAN_POINT ( 'NONE',  ( 2.115000000000000213, 6.996999999999999886, -0.2000000000000000111 ) ) ;
#366 = PLANE ( 'NONE',  #784 ) ;
#367 = ORIENTED_EDGE ( 'NONE', *, *, #2602, .T. ) ;
#368 = FILL_AREA_STYLE ('',( #2309 ) ) ;
#369 =( GEOMETRIC_REPRESENTATION_CONTEXT ( 3 ) GLOBAL_UNCERTAINTY_ASSIGNED_CONTEXT ( ( #506 ) ) GLOBAL_UNIT_ASSIGNED_CONTEXT ( ( #563, #572, #87 ) ) REPRESENTATION_CONTEXT ( 'NONE', 'WORKASPACE' ) );
#370 = FILL_AREA_STYLE_COLOUR ( '', #1753 ) ;
#371 = ORIENTED_EDGE ( 'NONE', *, *, #922, .F. ) ;
#372 = LINE ( 'NONE', #1989, #1581 ) ;
#373 = DIRECTION ( 'NONE',  ( 0.000000000000000000, 0.000000000000000000, 1.000000000000000000 ) ) ;
#374 = CARTESIAN_POINT ( 'NONE',  ( -2.115000000000000213, 6.996999999999999886, 0.2999999999999999889 ) ) ;
#375 = FACE_BOUND ( 'NONE', #3053, .T. ) ;
#376 = FACE_OUTER_BOUND ( 'NONE', #2115, .T. ) ;
#377 = DIRECTION ( 'NONE',  ( 0.000000000000000000, 0.000000000000000000, 1.000000000000000000 ) ) ;
#378 = FILL_AREA_STYLE_COLOUR ( '', #1812 ) ;
#379 = EDGE_CURVE ( 'NONE', #2571, #2827, #383, .T. ) ;
#380 = FILL_AREA_STYLE ('',( #2765 ) ) ;
#381 = VECTOR ( 'NONE', #1067, 1000.000000000000000 ) ;
#382 = CARTESIAN_POINT ( 'NONE',  ( -2.890000000000000124, 5.599999999999999645, 0.2999999999999999889 ) ) ;
#383 = LINE ( 'NONE', #2230, #2916 ) ;
#384 = SURFACE_STYLE_USAGE ( .BOTH. , #2089 ) ;
#385 = SURFACE_STYLE_USAGE ( .BOTH. , #2871 ) ;
#386 = FACE_OUTER_BOUND ( 'NONE', #1051, .T. ) ;
#387 = CARTESIAN_POINT ( 'NONE',  ( 0.3499999999999999778, 5.599999999999999645, -0.2000000000000000111 ) ) ;
#388 = ORIENTED_EDGE ( 'NONE', *, *, #229, .T. ) ;
#389 = SURFACE_SIDE_STYLE ('',( #1675 ) ) ;
#390 = AXIS2_PLACEMENT_3D ( 'NONE', #2537, #108, #2563 ) ;
#391 = VECTOR ( 'NONE', #1889, 1000.000000000000000 ) ;
#392 = CARTESIAN_POINT ( 'NONE',  ( -2.000000000000000000, 3.474999999999999645, 1.399999999999999911 ) ) ;
#393 =( LENGTH_UNIT ( ) NAMED_UNIT ( * ) SI_UNIT ( .MILLI., .METRE. ) );
#394 = EDGE_LOOP ( 'NONE', ( #249, #2570, #2294, #2807 ) ) ;
#395 = ORIENTED_EDGE ( 'NONE', *, *, #2754, .T. ) ;
#396 = CIRCLE ( 'NONE', #1273, 0.1999999999999996503 ) ;
#397 =( NAMED_UNIT ( * ) PLANE_ANGLE_UNIT ( ) SI_UNIT ( $, .RADIAN. ) );
#398 = ORIENTED_EDGE ( 'NONE', *, *, #1654, .F. ) ;
#399 = FILL_AREA_STYLE_COLOUR ( '', #163 ) ;
#400 = PRESENTATION_STYLE_ASSIGNMENT (( #243 ) ) ;
#401 = CARTESIAN_POINT ( 'NONE',  ( -2.189999999999999947, 7.072000000000000064, 0.2999999999999999889 ) ) ;
#402 = STYLED_ITEM ( 'NONE', ( #1619 ), #730 ) ;
#403 = ORIENTED_EDGE ( 'NONE', *, *, #1522, .F. ) ;
#404 = UNCERTAINTY_MEASURE_WITH_UNIT (LENGTH_MEASURE( 1.000000000000000082E-05 ), #1904, 'distance_accuracy_value', 'NONE');
#405 = SURFACE_STYLE_FILL_AREA ( #1646 ) ;
#406 = AXIS2_PLACEMENT_3D ( 'NONE', #2628, #1653, #1878 ) ;
#407 = EDGE_LOOP ( 'NONE', ( #424, #2102, #884, #1337 ) ) ;
#408 = CARTESIAN_POINT ( 'NONE',  ( 2.500000000000000000, 3.474999999999999645, 1.399999999999999911 ) ) ;
#409 = PRESENTATION_LAYER_ASSIGNMENT (  '', '', ( #2901 ) ) ;
#410 = LINE ( 'NONE', #15, #2701 ) ;
#411 = LINE ( 'NONE', #950, #2241 ) ;
#412 = LINE ( 'NONE', #1385, #1548 ) ;
#413 = EDGE_CURVE ( 'NONE', #1920, #1807, #2321, .T. ) ;
#414 = PLANE ( 'NONE',  #1407 ) ;
#415 = VECTOR ( 'NONE', #2928, 1000.000000000000000 ) ;
#416 = DIRECTION ( 'NONE',  ( -0.7071067811865974218, 0.7071067811864975017, 0.000000000000000000 ) ) ;
#417 = FACE_OUTER_BOUND ( 'NONE', #1073, .T. ) ;
#418 =( NAMED_UNIT ( * ) SI_UNIT ( $, .STERADIAN. ) SOLID_ANGLE_UNIT ( ) );
#419 = DIRECTION ( 'NONE',  ( 0.000000000000000000, 0.000000000000000000, 1.000000000000000000 ) ) ;
#420 = SURFACE_STYLE_FILL_AREA ( #1513 ) ;
#421 =( GEOMETRIC_REPRESENTATION_CONTEXT ( 3 ) GLOBAL_UNCERTAINTY_ASSIGNED_CONTEXT ( ( #2368 ) ) GLOBAL_UNIT_ASSIGNED_CONTEXT ( ( #678, #1886, #2133 ) ) REPRESENTATION_CONTEXT ( 'NONE', 'WORKASPACE' ) );
#422 = DIRECTION ( 'NONE',  ( -0.7071067811865969777, -0.7071067811864980568, 0.000000000000000000 ) ) ;
#423 = LINE ( 'NONE', #1719, #911 ) ;
#424 = ORIENTED_EDGE ( 'NONE', *, *, #1020, .T. ) ;
#425 = CARTESIAN_POINT ( 'NONE',  ( -2.189999999999999947, 4.774999999999999467, 0.2999999999999999889 ) ) ;
#426 = CARTESIAN_POINT ( 'NONE',  ( -2.500000000000000000, 3.474999999999999645, -1.399999999999999911 ) ) ;
#427 =( GEOMETRIC_REPRESENTATION_CONTEXT ( 3 ) GLOBAL_UNCERTAINTY_ASSIGNED_CONTEXT ( ( #2757 ) ) GLOBAL_UNIT_ASSIGNED_CONTEXT ( ( #981, #1215, #2181 ) ) REPRESENTATION_CONTEXT ( 'NONE', 'WORKASPACE' ) );
#428 = EDGE_LOOP ( 'NONE', ( #2942, #2818, #1798, #1757 ) ) ;
#429 = CIRCLE ( 'NONE', #1973, 0.2000000000000000944 ) ;
#430 = VERTEX_POINT ( 'NONE', #1268 ) ;
#431 = ORIENTED_EDGE ( 'NONE', *, *, #130, .T. ) ;
#432 = CARTESIAN_POINT ( 'NONE',  ( -2.890000000000000124, 27.02500000000000213, -0.2000000000000000111 ) ) ;
#433 = ADVANCED_FACE ( 'NONE', ( #2445 ), #1751, .T. ) ;
#434 = AXIS2_PLACEMENT_3D ( 'NONE', #275, #755, #1737 ) ;
#435 =( LENGTH_UNIT ( ) NAMED_UNIT ( * ) SI_UNIT ( .MILLI., .METRE. ) );
#436 = CARTESIAN_POINT ( 'NONE',  ( 1.902947453572468195, -1.393695652208514435, 3.302856152374191723 ) ) ;
#437 = CARTESIAN_POINT ( 'NONE',  ( 0.4249999999999999889, 6.996999999999999886, -0.2000000000000000111 ) ) ;
#438 =( LENGTH_UNIT ( ) NAMED_UNIT ( * ) SI_UNIT ( .MILLI., .METRE. ) );
#439 = ORIENTED_EDGE ( 'NONE', *, *, #2933, .T. ) ;
#440 = DIRECTION ( 'NONE',  ( 0.000000000000000000, 0.000000000000000000, -1.000000000000000000 ) ) ;
#441 = SURFACE_SIDE_STYLE ('',( #2922 ) ) ;
#442 = SURFACE_STYLE_FILL_AREA ( #3049 ) ;
#443 = MECHANICAL_DESIGN_GEOMETRIC_PRESENTATION_REPRESENTATION (  '', ( #990 ), #1035 ) ;
#444 = EDGE_CURVE ( 'NONE', #1773, #2571, #502, .T. ) ;
#445 = UNCERTAINTY_MEASURE_WITH_UNIT (LENGTH_MEASURE( 1.000000000000000082E-05 ), #1873, 'distance_accuracy_value', 'NONE');
#446 = CARTESIAN_POINT ( 'NONE',  ( 2.500000000000000000, 3.474999999999999645, 1.399999999999999911 ) ) ;
#447 = ORIENTED_EDGE ( 'NONE', *, *, #2311, .F. ) ;
#448 =( NAMED_UNIT ( * ) SI_UNIT ( $, .STERADIAN. ) SOLID_ANGLE_UNIT ( ) );
#449 =( GEOMETRIC_REPRESENTATION_CONTEXT ( 3 ) GLOBAL_UNCERTAINTY_ASSIGNED_CONTEXT ( ( #1534 ) ) GLOBAL_UNIT_ASSIGNED_CONTEXT ( ( #2284, #2017, #568 ) ) REPRESENTATION_CONTEXT ( 'NONE', 'WORKASPACE' ) );
#450 =( LENGTH_UNIT ( ) NAMED_UNIT ( * ) SI_UNIT ( .MILLI., .METRE. ) );
#451 = VECTOR ( 'NONE', #2406, 1000.000000000000000 ) ;
#452 = FILL_AREA_STYLE_COLOUR ( '', #1214 ) ;
#453 = ADVANCED_FACE ( 'NONE', ( #2399 ), #1128, .T. ) ;
#454 = DIRECTION ( 'NONE',  ( 0.000000000000000000, 0.000000000000000000, 1.000000000000000000 ) ) ;
#455 = LINE ( 'NONE', #792, #938 ) ;
#456 = DIRECTION ( 'NONE',  ( 0.000000000000000000, 0.000000000000000000, 1.000000000000000000 ) ) ;
#457 = CARTESIAN_POINT ( 'NONE',  ( -1.440332846690792090, -2.162627597851661143, 2.840557304615844547 ) ) ;
#458 = EDGE_CURVE ( 'NONE', #849, #1727, #945, .T. ) ;
#459 = LINE ( 'NONE', #1452, #1556 ) ;
#460 = FILL_AREA_STYLE ('',( #1449 ) ) ;
#461 = SURFACE_STYLE_USAGE ( .BOTH. , #2140 ) ;
#462 = COLOUR_RGB ( '',0.2980392156862745057, 0.2980392156862745057, 0.2980392156862745057 ) ;
#463 = CARTESIAN_POINT ( 'NONE',  ( 2.050000000000000266, 3.474999999999999645, -0.2000000000000000111 ) ) ;
#464 = AXIS2_PLACEMENT_3D ( 'NONE', #2098, #883, #1162 ) ;
#465 = VERTEX_POINT ( 'NONE', #1545 ) ;
#466 = CARTESIAN_POINT ( 'NONE',  ( -2.189999999999999947, 4.774999999999999467, 0.2999999999999999889 ) ) ;
#467 = ORIENTED_EDGE ( 'NONE', *, *, #992, .T. ) ;
#468 = FACE_OUTER_BOUND ( 'NONE', #17, .T. ) ;
#469 = ORIENTED_EDGE ( 'NONE', *, *, #1353, .F. ) ;
#470 = DIRECTION ( 'NONE',  ( 0.000000000000000000, 0.000000000000000000, 1.000000000000000000 ) ) ;
#471 = ADVANCED_FACE ( 'NONE', ( #1321 ), #2788, .T. ) ;
#472 = ORIENTED_EDGE ( 'NONE', *, *, #116, .F. ) ;
#473 = LINE ( 'NONE', #682, #317 ) ;
#474 = DIRECTION ( 'NONE',  ( -0.000000000000000000, 1.000000000000000000, 0.000000000000000000 ) ) ;
#475 = CARTESIAN_POINT ( 'NONE',  ( 0.4249999999999999889, 6.996999999999999886, 0.2999999999999999889 ) ) ;
#476 = DIRECTION ( 'NONE',  ( 0.000000000000000000, 0.000000000000000000, 1.000000000000000000 ) ) ;
#477 = PRESENTATION_LAYER_ASSIGNMENT (  '', '', ( #2430 ) ) ;
#478 = VERTEX_POINT ( 'NONE', #605 ) ;
#479 = FILL_AREA_STYLE_COLOUR ( '', #1028 ) ;
#480 = VECTOR ( 'NONE', #2315, 1000.000000000000000 ) ;
#481 = EDGE_CURVE ( 'NONE', #2640, #2569, #866, .T. ) ;
#482 =( NAMED_UNIT ( * ) SI_UNIT ( $, .STERADIAN. ) SOLID_ANGLE_UNIT ( ) );
#483 = CARTESIAN_POINT ( 'NONE',  ( -0.7462469672778920815, -2.630892686056822694, 2.145744294614733150 ) ) ;
#484 =( NAMED_UNIT ( * ) PLANE_ANGLE_UNIT ( ) SI_UNIT ( $, .RADIAN. ) );
#485 = CARTESIAN_POINT ( 'NONE',  ( -2.965000000000000302, 6.996999999999999886, -0.2000000000000000111 ) ) ;
#486 = DIRECTION ( 'NONE',  ( 1.000000000000000000, 0.000000000000000000, 0.000000000000000000 ) ) ;
#487 = VECTOR ( 'NONE', #1502, 1000.000000000000000 ) ;
#488 = CARTESIAN_POINT ( 'NONE',  ( -2.299999999999999822, -3.275000000000000355, 9.657280000000000086 ) ) ;
#489 = DIRECTION ( 'NONE',  ( 1.000000000000000000, 0.000000000000000000, 0.000000000000000000 ) ) ;
#490 = ADVANCED_FACE ( 'NONE', ( #500 ), #579, .T. ) ;
#491 = CARTESIAN_POINT ( 'NONE',  ( -0.3499999999999999778, 7.072000000000000064, -0.2000000000000000111 ) ) ;
#492 = CARTESIAN_POINT ( 'NONE',  ( 2.189999999999999947, 27.02500000000000213, 0.2999999999999999889 ) ) ;
#493 = EDGE_CURVE ( 'NONE', #2755, #1418, #1852, .T. ) ;
#494 = CARTESIAN_POINT ( 'NONE',  ( 0.000000000000000000, -0.7750000000000000222, 1.399999999999999911 ) ) ;
#495 = CARTESIAN_POINT ( 'NONE',  ( -0.9433374577702812180, -2.544516824593220594, 2.342310225435886295 ) ) ;
#496 = DIRECTION ( 'NONE',  ( 1.000000000000000000, 0.000000000000000000, 0.000000000000000000 ) ) ;
#497 = PRESENTATION_STYLE_ASSIGNMENT (( #2471 ) ) ;
#498 = AXIS2_PLACEMENT_3D ( 'NONE', #1672, #979, #2719 ) ;
#499 = DIRECTION ( 'NONE',  ( 0.000000000000000000, 1.000000000000000000, 0.000000000000000000 ) ) ;
#500 = FACE_OUTER_BOUND ( 'NONE', #953, .T. ) ;
#501 = DIRECTION ( 'NONE',  ( 0.000000000000000000, 1.000000000000000000, 0.000000000000000000 ) ) ;
#502 = LINE ( 'NONE', #566, #2677 ) ;
#503 = PLANE ( 'NONE',  #1516 ) ;
#504 = EDGE_CURVE ( 'NONE', #2637, #610, #1363, .T. ) ;
#505 = ADVANCED_FACE ( 'NONE', ( #710 ), #2861, .T. ) ;
#506 = UNCERTAINTY_MEASURE_WITH_UNIT (LENGTH_MEASURE( 1.000000000000000082E-05 ), #563, 'distance_accuracy_value', 'NONE');
#507 = SURFACE_STYLE_USAGE ( .BOTH. , #2235 ) ;
#508 = DIRECTION ( 'NONE',  ( 0.000000000000000000, 0.000000000000000000, 1.000000000000000000 ) ) ;
#509 = ORIENTED_EDGE ( 'NONE', *, *, #2624, .F. ) ;
#510 = FILL_AREA_STYLE_COLOUR ( '', #2999 ) ;
#511 = AXIS2_PLACEMENT_3D ( 'NONE', #1111, #2341, #2575 ) ;
#512 = EDGE_CURVE ( 'NONE', #846, #583, #114, .T. ) ;
#513 = DIRECTION ( 'NONE',  ( 0.000000000000000000, 0.000000000000000000, 1.000000000000000000 ) ) ;
#514 = ORIENTED_EDGE ( 'NONE', *, *, #3105, .T. ) ;
#515 = SURFACE_SIDE_STYLE ('',( #2481 ) ) ;
#516 = EDGE_LOOP ( 'NONE', ( #1638, #523, #1228, #1373 ) ) ;
#517 = CARTESIAN_POINT ( 'NONE',  ( 2.189999999999999947, 7.072000000000000064, 0.2999999999999999889 ) ) ;
#518 = ORIENTED_EDGE ( 'NONE', *, *, #2317, .F. ) ;
#519 = SURFACE_SIDE_STYLE ('',( #994 ) ) ;
#520 = ORIENTED_EDGE ( 'NONE', *, *, #1693, .F. ) ;
#521 = SURFACE_STYLE_USAGE ( .BOTH. , #556 ) ;
#522 = ORIENTED_EDGE ( 'NONE', *, *, #1693, .T. ) ;
#523 = ORIENTED_EDGE ( 'NONE', *, *, #1971, .F. ) ;
#524 =( GEOMETRIC_REPRESENTATION_CONTEXT ( 3 ) GLOBAL_UNCERTAINTY_ASSIGNED_CONTEXT ( ( #964 ) ) GLOBAL_UNIT_ASSIGNED_CONTEXT ( ( #2980, #2065, #112 ) ) REPRESENTATION_CONTEXT ( 'NONE', 'WORKASPACE' ) );
#525 = DIRECTION ( 'NONE',  ( -1.000000000000000000, 0.000000000000000000, 0.000000000000000000 ) ) ;
#526 = CARTESIAN_POINT ( 'NONE',  ( 2.189999999999999947, 7.072000000000000064, -0.2000000000000000111 ) ) ;
#527 = DIRECTION ( 'NONE',  ( 0.000000000000000000, 0.000000000000000000, -1.000000000000000000 ) ) ;
#528 = DIRECTION ( 'NONE',  ( 0.000000000000000000, -1.000000000000000000, 0.000000000000000000 ) ) ;
#529 = DIRECTION ( 'NONE',  ( 0.000000000000000000, 0.000000000000000000, 1.000000000000000000 ) ) ;
#530 =( NAMED_UNIT ( * ) SI_UNIT ( $, .STERADIAN. ) SOLID_ANGLE_UNIT ( ) );
#531 = FILL_AREA_STYLE ('',( #43 ) ) ;
#532 = EDGE_CURVE ( 'NONE', #552, #1422, #3070, .T. ) ;
#533 = CARTESIAN_POINT ( 'NONE',  ( 2.050000000000000266, 3.875000000000000000, -0.2000000000000000111 ) ) ;
#534 = CARTESIAN_POINT ( 'NONE',  ( -1.952603886380255283, -1.276677417099148393, 3.352707055999023300 ) ) ;
#535 = VECTOR ( 'NONE', #936, 1000.000000000000000 ) ;
#536 = PRESENTATION_LAYER_ASSIGNMENT (  '', '', ( #2037 ) ) ;
#537 = LINE ( 'NONE', #558, #222 ) ;
#538 = SURFACE_SIDE_STYLE ('',( #746 ) ) ;
#539 = DIRECTION ( 'NONE',  ( 1.000000000000000000, 0.000000000000000000, 0.000000000000000000 ) ) ;
#540 = LINE ( 'NONE', #1710, #1748 ) ;
#541 = FACE_OUTER_BOUND ( 'NONE', #1002, .T. ) ;
#542 = VECTOR ( 'NONE', #2691, 1000.000000000000000 ) ;
#543 = ORIENTED_EDGE ( 'NONE', *, *, #2499, .T. ) ;
#544 =( NAMED_UNIT ( * ) PLANE_ANGLE_UNIT ( ) SI_UNIT ( $, .RADIAN. ) );
#545 = VECTOR ( 'NONE', #1144, 1000.000000000000000 ) ;
#546 = UNCERTAINTY_MEASURE_WITH_UNIT (LENGTH_MEASURE( 1.000000000000000082E-05 ), #1746, 'distance_accuracy_value', 'NONE');
#547 = SURFACE_STYLE_FILL_AREA ( #2609 ) ;
#548 = ORIENTED_EDGE ( 'NONE', *, *, #3062, .T. ) ;
#549 = FACE_OUTER_BOUND ( 'NONE', #2409, .T. ) ;
#550 = CARTESIAN_POINT ( 'NONE',  ( 0.3499999999999999778, 3.474999999999999645, 0.2999999999999999889 ) ) ;
#551 = SURFACE_SIDE_STYLE ('',( #829 ) ) ;
#552 = VERTEX_POINT ( 'NONE', #3083 ) ;
#553 = EDGE_CURVE ( 'NONE', #1807, #1598, #1394, .T. ) ;
#554 = EDGE_LOOP ( 'NONE', ( #2946, #1379, #1033, #170 ) ) ;
#555 = MECHANICAL_DESIGN_GEOMETRIC_PRESENTATION_REPRESENTATION (  '', ( #1238 ), #570 ) ;
#556 = SURFACE_SIDE_STYLE ('',( #420 ) ) ;
#557 = ORIENTED_EDGE ( 'NONE', *, *, #2172, .T. ) ;
#558 = CARTESIAN_POINT ( 'NONE',  ( 2.890000000000000124, 7.072000000000000064, -0.2000000000000000111 ) ) ;
#559 = ORIENTED_EDGE ( 'NONE', *, *, #1870, .F. ) ;
#560 = ORIENTED_EDGE ( 'NONE', *, *, #3105, .F. ) ;
#561 = EDGE_CURVE ( 'NONE', #875, #816, #3067, .T. ) ;
#562 = MECHANICAL_DESIGN_GEOMETRIC_PRESENTATION_REPRESENTATION (  '', ( #402 ), #885 ) ;
#563 =( LENGTH_UNIT ( ) NAMED_UNIT ( * ) SI_UNIT ( .MILLI., .METRE. ) );
#564 = PRESENTATION_LAYER_ASSIGNMENT (  '', '', ( #2358 ) ) ;
#565 = PRESENTATION_STYLE_ASSIGNMENT (( #105 ) ) ;
#566 = CARTESIAN_POINT ( 'NONE',  ( 2.890000000000000124, 5.599999999999999645, 0.2999999999999999889 ) ) ;
#567 = LINE ( 'NONE', #1642, #177 ) ;
#568 =( NAMED_UNIT ( * ) SI_UNIT ( $, .STERADIAN. ) SOLID_ANGLE_UNIT ( ) );
#569 = PRESENTATION_STYLE_ASSIGNMENT (( #1300 ) ) ;
#570 =( GEOMETRIC_REPRESENTATION_CONTEXT ( 3 ) GLOBAL_UNCERTAINTY_ASSIGNED_CONTEXT ( ( #2196 ) ) GLOBAL_UNIT_ASSIGNED_CONTEXT ( ( #77, #1496, #1990 ) ) REPRESENTATION_CONTEXT ( 'NONE', 'WORKASPACE' ) );
#571 = LINE ( 'NONE', #1055, #1286 ) ;
#572 =( NAMED_UNIT ( * ) PLANE_ANGLE_UNIT ( ) SI_UNIT ( $, .RADIAN. ) );
#573 = FACE_OUTER_BOUND ( 'NONE', #1236, .T. ) ;
#574 =( NAMED_UNIT ( * ) SI_UNIT ( $, .STERADIAN. ) SOLID_ANGLE_UNIT ( ) );
#575 = LINE ( 'NONE', #2082, #232 ) ;
#576 = EDGE_CURVE ( 'NONE', #849, #851, #1745, .T. ) ;
#577 = PLANE ( 'NONE',  #1123 ) ;
#578 = UNCERTAINTY_MEASURE_WITH_UNIT (LENGTH_MEASURE( 1.000000000000000082E-05 ), #393, 'distance_accuracy_value', 'NONE');
#579 = PLANE ( 'NONE',  #1372 ) ;
#580 = ORIENTED_EDGE ( 'NONE', *, *, #2863, .F. ) ;
#581 = PRESENTATION_STYLE_ASSIGNMENT (( #1313 ) ) ;
#582 = AXIS2_PLACEMENT_3D ( 'NONE', #2972, #1792, #839 ) ;
#583 = VERTEX_POINT ( 'NONE', #139 ) ;
#584 = CARTESIAN_POINT ( 'NONE',  ( -2.189999999999999947, 5.599999999999999645, -0.2000000000000000111 ) ) ;
#585 =( NAMED_UNIT ( * ) SI_UNIT ( $, .STERADIAN. ) SOLID_ANGLE_UNIT ( ) );
#586 = STYLED_ITEM ( 'NONE', ( #400 ), #1636 ) ;
#587 = EDGE_CURVE ( 'NONE', #2986, #1271, #2353, .T. ) ;
#588 =( NAMED_UNIT ( * ) SI_UNIT ( $, .STERADIAN. ) SOLID_ANGLE_UNIT ( ) );
#589 = ORIENTED_EDGE ( 'NONE', *, *, #3047, .T. ) ;
#590 =( GEOMETRIC_REPRESENTATION_CONTEXT ( 3 ) GLOBAL_UNCERTAINTY_ASSIGNED_CONTEXT ( ( #2095 ) ) GLOBAL_UNIT_ASSIGNED_CONTEXT ( ( #612, #2985, #347 ) ) REPRESENTATION_CONTEXT ( 'NONE', 'WORKASPACE' ) );
#591 =( NAMED_UNIT ( * ) PLANE_ANGLE_UNIT ( ) SI_UNIT ( $, .RADIAN. ) );
#592 = ORIENTED_EDGE ( 'NONE', *, *, #2339, .F. ) ;
#593 = CARTESIAN_POINT ( 'NONE',  ( -1.895000000000000018, 4.074999999999999289, -0.2000000000000000111 ) ) ;
#594 = FACE_OUTER_BOUND ( 'NONE', #1592, .T. ) ;
#595 = CARTESIAN_POINT ( 'NONE',  ( -0.3499999999999999778, 5.599999999999999645, -0.2000000000000000111 ) ) ;
#596 = VERTEX_POINT ( 'NONE', #2599 ) ;
#597 = SURFACE_STYLE_USAGE ( .BOTH. , #2995 ) ;
#598 =( NAMED_UNIT ( * ) PLANE_ANGLE_UNIT ( ) SI_UNIT ( $, .RADIAN. ) );
#599 = DIRECTION ( 'NONE',  ( 1.000000000000000000, 0.000000000000000000, 0.000000000000000000 ) ) ;
#600 = SURFACE_STYLE_USAGE ( .BOTH. , #2075 ) ;
#601 = EDGE_CURVE ( 'NONE', #596, #2640, #1432, .T. ) ;
#602 =( LENGTH_UNIT ( ) NAMED_UNIT ( * ) SI_UNIT ( .MILLI., .METRE. ) );
#603 = LINE ( 'NONE', #9, #1819 ) ;
#604 = VECTOR ( 'NONE', #454, 1000.000000000000000 ) ;
#605 = CARTESIAN_POINT ( 'NONE',  ( 2.189999999999999947, 7.072000000000000064, 0.2999999999999999889 ) ) ;
#606 = FACE_OUTER_BOUND ( 'NONE', #1778, .T. ) ;
#607 = PRODUCT_DEFINITION_FORMATION_WITH_SPECIFIED_SOURCE ( 'ANY', '', #256, .NOT_KNOWN. ) ;
#608 = DIRECTION ( 'NONE',  ( 0.7071067811865969777, -0.7071067811864980568, 0.000000000000000000 ) ) ;
#609 = VECTOR ( 'NONE', #2811, 1000.000000000000000 ) ;
#610 = VERTEX_POINT ( 'NONE', #3071 ) ;
#611 = ORIENTED_EDGE ( 'NONE', *, *, #1154, .T. ) ;
#612 =( LENGTH_UNIT ( ) NAMED_UNIT ( * ) SI_UNIT ( .MILLI., .METRE. ) );
#613 = MECHANICAL_DESIGN_GEOMETRIC_PRESENTATION_REPRESENTATION (  '', ( #878 ), #2418 ) ;
#614 = ORIENTED_EDGE ( 'NONE', *, *, #2772, .F. ) ;
#615 = PRESENTATION_STYLE_ASSIGNMENT (( #1396 ) ) ;
#616 = SURFACE_SIDE_STYLE ('',( #1749 ) ) ;
#617 = ORIENTED_EDGE ( 'NONE', *, *, #357, .F. ) ;
#618 = CARTESIAN_POINT ( 'NONE',  ( 2.190999999999999837, 5.599000000000000199, -0.2000000000000000111 ) ) ;
#619 = PRESENTATION_LAYER_ASSIGNMENT (  '', '', ( #971 ) ) ;
#620 = FILL_AREA_STYLE ('',( #2793 ) ) ;
#621 = CARTESIAN_POINT ( 'NONE',  ( 2.299999999999999822, -3.474999999999999645, -1.399999999999999911 ) ) ;
#622 = ORIENTED_EDGE ( 'NONE', *, *, #733, .T. ) ;
#623 = MECHANICAL_DESIGN_GEOMETRIC_PRESENTATION_REPRESENTATION (  '', ( #2202 ), #786 ) ;
#624 = CARTESIAN_POINT ( 'NONE',  ( 2.890000000000000124, 4.275000000000000355, -0.2000000000000000111 ) ) ;
#625 = UNCERTAINTY_MEASURE_WITH_UNIT (LENGTH_MEASURE( 1.000000000000000082E-05 ), #836, 'distance_accuracy_value', 'NONE');
#626 = CARTESIAN_POINT ( 'NONE',  ( 2.500000000000000000, 3.474999999999999645, -1.399999999999999911 ) ) ;
#627 = EDGE_CURVE ( 'NONE', #801, #2732, #826, .T. ) ;
#628 = CARTESIAN_POINT ( 'NONE',  ( -2.189999999999999947, 5.599999999999999645, -0.2000000000000000111 ) ) ;
#629 = FACE_OUTER_BOUND ( 'NONE', #186, .T. ) ;
#630 = STYLED_ITEM ( 'NONE', ( #2896 ), #1414 ) ;
#631 = FILL_AREA_STYLE_COLOUR ( '', #326 ) ;
#632 = VECTOR ( 'NONE', #760, 1000.000000000000000 ) ;
#633 = PLANE ( 'NONE',  #1115 ) ;
#634 = CARTESIAN_POINT ( 'NONE',  ( 2.890000000000000124, 7.072000000000000064, 0.2999999999999999889 ) ) ;
#635 = STYLED_ITEM ( 'NONE', ( #1031 ), #2456 ) ;
#636 = COLOUR_RGB ( '',0.2980392156862745057, 0.2980392156862745057, 0.2980392156862745057 ) ;
#637 = CARTESIAN_POINT ( 'NONE',  ( -2.189999999999999947, 4.774999999999999467, -0.2000000000000000111 ) ) ;
#638 = VERTEX_POINT ( 'NONE', #2335 ) ;
#639 = ORIENTED_EDGE ( 'NONE', *, *, #2081, .F. ) ;
#640 = ORIENTED_EDGE ( 'NONE', *, *, #2067, .T. ) ;
#641 = PRESENTATION_STYLE_ASSIGNMENT (( #1979 ) ) ;
#642 = DIRECTION ( 'NONE',  ( 1.000000000000000000, 0.000000000000000000, 0.000000000000000000 ) ) ;
#643 = ORIENTED_EDGE ( 'NONE', *, *, #3006, .T. ) ;
#644 = PRESENTATION_LAYER_ASSIGNMENT (  '', '', ( #1048 ) ) ;
#645 = DIRECTION ( 'NONE',  ( -1.000000000000000000, 0.000000000000000000, 0.000000000000000000 ) ) ;
#646 = VERTEX_POINT ( 'NONE', #624 ) ;
#647 = PRESENTATION_LAYER_ASSIGNMENT (  '', '', ( #1630 ) ) ;
#648 = FACE_OUTER_BOUND ( 'NONE', #2363, .T. ) ;
#649 = VECTOR ( 'NONE', #2829, 1000.000000000000000 ) ;
#650 = PRESENTATION_LAYER_ASSIGNMENT (  '', '', ( #2127 ) ) ;
#651 = CARTESIAN_POINT ( 'NONE',  ( 1.523829143736000313, -2.071089752614364343, 2.923966228533662282 ) ) ;
#652 = VERTEX_POINT ( 'NONE', #2588 ) ;
#653 =( NAMED_UNIT ( * ) SI_UNIT ( $, .STERADIAN. ) SOLID_ANGLE_UNIT ( ) );
#654 = ADVANCED_FACE ( 'NONE', ( #751 ), #1116, .T. ) ;
#655 = UNCERTAINTY_MEASURE_WITH_UNIT (LENGTH_MEASURE( 1.000000000000000082E-05 ), #193, 'distance_accuracy_value', 'NONE');
#656 = CARTESIAN_POINT ( 'NONE',  ( 1.350000000000000089, 4.575000000000000178, -0.2000000000000000111 ) ) ;
#657 = FACE_OUTER_BOUND ( 'NONE', #1597, .T. ) ;
#658 = EDGE_CURVE ( 'NONE', #285, #2496, #1703, .T. ) ;
#659 = SURFACE_STYLE_USAGE ( .BOTH. , #2125 ) ;
#660 =( LENGTH_UNIT ( ) NAMED_UNIT ( * ) SI_UNIT ( .MILLI., .METRE. ) );
#661 = CARTESIAN_POINT ( 'NONE',  ( 1.468639834537549538, -2.132632437152263805, 2.868849389799308369 ) ) ;
#662 = CARTESIAN_POINT ( 'NONE',  ( -0.3499999999999999778, 7.072000000000000064, -0.2000000000000000111 ) ) ;
#663 = LINE ( 'NONE', #1585, #1590 ) ;
#664 = COLOUR_RGB ( '',1.000000000000000000, 1.000000000000000000, 1.000000000000000000 ) ;
#665 =( NAMED_UNIT ( * ) PLANE_ANGLE_UNIT ( ) SI_UNIT ( $, .RADIAN. ) );
#666 = SURFACE_STYLE_FILL_AREA ( #1744 ) ;
#667 = PRESENTATION_STYLE_ASSIGNMENT (( #1717 ) ) ;
#668 = LINE ( 'NONE', #1221, #149 ) ;
#669 = CARTESIAN_POINT ( 'NONE',  ( 2.689999999999999947, 4.074999999999999289, -0.2000000000000000111 ) ) ;
#670 = EDGE_CURVE ( 'NONE', #757, #2639, #904, .T. ) ;
#671 =( LENGTH_UNIT ( ) NAMED_UNIT ( * ) SI_UNIT ( .MILLI., .METRE. ) );
#672 = ORIENTED_EDGE ( 'NONE', *, *, #2211, .T. ) ;
#673 = ADVANCED_FACE ( 'NONE', ( #376 ), #2207, .F. ) ;
#674 = LINE ( 'NONE', #3057, #2405 ) ;
#675 =( NAMED_UNIT ( * ) PLANE_ANGLE_UNIT ( ) SI_UNIT ( $, .RADIAN. ) );
#676 = MECHANICAL_DESIGN_GEOMETRIC_PRESENTATION_REPRESENTATION (  '', ( #2542 ), #1216 ) ;
#677 = VERTEX_POINT ( 'NONE', #1202 ) ;
#678 =( LENGTH_UNIT ( ) NAMED_UNIT ( * ) SI_UNIT ( .MILLI., .METRE. ) );
#679 = ORIENTED_EDGE ( 'NONE', *, *, #18, .T. ) ;
#680 = CARTESIAN_POINT ( 'NONE',  ( 2.000000000000000000, -0.7750000000000000222, 1.399999999999999911 ) ) ;
#681 = ORIENTED_EDGE ( 'NONE', *, *, #1189, .T. ) ;
#682 = CARTESIAN_POINT ( 'NONE',  ( 2.000000000000000000, -0.7750000000000000222, 3.399999999999999911 ) ) ;
#683 = CARTESIAN_POINT ( 'NONE',  ( -1.895000000000000018, 3.474999999999999645, -0.2000000000000000111 ) ) ;
#684 = COLOUR_RGB ( '',1.000000000000000000, 1.000000000000000000, 1.000000000000000000 ) ;
#685 = VERTEX_POINT ( 'NONE', #492 ) ;
#686 = CARTESIAN_POINT ( 'NONE',  ( 2.965000000000000302, 5.675000000000000711, -0.2000000000000000111 ) ) ;
#687 = DIRECTION ( 'NONE',  ( 1.000000000000000000, 0.000000000000000000, 0.000000000000000000 ) ) ;
#688 =( LENGTH_UNIT ( ) NAMED_UNIT ( * ) SI_UNIT ( .MILLI., .METRE. ) );
#689 = ORIENTED_EDGE ( 'NONE', *, *, #2466, .F. ) ;
#690 =( NAMED_UNIT ( * ) PLANE_ANGLE_UNIT ( ) SI_UNIT ( $, .RADIAN. ) );
#691 = ADVANCED_FACE ( 'NONE', ( #417 ), #718, .T. ) ;
#692 = EDGE_LOOP ( 'NONE', ( #1529, #313, #1182, #2426 ) ) ;
#693 = AXIS2_PLACEMENT_3D ( 'NONE', #2870, #1896, #687 ) ;
#694 =( NAMED_UNIT ( * ) SI_UNIT ( $, .STERADIAN. ) SOLID_ANGLE_UNIT ( ) );
#695 = EDGE_CURVE ( 'NONE', #1960, #1911, #603, .T. ) ;
#696 = DIRECTION ( 'NONE',  ( 0.000000000000000000, 0.000000000000000000, 1.000000000000000000 ) ) ;
#697 = EDGE_LOOP ( 'NONE', ( #3028, #2260, #2403, #958 ) ) ;
#698 =( GEOMETRIC_REPRESENTATION_CONTEXT ( 3 ) GLOBAL_UNCERTAINTY_ASSIGNED_CONTEXT ( ( #2002 ) ) GLOBAL_UNIT_ASSIGNED_CONTEXT ( ( #2184, #2927, #715 ) ) REPRESENTATION_CONTEXT ( 'NONE', 'WORKASPACE' ) );
#699 = DIRECTION ( 'NONE',  ( 1.000000000000000000, 0.000000000000000000, 0.000000000000000000 ) ) ;
#700 = CARTESIAN_POINT ( 'NONE',  ( 1.550000000000000044, 4.774999999999999467, -0.2000000000000000111 ) ) ;
#701 = CARTESIAN_POINT ( 'NONE',  ( -0.3499999999999999778, 5.599999999999999645, 0.2999999999999999889 ) ) ;
#702 = PRODUCT_DEFINITION ( 'UNKNOWN', '', #607, #814 ) ;
#703 = CARTESIAN_POINT ( 'NONE',  ( -1.195000000000000062, 3.474999999999999645, -0.2000000000000000111 ) ) ;
#704 = FILL_AREA_STYLE_COLOUR ( '', #1783 ) ;
#705 = DIRECTION ( 'NONE',  ( 0.000000000000000000, 1.000000000000000000, 0.000000000000000000 ) ) ;
#706 =( LENGTH_UNIT ( ) NAMED_UNIT ( * ) SI_UNIT ( .MILLI., .METRE. ) );
#707 = LINE ( 'NONE', #2683, #2799 ) ;
#708 = CARTESIAN_POINT ( 'NONE',  ( -1.221308337740231620, -2.360133997054407740, 2.620674002221383248 ) ) ;
#709 = EDGE_CURVE ( 'NONE', #2813, #2853, #2950, .T. ) ;
#710 = FACE_OUTER_BOUND ( 'NONE', #1267, .T. ) ;
#711 = ADVANCED_FACE ( 'NONE', ( #2766 ), #2450, .T. ) ;
#712 = CARTESIAN_POINT ( 'NONE',  ( -0.4249999999999999889, 6.996999999999999886, -0.2000000000000000111 ) ) ;
#713 = STYLED_ITEM ( 'NONE', ( #2049 ), #673 ) ;
#714 = PRESENTATION_STYLE_ASSIGNMENT (( #854 ) ) ;
#715 =( NAMED_UNIT ( * ) SI_UNIT ( $, .STERADIAN. ) SOLID_ANGLE_UNIT ( ) );
#716 = DIRECTION ( 'NONE',  ( -0.7071067811865969777, 0.7071067811864980568, 0.000000000000000000 ) ) ;
#717 = CARTESIAN_POINT ( 'NONE',  ( 2.299999999999999822, -3.275000000000000355, 1.399999999999999911 ) ) ;
#718 = PLANE ( 'NONE',  #1270 ) ;
#719 = EDGE_LOOP ( 'NONE', ( #1187, #2057, #1219, #2968 ) ) ;
#720 = PRESENTATION_LAYER_ASSIGNMENT (  '', '', ( #2427 ) ) ;
#721 =( NAMED_UNIT ( * ) PLANE_ANGLE_UNIT ( ) SI_UNIT ( $, .RADIAN. ) );
#722 = ORIENTED_EDGE ( 'NONE', *, *, #2398, .F. ) ;
#723 = UNCERTAINTY_MEASURE_WITH_UNIT (LENGTH_MEASURE( 1.000000000000000082E-05 ), #290, 'distance_accuracy_value', 'NONE');
#724 = FILL_AREA_STYLE_COLOUR ( '', #1584 ) ;
#725 = SURFACE_STYLE_USAGE ( .BOTH. , #270 ) ;
#726 = AXIS2_PLACEMENT_3D ( 'NONE', #1740, #2743, #772 ) ;
#727 = ORIENTED_EDGE ( 'NONE', *, *, #512, .F. ) ;
#728 = LINE ( 'NONE', #22, #59 ) ;
#729 = CARTESIAN_POINT ( 'NONE',  ( 2.050000000000000266, 3.474999999999999645, -0.2000000000000000111 ) ) ;
#730 = ADVANCED_FACE ( 'NONE', ( #657 ), #1245, .T. ) ;
#731 = CARTESIAN_POINT ( 'NONE',  ( 0.3499999999999999778, 5.599999999999999645, -0.2000000000000000111 ) ) ;
#732 = CARTESIAN_POINT ( 'NONE',  ( 2.890000000000000124, 7.072000000000000064, 0.2999999999999999889 ) ) ;
#733 = EDGE_CURVE ( 'NONE', #2302, #2684, #340, .T. ) ;
#734 = ORIENTED_EDGE ( 'NONE', *, *, #1441, .T. ) ;
#735 =( LENGTH_UNIT ( ) NAMED_UNIT ( * ) SI_UNIT ( .MILLI., .METRE. ) );
#736 = ORIENTED_EDGE ( 'NONE', *, *, #1625, .T. ) ;
#737 = AXIS2_PLACEMENT_3D ( 'NONE', #494, #696, #2917 ) ;
#738 = FILL_AREA_STYLE_COLOUR ( '', #462 ) ;
#739 = CARTESIAN_POINT ( 'NONE',  ( 2.890000000000000124, 27.02500000000000213, -0.2000000000000000111 ) ) ;
#740 =( GEOMETRIC_REPRESENTATION_CONTEXT ( 3 ) GLOBAL_UNCERTAINTY_ASSIGNED_CONTEXT ( ( #2239 ) ) GLOBAL_UNIT_ASSIGNED_CONTEXT ( ( #2149, #3106, #192 ) ) REPRESENTATION_CONTEXT ( 'NONE', 'WORKASPACE' ) );
#741 = CARTESIAN_POINT ( 'NONE',  ( 0.000000000000000000, 0.000000000000000000, -0.2000000000000000111 ) ) ;
#742 = ORIENTED_EDGE ( 'NONE', *, *, #2297, .F. ) ;
#743 = FILL_AREA_STYLE ('',( #1943 ) ) ;
#744 = SURFACE_SIDE_STYLE ('',( #1143 ) ) ;
#745 = PRESENTATION_LAYER_ASSIGNMENT (  '', '', ( #2822 ) ) ;
#746 = SURFACE_STYLE_FILL_AREA ( #2706 ) ;
#747 = COLOUR_RGB ( '',1.000000000000000000, 1.000000000000000000, 1.000000000000000000 ) ;
#748 = DIRECTION ( 'NONE',  ( 0.000000000000000000, 1.000000000000000000, 0.000000000000000000 ) ) ;
#749 = CARTESIAN_POINT ( 'NONE',  ( -2.000000000000000000, 3.474999999999999645, 3.399999999999999911 ) ) ;
#750 = LINE ( 'NONE', #2251, #2952 ) ;
#751 = FACE_OUTER_BOUND ( 'NONE', #924, .T. ) ;
#752 = CARTESIAN_POINT ( 'NONE',  ( -1.195000000000000062, 3.474999999999999645, -0.2000000000000000111 ) ) ;
#753 = CARTESIAN_POINT ( 'NONE',  ( 1.350000000000000089, 4.575000000000000178, 0.2999999999999999889 ) ) ;
#754 = VECTOR ( 'NONE', #2146, 1000.000000000000000 ) ;
#755 = DIRECTION ( 'NONE',  ( 0.000000000000000000, -1.000000000000000000, 0.000000000000000000 ) ) ;
#756 = DIRECTION ( 'NONE',  ( -0.7071067811865969777, 0.7071067811864980568, 0.000000000000000000 ) ) ;
#757 = VERTEX_POINT ( 'NONE', #634 ) ;
#758 = LINE ( 'NONE', #159, #2220 ) ;
#759 = PRESENTATION_LAYER_ASSIGNMENT (  '', '', ( #115 ) ) ;
#760 = DIRECTION ( 'NONE',  ( 0.000000000000000000, 0.000000000000000000, 1.000000000000000000 ) ) ;
#761 = LINE ( 'NONE', #401, #123 ) ;
#762 = ORIENTED_EDGE ( 'NONE', *, *, #601, .T. ) ;
#763 = EDGE_LOOP ( 'NONE', ( #1487, #2924, #1462, #1572 ) ) ;
#764 = DIRECTION ( 'NONE',  ( 0.000000000000000000, 0.000000000000000000, 1.000000000000000000 ) ) ;
#765 =( GEOMETRIC_REPRESENTATION_CONTEXT ( 3 ) GLOBAL_UNCERTAINTY_ASSIGNED_CONTEXT ( ( #1237 ) ) GLOBAL_UNIT_ASSIGNED_CONTEXT ( ( #1515, #1767, #332 ) ) REPRESENTATION_CONTEXT ( 'NONE', 'WORKASPACE' ) );
#766 = CARTESIAN_POINT ( 'NONE',  ( 2.000000000000000000, 3.474999999999999645, 1.399999999999999911 ) ) ;
#767 = ORIENTED_EDGE ( 'NONE', *, *, #859, .F. ) ;
#768 = UNCERTAINTY_MEASURE_WITH_UNIT (LENGTH_MEASURE( 1.000000000000000082E-05 ), #2136, 'distance_accuracy_value', 'NONE');
#769 = CARTESIAN_POINT ( 'NONE',  ( -1.999999999999999556, -1.024866551116795810, 3.399727882518426281 ) ) ;
#770 = APPLICATION_PROTOCOL_DEFINITION ( 'draft international standard', 'automotive_design', 1998, #269 ) ;
#771 = DIRECTION ( 'NONE',  ( 0.000000000000000000, -1.000000000000000000, 0.000000000000000000 ) ) ;
#772 = DIRECTION ( 'NONE',  ( 0.000000000000000000, 1.000000000000000000, 0.000000000000000000 ) ) ;
#773 = ORIENTED_EDGE ( 'NONE', *, *, #973, .F. ) ;
#774 = DIRECTION ( 'NONE',  ( 0.000000000000000000, 0.000000000000000000, 1.000000000000000000 ) ) ;
#775 = ORIENTED_EDGE ( 'NONE', *, *, #2451, .F. ) ;
#776 =( NAMED_UNIT ( * ) PLANE_ANGLE_UNIT ( ) SI_UNIT ( $, .RADIAN. ) );
#777 = STYLED_ITEM ( 'NONE', ( #3075 ), #187 ) ;
#778 = ORIENTED_EDGE ( 'NONE', *, *, #1008, .T. ) ;
#779 = PLANE ( 'NONE',  #1088 ) ;
#780 = COLOUR_RGB ( '',1.000000000000000000, 1.000000000000000000, 1.000000000000000000 ) ;
#781 = PRESENTATION_LAYER_ASSIGNMENT (  '', '', ( #237 ) ) ;
#782 = DIRECTION ( 'NONE',  ( 0.000000000000000000, -1.000000000000000000, 0.000000000000000000 ) ) ;
#783 = SURFACE_SIDE_STYLE ('',( #1566 ) ) ;
#784 = AXIS2_PLACEMENT_3D ( 'NONE', #2300, #1322, #143 ) ;
#785 = COLOUR_RGB ( '',0.2980392156862745057, 0.2980392156862745057, 0.2980392156862745057 ) ;
#786 =( GEOMETRIC_REPRESENTATION_CONTEXT ( 3 ) GLOBAL_UNCERTAINTY_ASSIGNED_CONTEXT ( ( #2768 ) ) GLOBAL_UNIT_ASSIGNED_CONTEXT ( ( #435, #3065, #207 ) ) REPRESENTATION_CONTEXT ( 'NONE', 'WORKASPACE' ) );
#787 = COLOUR_RGB ( '',1.000000000000000000, 1.000000000000000000, 1.000000000000000000 ) ;
#788 = DIRECTION ( 'NONE',  ( 0.000000000000000000, 1.000000000000000000, 0.000000000000000000 ) ) ;
#789 = VECTOR ( 'NONE', #3068, 1000.000000000000000 ) ;
#790 = FACE_OUTER_BOUND ( 'NONE', #2328, .T. ) ;
#791 = EDGE_CURVE ( 'NONE', #2565, #2302, #1981, .T. ) ;
#792 = CARTESIAN_POINT ( 'NONE',  ( 2.190999999999999837, 5.599000000000000199, 0.2999999999999999889 ) ) ;
#793 = CARTESIAN_POINT ( 'NONE',  ( 2.890000000000000124, 5.599999999999999645, -0.2000000000000000111 ) ) ;
#794 = LINE ( 'NONE', #969, #2018 ) ;
#795 = ORIENTED_EDGE ( 'NONE', *, *, #2574, .T. ) ;
#796 = DIRECTION ( 'NONE',  ( 0.000000000000000000, 0.000000000000000000, -1.000000000000000000 ) ) ;
#797 = DIRECTION ( 'NONE',  ( 0.7071067811865975328, -0.7071067811864976127, 0.000000000000000000 ) ) ;
#798 = PRESENTATION_LAYER_ASSIGNMENT (  '', '', ( #319 ) ) ;
#799 = VECTOR ( 'NONE', #2785, 1000.000000000000000 ) ;
#800 = ORIENTED_EDGE ( 'NONE', *, *, #2802, .F. ) ;
#801 = VERTEX_POINT ( 'NONE', #425 ) ;
#802 = DIRECTION ( 'NONE',  ( 0.000000000000000000, 0.000000000000000000, 1.000000000000000000 ) ) ;
#803 = ORIENTED_EDGE ( 'NONE', *, *, #1390, .F. ) ;
#804 = EDGE_CURVE ( 'NONE', #1565, #1960, #412, .T. ) ;
#805 = ORIENTED_EDGE ( 'NONE', *, *, #2138, .F. ) ;
#806 = SURFACE_SIDE_STYLE ('',( #3001 ) ) ;
#807 = MECHANICAL_DESIGN_GEOMETRIC_PRESENTATION_REPRESENTATION (  '', ( #635 ), #3052 ) ;
#808 =( LENGTH_UNIT ( ) NAMED_UNIT ( * ) SI_UNIT ( .MILLI., .METRE. ) );
#809 = VECTOR ( 'NONE', #1612, 1000.000000000000000 ) ;
#810 = ORIENTED_EDGE ( 'NONE', *, *, #493, .F. ) ;
#811 = SURFACE_STYLE_USAGE ( .BOTH. , #551 ) ;
#812 = PRODUCT_RELATED_PRODUCT_CATEGORY ( 'part', '', ( #256 ) ) ;
#813 = ORIENTED_EDGE ( 'NONE', *, *, #2013, .F. ) ;
#814 = PRODUCT_DEFINITION_CONTEXT ( 'detailed design', #1472, 'design' ) ;
#815 = CARTESIAN_POINT ( 'NONE',  ( 2.965000000000000302, 5.675000000000000711, -0.2000000000000000111 ) ) ;
#816 = VERTEX_POINT ( 'NONE', #2092 ) ;
#817 = DIRECTION ( 'NONE',  ( 0.000000000000000000, 0.000000000000000000, 1.000000000000000000 ) ) ;
#818 = EDGE_LOOP ( 'NONE', ( #1985, #2074, #2165 ) ) ;
#819 =( GEOMETRIC_REPRESENTATION_CONTEXT ( 3 ) GLOBAL_UNCERTAINTY_ASSIGNED_CONTEXT ( ( #3007 ) ) GLOBAL_UNIT_ASSIGNED_CONTEXT ( ( #897, #397, #2119 ) ) REPRESENTATION_CONTEXT ( 'NONE', 'WORKASPACE' ) );
#820 = SURFACE_STYLE_FILL_AREA ( #980 ) ;
#821 = CARTESIAN_POINT ( 'NONE',  ( -2.189999999999999947, 4.774999999999999467, -0.2000000000000000111 ) ) ;
#822 = VECTOR ( 'NONE', #2359, 1000.000000000000000 ) ;
#823 = CARTESIAN_POINT ( 'NONE',  ( -0.4249999999999999889, 6.996999999999999886, -0.2000000000000000111 ) ) ;
#824 =( GEOMETRIC_REPRESENTATION_CONTEXT ( 3 ) GLOBAL_UNCERTAINTY_ASSIGNED_CONTEXT ( ( #1095 ) ) GLOBAL_UNIT_ASSIGNED_CONTEXT ( ( #1866, #1620, #653 ) ) REPRESENTATION_CONTEXT ( 'NONE', 'WORKASPACE' ) );
#825 = DIRECTION ( 'NONE',  ( -1.000000000000000000, 0.000000000000000000, 0.000000000000000000 ) ) ;
#826 = LINE ( 'NONE', #466, #2122 ) ;
#827 = FILL_AREA_STYLE ('',( #2293 ) ) ;
#828 = SURFACE_SIDE_STYLE ('',( #1140 ) ) ;
#829 = SURFACE_STYLE_FILL_AREA ( #1025 ) ;
#830 = FILL_AREA_STYLE_COLOUR ( '', #780 ) ;
#831 = VECTOR ( 'NONE', #356, 1000.000000000000000 ) ;
#832 =( NAMED_UNIT ( * ) SI_UNIT ( $, .STERADIAN. ) SOLID_ANGLE_UNIT ( ) );
#833 = DIRECTION ( 'NONE',  ( 1.000000000000000000, 0.000000000000000000, 0.000000000000000000 ) ) ;
#834 = SURFACE_STYLE_FILL_AREA ( #67 ) ;
#835 =( NAMED_UNIT ( * ) PLANE_ANGLE_UNIT ( ) SI_UNIT ( $, .RADIAN. ) );
#836 =( LENGTH_UNIT ( ) NAMED_UNIT ( * ) SI_UNIT ( .MILLI., .METRE. ) );
#837 = EDGE_CURVE ( 'NONE', #161, #285, #1280, .T. ) ;
#838 = ORIENTED_EDGE ( 'NONE', *, *, #587, .F. ) ;
#839 = DIRECTION ( 'NONE',  ( 1.000000000000000000, 0.000000000000000000, 0.000000000000000000 ) ) ;
#840 = VERTEX_POINT ( 'NONE', #1377 ) ;
#841 =( GEOMETRIC_REPRESENTATION_CONTEXT ( 3 ) GLOBAL_UNCERTAINTY_ASSIGNED_CONTEXT ( ( #305 ) ) GLOBAL_UNIT_ASSIGNED_CONTEXT ( ( #808, #124, #1091 ) ) REPRESENTATION_CONTEXT ( 'NONE', 'WORKASPACE' ) );
#842 = ORIENTED_EDGE ( 'NONE', *, *, #2613, .T. ) ;
#843 = CARTESIAN_POINT ( 'NONE',  ( -2.500000000000000000, 3.474999999999999645, -1.399999999999999911 ) ) ;
#844 = DIRECTION ( 'NONE',  ( -1.000000000000000000, 0.000000000000000000, 0.000000000000000000 ) ) ;
#845 = EDGE_CURVE ( 'NONE', #1366, #2827, #2910, .T. ) ;
#846 = VERTEX_POINT ( 'NONE', #2349 ) ;
#847 = FACE_OUTER_BOUND ( 'NONE', #1766, .T. ) ;
#848 = STYLED_ITEM ( 'NONE', ( #569 ), #2843 ) ;
#849 = VERTEX_POINT ( 'NONE', #2690 ) ;
#850 = VECTOR ( 'NONE', #2254, 1000.000000000000000 ) ;
#851 = VERTEX_POINT ( 'NONE', #485 ) ;
#852 = DIRECTION ( 'NONE',  ( -1.000000000000000000, 0.000000000000000000, 0.000000000000000000 ) ) ;
#853 = ORIENTED_EDGE ( 'NONE', *, *, #2963, .T. ) ;
#854 = SURFACE_STYLE_USAGE ( .BOTH. , #2051 ) ;
#855 =( LENGTH_UNIT ( ) NAMED_UNIT ( * ) SI_UNIT ( .MILLI., .METRE. ) );
#856 = LINE ( 'NONE', #517, #2734 ) ;
#857 = AXIS2_PLACEMENT_3D ( 'NONE', #246, #1946, #496 ) ;
#858 = FACE_BOUND ( 'NONE', #2457, .T. ) ;
#859 = EDGE_CURVE ( 'NONE', #430, #890, #1739, .T. ) ;
#860 = UNCERTAINTY_MEASURE_WITH_UNIT (LENGTH_MEASURE( 1.000000000000000082E-05 ), #1041, 'distance_accuracy_value', 'NONE');
#861 = CARTESIAN_POINT ( 'NONE',  ( -2.189999999999999947, 7.072000000000000064, -0.2000000000000000111 ) ) ;
#862 = DIRECTION ( 'NONE',  ( 0.000000000000000000, 1.000000000000000000, 0.000000000000000000 ) ) ;
#863 = VECTOR ( 'NONE', #2709, 1000.000000000000000 ) ;
#864 = DIRECTION ( 'NONE',  ( 0.000000000000000000, -1.000000000000000000, 0.000000000000000000 ) ) ;
#865 = LINE ( 'NONE', #957, #1058 ) ;
#866 = CIRCLE ( 'NONE', #1988, 0.2000000000000000944 ) ;
#867 = CARTESIAN_POINT ( 'NONE',  ( -2.500000000000000000, 3.474999999999999645, -1.399999999999999911 ) ) ;
#868 = STYLED_ITEM ( 'NONE', ( #2286 ), #2420 ) ;
#869 = COLOUR_RGB ( '',0.7921568627450980005, 0.8196078431372548767, 0.9333333333333333481 ) ;
#870 = CARTESIAN_POINT ( 'NONE',  ( 0.3499999999999999778, 27.02500000000000213, -0.2000000000000000111 ) ) ;
#871 = SURFACE_STYLE_USAGE ( .BOTH. , #1079 ) ;
#872 = AXIS2_PLACEMENT_3D ( 'NONE', #2850, #2234, #1754 ) ;
#873 = ORIENTED_EDGE ( 'NONE', *, *, #3032, .T. ) ;
#874 =( NAMED_UNIT ( * ) SI_UNIT ( $, .STERADIAN. ) SOLID_ANGLE_UNIT ( ) );
#875 = VERTEX_POINT ( 'NONE', #154 ) ;
#876 = LINE ( 'NONE', #823, #2100 ) ;
#877 = ORIENTED_EDGE ( 'NONE', *, *, #3019, .F. ) ;
#878 = STYLED_ITEM ( 'NONE', ( #1987 ), #7 ) ;
#879 = FILL_AREA_STYLE ('',( #1844 ) ) ;
#880 = CARTESIAN_POINT ( 'NONE',  ( 1.350000000000000089, 3.474999999999999645, -0.2000000000000000111 ) ) ;
#881 = VERTEX_POINT ( 'NONE', #1206 ) ;
#882 =( LENGTH_UNIT ( ) NAMED_UNIT ( * ) SI_UNIT ( .MILLI., .METRE. ) );
#883 = DIRECTION ( 'NONE',  ( 0.000000000000000000, 0.000000000000000000, 1.000000000000000000 ) ) ;
#884 = ORIENTED_EDGE ( 'NONE', *, *, #257, .F. ) ;
#885 =( GEOMETRIC_REPRESENTATION_CONTEXT ( 3 ) GLOBAL_UNCERTAINTY_ASSIGNED_CONTEXT ( ( #445 ) ) GLOBAL_UNIT_ASSIGNED_CONTEXT ( ( #1873, #1640, #3058 ) ) REPRESENTATION_CONTEXT ( 'NONE', 'WORKASPACE' ) );
#886 = EDGE_LOOP ( 'NONE', ( #2857, #1804, #2929, #1643 ) ) ;
#887 = CARTESIAN_POINT ( 'NONE',  ( 2.050000000000000266, 3.474999999999999645, -0.2000000000000000111 ) ) ;
#888 = FACE_OUTER_BOUND ( 'NONE', #2263, .T. ) ;
#889 = CARTESIAN_POINT ( 'NONE',  ( 2.965000000000000302, 6.996999999999999886, -0.2000000000000000111 ) ) ;
#890 = VERTEX_POINT ( 'NONE', #951 ) ;
#891 = AXIS2_PLACEMENT_3D ( 'NONE', #2068, #344, #1329 ) ;
#892 = SURFACE_SIDE_STYLE ('',( #547 ) ) ;
#893 = PRESENTATION_STYLE_ASSIGNMENT (( #384 ) ) ;
#894 = DIRECTION ( 'NONE',  ( 0.000000000000000000, 1.000000000000000000, 0.000000000000000000 ) ) ;
#895 = ORIENTED_EDGE ( 'NONE', *, *, #561, .T. ) ;
#896 = EDGE_CURVE ( 'NONE', #2986, #2275, #2667, .T. ) ;
#897 =( LENGTH_UNIT ( ) NAMED_UNIT ( * ) SI_UNIT ( .MILLI., .METRE. ) );
#898 = CARTESIAN_POINT ( 'NONE',  ( 1.274007809397467827, -2.322215880903860885, 2.673539577582312532 ) ) ;
#899 = DIRECTION ( 'NONE',  ( 0.7071067811865969777, -0.7071067811864980568, 0.000000000000000000 ) ) ;
#900 = PRESENTATION_STYLE_ASSIGNMENT (( #24 ) ) ;
#901 = VECTOR ( 'NONE', #705, 1000.000000000000000 ) ;
#902 = FILL_AREA_STYLE_COLOUR ( '', #787 ) ;
#903 = UNCERTAINTY_MEASURE_WITH_UNIT (LENGTH_MEASURE( 1.000000000000000082E-05 ), #165, 'distance_accuracy_value', 'NONE');
#904 = LINE ( 'NONE', #732, #1888 ) ;
#905 = CARTESIAN_POINT ( 'NONE',  ( -2.189999999999999947, 5.599999999999999645, 0.2999999999999999889 ) ) ;
#906 = VECTOR ( 'NONE', #2511, 1000.000000000000000 ) ;
#907 = ADVANCED_FACE ( 'NONE', ( #1815 ), #2909, .F. ) ;
#908 = COLOUR_RGB ( '',1.000000000000000000, 1.000000000000000000, 1.000000000000000000 ) ;
#909 = CARTESIAN_POINT ( 'NONE',  ( 0.9389949034447228060, -2.541221737767180411, 2.338006884572999322 ) ) ;
#910 = STYLED_ITEM ( 'NONE', ( #1130 ), #2521 ) ;
#911 = VECTOR ( 'NONE', #1003, 1000.000000000000000 ) ;
#912 = ORIENTED_EDGE ( 'NONE', *, *, #2113, .T. ) ;
#913 = LINE ( 'NONE', #2112, #188 ) ;
#914 = ORIENTED_EDGE ( 'NONE', *, *, #896, .F. ) ;
#915 = ORIENTED_EDGE ( 'NONE', *, *, #2939, .T. ) ;
#916 = SURFACE_STYLE_USAGE ( .BOTH. , #2665 ) ;
#917 = CARTESIAN_POINT ( 'NONE',  ( 1.115393528136622292, -2.436367056830803346, 2.514430525369862668 ) ) ;
#918 = FILL_AREA_STYLE ('',( #399 ) ) ;
#919 = ADVANCED_FACE ( 'NONE', ( #2590 ), #930, .F. ) ;
#920 = SURFACE_SIDE_STYLE ('',( #2608 ) ) ;
#921 = AXIS2_PLACEMENT_3D ( 'NONE', #2921, #49, #1260 ) ;
#922 = EDGE_CURVE ( 'NONE', #1598, #1715, #410, .T. ) ;
#923 = LINE ( 'NONE', #1758, #3029 ) ;
#924 = EDGE_LOOP ( 'NONE', ( #557, #1105, #1992, #2493, #164, #3030, #2289, #2266, #2256, #131, #736, #2261, #1069, #1718, #589, #509 ) ) ;
#925 = PLANE ( 'NONE',  #1698 ) ;
#926 = LINE ( 'NONE', #1763, #850 ) ;
#927 = FILL_AREA_STYLE_COLOUR ( '', #2346 ) ;
#928 = AXIS2_PLACEMENT_3D ( 'NONE', #318, #797, #339 ) ;
#929 = SURFACE_SIDE_STYLE ('',( #301 ) ) ;
#930 = PLANE ( 'NONE',  #857 ) ;
#931 = PLANE ( 'NONE',  #1910 ) ;
#932 = CARTESIAN_POINT ( 'NONE',  ( 1.991000000000000103, 4.774999999999999467, 0.2999999999999999889 ) ) ;
#933 = CARTESIAN_POINT ( 'NONE',  ( 1.991000000000000103, 4.774999999999999467, 0.2999999999999999889 ) ) ;
#934 = DIRECTION ( 'NONE',  ( 0.000000000000000000, 1.000000000000000000, 0.000000000000000000 ) ) ;
#935 = CARTESIAN_POINT ( 'NONE',  ( 1.550000000000000044, 4.575000000000000178, -0.2000000000000000111 ) ) ;
#936 = DIRECTION ( 'NONE',  ( -0.7071067811865969777, -0.7071067811864980568, 0.000000000000000000 ) ) ;
#937 = ADVANCED_FACE ( 'NONE', ( #982 ), #940, .T. ) ;
#938 = VECTOR ( 'NONE', #2091, 1000.000000000000000 ) ;
#939 = SURFACE_SIDE_STYLE ('',( #2737 ) ) ;
#940 = PLANE ( 'NONE',  #2170 ) ;
#941 = PRESENTATION_STYLE_ASSIGNMENT (( #1359 ) ) ;
#942 = FILL_AREA_STYLE_COLOUR ( '', #2342 ) ;
#943 = LINE ( 'NONE', #2492, #2163 ) ;
#944 = SURFACE_STYLE_FILL_AREA ( #1342 ) ;
#945 = LINE ( 'NONE', #1802, #2439 ) ;
#946 = FILL_AREA_STYLE ('',( #1928 ) ) ;
#947 = COLOUR_RGB ( '',1.000000000000000000, 1.000000000000000000, 1.000000000000000000 ) ;
#948 = DIRECTION ( 'NONE',  ( 0.000000000000000000, 1.000000000000000000, 0.000000000000000000 ) ) ;
#949 = ORIENTED_EDGE ( 'NONE', *, *, #379, .F. ) ;
#950 = CARTESIAN_POINT ( 'NONE',  ( 2.000000000000000000, 3.474999999999999645, 3.399999999999999911 ) ) ;
#951 = CARTESIAN_POINT ( 'NONE',  ( 2.500000000000000000, -3.275000000000000355, -1.399999999999999911 ) ) ;
#952 = CARTESIAN_POINT ( 'NONE',  ( 2.050000000000000266, 3.474999999999999645, 0.2999999999999999889 ) ) ;
#953 = EDGE_LOOP ( 'NONE', ( #96, #1044, #1690, #2825 ) ) ;
#954 =( NAMED_UNIT ( * ) PLANE_ANGLE_UNIT ( ) SI_UNIT ( $, .RADIAN. ) );
#955 = VERTEX_POINT ( 'NONE', #475 ) ;
#956 = ADVANCED_FACE ( 'NONE', ( #2242 ), #1658, .T. ) ;
#957 = CARTESIAN_POINT ( 'NONE',  ( -2.189999999999999947, 4.774999999999999467, -0.2000000000000000111 ) ) ;
#958 = ORIENTED_EDGE ( 'NONE', *, *, #2470, .T. ) ;
#959 = FILL_AREA_STYLE ('',( #479 ) ) ;
#960 = EDGE_CURVE ( 'NONE', #2569, #2873, #1510, .T. ) ;
#961 = ORIENTED_EDGE ( 'NONE', *, *, #325, .T. ) ;
#962 = DIRECTION ( 'NONE',  ( 0.000000000000000000, 0.000000000000000000, 1.000000000000000000 ) ) ;
#963 = VERTEX_POINT ( 'NONE', #1226 ) ;
#964 = UNCERTAINTY_MEASURE_WITH_UNIT (LENGTH_MEASURE( 1.000000000000000082E-05 ), #2980, 'distance_accuracy_value', 'NONE');
#965 = MECHANICAL_DESIGN_GEOMETRIC_PRESENTATION_REPRESENTATION (  '', ( #3099 ), #1247 ) ;
#966 = LINE ( 'NONE', #1204, #245 ) ;
#967 = CARTESIAN_POINT ( 'NONE',  ( 2.965000000000000302, 6.996999999999999886, -0.2000000000000000111 ) ) ;
#968 = ORIENTED_EDGE ( 'NONE', *, *, #960, .T. ) ;
#969 = CARTESIAN_POINT ( 'NONE',  ( 0.3499999999999999778, 3.474999999999999645, 0.2999999999999999889 ) ) ;
#970 = CARTESIAN_POINT ( 'NONE',  ( -1.895000000000000018, 4.074999999999999289, 0.2999999999999999889 ) ) ;
#971 = STYLED_ITEM ( 'NONE', ( #1503 ), #1395 ) ;
#972 = FILL_AREA_STYLE ('',( #1211 ) ) ;
#973 = EDGE_CURVE ( 'NONE', #2175, #2779, #2428, .T. ) ;
#974 = LINE ( 'NONE', #2714, #2377 ) ;
#975 =( NAMED_UNIT ( * ) SI_UNIT ( $, .STERADIAN. ) SOLID_ANGLE_UNIT ( ) );
#976 = ADVANCED_FACE ( 'NONE', ( #2080 ), #2707, .T. ) ;
#977 = AXIS2_PLACEMENT_3D ( 'NONE', #365, #1290, #2280 ) ;
#978 = ORIENTED_EDGE ( 'NONE', *, *, #31, .T. ) ;
#979 = DIRECTION ( 'NONE',  ( 0.000000000000000000, 0.000000000000000000, 1.000000000000000000 ) ) ;
#980 = FILL_AREA_STYLE ('',( #2442 ) ) ;
#981 =( LENGTH_UNIT ( ) NAMED_UNIT ( * ) SI_UNIT ( .MILLI., .METRE. ) );
#982 = FACE_OUTER_BOUND ( 'NONE', #516, .T. ) ;
#983 = PRODUCT_DEFINITION_FORMATION_WITH_SPECIFIED_SOURCE ( 'ANY', '', #2415, .NOT_KNOWN. ) ;
#984 = FILL_AREA_STYLE ('',( #704 ) ) ;
#985 = FACE_OUTER_BOUND ( 'NONE', #1836, .T. ) ;
#986 = VECTOR ( 'NONE', #2158, 1000.000000000000000 ) ;
#987 = VECTOR ( 'NONE', #1099, 1000.000000000000000 ) ;
#988 = FILL_AREA_STYLE_COLOUR ( '', #1583 ) ;
#989 = CARTESIAN_POINT ( 'NONE',  ( -2.189999999999999947, 7.072000000000000064, -0.2000000000000000111 ) ) ;
#990 = STYLED_ITEM ( 'NONE', ( #2199 ), #937 ) ;
#991 = SURFACE_STYLE_FILL_AREA ( #2070 ) ;
#992 = EDGE_CURVE ( 'NONE', #1066, #1874, #1311, .T. ) ;
#993 = CARTESIAN_POINT ( 'NONE',  ( -0.3499999999999999778, 3.474999999999999645, -0.2000000000000000111 ) ) ;
#994 = SURFACE_STYLE_FILL_AREA ( #1687 ) ;
#995 = ORIENTED_EDGE ( 'NONE', *, *, #1083, .T. ) ;
#996 =( GEOMETRIC_REPRESENTATION_CONTEXT ( 3 ) GLOBAL_UNCERTAINTY_ASSIGNED_CONTEXT ( ( #546 ) ) GLOBAL_UNIT_ASSIGNED_CONTEXT ( ( #1746, #776, #2930 ) ) REPRESENTATION_CONTEXT ( 'NONE', 'WORKASPACE' ) );
#997 = CARTESIAN_POINT ( 'NONE',  ( -0.3499999999999999778, 3.474999999999999645, 0.2999999999999999889 ) ) ;
#998 = VECTOR ( 'NONE', #2558, 1000.000000000000000 ) ;
#999 = ORIENTED_EDGE ( 'NONE', *, *, #2317, .T. ) ;
#1000 =( NAMED_UNIT ( * ) SI_UNIT ( $, .STERADIAN. ) SOLID_ANGLE_UNIT ( ) );
#1001 = CARTESIAN_POINT ( 'NONE',  ( -2.299999999999999822, -3.474999999999999645, 1.399999999999999911 ) ) ;
#1002 = EDGE_LOOP ( 'NONE', ( #617, #1456, #3022, #2226 ) ) ;
#1003 = DIRECTION ( 'NONE',  ( 0.000000000000000000, 0.000000000000000000, 1.000000000000000000 ) ) ;
#1004 =( NAMED_UNIT ( * ) SI_UNIT ( $, .STERADIAN. ) SOLID_ANGLE_UNIT ( ) );
#1005 = SURFACE_SIDE_STYLE ('',( #2503 ) ) ;
#1006 =( NAMED_UNIT ( * ) SI_UNIT ( $, .STERADIAN. ) SOLID_ANGLE_UNIT ( ) );
#1007 = CARTESIAN_POINT ( 'NONE',  ( -1.895000000000000018, 4.074999999999999289, 0.2999999999999999889 ) ) ;
#1008 = EDGE_CURVE ( 'NONE', #2423, #1366, #3037, .T. ) ;
#1009 = ORIENTED_EDGE ( 'NONE', *, *, #804, .F. ) ;
#1010 = DIRECTION ( 'NONE',  ( 0.000000000000000000, 0.000000000000000000, 1.000000000000000000 ) ) ;
#1011 = UNCERTAINTY_MEASURE_WITH_UNIT (LENGTH_MEASURE( 1.000000000000000082E-05 ), #52, 'distance_accuracy_value', 'NONE');
#1012 = LINE ( 'NONE', #1991, #2340 ) ;
#1013 = ORIENTED_EDGE ( 'NONE', *, *, #2348, .T. ) ;
#1014 = AXIS2_PLACEMENT_3D ( 'NONE', #2283, #2778, #95 ) ;
#1015 =( LENGTH_UNIT ( ) NAMED_UNIT ( * ) SI_UNIT ( .MILLI., .METRE. ) );
#1016 = DIRECTION ( 'NONE',  ( 0.7071067811864976127, -0.7071067811865975328, 0.000000000000000000 ) ) ;
#1017 = MECHANICAL_DESIGN_GEOMETRIC_PRESENTATION_REPRESENTATION (  '', ( #971 ), #2111 ) ;
#1018 = DIRECTION ( 'NONE',  ( -0.7071067811864976127, 0.7071067811865975328, 0.000000000000000000 ) ) ;
#1019 = ORIENTED_EDGE ( 'NONE', *, *, #2138, .T. ) ;
#1020 = EDGE_CURVE ( 'NONE', #1422, #2761, #372, .T. ) ;
#1021 = CARTESIAN_POINT ( 'NONE',  ( -2.000000000000000000, 3.474999999999999645, 1.399999999999999911 ) ) ;
#1022 = DIRECTION ( 'NONE',  ( 0.000000000000000000, 0.000000000000000000, 1.000000000000000000 ) ) ;
#1023 = AXIS2_PLACEMENT_3D ( 'NONE', #387, #2595, #2330 ) ;
#1024 =( NAMED_UNIT ( * ) SI_UNIT ( $, .STERADIAN. ) SOLID_ANGLE_UNIT ( ) );
#1025 = FILL_AREA_STYLE ('',( #2949 ) ) ;
#1026 =( NAMED_UNIT ( * ) PLANE_ANGLE_UNIT ( ) SI_UNIT ( $, .RADIAN. ) );
#1027 = CARTESIAN_POINT ( 'NONE',  ( -2.890000000000000124, 4.074999999999999289, -0.2000000000000000111 ) ) ;
#1028 = COLOUR_RGB ( '',1.000000000000000000, 1.000000000000000000, 1.000000000000000000 ) ;
#1029 = SURFACE_STYLE_FILL_AREA ( #2157 ) ;
#1030 = CARTESIAN_POINT ( 'NONE',  ( 1.350000000000000089, 4.575000000000000178, 0.2999999999999999889 ) ) ;
#1031 = PRESENTATION_STYLE_ASSIGNMENT (( #385 ) ) ;
#1032 = VECTOR ( 'NONE', #1650, 1000.000000000000000 ) ;
#1033 = ORIENTED_EDGE ( 'NONE', *, *, #295, .F. ) ;
#1034 = LINE ( 'NONE', #2631, #1593 ) ;
#1035 =( GEOMETRIC_REPRESENTATION_CONTEXT ( 3 ) GLOBAL_UNCERTAINTY_ASSIGNED_CONTEXT ( ( #2040 ) ) GLOBAL_UNIT_ASSIGNED_CONTEXT ( ( #1426, #2666, #1922 ) ) REPRESENTATION_CONTEXT ( 'NONE', 'WORKASPACE' ) );
#1036 = EDGE_CURVE ( 'NONE', #478, #1195, #856, .T. ) ;
#1037 = CARTESIAN_POINT ( 'NONE',  ( -0.3499999999999999778, 7.072000000000000064, 0.2999999999999999889 ) ) ;
#1038 = ORIENTED_EDGE ( 'NONE', *, *, #2470, .F. ) ;
#1039 = ORIENTED_EDGE ( 'NONE', *, *, #1119, .T. ) ;
#1040 = AXIS2_PLACEMENT_3D ( 'NONE', #1463, #1709, #2431 ) ;
#1041 =( LENGTH_UNIT ( ) NAMED_UNIT ( * ) SI_UNIT ( .MILLI., .METRE. ) );
#1042 = ORIENTED_EDGE ( 'NONE', *, *, #1711, .T. ) ;
#1043 = PLANE ( 'NONE',  #928 ) ;
#1044 = ORIENTED_EDGE ( 'NONE', *, *, #1339, .F. ) ;
#1045 = VECTOR ( 'NONE', #1634, 1000.000000000000000 ) ;
#1046 = ORIENTED_EDGE ( 'NONE', *, *, #444, .T. ) ;
#1047 = CARTESIAN_POINT ( 'NONE',  ( 0.3499999999999999778, 5.599999999999999645, 0.2999999999999999889 ) ) ;
#1048 = STYLED_ITEM ( 'NONE', ( #1795 ), #205 ) ;
#1049 = PRESENTATION_STYLE_ASSIGNMENT (( #1404 ) ) ;
#1050 = CARTESIAN_POINT ( 'NONE',  ( -2.890000000000000124, 4.074999999999999289, 0.2999999999999999889 ) ) ;
#1051 = EDGE_LOOP ( 'NONE', ( #2539, #2543, #1403, #1332 ) ) ;
#1052 = LINE ( 'NONE', #1586, #1461 ) ;
#1053 = ORIENTED_EDGE ( 'NONE', *, *, #130, .F. ) ;
#1054 =( LENGTH_UNIT ( ) NAMED_UNIT ( * ) SI_UNIT ( .MILLI., .METRE. ) );
#1055 = CARTESIAN_POINT ( 'NONE',  ( 2.189999999999999947, 27.02500000000000213, -0.2000000000000000111 ) ) ;
#1056 = MECHANICAL_DESIGN_GEOMETRIC_PRESENTATION_REPRESENTATION (  '', ( #1112 ), #765 ) ;
#1057 = AXIS2_PLACEMENT_3D ( 'NONE', #2892, #2206, #2448 ) ;
#1058 = VECTOR ( 'NONE', #1440, 1000.000000000000000 ) ;
#1059 = SURFACE_STYLE_USAGE ( .BOTH. , #1084 ) ;
#1060 = SURFACE_STYLE_USAGE ( .BOTH. , #2534 ) ;
#1061 = UNCERTAINTY_MEASURE_WITH_UNIT (LENGTH_MEASURE( 1.000000000000000082E-05 ), #1054, 'distance_accuracy_value', 'NONE');
#1062 = EDGE_CURVE ( 'NONE', #1195, #2761, #2151, .T. ) ;
#1063 = PRESENTATION_STYLE_ASSIGNMENT (( #1724 ) ) ;
#1064 = VECTOR ( 'NONE', #251, 1000.000000000000000 ) ;
#1065 = DIRECTION ( 'NONE',  ( 0.000000000000000000, 0.000000000000000000, -1.000000000000000000 ) ) ;
#1066 = VERTEX_POINT ( 'NONE', #550 ) ;
#1067 = DIRECTION ( 'NONE',  ( 0.000000000000000000, -1.000000000000000000, 0.000000000000000000 ) ) ;
#1068 = DIRECTION ( 'NONE',  ( -1.000000000000000000, 0.000000000000000000, 0.000000000000000000 ) ) ;
#1069 = ORIENTED_EDGE ( 'NONE', *, *, #1604, .T. ) ;
#1070 = DIRECTION ( 'NONE',  ( -1.000000000000000000, 0.000000000000000000, 0.000000000000000000 ) ) ;
#1071 = ORIENTED_EDGE ( 'NONE', *, *, #2211, .F. ) ;
#1072 = FILL_AREA_STYLE_COLOUR ( '', #1169 ) ;
#1073 = EDGE_LOOP ( 'NONE', ( #242, #2947, #2303, #1013 ) ) ;
#1074 = UNCERTAINTY_MEASURE_WITH_UNIT (LENGTH_MEASURE( 1.000000000000000082E-05 ), #660, 'distance_accuracy_value', 'NONE');
#1075 =( NAMED_UNIT ( * ) SI_UNIT ( $, .STERADIAN. ) SOLID_ANGLE_UNIT ( ) );
#1076 = VERTEX_POINT ( 'NONE', #37 ) ;
#1077 = FILL_AREA_STYLE_COLOUR ( '', #1308 ) ;
#1078 = AXIS2_PLACEMENT_3D ( 'NONE', #1203, #2416, #1699 ) ;
#1079 = SURFACE_SIDE_STYLE ('',( #1734 ) ) ;
#1080 = PRESENTATION_STYLE_ASSIGNMENT (( #1060 ) ) ;
#1081 =( GEOMETRIC_REPRESENTATION_CONTEXT ( 3 ) GLOBAL_UNCERTAINTY_ASSIGNED_CONTEXT ( ( #2480 ) ) GLOBAL_UNIT_ASSIGNED_CONTEXT ( ( #1613, #2347, #874 ) ) REPRESENTATION_CONTEXT ( 'NONE', 'WORKASPACE' ) );
#1082 = VECTOR ( 'NONE', #2505, 1000.000000000000000 ) ;
#1083 = EDGE_CURVE ( 'NONE', #2275, #846, #1883, .T. ) ;
#1084 = SURFACE_SIDE_STYLE ('',( #1789 ) ) ;
#1085 = FILL_AREA_STYLE_COLOUR ( '', #1306 ) ;
#1086 = CARTESIAN_POINT ( 'NONE',  ( 2.190999999999999837, 5.599000000000000199, -0.2000000000000000111 ) ) ;
#1087 = SURFACE_STYLE_FILL_AREA ( #1450 ) ;
#1088 = AXIS2_PLACEMENT_3D ( 'NONE', #75, #2269, #1298 ) ;
#1089 = CARTESIAN_POINT ( 'NONE',  ( 2.250000000000000000, 3.875000000000000000, -0.2000000000000000111 ) ) ;
#1090 = FACE_OUTER_BOUND ( 'NONE', #1468, .T. ) ;
#1091 =( NAMED_UNIT ( * ) SI_UNIT ( $, .STERADIAN. ) SOLID_ANGLE_UNIT ( ) );
#1092 = VECTOR ( 'NONE', #2201, 1000.000000000000000 ) ;
#1093 = LINE ( 'NONE', #1161, #1361 ) ;
#1094 = LINE ( 'NONE', #1027, #2954 ) ;
#1095 = UNCERTAINTY_MEASURE_WITH_UNIT (LENGTH_MEASURE( 1.000000000000000082E-05 ), #1866, 'distance_accuracy_value', 'NONE');
#1096 = SURFACE_SIDE_STYLE ('',( #342 ) ) ;
#1097 = LINE ( 'NONE', #2268, #2526 ) ;
#1098 = DIRECTION ( 'NONE',  ( 1.000000000000000000, 0.000000000000000000, 0.000000000000000000 ) ) ;
#1099 = DIRECTION ( 'NONE',  ( 0.000000000000000000, -1.000000000000000000, 0.000000000000000000 ) ) ;
#1100 = PRESENTATION_LAYER_ASSIGNMENT (  '', '', ( #777 ) ) ;
#1101 = VECTOR ( 'NONE', #2864, 1000.000000000000000 ) ;
#1102 = LINE ( 'NONE', #1829, #53 ) ;
#1103 = SURFACE_STYLE_USAGE ( .BOTH. , #892 ) ;
#1104 = CARTESIAN_POINT ( 'NONE',  ( -2.115000000000000213, 6.996999999999999886, -0.2000000000000000111 ) ) ;
#1105 = ORIENTED_EDGE ( 'NONE', *, *, #100, .T. ) ;
#1106 = COLOUR_RGB ( '',1.000000000000000000, 1.000000000000000000, 1.000000000000000000 ) ;
#1107 = ORIENTED_EDGE ( 'NONE', *, *, #2188, .T. ) ;
#1108 = STYLED_ITEM ( 'NONE', ( #2979 ), #711 ) ;
#1109 = EDGE_LOOP ( 'NONE', ( #68, #2474, #1222, #1843 ) ) ;
#1110 =( LENGTH_UNIT ( ) NAMED_UNIT ( * ) SI_UNIT ( .MILLI., .METRE. ) );
#1111 = CARTESIAN_POINT ( 'NONE',  ( 1.991000000000000103, 4.975000000000000533, -0.2000000000000000111 ) ) ;
#1112 = STYLED_ITEM ( 'NONE', ( #581 ), #1689 ) ;
#1113 = ORIENTED_EDGE ( 'NONE', *, *, #1234, .F. ) ;
#1114 = DIRECTION ( 'NONE',  ( -0.7071067811865969777, -0.7071067811864980568, 0.000000000000000000 ) ) ;
#1115 = AXIS2_PLACEMENT_3D ( 'NONE', #2388, #1912, #2129 ) ;
#1116 = PLANE ( 'NONE',  #464 ) ;
#1117 = ORIENTED_EDGE ( 'NONE', *, *, #1319, .T. ) ;
#1118 = SURFACE_STYLE_FILL_AREA ( #368 ) ;
#1119 = EDGE_CURVE ( 'NONE', #194, #646, #2076, .T. ) ;
#1120 = DIRECTION ( 'NONE',  ( 0.000000000000000000, -1.000000000000000000, 0.000000000000000000 ) ) ;
#1121 = FILL_AREA_STYLE ('',( #2606 ) ) ;
#1122 = DIRECTION ( 'NONE',  ( -0.000000000000000000, 1.000000000000000000, 0.000000000000000000 ) ) ;
#1123 = AXIS2_PLACEMENT_3D ( 'NONE', #2998, #1323, #2276 ) ;
#1124 = FILL_AREA_STYLE ('',( #378 ) ) ;
#1125 = EDGE_CURVE ( 'NONE', #1386, #1908, #71, .T. ) ;
#1126 = DIRECTION ( 'NONE',  ( 1.000000000000000000, 0.000000000000000000, 0.000000000000000000 ) ) ;
#1127 = CARTESIAN_POINT ( 'NONE',  ( 1.457328686981233856, -2.144767095567720272, 2.857546669275664364 ) ) ;
#1128 = CYLINDRICAL_SURFACE ( 'NONE', #1159, 0.2000000000000000944 ) ;
#1129 = PLANE ( 'NONE',  #1774 ) ;
#1130 = PRESENTATION_STYLE_ASSIGNMENT (( #1923 ) ) ;
#1131 =( NAMED_UNIT ( * ) PLANE_ANGLE_UNIT ( ) SI_UNIT ( $, .RADIAN. ) );
#1132 = COLOUR_RGB ( '',0.2980392156862745057, 0.2980392156862745057, 0.2980392156862745057 ) ;
#1133 = UNCERTAINTY_MEASURE_WITH_UNIT (LENGTH_MEASURE( 1.000000000000000082E-05 ), #1428, 'distance_accuracy_value', 'NONE');
#1134 = PRESENTATION_STYLE_ASSIGNMENT (( #1103 ) ) ;
#1135 = ORIENTED_EDGE ( 'NONE', *, *, #1441, .F. ) ;
#1136 = LINE ( 'NONE', #1907, #353 ) ;
#1137 = EDGE_CURVE ( 'NONE', #851, #1914, #943, .T. ) ;
#1138 = DIRECTION ( 'NONE',  ( 0.7071067811865969777, -0.7071067811864980568, 0.000000000000000000 ) ) ;
#1139 = ORIENTED_EDGE ( 'NONE', *, *, #1036, .F. ) ;
#1140 = SURFACE_STYLE_FILL_AREA ( #1803 ) ;
#1141 = ORIENTED_EDGE ( 'NONE', *, *, #791, .F. ) ;
#1142 = PRESENTATION_LAYER_ASSIGNMENT (  '', '', ( #2514 ) ) ;
#1143 = SURFACE_STYLE_FILL_AREA ( #1714 ) ;
#1144 = DIRECTION ( 'NONE',  ( -0.7071067811865969777, -0.7071067811864980568, 0.000000000000000000 ) ) ;
#1145 = EDGE_LOOP ( 'NONE', ( #2126, #2036, #1712, #1602 ) ) ;
#1146 = PRESENTATION_LAYER_ASSIGNMENT (  '', '', ( #1722 ) ) ;
#1147 = CARTESIAN_POINT ( 'NONE',  ( 1.952929362343363007, -1.210924501488831018, 3.352751499536544610 ) ) ;
#1148 = ORIENTED_EDGE ( 'NONE', *, *, #1631, .T. ) ;
#1149 = PRODUCT_DEFINITION ( 'UNKNOWN', '', #983, #150 ) ;
#1150 = DIRECTION ( 'NONE',  ( 0.000000000000000000, 1.000000000000000000, 0.000000000000000000 ) ) ;
#1151 = SURFACE_STYLE_FILL_AREA ( #2977 ) ;
#1152 = FILL_AREA_STYLE_COLOUR ( '', #2455 ) ;
#1153 = VERTEX_POINT ( 'NONE', #2247 ) ;
#1154 = EDGE_CURVE ( 'NONE', #3093, #1381, #1589, .T. ) ;
#1155 = ADVANCED_FACE ( 'NONE', ( #2041 ), #2232, .T. ) ;
#1156 = DIRECTION ( 'NONE',  ( 0.000000000000000000, 1.000000000000000000, 0.000000000000000000 ) ) ;
#1157 = CARTESIAN_POINT ( 'NONE',  ( 1.813398310149707093, -1.627573836706864618, 3.213150172782033742 ) ) ;
#1158 =( NAMED_UNIT ( * ) PLANE_ANGLE_UNIT ( ) SI_UNIT ( $, .RADIAN. ) );
#1159 = AXIS2_PLACEMENT_3D ( 'NONE', #1775, #796, #599 ) ;
#1160 = VECTOR ( 'NONE', #2832, 1000.000000000000000 ) ;
#1161 = CARTESIAN_POINT ( 'NONE',  ( 2.189999999999999947, 27.02500000000000213, 0.2999999999999999889 ) ) ;
#1162 = DIRECTION ( 'NONE',  ( 1.000000000000000000, 0.000000000000000000, 0.000000000000000000 ) ) ;
#1163 = LINE ( 'NONE', #2139, #2159 ) ;
#1164 = COLOUR_RGB ( '',1.000000000000000000, 1.000000000000000000, 1.000000000000000000 ) ;
#1165 = DIRECTION ( 'NONE',  ( 0.000000000000000000, 0.000000000000000000, 1.000000000000000000 ) ) ;
#1166 = PRESENTATION_STYLE_ASSIGNMENT (( #725 ) ) ;
#1167 = LINE ( 'NONE', #2695, #415 ) ;
#1168 = CARTESIAN_POINT ( 'NONE',  ( -0.7774442872340401323, -2.618067440364457266, 2.176757671308541031 ) ) ;
#1169 = COLOUR_RGB ( '',1.000000000000000000, 1.000000000000000000, 1.000000000000000000 ) ;
#1170 = DIRECTION ( 'NONE',  ( 0.000000000000000000, 1.000000000000000000, 0.000000000000000000 ) ) ;
#1171 = CARTESIAN_POINT ( 'NONE',  ( 2.890000000000000124, 7.072000000000000064, -0.2000000000000000111 ) ) ;
#1172 = PRESENTATION_LAYER_ASSIGNMENT (  '', '', ( #2319 ) ) ;
#1173 = FILL_AREA_STYLE_COLOUR ( '', #1178 ) ;
#1174 = PRESENTATION_STYLE_ASSIGNMENT (( #27 ) ) ;
#1175 = ORIENTED_EDGE ( 'NONE', *, *, #1801, .T. ) ;
#1176 = ADVANCED_FACE ( 'NONE', ( #2658 ), #1797, .T. ) ;
#1177 = SURFACE_SIDE_STYLE ('',( #1551 ) ) ;
#1178 = COLOUR_RGB ( '',1.000000000000000000, 1.000000000000000000, 1.000000000000000000 ) ;
#1179 = ORIENTED_EDGE ( 'NONE', *, *, #2044, .T. ) ;
#1180 = EDGE_LOOP ( 'NONE', ( #2880, #2345, #2753, #2653 ) ) ;
#1181 = CARTESIAN_POINT ( 'NONE',  ( 0.000000000000000000, -2.774999999999999911, 1.399999999999999911 ) ) ;
#1182 = ORIENTED_EDGE ( 'NONE', *, *, #1631, .F. ) ;
#1183 = PRESENTATION_LAYER_ASSIGNMENT (  '', '', ( #3099 ) ) ;
#1184 = DIRECTION ( 'NONE',  ( 0.000000000000000000, 0.000000000000000000, 1.000000000000000000 ) ) ;
#1185 = CARTESIAN_POINT ( 'NONE',  ( -1.195000000000000062, 4.774999999999999467, -0.2000000000000000111 ) ) ;
#1186 = FILL_AREA_STYLE ('',( #452 ) ) ;
#1187 = ORIENTED_EDGE ( 'NONE', *, *, #3095, .T. ) ;
#1188 =( GEOMETRIC_REPRESENTATION_CONTEXT ( 3 ) GLOBAL_UNCERTAINTY_ASSIGNED_CONTEXT ( ( #1618 ) ) GLOBAL_UNIT_ASSIGNED_CONTEXT ( ( #2885, #1435, #1933 ) ) REPRESENTATION_CONTEXT ( 'NONE', 'WORKASPACE' ) );
#1189 = EDGE_CURVE ( 'NONE', #2093, #1951, #1966, .T. ) ;
#1190 = ORIENTED_EDGE ( 'NONE', *, *, #1881, .T. ) ;
#1191 = SURFACE_SIDE_STYLE ('',( #1899 ) ) ;
#1192 = FILL_AREA_STYLE_COLOUR ( '', #684 ) ;
#1193 = ADVANCED_FACE ( 'NONE', ( #594 ), #2615, .T. ) ;
#1194 = MECHANICAL_DESIGN_GEOMETRIC_PRESENTATION_REPRESENTATION (  '', ( #2282 ), #1846 ) ;
#1195 = VERTEX_POINT ( 'NONE', #2306 ) ;
#1196 = UNCERTAINTY_MEASURE_WITH_UNIT (LENGTH_MEASURE( 1.000000000000000082E-05 ), #2731, 'distance_accuracy_value', 'NONE');
#1197 = DIRECTION ( 'NONE',  ( -1.000000000000000000, 0.000000000000000000, 0.000000000000000000 ) ) ;
#1198 = SURFACE_SIDE_STYLE ('',( #2794 ) ) ;
#1199 = DIRECTION ( 'NONE',  ( -1.000000000000000000, 0.000000000000000000, 0.000000000000000000 ) ) ;
#1200 = ORIENTED_EDGE ( 'NONE', *, *, #213, .F. ) ;
#1201 = SURFACE_STYLE_USAGE ( .BOTH. , #1218 ) ;
#1202 = CARTESIAN_POINT ( 'NONE',  ( 2.050000000000000266, 3.875000000000000000, -0.2000000000000000111 ) ) ;
#1203 = CARTESIAN_POINT ( 'NONE',  ( -2.500000000000000000, 3.474999999999999645, -1.399999999999999911 ) ) ;
#1204 = CARTESIAN_POINT ( 'NONE',  ( -0.4249999999999999889, 5.675000000000000711, -0.2000000000000000111 ) ) ;
#1205 = DIRECTION ( 'NONE',  ( 0.000000000000000000, 0.000000000000000000, -1.000000000000000000 ) ) ;
#1206 = CARTESIAN_POINT ( 'NONE',  ( -0.3499999999999999778, 7.072000000000000064, 0.2999999999999999889 ) ) ;
#1207 = SURFACE_SIDE_STYLE ('',( #2374 ) ) ;
#1208 = LINE ( 'NONE', #283, #2672 ) ;
#1209 = ADVANCED_FACE ( 'NONE', ( #1466 ), #414, .T. ) ;
#1210 =( NAMED_UNIT ( * ) SI_UNIT ( $, .STERADIAN. ) SOLID_ANGLE_UNIT ( ) );
#1211 = FILL_AREA_STYLE_COLOUR ( '', #2630 ) ;
#1212 = AXIS2_PLACEMENT_3D ( 'NONE', #72, #2222, #2713 ) ;
#1213 = CARTESIAN_POINT ( 'NONE',  ( -0.5483436269242901728, -2.699627492283007246, 1.949783162554441507 ) ) ;
#1214 = COLOUR_RGB ( '',0.2980392156862745057, 0.2980392156862745057, 0.2980392156862745057 ) ;
#1215 =( NAMED_UNIT ( * ) PLANE_ANGLE_UNIT ( ) SI_UNIT ( $, .RADIAN. ) );
#1216 =( GEOMETRIC_REPRESENTATION_CONTEXT ( 3 ) GLOBAL_UNCERTAINTY_ASSIGNED_CONTEXT ( ( #2804 ) ) GLOBAL_UNIT_ASSIGNED_CONTEXT ( ( #855, #1333, #1579 ) ) REPRESENTATION_CONTEXT ( 'NONE', 'WORKASPACE' ) );
#1217 = ORIENTED_EDGE ( 'NONE', *, *, #2933, .F. ) ;
#1218 = SURFACE_SIDE_STYLE ('',( #1327 ) ) ;
#1219 = ORIENTED_EDGE ( 'NONE', *, *, #229, .F. ) ;
#1220 = EDGE_CURVE ( 'NONE', #2639, #685, #102, .T. ) ;
#1221 = CARTESIAN_POINT ( 'NONE',  ( -2.965000000000000302, 6.996999999999999886, -0.2000000000000000111 ) ) ;
#1222 = ORIENTED_EDGE ( 'NONE', *, *, #2939, .F. ) ;
#1223 = CARTESIAN_POINT ( 'NONE',  ( -1.721855928081888365, -1.794474754142939332, 3.121582901963258383 ) ) ;
#1224 = ADVANCED_FACE ( 'NONE', ( #2854 ), #1606, .T. ) ;
#1225 = AXIS2_PLACEMENT_3D ( 'NONE', #1391, #1884, #1120 ) ;
#1226 = CARTESIAN_POINT ( 'NONE',  ( -2.000000000000000000, 3.474999999999999645, 3.399999999999999911 ) ) ;
#1227 = PLANE ( 'NONE',  #726 ) ;
#1228 = ORIENTED_EDGE ( 'NONE', *, *, #1816, .F. ) ;
#1229 = CYLINDRICAL_SURFACE ( 'NONE', #2792, 0.2000000000000000944 ) ;
#1230 = CARTESIAN_POINT ( 'NONE',  ( -1.195000000000000062, 4.774999999999999467, -0.2000000000000000111 ) ) ;
#1231 = EDGE_LOOP ( 'NONE', ( #2307, #1499, #2109, #742, #1776, #3079 ) ) ;
#1232 = CARTESIAN_POINT ( 'NONE',  ( 2.299999999999999822, -3.474999999999999645, 1.399999999999999911 ) ) ;
#1233 = CARTESIAN_POINT ( 'NONE',  ( 2.000000000000000000, 3.474999999999999645, 1.399999999999999911 ) ) ;
#1234 = EDGE_CURVE ( 'NONE', #2219, #1240, #1543, .T. ) ;
#1235 = DIRECTION ( 'NONE',  ( 0.000000000000000000, 1.000000000000000000, 0.000000000000000000 ) ) ;
#1236 = EDGE_LOOP ( 'NONE', ( #2644, #734, #2699, #2878 ) ) ;
#1237 = UNCERTAINTY_MEASURE_WITH_UNIT (LENGTH_MEASURE( 1.000000000000000082E-05 ), #1515, 'distance_accuracy_value', 'NONE');
#1238 = STYLED_ITEM ( 'NONE', ( #667 ), #2643 ) ;
#1239 = SURFACE_STYLE_FILL_AREA ( #1595 ) ;
#1240 = VERTEX_POINT ( 'NONE', #1882 ) ;
#1241 = APPLICATION_CONTEXT ( 'automotive_design' ) ;
#1242 = DIRECTION ( 'NONE',  ( 1.000000000000000000, 0.000000000000000000, 0.000000000000000000 ) ) ;
#1243 = DIRECTION ( 'NONE',  ( 0.000000000000000000, 0.000000000000000000, 1.000000000000000000 ) ) ;
#1244 = CARTESIAN_POINT ( 'NONE',  ( -0.3499999999999999778, 27.02500000000000213, 0.2999999999999999889 ) ) ;
#1245 = PLANE ( 'NONE',  #1387 ) ;
#1246 = SURFACE_STYLE_USAGE ( .BOTH. , #2477 ) ;
#1247 =( GEOMETRIC_REPRESENTATION_CONTEXT ( 3 ) GLOBAL_UNCERTAINTY_ASSIGNED_CONTEXT ( ( #110 ) ) GLOBAL_UNIT_ASSIGNED_CONTEXT ( ( #735, #2174, #265 ) ) REPRESENTATION_CONTEXT ( 'NONE', 'WORKASPACE' ) );
#1248 = VECTOR ( 'NONE', #756, 1000.000000000000000 ) ;
#1249 = APPLICATION_PROTOCOL_DEFINITION ( 'draft international standard', 'automotive_design', 1998, #1728 ) ;
#1250 = EDGE_CURVE ( 'NONE', #1995, #2789, #1052, .T. ) ;
#1251 = CARTESIAN_POINT ( 'NONE',  ( 2.190999999999999837, 4.975000000000000533, 0.2999999999999999889 ) ) ;
#1252 = SURFACE_STYLE_USAGE ( .BOTH. , #783 ) ;
#1253 =( LENGTH_UNIT ( ) NAMED_UNIT ( * ) SI_UNIT ( .MILLI., .METRE. ) );
#1254 = ORIENTED_EDGE ( 'NONE', *, *, #2172, .F. ) ;
#1255 =( GEOMETRIC_REPRESENTATION_CONTEXT ( 3 ) GLOBAL_UNCERTAINTY_ASSIGNED_CONTEXT ( ( #768 ) ) GLOBAL_UNIT_ASSIGNED_CONTEXT ( ( #2136, #665, #1389 ) ) REPRESENTATION_CONTEXT ( 'NONE', 'WORKASPACE' ) );
#1256 = ADVANCED_FACE ( 'NONE', ( #2229 ), #1635, .T. ) ;
#1257 = EDGE_LOOP ( 'NONE', ( #106, #1009, #93, #813, #1038, #1349, #2173, #877, #2024, #2233, #2774, #611 ) ) ;
#1258 = FACE_OUTER_BOUND ( 'NONE', #2141, .T. ) ;
#1259 = ORIENTED_EDGE ( 'NONE', *, *, #2704, .F. ) ;
#1260 = DIRECTION ( 'NONE',  ( 0.000000000000000000, -1.000000000000000000, 0.000000000000000000 ) ) ;
#1261 = DIRECTION ( 'NONE',  ( 0.000000000000000000, 0.000000000000000000, -1.000000000000000000 ) ) ;
#1262 = ORIENTED_EDGE ( 'NONE', *, *, #695, .F. ) ;
#1263 = COLOUR_RGB ( '',1.000000000000000000, 1.000000000000000000, 1.000000000000000000 ) ;
#1264 = DIRECTION ( 'NONE',  ( 1.000000000000000000, 0.000000000000000000, 0.000000000000000000 ) ) ;
#1265 = DIRECTION ( 'NONE',  ( 0.000000000000000000, 0.000000000000000000, 1.000000000000000000 ) ) ;
#1266 = EDGE_CURVE ( 'NONE', #840, #849, #166, .T. ) ;
#1267 = EDGE_LOOP ( 'NONE', ( #1148, #2034, #1632, #3002 ) ) ;
#1268 = CARTESIAN_POINT ( 'NONE',  ( 2.500000000000000000, -3.275000000000000355, 1.399999999999999911 ) ) ;
#1269 = ORIENTED_EDGE ( 'NONE', *, *, #2255, .F. ) ;
#1270 = AXIS2_PLACEMENT_3D ( 'NONE', #272, #226, #2171 ) ;
#1271 = VERTEX_POINT ( 'NONE', #2500 ) ;
#1272 = CARTESIAN_POINT ( 'NONE',  ( 2.890000000000000124, 27.02500000000000213, -0.2000000000000000111 ) ) ;
#1273 = AXIS2_PLACEMENT_3D ( 'NONE', #82, #2981, #1546 ) ;
#1274 = ORIENTED_EDGE ( 'NONE', *, *, #2516, .F. ) ;
#1275 =( LENGTH_UNIT ( ) NAMED_UNIT ( * ) SI_UNIT ( .MILLI., .METRE. ) );
#1276 = MECHANICAL_DESIGN_GEOMETRIC_PRESENTATION_REPRESENTATION (  '', ( #2037 ), #248 ) ;
#1277 = DIRECTION ( 'NONE',  ( 0.000000000000000000, 0.000000000000000000, 1.000000000000000000 ) ) ;
#1278 = DIRECTION ( 'NONE',  ( 0.000000000000000000, 0.000000000000000000, 1.000000000000000000 ) ) ;
#1279 = CARTESIAN_POINT ( 'NONE',  ( -2.115000000000000213, 6.996999999999999886, -0.2000000000000000111 ) ) ;
#1280 = LINE ( 'NONE', #408, #822 ) ;
#1281 = EDGE_CURVE ( 'NONE', #2607, #2423, #2902, .T. ) ;
#1282 = CARTESIAN_POINT ( 'NONE',  ( -2.890000000000000124, 27.02500000000000213, -0.2000000000000000111 ) ) ;
#1283 = SURFACE_STYLE_FILL_AREA ( #338 ) ;
#1284 = SURFACE_SIDE_STYLE ('',( #1622 ) ) ;
#1285 = PRESENTATION_LAYER_ASSIGNMENT (  '', '', ( #2009 ) ) ;
#1286 = VECTOR ( 'NONE', #528, 1000.000000000000000 ) ;
#1287 = DIRECTION ( 'NONE',  ( 0.000000000000000000, 0.000000000000000000, 1.000000000000000000 ) ) ;
#1288 =( GEOMETRIC_REPRESENTATION_CONTEXT ( 3 ) GLOBAL_UNCERTAINTY_ASSIGNED_CONTEXT ( ( #1133 ) ) GLOBAL_UNIT_ASSIGNED_CONTEXT ( ( #1428, #954, #2670 ) ) REPRESENTATION_CONTEXT ( 'NONE', 'WORKASPACE' ) );
#1289 = UNCERTAINTY_MEASURE_WITH_UNIT (LENGTH_MEASURE( 1.000000000000000082E-05 ), #438, 'distance_accuracy_value', 'NONE');
#1290 = DIRECTION ( 'NONE',  ( -1.000000000000000000, 0.000000000000000000, 0.000000000000000000 ) ) ;
#1291 = LINE ( 'NONE', #1641, #1402 ) ;
#1292 = ORIENTED_EDGE ( 'NONE', *, *, #357, .T. ) ;
#1293 = SURFACE_STYLE_FILL_AREA ( #1124 ) ;
#1294 = CARTESIAN_POINT ( 'NONE',  ( -2.890000000000000124, 5.599999999999999645, -0.2000000000000000111 ) ) ;
#1295 = FILL_AREA_STYLE ('',( #331 ) ) ;
#1296 = ORIENTED_EDGE ( 'NONE', *, *, #1711, .F. ) ;
#1297 = LINE ( 'NONE', #2169, #1447 ) ;
#1298 = DIRECTION ( 'NONE',  ( -0.7071067811865475727, 0.7071067811865475727, 0.000000000000000000 ) ) ;
#1299 = ORIENTED_EDGE ( 'NONE', *, *, #1281, .F. ) ;
#1300 = SURFACE_STYLE_USAGE ( .BOTH. , #2048 ) ;
#1301 = FILL_AREA_STYLE ('',( #2043 ) ) ;
#1302 = ORIENTED_EDGE ( 'NONE', *, *, #2647, .T. ) ;
#1303 = CARTESIAN_POINT ( 'NONE',  ( -2.890000000000000124, 5.599999999999999645, 0.2999999999999999889 ) ) ;
#1304 = DIRECTION ( 'NONE',  ( 0.000000000000000000, 0.000000000000000000, 1.000000000000000000 ) ) ;
#1305 = ORIENTED_EDGE ( 'NONE', *, *, #295, .T. ) ;
#1306 = COLOUR_RGB ( '',0.2980392156862745057, 0.2980392156862745057, 0.2980392156862745057 ) ;
#1307 = MECHANICAL_DESIGN_GEOMETRIC_PRESENTATION_REPRESENTATION (  '', ( #2029 ), #2572 ) ;
#1308 = COLOUR_RGB ( '',0.2980392156862745057, 0.2980392156862745057, 0.2980392156862745057 ) ;
#1309 = ORIENTED_EDGE ( 'NONE', *, *, #3040, .T. ) ;
#1310 = MECHANICAL_DESIGN_GEOMETRIC_PRESENTATION_REPRESENTATION (  '', ( #2476 ), #1637 ) ;
#1311 = LINE ( 'NONE', #1729, #1926 ) ;
#1312 = SURFACE_SIDE_STYLE ('',( #227 ) ) ;
#1313 = SURFACE_STYLE_USAGE ( .BOTH. , #828 ) ;
#1314 = MECHANICAL_DESIGN_GEOMETRIC_PRESENTATION_REPRESENTATION (  '', ( #223 ), #2183 ) ;
#1315 = CARTESIAN_POINT ( 'NONE',  ( 0.3499999999999999778, 7.072000000000000064, -0.2000000000000000111 ) ) ;
#1316 = COLOUR_RGB ( '',1.000000000000000000, 1.000000000000000000, 1.000000000000000000 ) ;
#1317 =( NAMED_UNIT ( * ) PLANE_ANGLE_UNIT ( ) SI_UNIT ( $, .RADIAN. ) );
#1318 = LINE ( 'NONE', #843, #381 ) ;
#1319 = EDGE_CURVE ( 'NONE', #430, #161, #292, .T. ) ;
#1320 = FILL_AREA_STYLE ('',( #79 ) ) ;
#1321 = FACE_OUTER_BOUND ( 'NONE', #206, .T. ) ;
#1322 = DIRECTION ( 'NONE',  ( 1.000000000000000000, 0.000000000000000000, 0.000000000000000000 ) ) ;
#1323 = DIRECTION ( 'NONE',  ( -1.000000000000000000, 0.000000000000000000, 0.000000000000000000 ) ) ;
#1324 = LINE ( 'NONE', #1037, #2052 ) ;
#1325 = SURFACE_STYLE_FILL_AREA ( #1473 ) ;
#1326 = PRESENTATION_LAYER_ASSIGNMENT (  '', '', ( #2846 ) ) ;
#1327 = SURFACE_STYLE_FILL_AREA ( #2694 ) ;
#1328 = UNCERTAINTY_MEASURE_WITH_UNIT (LENGTH_MEASURE( 1.000000000000000082E-05 ), #94, 'distance_accuracy_value', 'NONE');
#1329 = DIRECTION ( 'NONE',  ( -0.7071067811865974218, 0.7071067811864975017, 0.000000000000000000 ) ) ;
#1330 = LINE ( 'NONE', #2833, #2638 ) ;
#1331 = ORIENTED_EDGE ( 'NONE', *, *, #1577, .F. ) ;
#1332 = ORIENTED_EDGE ( 'NONE', *, *, #168, .T. ) ;
#1333 =( NAMED_UNIT ( * ) PLANE_ANGLE_UNIT ( ) SI_UNIT ( $, .RADIAN. ) );
#1334 = CARTESIAN_POINT ( 'NONE',  ( -0.3499999999999999778, 7.072000000000000064, -0.2000000000000000111 ) ) ;
#1335 = VERTEX_POINT ( 'NONE', #329 ) ;
#1336 = CARTESIAN_POINT ( 'NONE',  ( 0.3499999999999999778, 7.072000000000000064, 0.2999999999999999889 ) ) ;
#1337 = ORIENTED_EDGE ( 'NONE', *, *, #532, .T. ) ;
#1338 = DIRECTION ( 'NONE',  ( 0.000000000000000000, 0.000000000000000000, 1.000000000000000000 ) ) ;
#1339 = EDGE_CURVE ( 'NONE', #610, #638, #926, .T. ) ;
#1340 = VERTEX_POINT ( 'NONE', #73 ) ;
#1341 = DIRECTION ( 'NONE',  ( -1.000000000000000000, 0.000000000000000000, 0.000000000000000000 ) ) ;
#1342 = FILL_AREA_STYLE ('',( #209 ) ) ;
#1343 = PRESENTATION_STYLE_ASSIGNMENT (( #2636 ) ) ;
#1344 = CARTESIAN_POINT ( 'NONE',  ( -2.115000000000000213, 5.675000000000000711, -0.2000000000000000111 ) ) ;
#1345 = VERTEX_POINT ( 'NONE', #1007 ) ;
#1346 = SURFACE_STYLE_USAGE ( .BOTH. , #2578 ) ;
#1347 = DIRECTION ( 'NONE',  ( -1.000000000000000000, 0.000000000000000000, 0.000000000000000000 ) ) ;
#1348 = PRESENTATION_STYLE_ASSIGNMENT (( #1858 ) ) ;
#1349 = ORIENTED_EDGE ( 'NONE', *, *, #1511, .F. ) ;
#1350 =( GEOMETRIC_REPRESENTATION_CONTEXT ( 3 ) GLOBAL_UNCERTAINTY_ASSIGNED_CONTEXT ( ( #2435 ) ) GLOBAL_UNIT_ASSIGNED_CONTEXT ( ( #3, #2180, #1460 ) ) REPRESENTATION_CONTEXT ( 'NONE', 'WORKASPACE' ) );
#1351 = DIRECTION ( 'NONE',  ( 0.000000000000000000, 0.000000000000000000, 1.000000000000000000 ) ) ;
#1352 = VECTOR ( 'NONE', #771, 1000.000000000000000 ) ;
#1353 = EDGE_CURVE ( 'NONE', #1800, #881, #974, .T. ) ;
#1354 = CARTESIAN_POINT ( 'NONE',  ( -2.965000000000000302, 6.996999999999999886, 0.2999999999999999889 ) ) ;
#1355 = SURFACE_STYLE_USAGE ( .BOTH. , #1872 ) ;
#1356 = SURFACE_SIDE_STYLE ('',( #144 ) ) ;
#1357 = PRESENTATION_LAYER_ASSIGNMENT (  '', '', ( #2282 ) ) ;
#1358 = VECTOR ( 'NONE', #208, 1000.000000000000000 ) ;
#1359 = SURFACE_STYLE_USAGE ( .BOTH. , #1177 ) ;
#1360 = VECTOR ( 'NONE', #2468, 1000.000000000000000 ) ;
#1361 = VECTOR ( 'NONE', #2167, 1000.000000000000000 ) ;
#1362 = PRODUCT_RELATED_PRODUCT_CATEGORY ( 'part', '', ( #2415 ) ) ;
#1363 = LINE ( 'NONE', #2054, #2739 ) ;
#1364 = LINE ( 'NONE', #107, #2767 ) ;
#1365 = CARTESIAN_POINT ( 'NONE',  ( 0.9696682569796672979, -2.524551116144494234, 2.368647581033267890 ) ) ;
#1366 = VERTEX_POINT ( 'NONE', #2223 ) ;
#1367 = CARTESIAN_POINT ( 'NONE',  ( 2.115000000000000213, 5.675000000000000711, -0.2000000000000000111 ) ) ;
#1368 = VECTOR ( 'NONE', #2370, 1000.000000000000000 ) ;
#1369 = ORIENTED_EDGE ( 'NONE', *, *, #2655, .F. ) ;
#1370 = EDGE_LOOP ( 'NONE', ( #11, #447, #469, #2101 ) ) ;
#1371 = DIRECTION ( 'NONE',  ( 0.000000000000000000, 1.000000000000000000, 0.000000000000000000 ) ) ;
#1372 = AXIS2_PLACEMENT_3D ( 'NONE', #1552, #1781, #1065 ) ;
#1373 = ORIENTED_EDGE ( 'NONE', *, *, #3019, .T. ) ;
#1374 = CARTESIAN_POINT ( 'NONE',  ( -2.299999999999999822, -3.474999999999999645, -1.399999999999999911 ) ) ;
#1375 = AXIS2_PLACEMENT_3D ( 'NONE', #2253, #41, #284 ) ;
#1376 = ORIENTED_EDGE ( 'NONE', *, *, #379, .T. ) ;
#1377 = CARTESIAN_POINT ( 'NONE',  ( -2.890000000000000124, 27.02500000000000213, -0.2000000000000000111 ) ) ;
#1378 =( LENGTH_UNIT ( ) NAMED_UNIT ( * ) SI_UNIT ( .MILLI., .METRE. ) );
#1379 = ORIENTED_EDGE ( 'NONE', *, *, #2238, .F. ) ;
#1380 = CARTESIAN_POINT ( 'NONE',  ( -2.189999999999999947, 27.02500000000000213, -0.2000000000000000111 ) ) ;
#1381 = VERTEX_POINT ( 'NONE', #66 ) ;
#1382 = EDGE_CURVE ( 'NONE', #2761, #1335, #2038, .T. ) ;
#1383 = VECTOR ( 'NONE', #2006, 1000.000000000000000 ) ;
#1384 = CARTESIAN_POINT ( 'NONE',  ( 2.890000000000000124, 27.02500000000000213, 0.2999999999999999889 ) ) ;
#1385 = CARTESIAN_POINT ( 'NONE',  ( -0.4249999999999999889, 5.675000000000000711, -0.2000000000000000111 ) ) ;
#1386 = VERTEX_POINT ( 'NONE', #1336 ) ;
#1387 = AXIS2_PLACEMENT_3D ( 'NONE', #1615, #2634, #416 ) ;
#1388 = DIRECTION ( 'NONE',  ( 1.000000000000000000, 0.000000000000000000, 0.000000000000000000 ) ) ;
#1389 =( NAMED_UNIT ( * ) SI_UNIT ( $, .STERADIAN. ) SOLID_ANGLE_UNIT ( ) );
#1390 = EDGE_CURVE ( 'NONE', #677, #2637, #1876, .T. ) ;
#1391 = CARTESIAN_POINT ( 'NONE',  ( 0.000000000000000000, -0.7750000000000000222, 1.399999999999999911 ) ) ;
#1392 =( GEOMETRIC_REPRESENTATION_CONTEXT ( 3 ) GLOBAL_UNCERTAINTY_ASSIGNED_CONTEXT ( ( #2974 ) ) GLOBAL_UNIT_ASSIGNED_CONTEXT ( ( #2205, #1937, #1949 ) ) REPRESENTATION_CONTEXT ( 'NONE', 'WORKASPACE' ) );
#1393 = LINE ( 'NONE', #463, #789 ) ;
#1394 = LINE ( 'NONE', #1104, #2555 ) ;
#1395 = ADVANCED_FACE ( 'NONE', ( #258 ), #577, .T. ) ;
#1396 = SURFACE_STYLE_USAGE ( .BOTH. , #920 ) ;
#1397 = PRESENTATION_STYLE_ASSIGNMENT (( #1542 ) ) ;
#1398 = FACE_OUTER_BOUND ( 'NONE', #2224, .T. ) ;
#1399 = PRESENTATION_STYLE_ASSIGNMENT (( #2362 ) ) ;
#1400 = LINE ( 'NONE', #2612, #3018 ) ;
#1401 = CARTESIAN_POINT ( 'NONE',  ( -2.299999999999999822, -3.474999999999999645, -1.399999999999999911 ) ) ;
#1402 = VECTOR ( 'NONE', #182, 1000.000000000000000 ) ;
#1403 = ORIENTED_EDGE ( 'NONE', *, *, #1825, .F. ) ;
#1404 = SURFACE_STYLE_USAGE ( .BOTH. , #2626 ) ;
#1405 = VECTOR ( 'NONE', #2964, 1000.000000000000000 ) ;
#1406 = ORIENTED_EDGE ( 'NONE', *, *, #136, .T. ) ;
#1407 = AXIS2_PLACEMENT_3D ( 'NONE', #3031, #852, #2591 ) ;
#1408 = DIRECTION ( 'NONE',  ( -0.7071067811864980568, 0.7071067811865969777, 0.000000000000000000 ) ) ;
#1409 = LINE ( 'NONE', #2386, #1639 ) ;
#1410 = EDGE_CURVE ( 'NONE', #1770, #465, #1959, .T. ) ;
#1411 = CARTESIAN_POINT ( 'NONE',  ( -1.195000000000000062, 4.774999999999999467, 0.2999999999999999889 ) ) ;
#1412 = CARTESIAN_POINT ( 'NONE',  ( -1.436059907086419285, -2.167043393941214813, 2.836282353352088226 ) ) ;
#1413 = ORIENTED_EDGE ( 'NONE', *, *, #1941, .F. ) ;
#1414 = ADVANCED_FACE ( 'NONE', ( #2510 ), #1817, .T. ) ;
#1415 = STYLED_ITEM ( 'NONE', ( #1490 ), #1893 ) ;
#1416 = DIRECTION ( 'NONE',  ( 1.000000000000000000, 0.000000000000000000, 0.000000000000000000 ) ) ;
#1417 = CARTESIAN_POINT ( 'NONE',  ( 0.3499999999999999778, 5.599999999999999645, -0.2000000000000000111 ) ) ;
#1418 = VERTEX_POINT ( 'NONE', #1303 ) ;
#1419 = SURFACE_SIDE_STYLE ('',( #2617 ) ) ;
#1420 = EDGE_LOOP ( 'NONE', ( #853, #316, #2548, #2692 ) ) ;
#1421 = CARTESIAN_POINT ( 'NONE',  ( -0.4249999999999999889, 6.996999999999999886, -0.2000000000000000111 ) ) ;
#1422 = VERTEX_POINT ( 'NONE', #1367 ) ;
#1423 = CARTESIAN_POINT ( 'NONE',  ( -2.115000000000000213, 5.675000000000000711, -0.2000000000000000111 ) ) ;
#1424 = UNCERTAINTY_MEASURE_WITH_UNIT (LENGTH_MEASURE( 1.000000000000000082E-05 ), #2782, 'distance_accuracy_value', 'NONE');
#1425 = DIRECTION ( 'NONE',  ( 0.000000000000000000, -1.000000000000000000, 0.000000000000000000 ) ) ;
#1426 =( LENGTH_UNIT ( ) NAMED_UNIT ( * ) SI_UNIT ( .MILLI., .METRE. ) );
#1427 = CARTESIAN_POINT ( 'NONE',  ( -2.115000000000000213, 5.675000000000000711, -0.2000000000000000111 ) ) ;
#1428 =( LENGTH_UNIT ( ) NAMED_UNIT ( * ) SI_UNIT ( .MILLI., .METRE. ) );
#1429 = CARTESIAN_POINT ( 'NONE',  ( 2.250000000000000000, 3.875000000000000000, 0.2999999999999999889 ) ) ;
#1430 = ADVANCED_FACE ( 'NONE', ( #648 ), #1229, .T. ) ;
#1431 = DIRECTION ( 'NONE',  ( 0.000000000000000000, 0.000000000000000000, -1.000000000000000000 ) ) ;
#1432 = LINE ( 'NONE', #1838, #2390 ) ;
#1433 = SURFACE_STYLE_USAGE ( .BOTH. , #2678 ) ;
#1434 = LINE ( 'NONE', #952, #2355 ) ;
#1435 =( NAMED_UNIT ( * ) PLANE_ANGLE_UNIT ( ) SI_UNIT ( $, .RADIAN. ) );
#1436 = FACE_OUTER_BOUND ( 'NONE', #1864, .T. ) ;
#1437 = LINE ( 'NONE', #993, #1628 ) ;
#1438 = CARTESIAN_POINT ( 'NONE',  ( 2.890000000000000124, 4.275000000000000355, -0.2000000000000000111 ) ) ;
#1439 = ORIENTED_EDGE ( 'NONE', *, *, #601, .F. ) ;
#1440 = DIRECTION ( 'NONE',  ( 0.000000000000000000, 0.000000000000000000, 1.000000000000000000 ) ) ;
#1441 = EDGE_CURVE ( 'NONE', #2569, #3082, #3055, .T. ) ;
#1442 = ORIENTED_EDGE ( 'NONE', *, *, #2311, .T. ) ;
#1443 = SURFACE_SIDE_STYLE ('',( #2494 ) ) ;
#1444 = ORIENTED_EDGE ( 'NONE', *, *, #709, .F. ) ;
#1445 = ADVANCED_FACE ( 'NONE', ( #888 ), #184, .T. ) ;
#1446 = VERTEX_POINT ( 'NONE', #932 ) ;
#1447 = VECTOR ( 'NONE', #1961, 1000.000000000000000 ) ;
#1448 = MECHANICAL_DESIGN_GEOMETRIC_PRESENTATION_REPRESENTATION (  '', ( #2009 ), #2567 ) ;
#1449 = FILL_AREA_STYLE_COLOUR ( '', #140 ) ;
#1450 = FILL_AREA_STYLE ('',( #2899 ) ) ;
#1451 = VERTEX_POINT ( 'NONE', #1741 ) ;
#1452 = CARTESIAN_POINT ( 'NONE',  ( 0.3499999999999999778, 27.02500000000000213, 0.2999999999999999889 ) ) ;
#1453 = DIRECTION ( 'NONE',  ( 0.000000000000000000, 0.000000000000000000, 1.000000000000000000 ) ) ;
#1454 = CARTESIAN_POINT ( 'NONE',  ( 1.991000000000000103, 4.975000000000000533, 0.2999999999999999889 ) ) ;
#1455 = EDGE_CURVE ( 'NONE', #963, #1340, #2826, .T. ) ;
#1456 = ORIENTED_EDGE ( 'NONE', *, *, #2466, .T. ) ;
#1457 =( LENGTH_UNIT ( ) NAMED_UNIT ( * ) SI_UNIT ( .MILLI., .METRE. ) );
#1458 = PRESENTATION_LAYER_ASSIGNMENT (  '', '', ( #635 ) ) ;
#1459 = ORIENTED_EDGE ( 'NONE', *, *, #64, .T. ) ;
#1460 =( NAMED_UNIT ( * ) SI_UNIT ( $, .STERADIAN. ) SOLID_ANGLE_UNIT ( ) );
#1461 = VECTOR ( 'NONE', #1919, 1000.000000000000000 ) ;
#1462 = ORIENTED_EDGE ( 'NONE', *, *, #44, .F. ) ;
#1463 = CARTESIAN_POINT ( 'NONE',  ( 1.991000000000000103, 4.774999999999999467, -0.2000000000000000111 ) ) ;
#1464 = ADVANCED_FACE ( 'NONE', ( #1540 ), #3089, .T. ) ;
#1465 = CARTESIAN_POINT ( 'NONE',  ( -2.890000000000000124, 27.02500000000000213, -0.2000000000000000111 ) ) ;
#1466 = FACE_OUTER_BOUND ( 'NONE', #30, .T. ) ;
#1467 = FILL_AREA_STYLE ('',( #2915 ) ) ;
#1468 = EDGE_LOOP ( 'NONE', ( #912, #1867, #2299, #2581 ) ) ;
#1469 = SURFACE_SIDE_STYLE ('',( #1528 ) ) ;
#1470 = UNCERTAINTY_MEASURE_WITH_UNIT (LENGTH_MEASURE( 1.000000000000000082E-05 ), #1972, 'distance_accuracy_value', 'NONE');
#1471 = CARTESIAN_POINT ( 'NONE',  ( -2.000000000000000000, -0.7750000000000000222, 3.399999999999999911 ) ) ;
#1472 = APPLICATION_CONTEXT ( 'automotive_design' ) ;
#1473 = FILL_AREA_STYLE ('',( #738 ) ) ;
#1474 = SURFACE_STYLE_USAGE ( .BOTH. , #1207 ) ;
#1475 = AXIS2_PLACEMENT_3D ( 'NONE', #2001, #1278, #1068 ) ;
#1476 = EDGE_CURVE ( 'NONE', #1153, #2302, #2689, .T. ) ;
#1477 = DIRECTION ( 'NONE',  ( 0.000000000000000000, 1.000000000000000000, 0.000000000000000000 ) ) ;
#1478 = VECTOR ( 'NONE', #212, 1000.000000000000000 ) ;
#1479 = DIRECTION ( 'NONE',  ( 0.000000000000000000, 1.000000000000000000, 0.000000000000000000 ) ) ;
#1480 = FILL_AREA_STYLE_COLOUR ( '', #3023 ) ;
#1481 = LINE ( 'NONE', #1569, #2443 ) ;
#1482 =( NAMED_UNIT ( * ) PLANE_ANGLE_UNIT ( ) SI_UNIT ( $, .RADIAN. ) );
#1483 = LINE ( 'NONE', #101, #831 ) ;
#1484 = CARTESIAN_POINT ( 'NONE',  ( 2.965000000000000302, 5.675000000000000711, -0.2000000000000000111 ) ) ;
#1485 = VECTOR ( 'NONE', #513, 1000.000000000000000 ) ;
#1486 = ORIENTED_EDGE ( 'NONE', *, *, #2104, .F. ) ;
#1487 = ORIENTED_EDGE ( 'NONE', *, *, #3088, .T. ) ;
#1488 = PLANE ( 'NONE',  #1375 ) ;
#1489 = SURFACE_STYLE_USAGE ( .BOTH. , #2943 ) ;
#1490 = PRESENTATION_STYLE_ASSIGNMENT (( #1252 ) ) ;
#1491 = EDGE_CURVE ( 'NONE', #652, #1727, #1603, .T. ) ;
#1492 = CARTESIAN_POINT ( 'NONE',  ( -2.115000000000000213, 5.675000000000000711, -0.2000000000000000111 ) ) ;
#1493 = ORIENTED_EDGE ( 'NONE', *, *, #2754, .F. ) ;
#1494 =( LENGTH_UNIT ( ) NAMED_UNIT ( * ) SI_UNIT ( .MILLI., .METRE. ) );
#1495 = CARTESIAN_POINT ( 'NONE',  ( -1.195000000000000062, 3.474999999999999645, -0.2000000000000000111 ) ) ;
#1496 =( NAMED_UNIT ( * ) PLANE_ANGLE_UNIT ( ) SI_UNIT ( $, .RADIAN. ) );
#1497 = ORIENTED_EDGE ( 'NONE', *, *, #2255, .T. ) ;
#1498 = VECTOR ( 'NONE', #2087, 1000.000000000000000 ) ;
#1499 = ORIENTED_EDGE ( 'NONE', *, *, #3073, .T. ) ;
#1500 =( NAMED_UNIT ( * ) SI_UNIT ( $, .STERADIAN. ) SOLID_ANGLE_UNIT ( ) );
#1501 = EDGE_CURVE ( 'NONE', #2637, #194, #1012, .T. ) ;
#1502 = DIRECTION ( 'NONE',  ( 0.7071067811865969777, 0.7071067811864980568, 0.000000000000000000 ) ) ;
#1503 = PRESENTATION_STYLE_ASSIGNMENT (( #2527 ) ) ;
#1504 = DIRECTION ( 'NONE',  ( -1.000000000000000000, 0.000000000000000000, 0.000000000000000000 ) ) ;
#1505 = ORIENTED_EDGE ( 'NONE', *, *, #2376, .T. ) ;
#1506 = MECHANICAL_DESIGN_GEOMETRIC_PRESENTATION_REPRESENTATION (  '', ( #1997 ), #2657 ) ;
#1507 = EDGE_LOOP ( 'NONE', ( #3005, #1369, #773, #2603 ) ) ;
#1508 = CARTESIAN_POINT ( 'NONE',  ( 0.3499999999999999778, 7.072000000000000064, 0.2999999999999999889 ) ) ;
#1509 = CARTESIAN_POINT ( 'NONE',  ( 2.890000000000000124, 5.599999999999999645, -0.2000000000000000111 ) ) ;
#1510 = LINE ( 'NONE', #2467, #2973 ) ;
#1511 = EDGE_CURVE ( 'NONE', #1906, #2498, #923, .T. ) ;
#1512 = FILL_AREA_STYLE ('',( #2482 ) ) ;
#1513 = FILL_AREA_STYLE ('',( #1996 ) ) ;
#1514 = CIRCLE ( 'NONE', #1777, 0.2000000000000000944 ) ;
#1515 =( LENGTH_UNIT ( ) NAMED_UNIT ( * ) SI_UNIT ( .MILLI., .METRE. ) );
#1516 = AXIS2_PLACEMENT_3D ( 'NONE', #2698, #21, #1713 ) ;
#1517 = LINE ( 'NONE', #61, #2671 ) ;
#1518 = DIRECTION ( 'NONE',  ( 0.000000000000000000, 0.000000000000000000, -1.000000000000000000 ) ) ;
#1519 = VECTOR ( 'NONE', #2941, 1000.000000000000000 ) ;
#1520 = FILL_AREA_STYLE ('',( #2010 ) ) ;
#1521 =( GEOMETRIC_REPRESENTATION_CONTEXT ( 3 ) GLOBAL_UNCERTAINTY_ASSIGNED_CONTEXT ( ( #2926 ) ) GLOBAL_UNIT_ASSIGNED_CONTEXT ( ( #450, #675, #231 ) ) REPRESENTATION_CONTEXT ( 'NONE', 'WORKASPACE' ) );
#1522 = EDGE_CURVE ( 'NONE', #1381, #1960, #2270, .T. ) ;
#1523 = LINE ( 'NONE', #2994, #2210 ) ;
#1524 = VECTOR ( 'NONE', #1010, 1000.000000000000000 ) ;
#1525 = COLOUR_RGB ( '',1.000000000000000000, 1.000000000000000000, 1.000000000000000000 ) ;
#1526 = ORIENTED_EDGE ( 'NONE', *, *, #512, .T. ) ;
#1527 = MECHANICAL_DESIGN_GEOMETRIC_PRESENTATION_REPRESENTATION (  '', ( #120 ), #3025 ) ;
#1528 = SURFACE_STYLE_FILL_AREA ( #946 ) ;
#1529 = ORIENTED_EDGE ( 'NONE', *, *, #695, .T. ) ;
#1530 = ORIENTED_EDGE ( 'NONE', *, *, #2970, .T. ) ;
#1531 = PLANE ( 'NONE',  #3090 ) ;
#1532 = MECHANICAL_DESIGN_GEOMETRIC_PRESENTATION_REPRESENTATION (  '', ( #334 ), #2736 ) ;
#1533 = ORIENTED_EDGE ( 'NONE', *, *, #1008, .F. ) ;
#1534 = UNCERTAINTY_MEASURE_WITH_UNIT (LENGTH_MEASURE( 1.000000000000000082E-05 ), #2284, 'distance_accuracy_value', 'NONE');
#1535 = VERTEX_POINT ( 'NONE', #2562 ) ;
#1536 = EDGE_CURVE ( 'NONE', #1240, #2530, #2823, .T. ) ;
#1537 = LINE ( 'NONE', #1354, #809 ) ;
#1538 = ORIENTED_EDGE ( 'NONE', *, *, #2963, .F. ) ;
#1539 = MECHANICAL_DESIGN_GEOMETRIC_PRESENTATION_REPRESENTATION (  '', ( #261 ), #841 ) ;
#1540 = FACE_OUTER_BOUND ( 'NONE', #1839, .T. ) ;
#1541 = VERTEX_POINT ( 'NONE', #2325 ) ;
#1542 = SURFACE_STYLE_USAGE ( .BOTH. , #90 ) ;
#1543 = LINE ( 'NONE', #887, #649 ) ;
#1544 = PRESENTATION_LAYER_ASSIGNMENT (  '', '', ( #241 ) ) ;
#1545 = CARTESIAN_POINT ( 'NONE',  ( -2.890000000000000124, 4.074999999999999289, -0.2000000000000000111 ) ) ;
#1546 = DIRECTION ( 'NONE',  ( 0.000000000000000000, -1.000000000000000000, 0.000000000000000000 ) ) ;
#1547 = CARTESIAN_POINT ( 'NONE',  ( -0.4249999999999999889, 5.675000000000000711, 0.2999999999999999889 ) ) ;
#1548 = VECTOR ( 'NONE', #1138, 1000.000000000000000 ) ;
#1549 = EDGE_CURVE ( 'NONE', #1916, #2093, #288, .T. ) ;
#1550 = COLOUR_RGB ( '',1.000000000000000000, 1.000000000000000000, 1.000000000000000000 ) ;
#1551 = SURFACE_STYLE_FILL_AREA ( #200 ) ;
#1552 = CARTESIAN_POINT ( 'NONE',  ( 2.250000000000000000, 4.074999999999999289, -0.2000000000000000111 ) ) ;
#1553 = FACE_OUTER_BOUND ( 'NONE', #2582, .T. ) ;
#1554 = FILL_AREA_STYLE_COLOUR ( '', #3027 ) ;
#1555 = COLOUR_RGB ( '',1.000000000000000000, 1.000000000000000000, 1.000000000000000000 ) ;
#1556 = VECTOR ( 'NONE', #2673, 1000.000000000000000 ) ;
#1557 = FILL_AREA_STYLE_COLOUR ( '', #1700 ) ;
#1558 = VECTOR ( 'NONE', #1954, 1000.000000000000000 ) ;
#1559 = FILL_AREA_STYLE_COLOUR ( '', #2472 ) ;
#1560 = PRESENTATION_LAYER_ASSIGNMENT (  '', '', ( #586 ) ) ;
#1561 =( NAMED_UNIT ( * ) SI_UNIT ( $, .STERADIAN. ) SOLID_ANGLE_UNIT ( ) );
#1562 = ORIENTED_EDGE ( 'NONE', *, *, #1801, .F. ) ;
#1563 = PRESENTATION_LAYER_ASSIGNMENT (  '', '', ( #2619 ) ) ;
#1564 = SURFACE_SIDE_STYLE ('',( #1283 ) ) ;
#1565 = VERTEX_POINT ( 'NONE', #179 ) ;
#1566 = SURFACE_STYLE_FILL_AREA ( #1512 ) ;
#1567 = ORIENTED_EDGE ( 'NONE', *, *, #3073, .F. ) ;
#1568 = UNCERTAINTY_MEASURE_WITH_UNIT (LENGTH_MEASURE( 1.000000000000000082E-05 ), #1457, 'distance_accuracy_value', 'NONE');
#1569 = CARTESIAN_POINT ( 'NONE',  ( -2.000000000000000000, -0.7750000000000000222, 1.399999999999999911 ) ) ;
#1570 = CARTESIAN_POINT ( 'NONE',  ( 2.190999999999999837, 4.975000000000000533, -0.2000000000000000111 ) ) ;
#1571 = SURFACE_STYLE_USAGE ( .BOTH. , #2564 ) ;
#1572 = ORIENTED_EDGE ( 'NONE', *, *, #1511, .T. ) ;
#1573 = VECTOR ( 'NONE', #363, 1000.000000000000000 ) ;
#1574 = ORIENTED_EDGE ( 'NONE', *, *, #2663, .F. ) ;
#1575 = ORIENTED_EDGE ( 'NONE', *, *, #1250, .F. ) ;
#1576 = STYLED_ITEM ( 'NONE', ( #893 ), #1224 ) ;
#1577 = EDGE_CURVE ( 'NONE', #2732, #3059, #2781, .T. ) ;
#1578 = EDGE_LOOP ( 'NONE', ( #398, #1141, #1042 ) ) ;
#1579 =( NAMED_UNIT ( * ) SI_UNIT ( $, .STERADIAN. ) SOLID_ANGLE_UNIT ( ) );
#1580 = PRESENTATION_LAYER_ASSIGNMENT (  '', '', ( #2748 ) ) ;
#1581 = VECTOR ( 'NONE', #25, 1000.000000000000000 ) ;
#1582 = CARTESIAN_POINT ( 'NONE',  ( -2.890000000000000124, 7.072000000000000064, -0.2000000000000000111 ) ) ;
#1583 = COLOUR_RGB ( '',0.7921568627450980005, 0.8196078431372548767, 0.9333333333333333481 ) ;
#1584 = COLOUR_RGB ( '',1.000000000000000000, 1.000000000000000000, 1.000000000000000000 ) ;
#1585 = CARTESIAN_POINT ( 'NONE',  ( 2.189999999999999947, 7.072000000000000064, -0.2000000000000000111 ) ) ;
#1586 = CARTESIAN_POINT ( 'NONE',  ( -2.115000000000000213, 6.996999999999999886, 0.2999999999999999889 ) ) ;
#1587 = LINE ( 'NONE', #247, #542 ) ;
#1588 = SURFACE_STYLE_FILL_AREA ( #984 ) ;
#1589 = LINE ( 'NONE', #2735, #1811 ) ;
#1590 = VECTOR ( 'NONE', #2773, 1000.000000000000000 ) ;
#1591 = MECHANICAL_DESIGN_GEOMETRIC_PRESENTATION_REPRESENTATION (  '', ( #1108 ), #2262 ) ;
#1592 = EDGE_LOOP ( 'NONE', ( #1459, #999, #148, #2956 ) ) ;
#1593 = VECTOR ( 'NONE', #422, 1000.000000000000000 ) ;
#1594 = VECTOR ( 'NONE', #2821, 1000.000000000000114 ) ;
#1595 = FILL_AREA_STYLE ('',( #171 ) ) ;
#1596 = AXIS2_PLACEMENT_3D ( 'NONE', #1454, #1431, #1264 ) ;
#1597 = EDGE_LOOP ( 'NONE', ( #367, #810, #2506, #640 ) ) ;
#1598 = VERTEX_POINT ( 'NONE', #861 ) ;
#1599 = STYLED_ITEM ( 'NONE', ( #2313 ), #3081 ) ;
#1600 = DIRECTION ( 'NONE',  ( 0.000000000000000000, -1.000000000000000000, 0.000000000000000000 ) ) ;
#1601 = EDGE_LOOP ( 'NONE', ( #622, #2332, #2656 ) ) ;
#1602 = ORIENTED_EDGE ( 'NONE', *, *, #2629, .T. ) ;
#1603 = LINE ( 'NONE', #1696, #2108 ) ;
#1604 = EDGE_CURVE ( 'NONE', #1418, #277, #1683, .T. ) ;
#1605 = ORIENTED_EDGE ( 'NONE', *, *, #2326, .T. ) ;
#1606 = PLANE ( 'NONE',  #99 ) ;
#1607 = DIRECTION ( 'NONE',  ( 0.000000000000000000, 0.000000000000000000, 1.000000000000000000 ) ) ;
#1608 = EDGE_LOOP ( 'NONE', ( #614, #1859, #2962, #55 ) ) ;
#1609 = FILL_AREA_STYLE_COLOUR ( '', #89 ) ;
#1610 = AXIS2_PLACEMENT_3D ( 'NONE', #2410, #1199, #1243 ) ;
#1611 = VERTEX_POINT ( 'NONE', #626 ) ;
#1612 = DIRECTION ( 'NONE',  ( 0.000000000000000000, -1.000000000000000000, 0.000000000000000000 ) ) ;
#1613 =( LENGTH_UNIT ( ) NAMED_UNIT ( * ) SI_UNIT ( .MILLI., .METRE. ) );
#1614 = PRESENTATION_STYLE_ASSIGNMENT (( #461 ) ) ;
#1615 = CARTESIAN_POINT ( 'NONE',  ( -2.965000000000000302, 5.675000000000000711, -0.2000000000000000111 ) ) ;
#1616 = CARTESIAN_POINT ( 'NONE',  ( -2.189999999999999947, 7.072000000000000064, -0.2000000000000000111 ) ) ;
#1617 =( GEOMETRIC_REPRESENTATION_CONTEXT ( 3 ) GLOBAL_UNCERTAINTY_ASSIGNED_CONTEXT ( ( #74 ) ) GLOBAL_UNIT_ASSIGNED_CONTEXT ( ( #2032, #2978, #1561 ) ) REPRESENTATION_CONTEXT ( 'NONE', 'WORKASPACE' ) );
#1618 = UNCERTAINTY_MEASURE_WITH_UNIT (LENGTH_MEASURE( 1.000000000000000082E-05 ), #2885, 'distance_accuracy_value', 'NONE');
#1619 = PRESENTATION_STYLE_ASSIGNMENT (( #2851 ) ) ;
#1620 =( NAMED_UNIT ( * ) PLANE_ANGLE_UNIT ( ) SI_UNIT ( $, .RADIAN. ) );
#1621 = DIRECTION ( 'NONE',  ( 0.000000000000000000, 0.000000000000000000, 1.000000000000000000 ) ) ;
#1622 = SURFACE_STYLE_FILL_AREA ( #2750 ) ;
#1623 = CARTESIAN_POINT ( 'NONE',  ( 0.000000000000000000, 0.000000000000000000, 1.399999999999999911 ) ) ;
#1624 = COLOUR_RGB ( '',0.2980392156862745057, 0.2980392156862745057, 0.2980392156862745057 ) ;
#1625 = EDGE_CURVE ( 'NONE', #3034, #2755, #1537, .T. ) ;
#1626 = FILL_AREA_STYLE_COLOUR ( '', #785 ) ;
#1627 = CYLINDRICAL_SURFACE ( 'NONE', #737, 2.000000000000000000 ) ;
#1628 = VECTOR ( 'NONE', #2872, 1000.000000000000000 ) ;
#1629 = ORIENTED_EDGE ( 'NONE', *, *, #1965, .F. ) ;
#1630 = STYLED_ITEM ( 'NONE', ( #1348 ), #1193 ) ;
#1631 = EDGE_CURVE ( 'NONE', #1565, #816, #966, .T. ) ;
#1632 = ORIENTED_EDGE ( 'NONE', *, *, #1905, .F. ) ;
#1633 = LINE ( 'NONE', #2875, #2573 ) ;
#1634 = DIRECTION ( 'NONE',  ( 0.000000000000000000, -1.000000000000000000, 0.000000000000000000 ) ) ;
#1635 = PLANE ( 'NONE',  #42 ) ;
#1636 = ADVANCED_FACE ( 'NONE', ( #847 ), #2865, .T. ) ;
#1637 =( GEOMETRIC_REPRESENTATION_CONTEXT ( 3 ) GLOBAL_UNCERTAINTY_ASSIGNED_CONTEXT ( ( #1196 ) ) GLOBAL_UNIT_ASSIGNED_CONTEXT ( ( #2731, #1721, #530 ) ) REPRESENTATION_CONTEXT ( 'NONE', 'WORKASPACE' ) );
#1638 = ORIENTED_EDGE ( 'NONE', *, *, #1825, .T. ) ;
#1639 = VECTOR ( 'NONE', #962, 1000.000000000000000 ) ;
#1640 =( NAMED_UNIT ( * ) PLANE_ANGLE_UNIT ( ) SI_UNIT ( $, .RADIAN. ) );
#1641 = CARTESIAN_POINT ( 'NONE',  ( 0.4249999999999999889, 5.675000000000000711, -0.2000000000000000111 ) ) ;
#1642 = CARTESIAN_POINT ( 'NONE',  ( -2.000000000000000000, 3.474999999999999645, 1.399999999999999911 ) ) ;
#1643 = ORIENTED_EDGE ( 'NONE', *, *, #709, .T. ) ;
#1644 = ORIENTED_EDGE ( 'NONE', *, *, #1604, .F. ) ;
#1645 = EDGE_CURVE ( 'NONE', #2853, #2732, #1409, .T. ) ;
#1646 = FILL_AREA_STYLE ('',( #927 ) ) ;
#1647 = CARTESIAN_POINT ( 'NONE',  ( 1.881817057927973380, -1.455138555784059928, 3.281738152640263806 ) ) ;
#1648 = ORIENTED_EDGE ( 'NONE', *, *, #1189, .F. ) ;
#1649 = STYLED_ITEM ( 'NONE', ( #1662 ), #505 ) ;
#1650 = DIRECTION ( 'NONE',  ( -1.000000000000000000, 0.000000000000000000, 0.000000000000000000 ) ) ;
#1651 = ADVANCED_FACE ( 'NONE', ( #321 ), #925, .T. ) ;
#1652 =( NAMED_UNIT ( * ) PLANE_ANGLE_UNIT ( ) SI_UNIT ( $, .RADIAN. ) );
#1653 = DIRECTION ( 'NONE',  ( -1.000000000000000000, 0.000000000000000000, 0.000000000000000000 ) ) ;
#1654 = EDGE_CURVE ( 'NONE', #2302, #1340, #2209, .T. ) ;
#1655 = CARTESIAN_POINT ( 'NONE',  ( -0.2767526010787743074, -2.760638088019264025, 1.680724469218719763 ) ) ;
#1656 = UNCERTAINTY_MEASURE_WITH_UNIT (LENGTH_MEASURE( 1.000000000000000082E-05 ), #882, 'distance_accuracy_value', 'NONE');
#1657 = SURFACE_STYLE_USAGE ( .BOTH. , #929 ) ;
#1658 = PLANE ( 'NONE',  #1805 ) ;
#1659 = DIRECTION ( 'NONE',  ( 0.000000000000000000, -1.000000000000000000, 0.000000000000000000 ) ) ;
#1660 = MECHANICAL_DESIGN_GEOMETRIC_PRESENTATION_REPRESENTATION (  '', ( #2901 ), #2852 ) ;
#1661 = FILL_AREA_STYLE_COLOUR ( '', #1525 ) ;
#1662 = PRESENTATION_STYLE_ASSIGNMENT (( #2073 ) ) ;
#1663 =( NAMED_UNIT ( * ) SI_UNIT ( $, .STERADIAN. ) SOLID_ANGLE_UNIT ( ) );
#1664 = CARTESIAN_POINT ( 'NONE',  ( -2.115000000000000213, 6.996999999999999886, -0.2000000000000000111 ) ) ;
#1665 = SURFACE_STYLE_FILL_AREA ( #1520 ) ;
#1666 = EDGE_CURVE ( 'NONE', #2607, #1773, #728, .T. ) ;
#1667 = COLOUR_RGB ( '',1.000000000000000000, 1.000000000000000000, 1.000000000000000000 ) ;
#1668 =( NAMED_UNIT ( * ) PLANE_ANGLE_UNIT ( ) SI_UNIT ( $, .RADIAN. ) );
#1669 = SURFACE_SIDE_STYLE ('',( #2033 ) ) ;
#1670 = ORIENTED_EDGE ( 'NONE', *, *, #311, .T. ) ;
#1671 = ADVANCED_FACE ( 'NONE', ( #1868 ), #779, .T. ) ;
#1672 = CARTESIAN_POINT ( 'NONE',  ( 0.000000000000000000, 0.000000000000000000, 0.000000000000000000 ) ) ;
#1673 = CARTESIAN_POINT ( 'NONE',  ( 0.4249999999999999889, 6.996999999999999886, -0.2000000000000000111 ) ) ;
#1674 = ORIENTED_EDGE ( 'NONE', *, *, #2841, .F. ) ;
#1675 = SURFACE_STYLE_FILL_AREA ( #1121 ) ;
#1676 = ORIENTED_EDGE ( 'NONE', *, *, #2629, .F. ) ;
#1677 = ORIENTED_EDGE ( 'NONE', *, *, #1971, .T. ) ;
#1678 = STYLED_ITEM ( 'NONE', ( #33 ), #976 ) ;
#1679 = SURFACE_STYLE_USAGE ( .BOTH. , #1938 ) ;
#1680 = EDGE_CURVE ( 'NONE', #638, #3074, #396, .T. ) ;
#1681 = CARTESIAN_POINT ( 'NONE',  ( -0.1381287531889680009, -2.774999999999999467, 1.542156969360590546 ) ) ;
#1682 = ORIENTED_EDGE ( 'NONE', *, *, #3032, .F. ) ;
#1683 = LINE ( 'NONE', #382, #1498 ) ;
#1684 = SURFACE_STYLE_USAGE ( .BOTH. , #1198 ) ;
#1685 = ORIENTED_EDGE ( 'NONE', *, *, #1382, .T. ) ;
#1686 = AXIS2_PLACEMENT_3D ( 'NONE', #219, #474, #699 ) ;
#1687 = FILL_AREA_STYLE ('',( #1661 ) ) ;
#1688 = SURFACE_STYLE_FILL_AREA ( #235 ) ;
#1689 = ADVANCED_FACE ( 'NONE', ( #2536 ), #1043, .T. ) ;
#1690 = ORIENTED_EDGE ( 'NONE', *, *, #504, .F. ) ;
#1691 =( LENGTH_UNIT ( ) NAMED_UNIT ( * ) SI_UNIT ( .MILLI., .METRE. ) );
#1692 = PRESENTATION_STYLE_ASSIGNMENT (( #659 ) ) ;
#1693 = EDGE_CURVE ( 'NONE', #1541, #846, #2264, .T. ) ;
#1694 = FILL_AREA_STYLE_COLOUR ( '', #3010 ) ;
#1695 = DIRECTION ( 'NONE',  ( 1.000000000000000000, 0.000000000000000000, 0.000000000000000000 ) ) ;
#1696 = CARTESIAN_POINT ( 'NONE',  ( -2.890000000000000124, 27.02500000000000213, 0.2999999999999999889 ) ) ;
#1697 = DIRECTION ( 'NONE',  ( 0.000000000000000000, 0.000000000000000000, 1.000000000000000000 ) ) ;
#1698 = AXIS2_PLACEMENT_3D ( 'NONE', #1423, #2417, #948 ) ;
#1699 = DIRECTION ( 'NONE',  ( 0.000000000000000000, 0.000000000000000000, 1.000000000000000000 ) ) ;
#1700 = COLOUR_RGB ( '',0.2980392156862745057, 0.2980392156862745057, 0.2980392156862745057 ) ;
#1701 = UNCERTAINTY_MEASURE_WITH_UNIT (LENGTH_MEASURE( 1.000000000000000082E-05 ), #252, 'distance_accuracy_value', 'NONE');
#1702 = CARTESIAN_POINT ( 'NONE',  ( -1.835689724546291091, -1.571407320842213684, 3.235495136552481998 ) ) ;
#1703 = LINE ( 'NONE', #1233, #141 ) ;
#1704 = ADVANCED_FACE ( 'NONE', ( #2414 ), #2373, .T. ) ;
#1705 = SURFACE_SIDE_STYLE ('',( #820 ) ) ;
#1706 = CARTESIAN_POINT ( 'NONE',  ( -2.500000000000000000, -3.275000000000000355, 1.399999999999999911 ) ) ;
#1707 = PRESENTATION_LAYER_ASSIGNMENT (  '', '', ( #1997 ) ) ;
#1708 = FACE_OUTER_BOUND ( 'NONE', #3045, .T. ) ;
#1709 = DIRECTION ( 'NONE',  ( -0.000000000000000000, 1.000000000000000000, 0.000000000000000000 ) ) ;
#1710 = CARTESIAN_POINT ( 'NONE',  ( 0.4249999999999999889, 6.996999999999999886, -0.2000000000000000111 ) ) ;
#1711 = EDGE_CURVE ( 'NONE', #2565, #1340, #473, .T. ) ;
#1712 = ORIENTED_EDGE ( 'NONE', *, *, #845, .F. ) ;
#1713 = DIRECTION ( 'NONE',  ( 0.000000000000000000, 0.000000000000000000, 1.000000000000000000 ) ) ;
#1714 = FILL_AREA_STYLE ('',( #1192 ) ) ;
#1715 = VERTEX_POINT ( 'NONE', #1380 ) ;
#1716 = STYLED_ITEM ( 'NONE', ( #2520 ), #907 ) ;
#1717 = SURFACE_STYLE_USAGE ( .BOTH. , #26 ) ;
#1718 = ORIENTED_EDGE ( 'NONE', *, *, #2398, .T. ) ;
#1719 = CARTESIAN_POINT ( 'NONE',  ( 2.890000000000000124, 7.072000000000000064, -0.2000000000000000111 ) ) ;
#1720 = SURFACE_SIDE_STYLE ('',( #1588 ) ) ;
#1721 =( NAMED_UNIT ( * ) PLANE_ANGLE_UNIT ( ) SI_UNIT ( $, .RADIAN. ) );
#1722 = STYLED_ITEM ( 'NONE', ( #2722 ), #1651 ) ;
#1723 = ORIENTED_EDGE ( 'NONE', *, *, #670, .F. ) ;
#1724 = SURFACE_STYLE_USAGE ( .BOTH. , #1284 ) ;
#1725 = PRESENTATION_STYLE_ASSIGNMENT (( #1474 ) ) ;
#1726 = PRESENTATION_LAYER_ASSIGNMENT (  '', '', ( #2971 ) ) ;
#1727 = VERTEX_POINT ( 'NONE', #3044 ) ;
#1728 = APPLICATION_CONTEXT ( 'automotive_design' ) ;
#1729 = CARTESIAN_POINT ( 'NONE',  ( 0.3499999999999999778, 3.474999999999999645, 0.2999999999999999889 ) ) ;
#1730 = CARTESIAN_POINT ( 'NONE',  ( -1.195000000000000062, 4.774999999999999467, -0.2000000000000000111 ) ) ;
#1731 = DIRECTION ( 'NONE',  ( 0.7071067811865969777, 0.7071067811864980568, 0.000000000000000000 ) ) ;
#1732 = DIRECTION ( 'NONE',  ( -0.7071067811865969777, 0.7071067811864980568, 0.000000000000000000 ) ) ;
#1733 = DIRECTION ( 'NONE',  ( 0.000000000000000000, 0.000000000000000000, 1.000000000000000000 ) ) ;
#1734 = SURFACE_STYLE_FILL_AREA ( #2550 ) ;
#1735 =( NAMED_UNIT ( * ) PLANE_ANGLE_UNIT ( ) SI_UNIT ( $, .RADIAN. ) );
#1736 = CARTESIAN_POINT ( 'NONE',  ( 2.500000000000000000, -3.275000000000000355, 1.399999999999999911 ) ) ;
#1737 = DIRECTION ( 'NONE',  ( 0.000000000000000000, 0.000000000000000000, -1.000000000000000000 ) ) ;
#1738 = MECHANICAL_DESIGN_GEOMETRIC_PRESENTATION_REPRESENTATION (  '', ( #1048 ), #2107 ) ;
#1739 = LINE ( 'NONE', #2681, #451 ) ;
#1740 = CARTESIAN_POINT ( 'NONE',  ( 2.000000000000000000, -0.7750000000000000222, 1.399999999999999911 ) ) ;
#1741 = CARTESIAN_POINT ( 'NONE',  ( -2.189999999999999947, 27.02500000000000213, 0.2999999999999999889 ) ) ;
#1742 = PRESENTATION_LAYER_ASSIGNMENT (  '', '', ( #1576 ) ) ;
#1743 = FACE_OUTER_BOUND ( 'NONE', #1608, .T. ) ;
#1744 = FILL_AREA_STYLE ('',( #282 ) ) ;
#1745 = LINE ( 'NONE', #1582, #535 ) ;
#1746 =( LENGTH_UNIT ( ) NAMED_UNIT ( * ) SI_UNIT ( .MILLI., .METRE. ) );
#1747 = PRESENTATION_STYLE_ASSIGNMENT (( #300 ) ) ;
#1748 = VECTOR ( 'NONE', #716, 1000.000000000000000 ) ;
#1749 = SURFACE_STYLE_FILL_AREA ( #2662 ) ;
#1750 = MECHANICAL_DESIGN_GEOMETRIC_PRESENTATION_REPRESENTATION (  '', ( #330 ), #590 ) ;
#1751 = PLANE ( 'NONE',  #582 ) ;
#1752 = CARTESIAN_POINT ( 'NONE',  ( -1.537925961620104420, -2.060481617147247757, 2.938122734287156756 ) ) ;
#1753 = COLOUR_RGB ( '',1.000000000000000000, 1.000000000000000000, 1.000000000000000000 ) ;
#1754 = DIRECTION ( 'NONE',  ( 1.000000000000000000, 0.000000000000000000, 0.000000000000000000 ) ) ;
#1755 = DIRECTION ( 'NONE',  ( 0.7071067811864976127, 0.7071067811865975328, 0.000000000000000000 ) ) ;
#1756 = CARTESIAN_POINT ( 'NONE',  ( 2.000000000000000000, -0.7750000000000000222, 1.399999999999999911 ) ) ;
#1757 = ORIENTED_EDGE ( 'NONE', *, *, #2663, .T. ) ;
#1758 = CARTESIAN_POINT ( 'NONE',  ( 0.3499999999999999778, 27.02500000000000213, -0.2000000000000000111 ) ) ;
#1759 = CYLINDRICAL_SURFACE ( 'NONE', #2831, 0.2000000000000000944 ) ;
#1760 = FACE_OUTER_BOUND ( 'NONE', #818, .T. ) ;
#1761 = ORIENTED_EDGE ( 'NONE', *, *, #2655, .T. ) ;
#1762 = PRESENTATION_STYLE_ASSIGNMENT (( #2546 ) ) ;
#1763 = CARTESIAN_POINT ( 'NONE',  ( 2.250000000000000000, 4.074999999999999289, 0.2999999999999999889 ) ) ;
#1764 = PRESENTATION_LAYER_ASSIGNMENT (  '', '', ( #878 ) ) ;
#1765 = PLANE ( 'NONE',  #434 ) ;
#1766 = EDGE_LOOP ( 'NONE', ( #1834, #1139, #1493, #2747 ) ) ;
#1767 =( NAMED_UNIT ( * ) PLANE_ANGLE_UNIT ( ) SI_UNIT ( $, .RADIAN. ) );
#1768 = MECHANICAL_DESIGN_GEOMETRIC_PRESENTATION_REPRESENTATION (  '', ( #2846 ), #524 ) ;
#1769 =( NAMED_UNIT ( * ) PLANE_ANGLE_UNIT ( ) SI_UNIT ( $, .RADIAN. ) );
#1770 = VERTEX_POINT ( 'NONE', #189 ) ;
#1771 = UNCERTAINTY_MEASURE_WITH_UNIT (LENGTH_MEASURE( 1.000000000000000082E-05 ), #2203, 'distance_accuracy_value', 'NONE');
#1772 = DIRECTION ( 'NONE',  ( 0.000000000000000000, 0.000000000000000000, 1.000000000000000000 ) ) ;
#1773 = VERTEX_POINT ( 'NONE', #199 ) ;
#1774 = AXIS2_PLACEMENT_3D ( 'NONE', #3015, #1607, #2795 ) ;
#1775 = CARTESIAN_POINT ( 'NONE',  ( 2.299999999999999822, -3.275000000000000355, 9.657280000000000086 ) ) ;
#1776 = ORIENTED_EDGE ( 'NONE', *, *, #64, .F. ) ;
#1777 = AXIS2_PLACEMENT_3D ( 'NONE', #2645, #1205, #1425 ) ;
#1778 = EDGE_LOOP ( 'NONE', ( #2845, #2145, #2066, #1833 ) ) ;
#1779 = EDGE_CURVE ( 'NONE', #2175, #69, #3084, .T. ) ;
#1780 = DIRECTION ( 'NONE',  ( 0.7071067811865474617, -0.7071067811865474617, 0.000000000000000000 ) ) ;
#1781 = DIRECTION ( 'NONE',  ( 0.000000000000000000, -1.000000000000000000, 0.000000000000000000 ) ) ;
#1782 = PRESENTATION_LAYER_ASSIGNMENT (  '', '', ( #276 ) ) ;
#1783 = COLOUR_RGB ( '',1.000000000000000000, 1.000000000000000000, 1.000000000000000000 ) ;
#1784 = DIRECTION ( 'NONE',  ( 1.000000000000000000, 0.000000000000000000, 0.000000000000000000 ) ) ;
#1785 = PRESENTATION_LAYER_ASSIGNMENT (  '', '', ( #134 ) ) ;
#1786 = LINE ( 'NONE', #2391, #987 ) ;
#1787 = EDGE_CURVE ( 'NONE', #2565, #2496, #2815, .T. ) ;
#1788 =( NAMED_UNIT ( * ) PLANE_ANGLE_UNIT ( ) SI_UNIT ( $, .RADIAN. ) );
#1789 = SURFACE_STYLE_FILL_AREA ( #1814 ) ;
#1790 = LINE ( 'NONE', #1272, #2214 ) ;
#1791 = AXIS2_PLACEMENT_3D ( 'NONE', #662, #183, #2381 ) ;
#1792 = DIRECTION ( 'NONE',  ( 0.000000000000000000, 0.000000000000000000, 1.000000000000000000 ) ) ;
#1793 = VECTOR ( 'NONE', #2585, 1000.000000000000000 ) ;
#1794 = ORIENTED_EDGE ( 'NONE', *, *, #1994, .F. ) ;
#1795 = PRESENTATION_STYLE_ASSIGNMENT (( #259 ) ) ;
#1796 = CARTESIAN_POINT ( 'NONE',  ( -2.189999999999999947, 7.072000000000000064, 0.2999999999999999889 ) ) ;
#1797 = PLANE ( 'NONE',  #2982 ) ;
#1798 = ORIENTED_EDGE ( 'NONE', *, *, #18, .F. ) ;
#1799 = DIRECTION ( 'NONE',  ( -1.000000000000000000, 0.000000000000000000, 0.000000000000000000 ) ) ;
#1800 = VERTEX_POINT ( 'NONE', #491 ) ;
#1801 = EDGE_CURVE ( 'NONE', #1715, #840, #2178, .T. ) ;
#1802 = CARTESIAN_POINT ( 'NONE',  ( -2.890000000000000124, 7.072000000000000064, -0.2000000000000000111 ) ) ;
#1803 = FILL_AREA_STYLE ('',( #1554 ) ) ;
#1804 = ORIENTED_EDGE ( 'NONE', *, *, #627, .F. ) ;
#1805 = AXIS2_PLACEMENT_3D ( 'NONE', #967, #1755, #1518 ) ;
#1806 = EDGE_CURVE ( 'NONE', #2873, #430, #429, .T. ) ;
#1807 = VERTEX_POINT ( 'NONE', #1664 ) ;
#1808 = CARTESIAN_POINT ( 'NONE',  ( 2.190999999999999837, 5.599000000000000199, -0.2000000000000000111 ) ) ;
#1809 =( GEOMETRIC_REPRESENTATION_CONTEXT ( 3 ) GLOBAL_UNCERTAINTY_ASSIGNED_CONTEXT ( ( #2675 ) ) GLOBAL_UNIT_ASSIGNED_CONTEXT ( ( #671, #3097, #2162 ) ) REPRESENTATION_CONTEXT ( 'NONE', 'WORKASPACE' ) );
#1810 = CARTESIAN_POINT ( 'NONE',  ( -2.299999999999999822, -3.275000000000000355, 1.399999999999999911 ) ) ;
#1811 = VECTOR ( 'NONE', #2217, 1000.000000000000000 ) ;
#1812 = COLOUR_RGB ( '',1.000000000000000000, 1.000000000000000000, 1.000000000000000000 ) ;
#1813 = CARTESIAN_POINT ( 'NONE',  ( 2.890000000000000124, 4.275000000000000355, -0.2000000000000000111 ) ) ;
#1814 = FILL_AREA_STYLE ('',( #2031 ) ) ;
#1815 = FACE_OUTER_BOUND ( 'NONE', #1257, .T. ) ;
#1816 = EDGE_CURVE ( 'NONE', #2099, #955, #1953, .T. ) ;
#1817 = PLANE ( 'NONE',  #2654 ) ;
#1818 = SURFACE_STYLE_FILL_AREA ( #1320 ) ;
#1819 = VECTOR ( 'NONE', #1697, 1000.000000000000000 ) ;
#1820 = CIRCLE ( 'NONE', #351, 0.1999999999999996503 ) ;
#1821 =( GEOMETRIC_REPRESENTATION_CONTEXT ( 3 ) GLOBAL_UNCERTAINTY_ASSIGNED_CONTEXT ( ( #578 ) ) GLOBAL_UNIT_ASSIGNED_CONTEXT ( ( #393, #2856, #694 ) ) REPRESENTATION_CONTEXT ( 'NONE', 'WORKASPACE' ) );
#1822 = SURFACE_STYLE_FILL_AREA ( #38 ) ;
#1823 = CARTESIAN_POINT ( 'NONE',  ( -0.3499999999999999778, 3.474999999999999645, -0.2000000000000000111 ) ) ;
#1824 = VECTOR ( 'NONE', #2464, 1000.000000000000000 ) ;
#1825 = EDGE_CURVE ( 'NONE', #2777, #1386, #1633, .T. ) ;
#1826 = PLANE ( 'NONE',  #155 ) ;
#1827 = LINE ( 'NONE', #238, #3072 ) ;
#1828 = EDGE_LOOP ( 'NONE', ( #1309, #153, #775, #681 ) ) ;
#1829 = CARTESIAN_POINT ( 'NONE',  ( 0.3499999999999999778, 5.599999999999999645, 0.2999999999999999889 ) ) ;
#1830 = LINE ( 'NONE', #880, #799 ) ;
#1831 = MECHANICAL_DESIGN_GEOMETRIC_PRESENTATION_REPRESENTATION (  '', ( #2319 ), #306 ) ;
#1832 = DIRECTION ( 'NONE',  ( 0.000000000000000000, 1.000000000000000000, 0.000000000000000000 ) ) ;
#1833 = ORIENTED_EDGE ( 'NONE', *, *, #213, .T. ) ;
#1834 = ORIENTED_EDGE ( 'NONE', *, *, #257, .T. ) ;
#1835 =( NAMED_UNIT ( * ) SI_UNIT ( $, .STERADIAN. ) SOLID_ANGLE_UNIT ( ) );
#1836 = EDGE_LOOP ( 'NONE', ( #1605, #1644, #236, #2062 ) ) ;
#1837 = CARTESIAN_POINT ( 'NONE',  ( 0.000000000000000000, -0.7750000000000000222, 1.399999999999999911 ) ) ;
#1838 = CARTESIAN_POINT ( 'NONE',  ( -2.500000000000000000, 3.474999999999999645, 1.399999999999999911 ) ) ;
#1839 = EDGE_LOOP ( 'NONE', ( #1135, #2685, #23, #1567 ) ) ;
#1840 = VECTOR ( 'NONE', #2281, 1000.000000000000000 ) ;
#1841 = ORIENTED_EDGE ( 'NONE', *, *, #2348, .F. ) ;
#1842 = EDGE_CURVE ( 'NONE', #2419, #1446, #2103, .T. ) ;
#1843 = ORIENTED_EDGE ( 'NONE', *, *, #1266, .T. ) ;
#1844 = FILL_AREA_STYLE_COLOUR ( '', #176 ) ;
#1845 = CARTESIAN_POINT ( 'NONE',  ( -1.195000000000000062, 3.474999999999999645, 0.2999999999999999889 ) ) ;
#1846 =( GEOMETRIC_REPRESENTATION_CONTEXT ( 3 ) GLOBAL_UNCERTAINTY_ASSIGNED_CONTEXT ( ( #1424 ) ) GLOBAL_UNIT_ASSIGNED_CONTEXT ( ( #2782, #1788, #588 ) ) REPRESENTATION_CONTEXT ( 'NONE', 'WORKASPACE' ) );
#1847 = DIRECTION ( 'NONE',  ( 0.000000000000000000, 1.000000000000000000, 0.000000000000000000 ) ) ;
#1848 = PRESENTATION_LAYER_ASSIGNMENT (  '', '', ( #223 ) ) ;
#1849 = DIRECTION ( 'NONE',  ( 0.7071067811865474617, 0.7071067811865474617, 0.000000000000000000 ) ) ;
#1850 = LINE ( 'NONE', #731, #1519 ) ;
#1851 = CARTESIAN_POINT ( 'NONE',  ( 0.5543505954007583725, -2.716945717723006748, 1.954124970787729065 ) ) ;
#1852 = LINE ( 'NONE', #2046, #2485 ) ;
#1853 = CARTESIAN_POINT ( 'NONE',  ( -2.500000000000000000, -3.275000000000000355, 1.399999999999999911 ) ) ;
#1854 = UNCERTAINTY_MEASURE_WITH_UNIT (LENGTH_MEASURE( 1.000000000000000082E-05 ), #706, 'distance_accuracy_value', 'NONE');
#1855 = PRESENTATION_STYLE_ASSIGNMENT (( #521 ) ) ;
#1856 = PRESENTATION_STYLE_ASSIGNMENT (( #3087 ) ) ;
#1857 = VECTOR ( 'NONE', #1114, 1000.000000000000000 ) ;
#1858 = SURFACE_STYLE_USAGE ( .BOTH. , #3021 ) ;
#1859 = ORIENTED_EDGE ( 'NONE', *, *, #2436, .F. ) ;
#1860 = STYLED_ITEM ( 'NONE', ( #2888 ), #1671 ) ;
#1861 = ORIENTED_EDGE ( 'NONE', *, *, #1154, .F. ) ;
#1862 = CARTESIAN_POINT ( 'NONE',  ( 1.988254472733523848, -1.025394115066031731, 3.388032626364663180 ) ) ;
#1863 = DIRECTION ( 'NONE',  ( 0.000000000000000000, 0.000000000000000000, 1.000000000000000000 ) ) ;
#1864 = EDGE_LOOP ( 'NONE', ( #1217, #914, #2751, #1254 ) ) ;
#1865 = AXIS2_PLACEMENT_3D ( 'NONE', #2463, #8, #1453 ) ;
#1866 =( LENGTH_UNIT ( ) NAMED_UNIT ( * ) SI_UNIT ( .MILLI., .METRE. ) );
#1867 = ORIENTED_EDGE ( 'NONE', *, *, #1983, .F. ) ;
#1868 = FACE_OUTER_BOUND ( 'NONE', #2028, .T. ) ;
#1869 = DIRECTION ( 'NONE',  ( 0.000000000000000000, 0.000000000000000000, -1.000000000000000000 ) ) ;
#1870 = EDGE_CURVE ( 'NONE', #194, #638, #1297, .T. ) ;
#1871 = ORIENTED_EDGE ( 'NONE', *, *, #1119, .F. ) ;
#1872 = SURFACE_SIDE_STYLE ('',( #1239 ) ) ;
#1873 =( LENGTH_UNIT ( ) NAMED_UNIT ( * ) SI_UNIT ( .MILLI., .METRE. ) );
#1874 = VERTEX_POINT ( 'NONE', #1047 ) ;
#1875 = FILL_AREA_STYLE_COLOUR ( '', #273 ) ;
#1876 = CIRCLE ( 'NONE', #264, 0.2000000000000000944 ) ;
#1877 = ADVANCED_FACE ( 'NONE', ( #2295 ), #2329, .F. ) ;
#1878 = DIRECTION ( 'NONE',  ( 0.000000000000000000, 0.000000000000000000, 1.000000000000000000 ) ) ;
#1879 = MECHANICAL_DESIGN_GEOMETRIC_PRESENTATION_REPRESENTATION (  '', ( #134 ), #421 ) ;
#1880 = VERTEX_POINT ( 'NONE', #753 ) ;
#1881 = EDGE_CURVE ( 'NONE', #2873, #1947, #2960, .T. ) ;
#1882 = CARTESIAN_POINT ( 'NONE',  ( 2.050000000000000266, 3.474999999999999645, 0.2999999999999999889 ) ) ;
#1883 = LINE ( 'NONE', #1495, #2008 ) ;
#1884 = DIRECTION ( 'NONE',  ( 0.000000000000000000, 0.000000000000000000, 1.000000000000000000 ) ) ;
#1885 = MECHANICAL_DESIGN_GEOMETRIC_PRESENTATION_REPRESENTATION (  '', ( #2971 ), #698 ) ;
#1886 =( NAMED_UNIT ( * ) PLANE_ANGLE_UNIT ( ) SI_UNIT ( $, .RADIAN. ) );
#1887 =( LENGTH_UNIT ( ) NAMED_UNIT ( * ) SI_UNIT ( .MILLI., .METRE. ) );
#1888 = VECTOR ( 'NONE', #501, 1000.000000000000000 ) ;
#1889 = DIRECTION ( 'NONE',  ( 0.000000000000000000, 1.000000000000000000, 0.000000000000000000 ) ) ;
#1890 = COLOUR_RGB ( '',1.000000000000000000, 1.000000000000000000, 1.000000000000000000 ) ;
#1891 = SURFACE_STYLE_USAGE ( .BOTH. , #2641 ) ;
#1892 =( NAMED_UNIT ( * ) PLANE_ANGLE_UNIT ( ) SI_UNIT ( $, .RADIAN. ) );
#1893 = ADVANCED_FACE ( 'NONE', ( #1258 ), #1488, .T. ) ;
#1894 = VECTOR ( 'NONE', #774, 1000.000000000000000 ) ;
#1895 = UNCERTAINTY_MEASURE_WITH_UNIT (LENGTH_MEASURE( 1.000000000000000082E-05 ), #2078, 'distance_accuracy_value', 'NONE');
#1896 = DIRECTION ( 'NONE',  ( 0.000000000000000000, 0.000000000000000000, 1.000000000000000000 ) ) ;
#1897 = LINE ( 'NONE', #2900, #863 ) ;
#1898 = DIRECTION ( 'NONE',  ( -1.000000000000000000, 0.000000000000000000, 0.000000000000000000 ) ) ;
#1899 = SURFACE_STYLE_FILL_AREA ( #1917 ) ;
#1900 = ORIENTED_EDGE ( 'NONE', *, *, #2507, .T. ) ;
#1901 = LINE ( 'NONE', #1813, #2925 ) ;
#1902 = CARTESIAN_POINT ( 'NONE',  ( -2.189999999999999947, 27.02500000000000213, -0.2000000000000000111 ) ) ;
#1903 = MECHANICAL_DESIGN_GEOMETRIC_PRESENTATION_REPRESENTATION (  '', ( #2396 ), #1188 ) ;
#1904 =( LENGTH_UNIT ( ) NAMED_UNIT ( * ) SI_UNIT ( .MILLI., .METRE. ) );
#1905 = EDGE_CURVE ( 'NONE', #1076, #875, #876, .T. ) ;
#1906 = VERTEX_POINT ( 'NONE', #2763 ) ;
#1907 = CARTESIAN_POINT ( 'NONE',  ( 0.3499999999999999778, 27.02500000000000213, -0.2000000000000000111 ) ) ;
#1908 = VERTEX_POINT ( 'NONE', #358 ) ;
#1909 = CARTESIAN_POINT ( 'NONE',  ( -0.6479714334485343619, -2.667445758996718208, 2.048324583194346182 ) ) ;
#1910 = AXIS2_PLACEMENT_3D ( 'NONE', #2218, #486, #748 ) ;
#1911 = VERTEX_POINT ( 'NONE', #2045 ) ;
#1912 = DIRECTION ( 'NONE',  ( 1.000000000000000000, 0.000000000000000000, 0.000000000000000000 ) ) ;
#1913 = PLANE ( 'NONE',  #2016 ) ;
#1914 = VERTEX_POINT ( 'NONE', #2987 ) ;
#1915 = ADVANCED_FACE ( 'NONE', ( #468 ), #366, .T. ) ;
#1916 = VERTEX_POINT ( 'NONE', #1808 ) ;
#1917 = FILL_AREA_STYLE ('',( #214 ) ) ;
#1918 = FILL_AREA_STYLE ('',( #2881 ) ) ;
#1919 = DIRECTION ( 'NONE',  ( -0.7071067811864980568, 0.7071067811865969777, 0.000000000000000000 ) ) ;
#1920 = VERTEX_POINT ( 'NONE', #1344 ) ;
#1921 = SURFACE_STYLE_USAGE ( .BOTH. , #939 ) ;
#1922 =( NAMED_UNIT ( * ) SI_UNIT ( $, .STERADIAN. ) SOLID_ANGLE_UNIT ( ) );
#1923 = SURFACE_STYLE_USAGE ( .BOTH. , #1356 ) ;
#1924 = MECHANICAL_DESIGN_GEOMETRIC_PRESENTATION_REPRESENTATION (  '', ( #2790 ), #298 ) ;
#1925 = DIRECTION ( 'NONE',  ( 0.000000000000000000, 0.000000000000000000, 1.000000000000000000 ) ) ;
#1926 = VECTOR ( 'NONE', #2460, 1000.000000000000000 ) ;
#1927 = MECHANICAL_DESIGN_GEOMETRIC_PRESENTATION_REPRESENTATION (  '', ( #1722 ), #1809 ) ;
#1928 = FILL_AREA_STYLE_COLOUR ( '', #2258 ) ;
#1929 = CARTESIAN_POINT ( 'NONE',  ( -0.6809289727389410407, -2.655839688122128894, 2.080947381563744703 ) ) ;
#1930 = ADVANCED_FACE ( 'NONE', ( #549 ), #1129, .F. ) ;
#1931 = PRESENTATION_STYLE_ASSIGNMENT (( #1571 ) ) ;
#1932 =( NAMED_UNIT ( * ) PLANE_ANGLE_UNIT ( ) SI_UNIT ( $, .RADIAN. ) );
#1933 =( NAMED_UNIT ( * ) SI_UNIT ( $, .STERADIAN. ) SOLID_ANGLE_UNIT ( ) );
#1934 = COLOUR_RGB ( '',1.000000000000000000, 1.000000000000000000, 1.000000000000000000 ) ;
#1935 = CARTESIAN_POINT ( 'NONE',  ( 2.250000000000000000, 4.074999999999999289, -0.2000000000000000111 ) ) ;
#1936 = PRESENTATION_STYLE_ASSIGNMENT (( #2533 ) ) ;
#1937 =( NAMED_UNIT ( * ) PLANE_ANGLE_UNIT ( ) SI_UNIT ( $, .RADIAN. ) );
#1938 = SURFACE_SIDE_STYLE ('',( #2246 ) ) ;
#1939 = LINE ( 'NONE', #701, #1976 ) ;
#1940 = VECTOR ( 'NONE', #608, 1000.000000000000000 ) ;
#1941 = EDGE_CURVE ( 'NONE', #2725, #69, #1830, .T. ) ;
#1942 = VECTOR ( 'NONE', #2007, 1000.000000000000000 ) ;
#1943 = FILL_AREA_STYLE_COLOUR ( '', #636 ) ;
#1944 = MECHANICAL_DESIGN_GEOMETRIC_PRESENTATION_REPRESENTATION (  '', ( #276 ), #2277 ) ;
#1945 =( NAMED_UNIT ( * ) SI_UNIT ( $, .STERADIAN. ) SOLID_ANGLE_UNIT ( ) );
#1946 = DIRECTION ( 'NONE',  ( 0.000000000000000000, 0.000000000000000000, 1.000000000000000000 ) ) ;
#1947 = VERTEX_POINT ( 'NONE', #621 ) ;
#1948 = ORIENTED_EDGE ( 'NONE', *, *, #1382, .F. ) ;
#1949 =( NAMED_UNIT ( * ) SI_UNIT ( $, .STERADIAN. ) SOLID_ANGLE_UNIT ( ) );
#1950 =( NAMED_UNIT ( * ) PLANE_ANGLE_UNIT ( ) SI_UNIT ( $, .RADIAN. ) );
#1951 = VERTEX_POINT ( 'NONE', #2094 ) ;
#1952 = PRESENTATION_LAYER_ASSIGNMENT (  '', '', ( #3046 ) ) ;
#1953 = LINE ( 'NONE', #2696, #240 ) ;
#1954 = DIRECTION ( 'NONE',  ( -1.000000000000000000, 0.000000000000000000, 0.000000000000000000 ) ) ;
#1955 = ORIENTED_EDGE ( 'NONE', *, *, #1536, .F. ) ;
#1956 =( GEOMETRIC_REPRESENTATION_CONTEXT ( 3 ) GLOBAL_UNCERTAINTY_ASSIGNED_CONTEXT ( ( #160 ) ) GLOBAL_UNIT_ASSIGNED_CONTEXT ( ( #688, #2422, #3024 ) ) REPRESENTATION_CONTEXT ( 'NONE', 'WORKASPACE' ) );
#1957 = ORIENTED_EDGE ( 'NONE', *, *, #2516, .T. ) ;
#1958 = FILL_AREA_STYLE_COLOUR ( '', #947 ) ;
#1959 = LINE ( 'NONE', #1294, #1840 ) ;
#1960 = VERTEX_POINT ( 'NONE', #2106 ) ;
#1961 = DIRECTION ( 'NONE',  ( 0.000000000000000000, 0.000000000000000000, 1.000000000000000000 ) ) ;
#1962 =( NAMED_UNIT ( * ) SI_UNIT ( $, .STERADIAN. ) SOLID_ANGLE_UNIT ( ) );
#1963 = UNCERTAINTY_MEASURE_WITH_UNIT (LENGTH_MEASURE( 1.000000000000000082E-05 ), #602, 'distance_accuracy_value', 'NONE');
#1964 = CARTESIAN_POINT ( 'NONE',  ( 2.115000000000000213, 6.996999999999999886, -0.2000000000000000111 ) ) ;
#1965 = EDGE_CURVE ( 'NONE', #1598, #2789, #3077, .T. ) ;
#1966 = CIRCLE ( 'NONE', #511, 0.2000000000000000944 ) ;
#1967 = ORIENTED_EDGE ( 'NONE', *, *, #1549, .T. ) ;
#1968 = CARTESIAN_POINT ( 'NONE',  ( 2.890000000000000124, 5.599999999999999645, -0.2000000000000000111 ) ) ;
#1969 =( NAMED_UNIT ( * ) SI_UNIT ( $, .STERADIAN. ) SOLID_ANGLE_UNIT ( ) );
#1970 = MECHANICAL_DESIGN_GEOMETRIC_PRESENTATION_REPRESENTATION (  '', ( #1630 ), #819 ) ;
#1971 = EDGE_CURVE ( 'NONE', #955, #1386, #10, .T. ) ;
#1972 =( LENGTH_UNIT ( ) NAMED_UNIT ( * ) SI_UNIT ( .MILLI., .METRE. ) );
#1973 = AXIS2_PLACEMENT_3D ( 'NONE', #717, #3094, #2434 ) ;
#1974 = VECTOR ( 'NONE', #2022, 1000.000000000000000 ) ;
#1975 = PRESENTATION_STYLE_ASSIGNMENT (( #1679 ) ) ;
#1976 = VECTOR ( 'NONE', #2153, 1000.000000000000000 ) ;
#1977 = SURFACE_STYLE_FILL_AREA ( #380 ) ;
#1978 = PRESENTATION_STYLE_ASSIGNMENT (( #1433 ) ) ;
#1979 = SURFACE_STYLE_USAGE ( .BOTH. , #1005 ) ;
#1980 = CARTESIAN_POINT ( 'NONE',  ( 2.000000000000000000, -0.7750000000000000222, 3.399999999999999911 ) ) ;
#1981 = B_SPLINE_CURVE_WITH_KNOTS ( 'NONE', 3,
 ( #1980, #2820, #1862, #1147, #2596, #436, #1647, #1157, #2605, #181, #173, #2121, #651, #2130, #661, #1127, #2117, #2625, #898, #917, #2369, #1365, #909, #3066, #3039, #1851, #2618, #196 ),
 .UNSPECIFIED., .F., .F.,
 ( 4, 2, 2, 2, 2, 2, 1, 1, 2, 2, 2, 2, 2, 2, 4 ),
 ( 0.000000000000000000, 0.1250000000000010825, 0.1875000000000014710, 0.2500000000000018874, 0.3750000000000026090, 0.4375000000000030531, 0.4687500000000034972, 0.4843750000000036082, 0.4921875000000034972, 0.5000000000000033307, 0.6250000000000025535, 0.6875000000000019984, 0.7187500000000016653, 0.7500000000000013323, 1.000000000000000000 ),
 .UNSPECIFIED. ) ;
#1982 = DIRECTION ( 'NONE',  ( -1.000000000000000000, 0.000000000000000000, 0.000000000000000000 ) ) ;
#1983 = EDGE_CURVE ( 'NONE', #1874, #127, #1102, .T. ) ;
#1984 = CARTESIAN_POINT ( 'NONE',  ( -1.618530595594192878, -1.956873579003993280, 3.018422633737233962 ) ) ;
#1985 = ORIENTED_EDGE ( 'NONE', *, *, #2729, .F. ) ;
#1986 = PRESENTATION_STYLE_ASSIGNMENT (( #2118 ) ) ;
#1987 = PRESENTATION_STYLE_ASSIGNMENT (( #600 ) ) ;
#1988 = AXIS2_PLACEMENT_3D ( 'NONE', #1810, #817, #2310 ) ;
#1989 = CARTESIAN_POINT ( 'NONE',  ( 2.115000000000000213, 5.675000000000000711, -0.2000000000000000111 ) ) ;
#1990 =( NAMED_UNIT ( * ) SI_UNIT ( $, .STERADIAN. ) SOLID_ANGLE_UNIT ( ) );
#1991 = CARTESIAN_POINT ( 'NONE',  ( 2.250000000000000000, 4.074999999999999289, -0.2000000000000000111 ) ) ;
#1992 = ORIENTED_EDGE ( 'NONE', *, *, #627, .T. ) ;
#1993 = MECHANICAL_DESIGN_GEOMETRIC_PRESENTATION_REPRESENTATION (  '', ( #630 ), #2279 ) ;
#1994 = EDGE_CURVE ( 'NONE', #2072, #596, #2529, .T. ) ;
#1995 = VERTEX_POINT ( 'NONE', #374 ) ;
#1996 = FILL_AREA_STYLE_COLOUR ( '', #1667 ) ;
#1997 = STYLED_ITEM ( 'NONE', ( #178 ), #2711 ) ;
#1998 = ORIENTED_EDGE ( 'NONE', *, *, #281, .T. ) ;
#1999 = DIRECTION ( 'NONE',  ( 0.000000000000000000, 1.000000000000000000, 0.000000000000000000 ) ) ;
#2000 = DIRECTION ( 'NONE',  ( 0.000000000000000000, 1.000000000000000000, 0.000000000000000000 ) ) ;
#2001 = CARTESIAN_POINT ( 'NONE',  ( 1.550000000000000044, 4.575000000000000178, -0.2000000000000000111 ) ) ;
#2002 = UNCERTAINTY_MEASURE_WITH_UNIT (LENGTH_MEASURE( 1.000000000000000082E-05 ), #2184, 'distance_accuracy_value', 'NONE');
#2003 = EDGE_CURVE ( 'NONE', #1916, #1335, #575, .T. ) ;
#2004 = SURFACE_STYLE_FILL_AREA ( #2803 ) ;
#2005 = ORIENTED_EDGE ( 'NONE', *, *, #413, .F. ) ;
#2006 = DIRECTION ( 'NONE',  ( 0.000000000000000000, -1.000000000000000000, 0.000000000000000000 ) ) ;
#2007 = DIRECTION ( 'NONE',  ( 0.000000000000000000, -1.000000000000000000, 0.000000000000000000 ) ) ;
#2008 = VECTOR ( 'NONE', #525, 1000.000000000000000 ) ;
#2009 = STYLED_ITEM ( 'NONE', ( #2489 ), #263 ) ;
#2010 = FILL_AREA_STYLE_COLOUR ( '', #3012 ) ;
#2011 = MECHANICAL_DESIGN_GEOMETRIC_PRESENTATION_REPRESENTATION (  '', ( #2469 ), #2532 ) ;
#2012 = SURFACE_STYLE_FILL_AREA ( #460 ) ;
#2013 = EDGE_CURVE ( 'NONE', #1800, #1076, #2682, .T. ) ;
#2014 = LINE ( 'NONE', #712, #1092 ) ;
#2015 = FACE_OUTER_BOUND ( 'NONE', #1578, .T. ) ;
#2016 = AXIS2_PLACEMENT_3D ( 'NONE', #2621, #1388, #1150 ) ;
#2017 =( NAMED_UNIT ( * ) PLANE_ANGLE_UNIT ( ) SI_UNIT ( $, .RADIAN. ) );
#2018 = VECTOR ( 'NONE', #2686, 1000.000000000000000 ) ;
#2019 = CARTESIAN_POINT ( 'NONE',  ( 0.000000000000000000, 0.000000000000000000, 0.2999999999999999889 ) ) ;
#2020 = VERTEX_POINT ( 'NONE', #1845 ) ;
#2021 = LINE ( 'NONE', #1853, #1368 ) ;
#2022 = DIRECTION ( 'NONE',  ( 0.000000000000000000, -1.000000000000000000, 0.000000000000000000 ) ) ;
#2023 = ORIENTED_EDGE ( 'NONE', *, *, #2574, .F. ) ;
#2024 = ORIENTED_EDGE ( 'NONE', *, *, #2545, .F. ) ;
#2025 = SURFACE_STYLE_USAGE ( .BOTH. , #360 ) ;
#2026 = ORIENTED_EDGE ( 'NONE', *, *, #1036, .T. ) ;
#2027 = VECTOR ( 'NONE', #2975, 1000.000000000000000 ) ;
#2028 = EDGE_LOOP ( 'NONE', ( #2990, #1948, #230, #873 ) ) ;
#2029 = STYLED_ITEM ( 'NONE', ( #2547 ), #1155 ) ;
#2030 = SURFACE_STYLE_FILL_AREA ( #1918 ) ;
#2031 = FILL_AREA_STYLE_COLOUR ( '', #869 ) ;
#2032 =( LENGTH_UNIT ( ) NAMED_UNIT ( * ) SI_UNIT ( .MILLI., .METRE. ) );
#2033 = SURFACE_STYLE_FILL_AREA ( #2601 ) ;
#2034 = ORIENTED_EDGE ( 'NONE', *, *, #561, .F. ) ;
#2035 = MECHANICAL_DESIGN_GEOMETRIC_PRESENTATION_REPRESENTATION (  '', ( #1860 ), #449 ) ;
#2036 = ORIENTED_EDGE ( 'NONE', *, *, #2376, .F. ) ;
#2037 = STYLED_ITEM ( 'NONE', ( #497 ), #2891 ) ;
#2038 = LINE ( 'NONE', #314, #2143 ) ;
#2039 = ORIENTED_EDGE ( 'NONE', *, *, #2674, .T. ) ;
#2040 = UNCERTAINTY_MEASURE_WITH_UNIT (LENGTH_MEASURE( 1.000000000000000082E-05 ), #1426, 'distance_accuracy_value', 'NONE');
#2041 = FACE_OUTER_BOUND ( 'NONE', #1507, .T. ) ;
#2042 = ORIENTED_EDGE ( 'NONE', *, *, #1680, .F. ) ;
#2043 = FILL_AREA_STYLE_COLOUR ( '', #2250 ) ;
#2044 = EDGE_CURVE ( 'NONE', #2853, #1920, #2568, .T. ) ;
#2045 = CARTESIAN_POINT ( 'NONE',  ( -0.3499999999999999778, 5.599999999999999645, 0.2999999999999999889 ) ) ;
#2046 = CARTESIAN_POINT ( 'NONE',  ( -2.965000000000000302, 5.675000000000000711, 0.2999999999999999889 ) ) ;
#2047 = MECHANICAL_DESIGN_GEOMETRIC_PRESENTATION_REPRESENTATION (  '', ( #237 ), #2549 ) ;
#2048 = SURFACE_SIDE_STYLE ('',( #1977 ) ) ;
#2049 = PRESENTATION_STYLE_ASSIGNMENT (( #255 ) ) ;
#2050 = LINE ( 'NONE', #2444, #2868 ) ;
#2051 = SURFACE_SIDE_STYLE ('',( #991 ) ) ;
#2052 = VECTOR ( 'NONE', #2723, 1000.000000000000000 ) ;
#2053 = AXIS2_PLACEMENT_3D ( 'NONE', #1438, #489, #499 ) ;
#2054 = CARTESIAN_POINT ( 'NONE',  ( 2.250000000000000000, 4.074999999999999289, -0.2000000000000000111 ) ) ;
#2055 = LINE ( 'NONE', #2161, #1558 ) ;
#2056 = CIRCLE ( 'NONE', #217, 0.2000000000000000944 ) ;
#2057 = ORIENTED_EDGE ( 'NONE', *, *, #1625, .F. ) ;
#2058 = CARTESIAN_POINT ( 'NONE',  ( 1.550000000000000044, 4.774999999999999467, 0.2999999999999999889 ) ) ;
#2059 = ORIENTED_EDGE ( 'NONE', *, *, #2366, .T. ) ;
#2060 = SURFACE_STYLE_FILL_AREA ( #103 ) ;
#2061 = DIRECTION ( 'NONE',  ( 0.000000000000000000, 0.000000000000000000, 1.000000000000000000 ) ) ;
#2062 = ORIENTED_EDGE ( 'NONE', *, *, #1410, .T. ) ;
#2063 = FILL_AREA_STYLE_COLOUR ( '', #2697 ) ;
#2064 = MECHANICAL_DESIGN_GEOMETRIC_PRESENTATION_REPRESENTATION (  '', ( #319 ), #2387 ) ;
#2065 =( NAMED_UNIT ( * ) PLANE_ANGLE_UNIT ( ) SI_UNIT ( $, .RADIAN. ) );
#2066 = ORIENTED_EDGE ( 'NONE', *, *, #3040, .F. ) ;
#2067 = EDGE_CURVE ( 'NONE', #1914, #1770, #1330, .T. ) ;
#2068 = CARTESIAN_POINT ( 'NONE',  ( -0.4249999999999999889, 5.675000000000000711, -0.2000000000000000111 ) ) ;
#2069 = ORIENTED_EDGE ( 'NONE', *, *, #2238, .T. ) ;
#2070 = FILL_AREA_STYLE ('',( #2762 ) ) ;
#2071 =( NAMED_UNIT ( * ) PLANE_ANGLE_UNIT ( ) SI_UNIT ( $, .RADIAN. ) );
#2072 = VERTEX_POINT ( 'NONE', #426 ) ;
#2073 = SURFACE_STYLE_USAGE ( .BOTH. , #616 ) ;
#2074 = ORIENTED_EDGE ( 'NONE', *, *, #1476, .T. ) ;
#2075 = SURFACE_SIDE_STYLE ('',( #1293 ) ) ;
#2076 = CIRCLE ( 'NONE', #921, 0.1999999999999996503 ) ;
#2077 = CARTESIAN_POINT ( 'NONE',  ( 2.050000000000000266, 3.474999999999999645, 0.2999999999999999889 ) ) ;
#2078 =( LENGTH_UNIT ( ) NAMED_UNIT ( * ) SI_UNIT ( .MILLI., .METRE. ) );
#2079 = PLANE ( 'NONE',  #1791 ) ;
#2080 = FACE_OUTER_BOUND ( 'NONE', #2610, .T. ) ;
#2081 = EDGE_CURVE ( 'NONE', #2640, #2336, #2021, .T. ) ;
#2082 = CARTESIAN_POINT ( 'NONE',  ( 2.190999999999999837, 5.599000000000000199, -0.2000000000000000111 ) ) ;
#2083 = PRESENTATION_STYLE_ASSIGNMENT (( #1921 ) ) ;
#2084 = PRESENTATION_LAYER_ASSIGNMENT (  '', '', ( #1649 ) ) ;
#2085 = FACE_OUTER_BOUND ( 'NONE', #2959, .T. ) ;
#2086 = VECTOR ( 'NONE', #476, 1000.000000000000000 ) ;
#2087 = DIRECTION ( 'NONE',  ( 0.000000000000000000, -1.000000000000000000, 0.000000000000000000 ) ) ;
#2088 = VECTOR ( 'NONE', #315, 1000.000000000000000 ) ;
#2089 = SURFACE_SIDE_STYLE ('',( #442 ) ) ;
#2090 = MECHANICAL_DESIGN_GEOMETRIC_PRESENTATION_REPRESENTATION (  '', ( #2358 ), #2894 ) ;
#2091 = DIRECTION ( 'NONE',  ( 0.000000000000000000, -1.000000000000000000, 0.000000000000000000 ) ) ;
#2092 = CARTESIAN_POINT ( 'NONE',  ( -0.4249999999999999889, 5.675000000000000711, 0.2999999999999999889 ) ) ;
#2093 = VERTEX_POINT ( 'NONE', #2343 ) ;
#2094 = CARTESIAN_POINT ( 'NONE',  ( 1.991000000000000103, 4.774999999999999467, -0.2000000000000000111 ) ) ;
#2095 = UNCERTAINTY_MEASURE_WITH_UNIT (LENGTH_MEASURE( 1.000000000000000082E-05 ), #612, 'distance_accuracy_value', 'NONE');
#2096 = MECHANICAL_DESIGN_GEOMETRIC_PRESENTATION_REPRESENTATION (  '', ( #1599 ), #2992 ) ;
#2097 =( NAMED_UNIT ( * ) SI_UNIT ( $, .STERADIAN. ) SOLID_ANGLE_UNIT ( ) );
#2098 = CARTESIAN_POINT ( 'NONE',  ( 0.000000000000000000, 0.000000000000000000, 0.2999999999999999889 ) ) ;
#2099 = VERTEX_POINT ( 'NONE', #437 ) ;
#2100 = VECTOR ( 'NONE', #2553, 1000.000000000000000 ) ;
#2101 = ORIENTED_EDGE ( 'NONE', *, *, #2013, .T. ) ;
#2102 = ORIENTED_EDGE ( 'NONE', *, *, #1062, .F. ) ;
#2103 = CIRCLE ( 'NONE', #1596, 0.2000000000000000944 ) ;
#2104 = EDGE_CURVE ( 'NONE', #1920, #3059, #83, .T. ) ;
#2105 = ORIENTED_EDGE ( 'NONE', *, *, #1983, .T. ) ;
#2106 = CARTESIAN_POINT ( 'NONE',  ( -0.3499999999999999778, 5.599999999999999645, -0.2000000000000000111 ) ) ;
#2107 =( GEOMETRIC_REPRESENTATION_CONTEXT ( 3 ) GLOBAL_UNCERTAINTY_ASSIGNED_CONTEXT ( ( #2579 ) ) GLOBAL_UNIT_ASSIGNED_CONTEXT ( ( #2186, #12, #482 ) ) REPRESENTATION_CONTEXT ( 'NONE', 'WORKASPACE' ) );
#2108 = VECTOR ( 'NONE', #250, 1000.000000000000000 ) ;
#2109 = ORIENTED_EDGE ( 'NONE', *, *, #2816, .F. ) ;
#2110 = DIRECTION ( 'NONE',  ( -1.000000000000000000, 0.000000000000000000, 0.000000000000000000 ) ) ;
#2111 =( GEOMETRIC_REPRESENTATION_CONTEXT ( 3 ) GLOBAL_UNCERTAINTY_ASSIGNED_CONTEXT ( ( #1328 ) ) GLOBAL_UNIT_ASSIGNED_CONTEXT ( ( #94, #598, #2554 ) ) REPRESENTATION_CONTEXT ( 'NONE', 'WORKASPACE' ) );
#2112 = CARTESIAN_POINT ( 'NONE',  ( 0.3499999999999999778, 7.072000000000000064, -0.2000000000000000111 ) ) ;
#2113 = EDGE_CURVE ( 'NONE', #1535, #127, #1291, .T. ) ;
#2114 = VECTOR ( 'NONE', #1341, 1000.000000000000000 ) ;
#2115 = EDGE_LOOP ( 'NONE', ( #520, #2965, #3078, #2756, #2687, #359, #2883, #1562, #371, #85, #2005, #2576, #1444, #1674, #202, #995 ) ) ;
#2116 = UNCERTAINTY_MEASURE_WITH_UNIT (LENGTH_MEASURE( 1.000000000000000082E-05 ), #1494, 'distance_accuracy_value', 'NONE');
#2117 = CARTESIAN_POINT ( 'NONE',  ( 1.450867978089992238, -2.151602378379948721, 2.851089313459155949 ) ) ;
#2118 = SURFACE_STYLE_USAGE ( .BOTH. , #389 ) ;
#2119 =( NAMED_UNIT ( * ) SI_UNIT ( $, .STERADIAN. ) SOLID_ANGLE_UNIT ( ) );
#2120 = EDGE_CURVE ( 'NONE', #2849, #1535, #2877, .T. ) ;
#2121 = CARTESIAN_POINT ( 'NONE',  ( 1.555102920703115510, -2.033062830860146164, 2.955170976135822247 ) ) ;
#2122 = VECTOR ( 'NONE', #1832, 1000.000000000000000 ) ;
#2123 = COLOUR_RGB ( '',1.000000000000000000, 1.000000000000000000, 1.000000000000000000 ) ;
#2124 = CARTESIAN_POINT ( 'NONE',  ( 2.299999999999999822, -3.275000000000000355, -1.399999999999999911 ) ) ;
#2125 = SURFACE_SIDE_STYLE ('',( #405 ) ) ;
#2126 = ORIENTED_EDGE ( 'NONE', *, *, #2274, .T. ) ;
#2127 = STYLED_ITEM ( 'NONE', ( #1762 ), #1915 ) ;
#2128 = UNCERTAINTY_MEASURE_WITH_UNIT (LENGTH_MEASURE( 1.000000000000000082E-05 ), #1110, 'distance_accuracy_value', 'NONE');
#2129 = DIRECTION ( 'NONE',  ( 0.000000000000000000, 1.000000000000000000, 0.000000000000000000 ) ) ;
#2130 = CARTESIAN_POINT ( 'NONE',  ( 1.485474694207847168, -2.114344890972705837, 2.885668299886335220 ) ) ;
#2131 = CARTESIAN_POINT ( 'NONE',  ( 2.000000000000000000, -0.7750000000000000222, 1.399999999999999911 ) ) ;
#2132 = ORIENTED_EDGE ( 'NONE', *, *, #532, .F. ) ;
#2133 =( NAMED_UNIT ( * ) SI_UNIT ( $, .STERADIAN. ) SOLID_ANGLE_UNIT ( ) );
#2134 = ADVANCED_FACE ( 'NONE', ( #2495 ), #2334, .T. ) ;
#2135 = ORIENTED_EDGE ( 'NONE', *, *, #31, .F. ) ;
#2136 =( LENGTH_UNIT ( ) NAMED_UNIT ( * ) SI_UNIT ( .MILLI., .METRE. ) );
#2137 = CARTESIAN_POINT ( 'NONE',  ( -1.062694492493948983, -2.474310387606982520, 2.461566935870465489 ) ) ;
#2138 = EDGE_CURVE ( 'NONE', #62, #596, #2407, .T. ) ;
#2139 = CARTESIAN_POINT ( 'NONE',  ( -0.3499999999999999778, 27.02500000000000213, -0.2000000000000000111 ) ) ;
#2140 = SURFACE_SIDE_STYLE ('',( #2907 ) ) ;
#2141 = EDGE_LOOP ( 'NONE', ( #355, #1575, #592, #2700 ) ) ;
#2142 = DIRECTION ( 'NONE',  ( -1.000000000000000000, 0.000000000000000000, 0.000000000000000000 ) ) ;
#2143 = VECTOR ( 'NONE', #2228, 1000.000000000000114 ) ;
#2144 = DIRECTION ( 'NONE',  ( 1.000000000000000000, 0.000000000000000000, 0.000000000000000000 ) ) ;
#2145 = ORIENTED_EDGE ( 'NONE', *, *, #2160, .F. ) ;
#2146 = DIRECTION ( 'NONE',  ( 0.000000000000000000, -1.000000000000000000, 0.000000000000000000 ) ) ;
#2147 = EDGE_LOOP ( 'NONE', ( #2296, #1259, #1486, #2177 ) ) ;
#2148 = EDGE_CURVE ( 'NONE', #2789, #1451, #761, .T. ) ;
#2149 =( LENGTH_UNIT ( ) NAMED_UNIT ( * ) SI_UNIT ( .MILLI., .METRE. ) );
#2150 = ADVANCED_FACE ( 'NONE', ( #1760 ), #308, .T. ) ;
#2151 = LINE ( 'NONE', #2726, #1352 ) ;
#2152 =( NAMED_UNIT ( * ) SI_UNIT ( $, .STERADIAN. ) SOLID_ANGLE_UNIT ( ) );
#2153 = DIRECTION ( 'NONE',  ( 0.000000000000000000, -1.000000000000000000, 0.000000000000000000 ) ) ;
#2154 = MECHANICAL_DESIGN_GEOMETRIC_PRESENTATION_REPRESENTATION (  '', ( #3008 ), #2361 ) ;
#2155 = CARTESIAN_POINT ( 'NONE',  ( 2.689999999999999947, 4.275000000000000355, -0.2000000000000000111 ) ) ;
#2156 = FILL_AREA_STYLE ('',( #1875 ) ) ;
#2157 = FILL_AREA_STYLE ('',( #902 ) ) ;
#2158 = DIRECTION ( 'NONE',  ( 0.000000000000000000, 0.000000000000000000, 1.000000000000000000 ) ) ;
#2159 = VECTOR ( 'NONE', #1184, 1000.000000000000000 ) ;
#2160 = EDGE_CURVE ( 'NONE', #1446, #2779, #147, .T. ) ;
#2161 = CARTESIAN_POINT ( 'NONE',  ( 1.991000000000000103, 4.774999999999999467, -0.2000000000000000111 ) ) ;
#2162 =( NAMED_UNIT ( * ) SI_UNIT ( $, .STERADIAN. ) SOLID_ANGLE_UNIT ( ) );
#2163 = VECTOR ( 'NONE', #60, 1000.000000000000000 ) ;
#2164 = VECTOR ( 'NONE', #864, 1000.000000000000000 ) ;
#2165 = ORIENTED_EDGE ( 'NONE', *, *, #1654, .T. ) ;
#2166 = ADVANCED_FACE ( 'NONE', ( #386 ), #1913, .T. ) ;
#2167 = DIRECTION ( 'NONE',  ( 0.000000000000000000, -1.000000000000000000, 0.000000000000000000 ) ) ;
#2168 = FACE_OUTER_BOUND ( 'NONE', #1601, .T. ) ;
#2169 = CARTESIAN_POINT ( 'NONE',  ( 2.689999999999999947, 4.074999999999999289, -0.2000000000000000111 ) ) ;
#2170 = AXIS2_PLACEMENT_3D ( 'NONE', #1673, #2389, #220 ) ;
#2171 = DIRECTION ( 'NONE',  ( 1.000000000000000000, 0.000000000000000000, 0.000000000000000000 ) ) ;
#2172 = EDGE_CURVE ( 'NONE', #2020, #1271, #1827, .T. ) ;
#2173 = ORIENTED_EDGE ( 'NONE', *, *, #168, .F. ) ;
#2174 =( NAMED_UNIT ( * ) PLANE_ANGLE_UNIT ( ) SI_UNIT ( $, .RADIAN. ) );
#2175 = VERTEX_POINT ( 'NONE', #2462 ) ;
#2176 = STYLED_ITEM ( 'NONE', ( #714 ), #2394 ) ;
#2177 = ORIENTED_EDGE ( 'NONE', *, *, #413, .T. ) ;
#2178 = LINE ( 'NONE', #1902, #2991 ) ;
#2179 =( LENGTH_UNIT ( ) NAMED_UNIT ( * ) SI_UNIT ( .MILLI., .METRE. ) );
#2180 =( NAMED_UNIT ( * ) PLANE_ANGLE_UNIT ( ) SI_UNIT ( $, .RADIAN. ) );
#2181 =( NAMED_UNIT ( * ) SI_UNIT ( $, .STERADIAN. ) SOLID_ANGLE_UNIT ( ) );
#2182 = ORIENTED_EDGE ( 'NONE', *, *, #2274, .F. ) ;
#2183 =( GEOMETRIC_REPRESENTATION_CONTEXT ( 3 ) GLOBAL_UNCERTAINTY_ASSIGNED_CONTEXT ( ( #2840 ) ) GLOBAL_UNIT_ASSIGNED_CONTEXT ( ( #2179, #1932, #2152 ) ) REPRESENTATION_CONTEXT ( 'NONE', 'WORKASPACE' ) );
#2184 =( LENGTH_UNIT ( ) NAMED_UNIT ( * ) SI_UNIT ( .MILLI., .METRE. ) );
#2185 = DIRECTION ( 'NONE',  ( -1.000000000000000000, 0.000000000000000000, 0.000000000000000000 ) ) ;
#2186 =( LENGTH_UNIT ( ) NAMED_UNIT ( * ) SI_UNIT ( .MILLI., .METRE. ) );
#2187 = CARTESIAN_POINT ( 'NONE',  ( -1.373586910721285914, -2.229236677262846467, 2.773674033119367000 ) ) ;
#2188 = EDGE_CURVE ( 'NONE', #2272, #2639, #2401, .T. ) ;
#2189 = VECTOR ( 'NONE', #4, 1000.000000000000000 ) ;
#2190 = ADVANCED_FACE ( 'NONE', ( #2715 ), #2889, .T. ) ;
#2191 = ORIENTED_EDGE ( 'NONE', *, *, #2366, .F. ) ;
#2192 = SURFACE_SIDE_STYLE ('',( #1087 ) ) ;
#2193 = CARTESIAN_POINT ( 'NONE',  ( 2.965000000000000302, 5.675000000000000711, 0.2999999999999999889 ) ) ;
#2194 =( NAMED_UNIT ( * ) PLANE_ANGLE_UNIT ( ) SI_UNIT ( $, .RADIAN. ) );
#2195 = ORIENTED_EDGE ( 'NONE', *, *, #1455, .T. ) ;
#2196 = UNCERTAINTY_MEASURE_WITH_UNIT (LENGTH_MEASURE( 1.000000000000000082E-05 ), #77, 'distance_accuracy_value', 'NONE');
#2197 = MECHANICAL_DESIGN_GEOMETRIC_PRESENTATION_REPRESENTATION (  '', ( #1415 ), #996 ) ;
#2198 = FILL_AREA_STYLE_COLOUR ( '', #2449 ) ;
#2199 = PRESENTATION_STYLE_ASSIGNMENT (( #2859 ) ) ;
#2200 = SURFACE_STYLE_FILL_AREA ( #531 ) ;
#2201 = DIRECTION ( 'NONE',  ( 0.000000000000000000, -1.000000000000000000, 0.000000000000000000 ) ) ;
#2202 = STYLED_ITEM ( 'NONE', ( #2083 ), #3063 ) ;
#2203 =( LENGTH_UNIT ( ) NAMED_UNIT ( * ) SI_UNIT ( .MILLI., .METRE. ) );
#2204 = VECTOR ( 'NONE', #1780, 1000.000000000000114 ) ;
#2205 =( LENGTH_UNIT ( ) NAMED_UNIT ( * ) SI_UNIT ( .MILLI., .METRE. ) );
#2206 = DIRECTION ( 'NONE',  ( 0.000000000000000000, -1.000000000000000000, 0.000000000000000000 ) ) ;
#2207 = PLANE ( 'NONE',  #133 ) ;
#2208 = COLOUR_RGB ( '',1.000000000000000000, 1.000000000000000000, 1.000000000000000000 ) ;
#2209 = B_SPLINE_CURVE_WITH_KNOTS ( 'NONE', 3,
 ( #1181, #1681, #1655, #2664, #1213, #1909, #1929, #483, #1168, #495, #2137, #708, #204, #2908, #2187, #2688, #2858, #1412, #457, #1752, #1984, #1223, #267, #34, #1702, #534, #769, #1471 ),
 .UNSPECIFIED., .F., .F.,
 ( 4, 2, 2, 2, 2, 2, 2, 1, 1, 2, 2, 2, 2, 2, 4 ),
 ( 0.000000000000000000, 0.1250000000000017486, 0.1875000000000025813, 0.2187500000000029976, 0.2500000000000033862, 0.3750000000000046074, 0.4375000000000051625, 0.4687500000000054401, 0.4843750000000053291, 0.4921875000000052180, 0.5000000000000051070, 0.6250000000000039968, 0.6875000000000034417, 0.7500000000000027756, 1.000000000000000000 ),
 .UNSPECIFIED. ) ;
#2210 = VECTOR ( 'NONE', #2560, 1000.000000000000000 ) ;
#2211 = EDGE_CURVE ( 'NONE', #1381, #274, #1437, .T. ) ;
#2212 = LINE ( 'NONE', #1030, #1942 ) ;
#2213 =( NAMED_UNIT ( * ) SI_UNIT ( $, .STERADIAN. ) SOLID_ANGLE_UNIT ( ) );
#2214 = VECTOR ( 'NONE', #2523, 1000.000000000000000 ) ;
#2215 = LINE ( 'NONE', #2501, #906 ) ;
#2216 = PRESENTATION_LAYER_ASSIGNMENT (  '', '', ( #1716 ) ) ;
#2217 = DIRECTION ( 'NONE',  ( -1.000000000000000000, 0.000000000000000000, 0.000000000000000000 ) ) ;
#2218 = CARTESIAN_POINT ( 'NONE',  ( 2.050000000000000266, 3.474999999999999645, -0.2000000000000000111 ) ) ;
#2219 = VERTEX_POINT ( 'NONE', #729 ) ;
#2220 = VECTOR ( 'NONE', #894, 1000.000000000000000 ) ;
#2221 = EDGE_LOOP ( 'NONE', ( #518, #54, #2727, #805, #1292, #560, #2897, #2322 ) ) ;
#2222 = DIRECTION ( 'NONE',  ( 0.000000000000000000, 0.000000000000000000, 1.000000000000000000 ) ) ;
#2223 = CARTESIAN_POINT ( 'NONE',  ( 2.965000000000000302, 6.996999999999999886, -0.2000000000000000111 ) ) ;
#2224 = EDGE_LOOP ( 'NONE', ( #1439, #1794, #335, #639 ) ) ;
#2225 = AXIS2_PLACEMENT_3D ( 'NONE', #3013, #1070, #2061 ) ;
#2226 = ORIENTED_EDGE ( 'NONE', *, *, #1455, .F. ) ;
#2227 = SURFACE_SIDE_STYLE ('',( #2200 ) ) ;
#2228 = DIRECTION ( 'NONE',  ( 0.7071067811865474617, -0.7071067811865474617, 0.000000000000000000 ) ) ;
#2229 = FACE_OUTER_BOUND ( 'NONE', #1109, .T. ) ;
#2230 = CARTESIAN_POINT ( 'NONE',  ( 2.965000000000000302, 5.675000000000000711, 0.2999999999999999889 ) ) ;
#2231 = ORIENTED_EDGE ( 'NONE', *, *, #1476, .F. ) ;
#2232 = CYLINDRICAL_SURFACE ( 'NONE', #1475, 0.2000000000000000944 ) ;
#2233 = ORIENTED_EDGE ( 'NONE', *, *, #2120, .F. ) ;
#2234 = DIRECTION ( 'NONE',  ( 0.000000000000000000, 0.000000000000000000, 1.000000000000000000 ) ) ;
#2235 = SURFACE_SIDE_STYLE ('',( #2515 ) ) ;
#2236 = CARTESIAN_POINT ( 'NONE',  ( -0.3499999999999999778, 27.02500000000000213, 0.2999999999999999889 ) ) ;
#2237 =( GEOMETRIC_REPRESENTATION_CONTEXT ( 3 ) GLOBAL_UNCERTAINTY_ASSIGNED_CONTEXT ( ( #723 ) ) GLOBAL_UNIT_ASSIGNED_CONTEXT ( ( #290, #2478, #1024 ) ) REPRESENTATION_CONTEXT ( 'NONE', 'WORKASPACE' ) );
#2238 = EDGE_CURVE ( 'NONE', #2530, #610, #2056, .T. ) ;
#2239 = UNCERTAINTY_MEASURE_WITH_UNIT (LENGTH_MEASURE( 1.000000000000000082E-05 ), #2149, 'distance_accuracy_value', 'NONE');
#2240 = ADVANCED_FACE ( 'NONE', ( #606 ), #224, .T. ) ;
#2241 = VECTOR ( 'NONE', #1197, 1000.000000000000000 ) ;
#2242 = FACE_OUTER_BOUND ( 'NONE', #1145, .T. ) ;
#2243 = PRESENTATION_LAYER_ASSIGNMENT (  '', '', ( #330 ) ) ;
#2244 = DIRECTION ( 'NONE',  ( 0.000000000000000000, 1.000000000000000000, 0.000000000000000000 ) ) ;
#2245 = VECTOR ( 'NONE', #2884, 1000.000000000000000 ) ;
#2246 = SURFACE_STYLE_FILL_AREA ( #972 ) ;
#2247 = CARTESIAN_POINT ( 'NONE',  ( -2.000000000000000000, -0.7750000000000000222, 1.399999999999999911 ) ) ;
#2248 = SURFACE_STYLE_FILL_AREA ( #827 ) ;
#2249 = PRODUCT_DEFINITION_SHAPE ( 'NONE', 'NONE',  #702 ) ;
#2250 = COLOUR_RGB ( '',1.000000000000000000, 1.000000000000000000, 1.000000000000000000 ) ;
#2251 = CARTESIAN_POINT ( 'NONE',  ( 1.991000000000000103, 4.774999999999999467, -0.2000000000000000111 ) ) ;
#2252 = COLOUR_RGB ( '',0.2980392156862745057, 0.2980392156862745057, 0.2980392156862745057 ) ;
#2253 = CARTESIAN_POINT ( 'NONE',  ( -2.115000000000000213, 6.996999999999999886, -0.2000000000000000111 ) ) ;
#2254 = DIRECTION ( 'NONE',  ( 1.000000000000000000, 0.000000000000000000, 0.000000000000000000 ) ) ;
#2255 = EDGE_CURVE ( 'NONE', #1066, #274, #794, .T. ) ;
#2256 = ORIENTED_EDGE ( 'NONE', *, *, #1491, .T. ) ;
#2257 = DIRECTION ( 'NONE',  ( 0.000000000000000000, 1.000000000000000000, 0.000000000000000000 ) ) ;
#2258 = COLOUR_RGB ( '',1.000000000000000000, 1.000000000000000000, 1.000000000000000000 ) ;
#2259 = PRESENTATION_STYLE_ASSIGNMENT (( #197 ) ) ;
#2260 = ORIENTED_EDGE ( 'NONE', *, *, #2674, .F. ) ;
#2261 = ORIENTED_EDGE ( 'NONE', *, *, #493, .T. ) ;
#2262 =( GEOMETRIC_REPRESENTATION_CONTEXT ( 3 ) GLOBAL_UNCERTAINTY_ASSIGNED_CONTEXT ( ( #350 ) ) GLOBAL_UNIT_ASSIGNED_CONTEXT ( ( #1253, #1735, #1500 ) ) REPRESENTATION_CONTEXT ( 'NONE', 'WORKASPACE' ) );
#2263 = EDGE_LOOP ( 'NONE', ( #312, #1053, #522, #1526 ) ) ;
#2264 = LINE ( 'NONE', #593, #2027 ) ;
#2265 = MECHANICAL_DESIGN_GEOMETRIC_PRESENTATION_REPRESENTATION (  '', ( #2427 ), #1255 ) ;
#2266 = ORIENTED_EDGE ( 'NONE', *, *, #343, .T. ) ;
#2267 = ORIENTED_EDGE ( 'NONE', *, *, #1645, .F. ) ;
#2268 = CARTESIAN_POINT ( 'NONE',  ( -2.189999999999999947, 27.02500000000000213, 0.2999999999999999889 ) ) ;
#2269 = DIRECTION ( 'NONE',  ( -0.7071067811865475727, -0.7071067811865475727, 0.000000000000000000 ) ) ;
#2270 = LINE ( 'NONE', #1823, #480 ) ;
#2271 = PRESENTATION_LAYER_ASSIGNMENT (  '', '', ( #2542 ) ) ;
#2272 = VERTEX_POINT ( 'NONE', #2903 ) ;
#2273 = CARTESIAN_POINT ( 'NONE',  ( 2.965000000000000302, 6.996999999999999886, 0.2999999999999999889 ) ) ;
#2274 = EDGE_CURVE ( 'NONE', #2461, #757, #423, .T. ) ;
#2275 = VERTEX_POINT ( 'NONE', #703 ) ;
#2276 = DIRECTION ( 'NONE',  ( 0.000000000000000000, 0.000000000000000000, 1.000000000000000000 ) ) ;
#2277 =( GEOMETRIC_REPRESENTATION_CONTEXT ( 3 ) GLOBAL_UNCERTAINTY_ASSIGNED_CONTEXT ( ( #3048 ) ) GLOBAL_UNIT_ASSIGNED_CONTEXT ( ( #1275, #544, #45 ) ) REPRESENTATION_CONTEXT ( 'NONE', 'WORKASPACE' ) );
#2278 = UNCERTAINTY_MEASURE_WITH_UNIT (LENGTH_MEASURE( 1.000000000000000082E-05 ), #40, 'distance_accuracy_value', 'NONE');
#2279 =( GEOMETRIC_REPRESENTATION_CONTEXT ( 3 ) GLOBAL_UNCERTAINTY_ASSIGNED_CONTEXT ( ( #903 ) ) GLOBAL_UNIT_ASSIGNED_CONTEXT ( ( #165, #2586, #418 ) ) REPRESENTATION_CONTEXT ( 'NONE', 'WORKASPACE' ) );
#2280 = DIRECTION ( 'NONE',  ( 0.000000000000000000, 0.000000000000000000, 1.000000000000000000 ) ) ;
#2281 = DIRECTION ( 'NONE',  ( 0.000000000000000000, -1.000000000000000000, 0.000000000000000000 ) ) ;
#2282 = STYLED_ITEM ( 'NONE', ( #1397 ), #2378 ) ;
#2283 = CARTESIAN_POINT ( 'NONE',  ( 0.000000000000000000, 0.000000000000000000, 0.2999999999999999889 ) ) ;
#2284 =( LENGTH_UNIT ( ) NAMED_UNIT ( * ) SI_UNIT ( .MILLI., .METRE. ) );
#2285 = LINE ( 'NONE', #2305, #2741 ) ;
#2286 = PRESENTATION_STYLE_ASSIGNMENT (( #2775 ) ) ;
#2287 = DIRECTION ( 'NONE',  ( 0.000000000000000000, 1.000000000000000000, 0.000000000000000000 ) ) ;
#2288 = FILL_AREA_STYLE_COLOUR ( '', #2710 ) ;
#2289 = ORIENTED_EDGE ( 'NONE', *, *, #2148, .T. ) ;
#2290 = LINE ( 'NONE', #2400, #545 ) ;
#2291 = DIRECTION ( 'NONE',  ( 0.000000000000000000, 0.000000000000000000, -1.000000000000000000 ) ) ;
#2292 = EDGE_CURVE ( 'NONE', #1908, #2367, #459, .T. ) ;
#2293 = FILL_AREA_STYLE_COLOUR ( '', #664 ) ;
#2294 = ORIENTED_EDGE ( 'NONE', *, *, #658, .T. ) ;
#2295 = FACE_OUTER_BOUND ( 'NONE', #554, .T. ) ;
#2296 = ORIENTED_EDGE ( 'NONE', *, *, #2339, .T. ) ;
#2297 = EDGE_CURVE ( 'NONE', #1611, #2072, #2769, .T. ) ;
#2298 = DIRECTION ( 'NONE',  ( -1.000000000000000000, 0.000000000000000000, 0.000000000000000000 ) ) ;
#2299 = ORIENTED_EDGE ( 'NONE', *, *, #2905, .F. ) ;
#2300 = CARTESIAN_POINT ( 'NONE',  ( 2.890000000000000124, 7.072000000000000064, -0.2000000000000000111 ) ) ;
#2301 = PRESENTATION_LAYER_ASSIGNMENT (  '', '', ( #1112 ) ) ;
#2302 = VERTEX_POINT ( 'NONE', #2447 ) ;
#2303 = ORIENTED_EDGE ( 'NONE', *, *, #2188, .F. ) ;
#2304 = CARTESIAN_POINT ( 'NONE',  ( 2.189999999999999947, 27.02500000000000213, -0.2000000000000000111 ) ) ;
#2305 = CARTESIAN_POINT ( 'NONE',  ( 0.3499999999999999778, 3.474999999999999645, -0.2000000000000000111 ) ) ;
#2306 = CARTESIAN_POINT ( 'NONE',  ( 2.115000000000000213, 6.996999999999999886, 0.2999999999999999889 ) ) ;
#2307 = ORIENTED_EDGE ( 'NONE', *, *, #13, .F. ) ;
#2308 =( LENGTH_UNIT ( ) NAMED_UNIT ( * ) SI_UNIT ( .MILLI., .METRE. ) );
#2309 = FILL_AREA_STYLE_COLOUR ( '', #2425 ) ;
#2310 = DIRECTION ( 'NONE',  ( -1.000000000000000000, 0.000000000000000000, 0.000000000000000000 ) ) ;
#2311 = EDGE_CURVE ( 'NONE', #881, #875, #1324, .T. ) ;
#2312 = PRESENTATION_LAYER_ASSIGNMENT (  '', '', ( #2790 ) ) ;
#2313 = PRESENTATION_STYLE_ASSIGNMENT (( #916 ) ) ;
#2314 = CARTESIAN_POINT ( 'NONE',  ( -2.965000000000000302, 5.675000000000000711, 0.2999999999999999889 ) ) ;
#2315 = DIRECTION ( 'NONE',  ( 0.000000000000000000, 1.000000000000000000, 0.000000000000000000 ) ) ;
#2316 = PRESENTATION_LAYER_ASSIGNMENT (  '', '', ( #3086 ) ) ;
#2317 = EDGE_CURVE ( 'NONE', #1611, #161, #2487, .T. ) ;
#2318 = LINE ( 'NONE', #2273, #5 ) ;
#2319 = STYLED_ITEM ( 'NONE', ( #1747 ), #2661 ) ;
#2320 = DIRECTION ( 'NONE',  ( 0.7071067811865969777, -0.7071067811864980568, 0.000000000000000000 ) ) ;
#2321 = LINE ( 'NONE', #1492, #2088 ) ;
#2322 = ORIENTED_EDGE ( 'NONE', *, *, #837, .F. ) ;
#2323 = VECTOR ( 'NONE', #1621, 1000.000000000000000 ) ;
#2324 = SURFACE_STYLE_FILL_AREA ( #1186 ) ;
#2325 = CARTESIAN_POINT ( 'NONE',  ( -1.895000000000000018, 4.074999999999999289, -0.2000000000000000111 ) ) ;
#2326 = EDGE_CURVE ( 'NONE', #465, #277, #1094, .T. ) ;
#2327 =( NAMED_UNIT ( * ) PLANE_ANGLE_UNIT ( ) SI_UNIT ( $, .RADIAN. ) );
#2328 = EDGE_LOOP ( 'NONE', ( #135, #2069, #2717, #2535, #1530, #1046, #1376, #1505, #2770, #234, #2759, #2026, #2531, #1685, #548, #65, #2744, #1761, #961, #2620 ) ) ;
#2329 = CYLINDRICAL_SURFACE ( 'NONE', #1212, 0.2000000000000000944 ) ;
#2330 = DIRECTION ( 'NONE',  ( 0.000000000000000000, 0.000000000000000000, -1.000000000000000000 ) ) ;
#2331 = DIRECTION ( 'NONE',  ( 0.000000000000000000, 0.000000000000000000, 1.000000000000000000 ) ) ;
#2332 = ORIENTED_EDGE ( 'NONE', *, *, #2490, .T. ) ;
#2333 = UNCERTAINTY_MEASURE_WITH_UNIT (LENGTH_MEASURE( 1.000000000000000082E-05 ), #1691, 'distance_accuracy_value', 'NONE');
#2334 = PLANE ( 'NONE',  #172 ) ;
#2335 = CARTESIAN_POINT ( 'NONE',  ( 2.689999999999999947, 4.074999999999999289, 0.2999999999999999889 ) ) ;
#2336 = VERTEX_POINT ( 'NONE', #2940 ) ;
#2337 = MECHANICAL_DESIGN_GEOMETRIC_PRESENTATION_REPRESENTATION (  '', ( #2514 ), #1521 ) ;
#2338 = DIRECTION ( 'NONE',  ( -1.000000000000000000, 0.000000000000000000, 0.000000000000000000 ) ) ;
#2339 = EDGE_CURVE ( 'NONE', #1807, #1995, #2559, .T. ) ;
#2340 = VECTOR ( 'NONE', #833, 1000.000000000000000 ) ;
#2341 = DIRECTION ( 'NONE',  ( 0.000000000000000000, 0.000000000000000000, -1.000000000000000000 ) ) ;
#2342 = COLOUR_RGB ( '',1.000000000000000000, 1.000000000000000000, 1.000000000000000000 ) ;
#2343 = CARTESIAN_POINT ( 'NONE',  ( 2.190999999999999837, 4.975000000000000533, -0.2000000000000000111 ) ) ;
#2344 = PRESENTATION_LAYER_ASSIGNMENT (  '', '', ( #2176 ) ) ;
#2345 = ORIENTED_EDGE ( 'NONE', *, *, #281, .F. ) ;
#2346 = COLOUR_RGB ( '',1.000000000000000000, 1.000000000000000000, 1.000000000000000000 ) ;
#2347 =( NAMED_UNIT ( * ) PLANE_ANGLE_UNIT ( ) SI_UNIT ( $, .RADIAN. ) );
#2348 = EDGE_CURVE ( 'NONE', #2272, #14, #1790, .T. ) ;
#2349 = CARTESIAN_POINT ( 'NONE',  ( -1.895000000000000018, 3.474999999999999645, -0.2000000000000000111 ) ) ;
#2350 = PRESENTATION_STYLE_ASSIGNMENT (( #1657 ) ) ;
#2351 = PRESENTATION_LAYER_ASSIGNMENT (  '', '', ( #2396 ) ) ;
#2352 = VECTOR ( 'NONE', #1733, 1000.000000000000000 ) ;
#2353 = LINE ( 'NONE', #2651, #986 ) ;
#2354 = DIRECTION ( 'NONE',  ( 0.000000000000000000, 1.000000000000000000, 0.000000000000000000 ) ) ;
#2355 = VECTOR ( 'NONE', #1898, 1000.000000000000000 ) ;
#2356 = LINE ( 'NONE', #1547, #1940 ) ;
#2357 = VECTOR ( 'NONE', #303, 1000.000000000000000 ) ;
#2358 = STYLED_ITEM ( 'NONE', ( #1134 ), #2134 ) ;
#2359 = DIRECTION ( 'NONE',  ( -1.000000000000000000, 0.000000000000000000, 0.000000000000000000 ) ) ;
#2360 = DIRECTION ( 'NONE',  ( 0.7071067811865969777, 0.7071067811864980568, 0.000000000000000000 ) ) ;
#2361 =( GEOMETRIC_REPRESENTATION_CONTEXT ( 3 ) GLOBAL_UNCERTAINTY_ASSIGNED_CONTEXT ( ( #2830 ) ) GLOBAL_UNIT_ASSIGNED_CONTEXT ( ( #2983, #1652, #1663 ) ) REPRESENTATION_CONTEXT ( 'NONE', 'WORKASPACE' ) );
#2362 = SURFACE_STYLE_USAGE ( .BOTH. , #441 ) ;
#2363 = EDGE_LOOP ( 'NONE', ( #679, #2042, #559, #1039 ) ) ;
#2364 = ORIENTED_EDGE ( 'NONE', *, *, #100, .F. ) ;
#2365 = CARTESIAN_POINT ( 'NONE',  ( 2.500000000000000000, -3.275000000000000355, -1.399999999999999911 ) ) ;
#2366 = EDGE_CURVE ( 'NONE', #14, #2604, #571, .T. ) ;
#2367 = VERTEX_POINT ( 'NONE', #1244 ) ;
#2368 = UNCERTAINTY_MEASURE_WITH_UNIT (LENGTH_MEASURE( 1.000000000000000082E-05 ), #678, 'distance_accuracy_value', 'NONE');
#2369 = CARTESIAN_POINT ( 'NONE',  ( 1.059143115189747242, -2.472927680418654184, 2.458096157759158462 ) ) ;
#2370 = DIRECTION ( 'NONE',  ( 0.000000000000000000, 0.000000000000000000, -1.000000000000000000 ) ) ;
#2371 = CARTESIAN_POINT ( 'NONE',  ( -2.299999999999999822, -3.474999999999999645, 1.399999999999999911 ) ) ;
#2372 = ORIENTED_EDGE ( 'NONE', *, *, #1806, .F. ) ;
#2373 = PLANE ( 'NONE',  #406 ) ;
#2374 = SURFACE_STYLE_FILL_AREA ( #2446 ) ;
#2375 = AXIS2_PLACEMENT_3D ( 'NONE', #2438, #216, #2402 ) ;
#2376 = EDGE_CURVE ( 'NONE', #2827, #757, #2318, .T. ) ;
#2377 = VECTOR ( 'NONE', #2475, 1000.000000000000000 ) ;
#2378 = ADVANCED_FACE ( 'NONE', ( #3041 ), #39, .T. ) ;
#2379 = ORIENTED_EDGE ( 'NONE', *, *, #1806, .T. ) ;
#2380 = CARTESIAN_POINT ( 'NONE',  ( 0.3499999999999999778, 3.474999999999999645, -0.2000000000000000111 ) ) ;
#2381 = DIRECTION ( 'NONE',  ( 0.000000000000000000, 0.000000000000000000, 1.000000000000000000 ) ) ;
#2382 = PRESENTATION_LAYER_ASSIGNMENT (  '', '', ( #868 ) ) ;
#2383 = ORIENTED_EDGE ( 'NONE', *, *, #2292, .T. ) ;
#2384 = CARTESIAN_POINT ( 'NONE',  ( 2.000000000000000000, -0.7750000000000000222, 3.399999999999999911 ) ) ;
#2385 = CARTESIAN_POINT ( 'NONE',  ( 0.4249999999999999889, 5.675000000000000711, 0.2999999999999999889 ) ) ;
#2386 = CARTESIAN_POINT ( 'NONE',  ( -2.189999999999999947, 5.599999999999999645, -0.2000000000000000111 ) ) ;
#2387 =( GEOMETRIC_REPRESENTATION_CONTEXT ( 3 ) GLOBAL_UNCERTAINTY_ASSIGNED_CONTEXT ( ( #1854 ) ) GLOBAL_UNIT_ASSIGNED_CONTEXT ( ( #706, #1668, #975 ) ) REPRESENTATION_CONTEXT ( 'NONE', 'WORKASPACE' ) );
#2388 = CARTESIAN_POINT ( 'NONE',  ( 0.3499999999999999778, 3.474999999999999645, -0.2000000000000000111 ) ) ;
#2389 = DIRECTION ( 'NONE',  ( 0.7071067811864976127, 0.7071067811865975328, 0.000000000000000000 ) ) ;
#2390 = VECTOR ( 'NONE', #1600, 1000.000000000000000 ) ;
#2391 = CARTESIAN_POINT ( 'NONE',  ( -0.3499999999999999778, 27.02500000000000213, -0.2000000000000000111 ) ) ;
#2392 = LINE ( 'NONE', #752, #2352 ) ;
#2393 = DIRECTION ( 'NONE',  ( 0.000000000000000000, 1.000000000000000000, 0.000000000000000000 ) ) ;
#2394 = ADVANCED_FACE ( 'NONE', ( #541 ), #336, .T. ) ;
#2395 = DIRECTION ( 'NONE',  ( 0.000000000000000000, 1.000000000000000000, 0.000000000000000000 ) ) ;
#2396 = STYLED_ITEM ( 'NONE', ( #2517 ), #956 ) ;
#2397 = FACE_OUTER_BOUND ( 'NONE', #407, .T. ) ;
#2398 = EDGE_CURVE ( 'NONE', #277, #1345, #1483, .T. ) ;
#2399 = FACE_OUTER_BOUND ( 'NONE', #119, .T. ) ;
#2400 = CARTESIAN_POINT ( 'NONE',  ( 2.189999999999999947, 7.072000000000000064, -0.2000000000000000111 ) ) ;
#2401 = LINE ( 'NONE', #739, #1485 ) ;
#2402 = DIRECTION ( 'NONE',  ( 0.000000000000000000, 0.000000000000000000, 1.000000000000000000 ) ) ;
#2403 = ORIENTED_EDGE ( 'NONE', *, *, #3088, .F. ) ;
#2404 = MECHANICAL_DESIGN_GEOMETRIC_PRESENTATION_REPRESENTATION (  '', ( #2619 ), #427 ) ;
#2405 = VECTOR ( 'NONE', #2839, 1000.000000000000000 ) ;
#2406 = DIRECTION ( 'NONE',  ( 0.000000000000000000, 0.000000000000000000, -1.000000000000000000 ) ) ;
#2407 = LINE ( 'NONE', #392, #609 ) ;
#2408 = CARTESIAN_POINT ( 'NONE',  ( 2.050000000000000266, 3.875000000000000000, 0.2999999999999999889 ) ) ;
#2409 = EDGE_LOOP ( 'NONE', ( #3091, #2721, #1200, #1648, #98, #1682, #2132, #3017, #2191, #1841, #20, #1676, #1533, #1299, #1574, #1871, #2819, #803, #289, #1900 ) ) ;
#2410 = CARTESIAN_POINT ( 'NONE',  ( -1.895000000000000018, 4.074999999999999289, -0.2000000000000000111 ) ) ;
#2411 =( NAMED_UNIT ( * ) SI_UNIT ( $, .STERADIAN. ) SOLID_ANGLE_UNIT ( ) );
#2412 = FILL_AREA_STYLE_COLOUR ( '', #1263 ) ;
#2413 =( NAMED_UNIT ( * ) SI_UNIT ( $, .STERADIAN. ) SOLID_ANGLE_UNIT ( ) );
#2414 = FACE_OUTER_BOUND ( 'NONE', #719, .T. ) ;
#2415 = PRODUCT ( 'VS1838B', 'VS1838B', '', ( #278 ) ) ;
#2416 = DIRECTION ( 'NONE',  ( -1.000000000000000000, 0.000000000000000000, 0.000000000000000000 ) ) ;
#2417 = DIRECTION ( 'NONE',  ( 1.000000000000000000, 0.000000000000000000, 0.000000000000000000 ) ) ;
#2418 =( GEOMETRIC_REPRESENTATION_CONTEXT ( 3 ) GLOBAL_UNCERTAINTY_ASSIGNED_CONTEXT ( ( #2128 ) ) GLOBAL_UNIT_ASSIGNED_CONTEXT ( ( #1110, #2800, #2828 ) ) REPRESENTATION_CONTEXT ( 'NONE', 'WORKASPACE' ) );
#2419 = VERTEX_POINT ( 'NONE', #1251 ) ;
#2420 = ADVANCED_FACE ( 'NONE', ( #1708 ), #1826, .T. ) ;
#2421 = FILL_AREA_STYLE ('',( #724 ) ) ;
#2422 =( NAMED_UNIT ( * ) PLANE_ANGLE_UNIT ( ) SI_UNIT ( $, .RADIAN. ) );
#2423 = VERTEX_POINT ( 'NONE', #815 ) ;
#2424 = PRESENTATION_LAYER_ASSIGNMENT (  '', '', ( #402 ) ) ;
#2425 = COLOUR_RGB ( '',1.000000000000000000, 1.000000000000000000, 1.000000000000000000 ) ;
#2426 = ORIENTED_EDGE ( 'NONE', *, *, #804, .T. ) ;
#2427 = STYLED_ITEM ( 'NONE', ( #615 ), #1704 ) ;
#2428 = LINE ( 'NONE', #700, #137 ) ;
#2429 = DIRECTION ( 'NONE',  ( 0.000000000000000000, 0.000000000000000000, 1.000000000000000000 ) ) ;
#2430 = STYLED_ITEM ( 'NONE', ( #145 ), #2679 ) ;
#2431 = DIRECTION ( 'NONE',  ( 1.000000000000000000, 0.000000000000000000, 0.000000000000000000 ) ) ;
#2432 = ADVANCED_FACE ( 'NONE', ( #2397 ), #118, .T. ) ;
#2433 = CARTESIAN_POINT ( 'NONE',  ( -2.965000000000000302, 6.996999999999999886, 0.2999999999999999889 ) ) ;
#2434 = DIRECTION ( 'NONE',  ( 0.000000000000000000, -1.000000000000000000, 0.000000000000000000 ) ) ;
#2435 = UNCERTAINTY_MEASURE_WITH_UNIT (LENGTH_MEASURE( 1.000000000000000082E-05 ), #3, 'distance_accuracy_value', 'NONE');
#2436 = EDGE_CURVE ( 'NONE', #2849, #3093, #2801, .T. ) ;
#2437 = PLANE ( 'NONE',  #1078 ) ;
#2438 = CARTESIAN_POINT ( 'NONE',  ( 2.189999999999999947, 7.072000000000000064, -0.2000000000000000111 ) ) ;
#2439 = VECTOR ( 'NONE', #1304, 1000.000000000000000 ) ;
#2440 = LINE ( 'NONE', #2131, #78 ) ;
#2441 = AXIS2_PLACEMENT_3D ( 'NONE', #2951, #32, #2257 ) ;
#2442 = FILL_AREA_STYLE_COLOUR ( '', #215 ) ;
#2443 = VECTOR ( 'NONE', #1338, 1000.000000000000000 ) ;
#2444 = CARTESIAN_POINT ( 'NONE',  ( -2.189999999999999947, 27.02500000000000213, -0.2000000000000000111 ) ) ;
#2445 = FACE_OUTER_BOUND ( 'NONE', #157, .T. ) ;
#2446 = FILL_AREA_STYLE ('',( #510 ) ) ;
#2447 = CARTESIAN_POINT ( 'NONE',  ( 0.000000000000000000, -2.774999999999999911, 1.399999999999999911 ) ) ;
#2448 = DIRECTION ( 'NONE',  ( 0.000000000000000000, 0.000000000000000000, -1.000000000000000000 ) ) ;
#2449 = COLOUR_RGB ( '',0.2980392156862745057, 0.2980392156862745057, 0.2980392156862745057 ) ;
#2450 = PLANE ( 'NONE',  #2887 ) ;
#2451 = EDGE_CURVE ( 'NONE', #2093, #2419, #1, .T. ) ;
#2452 = VECTOR ( 'NONE', #1863, 1000.000000000000000 ) ;
#2453 = EDGE_LOOP ( 'NONE', ( #1262, #403, #672, #1274 ) ) ;
#2454 = SURFACE_STYLE_USAGE ( .BOTH. , #1469 ) ;
#2455 = COLOUR_RGB ( '',0.2980392156862745057, 0.2980392156862745057, 0.2980392156862745057 ) ;
#2456 = ADVANCED_FACE ( 'NONE', ( #2632 ), #2079, .T. ) ;
#2457 = EDGE_LOOP ( 'NONE', ( #439, #198, #727, #211 ) ) ;
#2458 = VECTOR ( 'NONE', #2395, 1000.000000000000000 ) ;
#2459 =( NAMED_UNIT ( * ) PLANE_ANGLE_UNIT ( ) SI_UNIT ( $, .RADIAN. ) );
#2460 = DIRECTION ( 'NONE',  ( 0.000000000000000000, 1.000000000000000000, 0.000000000000000000 ) ) ;
#2461 = VERTEX_POINT ( 'NONE', #1171 ) ;
#2462 = CARTESIAN_POINT ( 'NONE',  ( 1.550000000000000044, 4.774999999999999467, -0.2000000000000000111 ) ) ;
#2463 = CARTESIAN_POINT ( 'NONE',  ( -2.890000000000000124, 5.599999999999999645, -0.2000000000000000111 ) ) ;
#2464 = DIRECTION ( 'NONE',  ( 0.000000000000000000, 0.000000000000000000, 1.000000000000000000 ) ) ;
#2465 = SURFACE_STYLE_USAGE ( .BOTH. , #744 ) ;
#2466 = EDGE_CURVE ( 'NONE', #62, #1153, #567, .T. ) ;
#2467 = CARTESIAN_POINT ( 'NONE',  ( -2.299999999999999822, -3.474999999999999645, 1.399999999999999911 ) ) ;
#2468 = DIRECTION ( 'NONE',  ( 0.000000000000000000, 0.000000000000000000, 1.000000000000000000 ) ) ;
#2469 = STYLED_ITEM ( 'NONE', ( #1080 ), #1176 ) ;
#2470 = EDGE_CURVE ( 'NONE', #2498, #1800, #1786, .T. ) ;
#2471 = SURFACE_STYLE_USAGE ( .BOTH. , #1720 ) ;
#2472 = COLOUR_RGB ( '',1.000000000000000000, 1.000000000000000000, 1.000000000000000000 ) ;
#2473 = DIRECTION ( 'NONE',  ( 0.000000000000000000, 0.000000000000000000, 1.000000000000000000 ) ) ;
#2474 = ORIENTED_EDGE ( 'NONE', *, *, #1491, .F. ) ;
#2475 = DIRECTION ( 'NONE',  ( 0.000000000000000000, 0.000000000000000000, 1.000000000000000000 ) ) ;
#2476 = STYLED_ITEM ( 'NONE', ( #641 ), #1877 ) ;
#2477 = SURFACE_SIDE_STYLE ('',( #834 ) ) ;
#2478 =( NAMED_UNIT ( * ) PLANE_ANGLE_UNIT ( ) SI_UNIT ( $, .RADIAN. ) );
#2479 = FILL_AREA_STYLE_COLOUR ( '', #1890 ) ;
#2480 = UNCERTAINTY_MEASURE_WITH_UNIT (LENGTH_MEASURE( 1.000000000000000082E-05 ), #1613, 'distance_accuracy_value', 'NONE');
#2481 = SURFACE_STYLE_FILL_AREA ( #959 ) ;
#2482 = FILL_AREA_STYLE_COLOUR ( '', #1106 ) ;
#2483 = DIRECTION ( 'NONE',  ( 0.000000000000000000, 0.000000000000000000, 1.000000000000000000 ) ) ;
#2484 = FACE_OUTER_BOUND ( 'NONE', #394, .T. ) ;
#2485 = VECTOR ( 'NONE', #2320, 1000.000000000000000 ) ;
#2486 =( NAMED_UNIT ( * ) SI_UNIT ( $, .STERADIAN. ) SOLID_ANGLE_UNIT ( ) );
#2487 = LINE ( 'NONE', #2746, #1894 ) ;
#2488 = FACE_OUTER_BOUND ( 'NONE', #1420, .T. ) ;
#2489 = PRESENTATION_STYLE_ASSIGNMENT (( #1246 ) ) ;
#2490 = EDGE_CURVE ( 'NONE', #2684, #2565, #2440, .T. ) ;
#2491 = PRESENTATION_LAYER_ASSIGNMENT (  '', '', ( #713 ) ) ;
#2492 = CARTESIAN_POINT ( 'NONE',  ( -2.965000000000000302, 6.996999999999999886, -0.2000000000000000111 ) ) ;
#2493 = ORIENTED_EDGE ( 'NONE', *, *, #1577, .T. ) ;
#2494 = SURFACE_STYLE_FILL_AREA ( #228 ) ;
#2495 = FACE_OUTER_BOUND ( 'NONE', #763, .T. ) ;
#2496 = VERTEX_POINT ( 'NONE', #2805 ) ;
#2497 = MECHANICAL_DESIGN_GEOMETRIC_PRESENTATION_REPRESENTATION (  '', ( #3086 ), #1288 ) ;
#2498 = VERTEX_POINT ( 'NONE', #221 ) ;
#2499 = EDGE_CURVE ( 'NONE', #1240, #58, #1434, .T. ) ;
#2500 = CARTESIAN_POINT ( 'NONE',  ( -1.195000000000000062, 4.774999999999999467, 0.2999999999999999889 ) ) ;
#2501 = CARTESIAN_POINT ( 'NONE',  ( 0.4249999999999999889, 5.675000000000000711, 0.2999999999999999889 ) ) ;
#2502 = ORIENTED_EDGE ( 'NONE', *, *, #1787, .T. ) ;
#2503 = SURFACE_STYLE_FILL_AREA ( #254 ) ;
#2504 = PRESENTATION_LAYER_ASSIGNMENT (  '', '', ( #2202 ) ) ;
#2505 = DIRECTION ( 'NONE',  ( 0.000000000000000000, 1.000000000000000000, 0.000000000000000000 ) ) ;
#2506 = ORIENTED_EDGE ( 'NONE', *, *, #3095, .F. ) ;
#2507 = EDGE_CURVE ( 'NONE', #2219, #2725, #1393, .T. ) ;
#2508 = DIRECTION ( 'NONE',  ( 0.000000000000000000, 0.000000000000000000, 1.000000000000000000 ) ) ;
#2509 = ORIENTED_EDGE ( 'NONE', *, *, #325, .F. ) ;
#2510 = FACE_OUTER_BOUND ( 'NONE', #886, .T. ) ;
#2511 = DIRECTION ( 'NONE',  ( 0.000000000000000000, 1.000000000000000000, 0.000000000000000000 ) ) ;
#2512 = PLANE ( 'NONE',  #84 ) ;
#2513 = CARTESIAN_POINT ( 'NONE',  ( 0.3499999999999999778, 5.599999999999999645, -0.2000000000000000111 ) ) ;
#2514 = STYLED_ITEM ( 'NONE', ( #1614 ), #919 ) ;
#2515 = SURFACE_STYLE_FILL_AREA ( #299 ) ;
#2516 = EDGE_CURVE ( 'NONE', #1911, #274, #1939, .T. ) ;
#2517 = PRESENTATION_STYLE_ASSIGNMENT (( #1684 ) ) ;
#2518 =( GEOMETRIC_REPRESENTATION_CONTEXT ( 3 ) GLOBAL_UNCERTAINTY_ASSIGNED_CONTEXT ( ( #625 ) ) GLOBAL_UNIT_ASSIGNED_CONTEXT ( ( #836, #1317, #574 ) ) REPRESENTATION_CONTEXT ( 'NONE', 'WORKASPACE' ) );
#2519 = FILL_AREA_STYLE_COLOUR ( '', #2252 ) ;
#2520 = PRESENTATION_STYLE_ASSIGNMENT (( #2646 ) ) ;
#2521 = ADVANCED_FACE ( 'NONE', ( #1553 ), #931, .T. ) ;
#2522 = CARTESIAN_POINT ( 'NONE',  ( 1.550000000000000044, 4.575000000000000178, 0.2999999999999999889 ) ) ;
#2523 = DIRECTION ( 'NONE',  ( -1.000000000000000000, 0.000000000000000000, 0.000000000000000000 ) ) ;
#2524 = LINE ( 'NONE', #2236, #113 ) ;
#2525 = CARTESIAN_POINT ( 'NONE',  ( 2.115000000000000213, 5.675000000000000711, -0.2000000000000000111 ) ) ;
#2526 = VECTOR ( 'NONE', #1504, 1000.000000000000000 ) ;
#2527 = SURFACE_STYLE_USAGE ( .BOTH. , #806 ) ;
#2528 = FACE_OUTER_BOUND ( 'NONE', #697, .T. ) ;
#2529 = LINE ( 'NONE', #867, #2452 ) ;
#2530 = VERTEX_POINT ( 'NONE', #2408 ) ;
#2531 = ORIENTED_EDGE ( 'NONE', *, *, #1062, .T. ) ;
#2532 =( GEOMETRIC_REPRESENTATION_CONTEXT ( 3 ) GLOBAL_UNCERTAINTY_ASSIGNED_CONTEXT ( ( #19 ) ) GLOBAL_UNIT_ASSIGNED_CONTEXT ( ( #345, #835, #585 ) ) REPRESENTATION_CONTEXT ( 'NONE', 'WORKASPACE' ) );
#2533 = SURFACE_STYLE_USAGE ( .BOTH. , #1096 ) ;
#2534 = SURFACE_SIDE_STYLE ('',( #1151 ) ) ;
#2535 = ORIENTED_EDGE ( 'NONE', *, *, #1680, .T. ) ;
#2536 = FACE_OUTER_BOUND ( 'NONE', #309, .T. ) ;
#2537 = CARTESIAN_POINT ( 'NONE',  ( -2.189999999999999947, 27.02500000000000213, -0.2000000000000000111 ) ) ;
#2538 =( GEOMETRIC_REPRESENTATION_CONTEXT ( 3 ) GLOBAL_UNCERTAINTY_ASSIGNED_CONTEXT ( ( #2787 ) ) GLOBAL_UNIT_ASSIGNED_CONTEXT ( ( #1378, #2071, #132 ) ) REPRESENTATION_CONTEXT ( 'NONE', 'WORKASPACE' ) );
#2539 = ORIENTED_EDGE ( 'NONE', *, *, #44, .T. ) ;
#2540 =( LENGTH_UNIT ( ) NAMED_UNIT ( * ) SI_UNIT ( .MILLI., .METRE. ) );
#2541 = UNCERTAINTY_MEASURE_WITH_UNIT (LENGTH_MEASURE( 1.000000000000000082E-05 ), #354, 'distance_accuracy_value', 'NONE');
#2542 = STYLED_ITEM ( 'NONE', ( #1931 ), #3054 ) ;
#2543 = ORIENTED_EDGE ( 'NONE', *, *, #1125, .F. ) ;
#2544 = SURFACE_SIDE_STYLE ('',( #2918 ) ) ;
#2545 = EDGE_CURVE ( 'NONE', #1535, #2099, #1587, .T. ) ;
#2546 = SURFACE_STYLE_USAGE ( .BOTH. , #92 ) ;
#2547 = PRESENTATION_STYLE_ASSIGNMENT (( #871 ) ) ;
#2548 = ORIENTED_EDGE ( 'NONE', *, *, #1666, .F. ) ;
#2549 =( GEOMETRIC_REPRESENTATION_CONTEXT ( 3 ) GLOBAL_UNCERTAINTY_ASSIGNED_CONTEXT ( ( #1470 ) ) GLOBAL_UNIT_ASSIGNED_CONTEXT ( ( #1972, #2194, #1006 ) ) REPRESENTATION_CONTEXT ( 'NONE', 'WORKASPACE' ) );
#2550 = FILL_AREA_STYLE ('',( #830 ) ) ;
#2551 = FILL_AREA_STYLE ('',( #1557 ) ) ;
#2552 = PLANE ( 'NONE',  #1023 ) ;
#2553 = DIRECTION ( 'NONE',  ( 0.000000000000000000, 0.000000000000000000, 1.000000000000000000 ) ) ;
#2554 =( NAMED_UNIT ( * ) SI_UNIT ( $, .STERADIAN. ) SOLID_ANGLE_UNIT ( ) );
#2555 = VECTOR ( 'NONE', #1408, 1000.000000000000000 ) ;
#2556 = MECHANICAL_DESIGN_GEOMETRIC_PRESENTATION_REPRESENTATION (  '', ( #868 ), #1617 ) ;
#2557 = SURFACE_STYLE_USAGE ( .BOTH. , #1312 ) ;
#2558 = DIRECTION ( 'NONE',  ( 1.000000000000000000, 0.000000000000000000, 0.000000000000000000 ) ) ;
#2559 = LINE ( 'NONE', #1279, #632 ) ;
#2560 = DIRECTION ( 'NONE',  ( -1.000000000000000000, 0.000000000000000000, 0.000000000000000000 ) ) ;
#2561 = LINE ( 'NONE', #2923, #1248 ) ;
#2562 = CARTESIAN_POINT ( 'NONE',  ( 0.4249999999999999889, 5.675000000000000711, -0.2000000000000000111 ) ) ;
#2563 = DIRECTION ( 'NONE',  ( 1.000000000000000000, 0.000000000000000000, 0.000000000000000000 ) ) ;
#2564 = SURFACE_SIDE_STYLE ('',( #1818 ) ) ;
#2565 = VERTEX_POINT ( 'NONE', #2669 ) ;
#2566 = LINE ( 'NONE', #1374, #998 ) ;
#2567 =( GEOMETRIC_REPRESENTATION_CONTEXT ( 3 ) GLOBAL_UNCERTAINTY_ASSIGNED_CONTEXT ( ( #860 ) ) GLOBAL_UNIT_ASSIGNED_CONTEXT ( ( #1041, #2740, #2486 ) ) REPRESENTATION_CONTEXT ( 'NONE', 'WORKASPACE' ) );
#2568 = LINE ( 'NONE', #628, #1594 ) ;
#2569 = VERTEX_POINT ( 'NONE', #1001 ) ;
#2570 = ORIENTED_EDGE ( 'NONE', *, *, #2613, .F. ) ;
#2571 = VERTEX_POINT ( 'NONE', #2193 ) ;
#2572 =( GEOMETRIC_REPRESENTATION_CONTEXT ( 3 ) GLOBAL_UNCERTAINTY_ASSIGNED_CONTEXT ( ( #1011 ) ) GLOBAL_UNIT_ASSIGNED_CONTEXT ( ( #52, #1026, #2668 ) ) REPRESENTATION_CONTEXT ( 'NONE', 'WORKASPACE' ) );
#2573 = VECTOR ( 'NONE', #3103, 1000.000000000000000 ) ;
#2574 = EDGE_CURVE ( 'NONE', #1715, #1451, #2050, .T. ) ;
#2575 = DIRECTION ( 'NONE',  ( 1.000000000000000000, 0.000000000000000000, 0.000000000000000000 ) ) ;
#2576 = ORIENTED_EDGE ( 'NONE', *, *, #2044, .F. ) ;
#2577 = AXIS2_PLACEMENT_3D ( 'NONE', #1730, #233, #1695 ) ;
#2578 = SURFACE_SIDE_STYLE ('',( #1118 ) ) ;
#2579 = UNCERTAINTY_MEASURE_WITH_UNIT (LENGTH_MEASURE( 1.000000000000000082E-05 ), #2186, 'distance_accuracy_value', 'NONE');
#2580 = CARTESIAN_POINT ( 'NONE',  ( -0.4249999999999999889, 6.996999999999999886, 0.2999999999999999889 ) ) ;
#2581 = ORIENTED_EDGE ( 'NONE', *, *, #2120, .T. ) ;
#2582 = EDGE_LOOP ( 'NONE', ( #1406, #1305, #1955, #1113 ) ) ;
#2583 = CARTESIAN_POINT ( 'NONE',  ( 1.991000000000000103, 4.975000000000000533, -0.2000000000000000111 ) ) ;
#2584 = MECHANICAL_DESIGN_GEOMETRIC_PRESENTATION_REPRESENTATION (  '', ( #777 ), #2882 ) ;
#2585 = DIRECTION ( 'NONE',  ( -0.7071067811865969777, 0.7071067811864980568, 0.000000000000000000 ) ) ;
#2586 =( NAMED_UNIT ( * ) PLANE_ANGLE_UNIT ( ) SI_UNIT ( $, .RADIAN. ) );
#2587 = VECTOR ( 'NONE', #1999, 1000.000000000000000 ) ;
#2588 = CARTESIAN_POINT ( 'NONE',  ( -2.890000000000000124, 27.02500000000000213, 0.2999999999999999889 ) ) ;
#2589 =( GEOMETRIC_REPRESENTATION_CONTEXT ( 3 ) GLOBAL_UNCERTAINTY_ASSIGNED_CONTEXT ( ( #2616 ) ) GLOBAL_UNIT_ASSIGNED_CONTEXT ( ( #2540, #591, #2989 ) ) REPRESENTATION_CONTEXT ( 'NONE', 'WORKASPACE' ) );
#2590 = FACE_OUTER_BOUND ( 'NONE', #1231, .T. ) ;
#2591 = DIRECTION ( 'NONE',  ( 0.000000000000000000, 0.000000000000000000, 1.000000000000000000 ) ) ;
#2592 = AXIS2_PLACEMENT_3D ( 'NONE', #935, #2650, #1371 ) ;
#2593 = LINE ( 'NONE', #2886, #1360 ) ;
#2594 = PRESENTATION_STYLE_ASSIGNMENT (( #28 ) ) ;
#2595 = DIRECTION ( 'NONE',  ( 0.7071067811864976127, -0.7071067811865975328, 0.000000000000000000 ) ) ;
#2596 = CARTESIAN_POINT ( 'NONE',  ( 1.938209777275750056, -1.272329046399207186, 3.338068279860324505 ) ) ;
#2597 = FACE_OUTER_BOUND ( 'NONE', #692, .T. ) ;
#2598 = MECHANICAL_DESIGN_GEOMETRIC_PRESENTATION_REPRESENTATION (  '', ( #2430 ), #369 ) ;
#2599 = CARTESIAN_POINT ( 'NONE',  ( -2.500000000000000000, 3.474999999999999645, 1.399999999999999911 ) ) ;
#2600 = VECTOR ( 'NONE', #2966, 1000.000000000000000 ) ;
#2601 = FILL_AREA_STYLE ('',( #631 ) ) ;
#2602 = EDGE_CURVE ( 'NONE', #1770, #1418, #2593, .T. ) ;
#2603 = ORIENTED_EDGE ( 'NONE', *, *, #1779, .T. ) ;
#2604 = VERTEX_POINT ( 'NONE', #526 ) ;
#2605 = CARTESIAN_POINT ( 'NONE',  ( 1.756216996617143034, -1.740490947102785624, 3.155890286609795314 ) ) ;
#2606 = FILL_AREA_STYLE_COLOUR ( '', #2718 ) ;
#2607 = VERTEX_POINT ( 'NONE', #1968 ) ;
#2608 = SURFACE_STYLE_FILL_AREA ( #2623 ) ;
#2609 = FILL_AREA_STYLE ('',( #1173 ) ) ;
#2610 = EDGE_LOOP ( 'NONE', ( #795, #3050, #1629, #2649 ) ) ;
#2611 = AXIS2_PLACEMENT_3D ( 'NONE', #2984, #2745, #293 ) ;
#2612 = CARTESIAN_POINT ( 'NONE',  ( 1.350000000000000089, 3.474999999999999645, -0.2000000000000000111 ) ) ;
#2613 = EDGE_CURVE ( 'NONE', #285, #2684, #1897, .T. ) ;
#2614 = ORIENTED_EDGE ( 'NONE', *, *, #458, .F. ) ;
#2615 = PLANE ( 'NONE',  #3061 ) ;
#2616 = UNCERTAINTY_MEASURE_WITH_UNIT (LENGTH_MEASURE( 1.000000000000000082E-05 ), #2540, 'distance_accuracy_value', 'NONE');
#2617 = SURFACE_STYLE_FILL_AREA ( #918 ) ;
#2618 = CARTESIAN_POINT ( 'NONE',  ( 0.2761800537544036871, -2.775000000000000799, 1.684234114386466752 ) ) ;
#2619 = STYLED_ITEM ( 'NONE', ( #1166 ), #2627 ) ;
#2620 = ORIENTED_EDGE ( 'NONE', *, *, #2499, .F. ) ;
#2621 = CARTESIAN_POINT ( 'NONE',  ( 0.3499999999999999778, 7.072000000000000064, -0.2000000000000000111 ) ) ;
#2622 = CARTESIAN_POINT ( 'NONE',  ( 2.299999999999999822, -3.474999999999999645, 1.399999999999999911 ) ) ;
#2623 = FILL_AREA_STYLE ('',( #1609 ) ) ;
#2624 = EDGE_CURVE ( 'NONE', #2020, #583, #707, .T. ) ;
#2625 = CARTESIAN_POINT ( 'NONE',  ( 1.366172087669718538, -2.240225346828929709, 2.766420211564390996 ) ) ;
#2626 = SURFACE_SIDE_STYLE ('',( #1688 ) ) ;
#2627 = ADVANCED_FACE ( 'NONE', ( #2738 ), #16, .T. ) ;
#2628 = CARTESIAN_POINT ( 'NONE',  ( -2.965000000000000302, 6.996999999999999886, -0.2000000000000000111 ) ) ;
#2629 = EDGE_CURVE ( 'NONE', #1366, #2461, #2561, .T. ) ;
#2630 = COLOUR_RGB ( '',1.000000000000000000, 1.000000000000000000, 1.000000000000000000 ) ;
#2631 = CARTESIAN_POINT ( 'NONE',  ( -2.890000000000000124, 7.072000000000000064, 0.2999999999999999889 ) ) ;
#2632 = FACE_OUTER_BOUND ( 'NONE', #1370, .T. ) ;
#2633 = PRESENTATION_LAYER_ASSIGNMENT (  '', '', ( #1415 ) ) ;
#2634 = DIRECTION ( 'NONE',  ( -0.7071067811864976127, -0.7071067811865975328, 0.000000000000000000 ) ) ;
#2635 = DIRECTION ( 'NONE',  ( 0.000000000000000000, 0.000000000000000000, 1.000000000000000000 ) ) ;
#2636 = SURFACE_STYLE_USAGE ( .BOTH. , #1419 ) ;
#2637 = VERTEX_POINT ( 'NONE', #1935 ) ;
#2638 = VECTOR ( 'NONE', #899, 1000.000000000000000 ) ;
#2639 = VERTEX_POINT ( 'NONE', #2911 ) ;
#2640 = VERTEX_POINT ( 'NONE', #1706 ) ;
#2641 = SURFACE_SIDE_STYLE ('',( #2030 ) ) ;
#2642 = EDGE_CURVE ( 'NONE', #1076, #1565, #2014, .T. ) ;
#2643 = ADVANCED_FACE ( 'NONE', ( #2484 ), #1227, .T. ) ;
#2644 = ORIENTED_EDGE ( 'NONE', *, *, #960, .F. ) ;
#2645 = CARTESIAN_POINT ( 'NONE',  ( -2.299999999999999822, -3.275000000000000355, -1.399999999999999911 ) ) ;
#2646 = SURFACE_STYLE_USAGE ( .BOTH. , #2192 ) ;
#2647 = EDGE_CURVE ( 'NONE', #2461, #2272, #537, .T. ) ;
#2648 = AXIS2_PLACEMENT_3D ( 'NONE', #1421, #1347, #2798 ) ;
#2649 = ORIENTED_EDGE ( 'NONE', *, *, #922, .T. ) ;
#2650 = DIRECTION ( 'NONE',  ( 0.000000000000000000, 0.000000000000000000, 1.000000000000000000 ) ) ;
#2651 = CARTESIAN_POINT ( 'NONE',  ( -1.195000000000000062, 4.774999999999999467, -0.2000000000000000111 ) ) ;
#2652 = VECTOR ( 'NONE', #1849, 1000.000000000000114 ) ;
#2653 = ORIENTED_EDGE ( 'NONE', *, *, #2545, .T. ) ;
#2654 = AXIS2_PLACEMENT_3D ( 'NONE', #637, #2809, #1847 ) ;
#2655 = EDGE_CURVE ( 'NONE', #2779, #1880, #1820, .T. ) ;
#2656 = ORIENTED_EDGE ( 'NONE', *, *, #791, .T. ) ;
#2657 =( GEOMETRIC_REPRESENTATION_CONTEXT ( 3 ) GLOBAL_UNCERTAINTY_ASSIGNED_CONTEXT ( ( #2541 ) ) GLOBAL_UNIT_ASSIGNED_CONTEXT ( ( #354, #117, #1075 ) ) REPRESENTATION_CONTEXT ( 'NONE', 'WORKASPACE' ) );
#2658 = FACE_OUTER_BOUND ( 'NONE', #2453, .T. ) ;
#2659 = DIRECTION ( 'NONE',  ( 0.000000000000000000, 0.000000000000000000, 1.000000000000000000 ) ) ;
#2660 = ORIENTED_EDGE ( 'NONE', *, *, #343, .F. ) ;
#2661 = ADVANCED_FACE ( 'NONE', ( #2488 ), #2512, .T. ) ;
#2662 = FILL_AREA_STYLE ('',( #1072 ) ) ;
#2663 = EDGE_CURVE ( 'NONE', #646, #2607, #1517, .T. ) ;
#2664 = CARTESIAN_POINT ( 'NONE',  ( -0.4809180448294620436, -2.717564153086475365, 1.883191514752222684 ) ) ;
#2665 = SURFACE_SIDE_STYLE ('',( #2012 ) ) ;
#2666 =( NAMED_UNIT ( * ) PLANE_ANGLE_UNIT ( ) SI_UNIT ( $, .RADIAN. ) );
#2667 = LINE ( 'NONE', #1185, #1358 ) ;
#2668 =( NAMED_UNIT ( * ) SI_UNIT ( $, .STERADIAN. ) SOLID_ANGLE_UNIT ( ) );
#2669 = CARTESIAN_POINT ( 'NONE',  ( 2.000000000000000000, -0.7750000000000000222, 3.399999999999999911 ) ) ;
#2670 =( NAMED_UNIT ( * ) SI_UNIT ( $, .STERADIAN. ) SOLID_ANGLE_UNIT ( ) );
#2671 = VECTOR ( 'NONE', #788, 1000.000000000000000 ) ;
#2672 = VECTOR ( 'NONE', #1479, 1000.000000000000000 ) ;
#2673 = DIRECTION ( 'NONE',  ( -1.000000000000000000, 0.000000000000000000, 0.000000000000000000 ) ) ;
#2674 = EDGE_CURVE ( 'NONE', #2367, #881, #2524, .T. ) ;
#2675 = UNCERTAINTY_MEASURE_WITH_UNIT (LENGTH_MEASURE( 1.000000000000000082E-05 ), #671, 'distance_accuracy_value', 'NONE');
#2676 = VECTOR ( 'NONE', #2287, 1000.000000000000000 ) ;
#2677 = VECTOR ( 'NONE', #3009, 1000.000000000000000 ) ;
#2678 = SURFACE_SIDE_STYLE ('',( #81 ) ) ;
#2679 = ADVANCED_FACE ( 'NONE', ( #790 ), #1531, .T. ) ;
#2680 = MECHANICAL_DESIGN_GEOMETRIC_PRESENTATION_REPRESENTATION (  '', ( #2822 ), #1392 ) ;
#2681 = CARTESIAN_POINT ( 'NONE',  ( 2.500000000000000000, -3.275000000000000355, 1.399999999999999911 ) ) ;
#2682 = LINE ( 'NONE', #1334, #1857 ) ;
#2683 = CARTESIAN_POINT ( 'NONE',  ( -1.195000000000000062, 3.474999999999999645, 0.2999999999999999889 ) ) ;
#2684 = VERTEX_POINT ( 'NONE', #1756 ) ;
#2685 = ORIENTED_EDGE ( 'NONE', *, *, #481, .F. ) ;
#2686 = DIRECTION ( 'NONE',  ( -1.000000000000000000, 0.000000000000000000, 0.000000000000000000 ) ) ;
#2687 = ORIENTED_EDGE ( 'NONE', *, *, #1137, .F. ) ;
#2688 = CARTESIAN_POINT ( 'NONE',  ( -1.410515461063141185, -2.193034307963804164, 2.810706313219706765 ) ) ;
#2689 = CIRCLE ( 'NONE', #2611, 2.000000000000000000 ) ;
#2690 = CARTESIAN_POINT ( 'NONE',  ( -2.890000000000000124, 7.072000000000000064, -0.2000000000000000111 ) ) ;
#2691 = DIRECTION ( 'NONE',  ( 0.000000000000000000, 1.000000000000000000, 0.000000000000000000 ) ) ;
#2692 = ORIENTED_EDGE ( 'NONE', *, *, #1281, .T. ) ;
#2693 = UNCERTAINTY_MEASURE_WITH_UNIT (LENGTH_MEASURE( 1.000000000000000082E-05 ), #1015, 'distance_accuracy_value', 'NONE');
#2694 = FILL_AREA_STYLE ('',( #1958 ) ) ;
#2695 = CARTESIAN_POINT ( 'NONE',  ( 2.965000000000000302, 5.675000000000000711, -0.2000000000000000111 ) ) ;
#2696 = CARTESIAN_POINT ( 'NONE',  ( 0.4249999999999999889, 6.996999999999999886, -0.2000000000000000111 ) ) ;
#2697 = COLOUR_RGB ( '',1.000000000000000000, 1.000000000000000000, 1.000000000000000000 ) ;
#2698 = CARTESIAN_POINT ( 'NONE',  ( -0.3499999999999999778, 27.02500000000000213, -0.2000000000000000111 ) ) ;
#2699 = ORIENTED_EDGE ( 'NONE', *, *, #13, .T. ) ;
#2700 = ORIENTED_EDGE ( 'NONE', *, *, #553, .T. ) ;
#2701 = VECTOR ( 'NONE', #1170, 1000.000000000000000 ) ;
#2702 = DIRECTION ( 'NONE',  ( 0.000000000000000000, 0.000000000000000000, -1.000000000000000000 ) ) ;
#2703 = PLANE ( 'NONE',  #1057 ) ;
#2704 = EDGE_CURVE ( 'NONE', #3059, #1995, #2708, .T. ) ;
#2705 = MECHANICAL_DESIGN_GEOMETRIC_PRESENTATION_REPRESENTATION (  '', ( #1716 ), #1350 ) ;
#2706 = FILL_AREA_STYLE ('',( #988 ) ) ;
#2707 = PLANE ( 'NONE',  #341 ) ;
#2708 = LINE ( 'NONE', #2961, #2676 ) ;
#2709 = DIRECTION ( 'NONE',  ( 0.000000000000000000, -1.000000000000000000, 0.000000000000000000 ) ) ;
#2710 = COLOUR_RGB ( '',1.000000000000000000, 1.000000000000000000, 1.000000000000000000 ) ;
#2711 = MANIFOLD_SOLID_BREP ( 'vs1838b.stp', #2749 ) ;
#2712 =( NAMED_UNIT ( * ) PLANE_ANGLE_UNIT ( ) SI_UNIT ( $, .RADIAN. ) );
#2713 = DIRECTION ( 'NONE',  ( -1.000000000000000000, 0.000000000000000000, 0.000000000000000000 ) ) ;
#2714 = CARTESIAN_POINT ( 'NONE',  ( -0.3499999999999999778, 7.072000000000000064, -0.2000000000000000111 ) ) ;
#2715 = FACE_OUTER_BOUND ( 'NONE', #428, .T. ) ;
#2716 = PRESENTATION_LAYER_ASSIGNMENT (  '', '', ( #848 ) ) ;
#2717 = ORIENTED_EDGE ( 'NONE', *, *, #1339, .T. ) ;
#2718 = COLOUR_RGB ( '',1.000000000000000000, 1.000000000000000000, 1.000000000000000000 ) ;
#2719 = DIRECTION ( 'NONE',  ( 1.000000000000000000, 0.000000000000000000, 0.000000000000000000 ) ) ;
#2720 = DIRECTION ( 'NONE',  ( -0.7071067811865969777, -0.7071067811864980568, 0.000000000000000000 ) ) ;
#2721 = ORIENTED_EDGE ( 'NONE', *, *, #1779, .F. ) ;
#2722 = PRESENTATION_STYLE_ASSIGNMENT (( #1891 ) ) ;
#2723 = DIRECTION ( 'NONE',  ( -0.7071067811865969777, -0.7071067811864980568, 0.000000000000000000 ) ) ;
#2724 = ORIENTED_EDGE ( 'NONE', *, *, #2772, .T. ) ;
#2725 = VERTEX_POINT ( 'NONE', #333 ) ;
#2726 = CARTESIAN_POINT ( 'NONE',  ( 2.115000000000000213, 6.996999999999999886, 0.2999999999999999889 ) ) ;
#2727 = ORIENTED_EDGE ( 'NONE', *, *, #1994, .T. ) ;
#2728 = MECHANICAL_DESIGN_GEOMETRIC_PRESENTATION_REPRESENTATION (  '', ( #1576 ), #2860 ) ;
#2729 = EDGE_CURVE ( 'NONE', #1153, #1340, #1481, .T. ) ;
#2730 = COLOUR_RGB ( '',1.000000000000000000, 1.000000000000000000, 1.000000000000000000 ) ;
#2731 =( LENGTH_UNIT ( ) NAMED_UNIT ( * ) SI_UNIT ( .MILLI., .METRE. ) );
#2732 = VERTEX_POINT ( 'NONE', #2780 ) ;
#2733 = MECHANICAL_DESIGN_GEOMETRIC_PRESENTATION_REPRESENTATION (  '', ( #2176 ), #2518 ) ;
#2734 = VECTOR ( 'NONE', #2720, 1000.000000000000000 ) ;
#2735 = CARTESIAN_POINT ( 'NONE',  ( 0.3499999999999999778, 3.474999999999999645, -0.2000000000000000111 ) ) ;
#2736 =( GEOMETRIC_REPRESENTATION_CONTEXT ( 3 ) GLOBAL_UNCERTAINTY_ASSIGNED_CONTEXT ( ( #2116 ) ) GLOBAL_UNIT_ASSIGNED_CONTEXT ( ( #1494, #48, #1945 ) ) REPRESENTATION_CONTEXT ( 'NONE', 'WORKASPACE' ) );
#2737 = SURFACE_STYLE_FILL_AREA ( #879 ) ;
#2738 = FACE_OUTER_BOUND ( 'NONE', #156, .T. ) ;
#2739 = VECTOR ( 'NONE', #377, 1000.000000000000000 ) ;
#2740 =( NAMED_UNIT ( * ) PLANE_ANGLE_UNIT ( ) SI_UNIT ( $, .RADIAN. ) );
#2741 = VECTOR ( 'NONE', #128, 1000.000000000000000 ) ;
#2742 = PRESENTATION_LAYER_ASSIGNMENT (  '', '', ( #1108 ) ) ;
#2743 = DIRECTION ( 'NONE',  ( 1.000000000000000000, 0.000000000000000000, 0.000000000000000000 ) ) ;
#2744 = ORIENTED_EDGE ( 'NONE', *, *, #2160, .T. ) ;
#2745 = DIRECTION ( 'NONE',  ( 0.000000000000000000, 0.000000000000000000, 1.000000000000000000 ) ) ;
#2746 = CARTESIAN_POINT ( 'NONE',  ( 2.500000000000000000, 3.474999999999999645, -1.399999999999999911 ) ) ;
#2747 = ORIENTED_EDGE ( 'NONE', *, *, #91, .T. ) ;
#2748 = STYLED_ITEM ( 'NONE', ( #1986 ), #1930 ) ;
#2749 = CLOSED_SHELL ( 'NONE', ( #919, #453, #263, #1464, #225, #3098, #1224, #2394, #433, #2855, #2150, #205, #2643, #1193, #1930, #907, #673, #2521, #2679, #471, #654, #1209, #1155, #2240, #7, #2420, #1671, #2432, #1636, #1395, #691, #1915, #956, #3081, #2661, #2190, #1430, #490, #1877, #1176, #2843, #505, #2456, #244, #2134, #2166, #937, #187, #3054, #3063, #1445, #2891, #2866, #730, #1704, #711, #1256, #2378, #976, #1893, #1651, #1689, #1414, #2627, #327 ) ) ;
#2750 = FILL_AREA_STYLE ('',( #2519 ) ) ;
#2751 = ORIENTED_EDGE ( 'NONE', *, *, #587, .T. ) ;
#2752 =( GEOMETRIC_REPRESENTATION_CONTEXT ( 3 ) GLOBAL_UNCERTAINTY_ASSIGNED_CONTEXT ( ( #1963 ) ) GLOBAL_UNIT_ASSIGNED_CONTEXT ( ( #602, #3020, #832 ) ) REPRESENTATION_CONTEXT ( 'NONE', 'WORKASPACE' ) );
#2753 = ORIENTED_EDGE ( 'NONE', *, *, #2113, .F. ) ;
#2754 = EDGE_CURVE ( 'NONE', #2604, #478, #663, .T. ) ;
#2755 = VERTEX_POINT ( 'NONE', #2314 ) ;
#2756 = ORIENTED_EDGE ( 'NONE', *, *, #2067, .F. ) ;
#2757 = UNCERTAINTY_MEASURE_WITH_UNIT (LENGTH_MEASURE( 1.000000000000000082E-05 ), #981, 'distance_accuracy_value', 'NONE');
#2758 = MECHANICAL_DESIGN_GEOMETRIC_PRESENTATION_REPRESENTATION (  '', ( #2810 ), #3042 ) ;
#2759 = ORIENTED_EDGE ( 'NONE', *, *, #2863, .T. ) ;
#2760 = AXIS2_PLACEMENT_3D ( 'NONE', #488, #527, #2937 ) ;
#2761 = VERTEX_POINT ( 'NONE', #362 ) ;
#2762 = FILL_AREA_STYLE_COLOUR ( '', #1624 ) ;
#2763 = CARTESIAN_POINT ( 'NONE',  ( 0.3499999999999999778, 27.02500000000000213, -0.2000000000000000111 ) ) ;
#2764 = SHAPE_DEFINITION_REPRESENTATION ( #2893, #2948 ) ;
#2765 = FILL_AREA_STYLE_COLOUR ( '', #1555 ) ;
#2766 = FACE_OUTER_BOUND ( 'NONE', #2890, .T. ) ;
#2767 = VECTOR ( 'NONE', #3003, 1000.000000000000000 ) ;
#2768 = UNCERTAINTY_MEASURE_WITH_UNIT (LENGTH_MEASURE( 1.000000000000000082E-05 ), #435, 'distance_accuracy_value', 'NONE');
#2769 = LINE ( 'NONE', #3102, #1064 ) ;
#2770 = ORIENTED_EDGE ( 'NONE', *, *, #670, .T. ) ;
#2771 = PRESENTATION_LAYER_ASSIGNMENT (  '', '', ( #2029 ) ) ;
#2772 = EDGE_CURVE ( 'NONE', #3093, #1066, #2285, .T. ) ;
#2773 = DIRECTION ( 'NONE',  ( 0.000000000000000000, 0.000000000000000000, 1.000000000000000000 ) ) ;
#2774 = ORIENTED_EDGE ( 'NONE', *, *, #2436, .T. ) ;
#2775 = SURFACE_STYLE_USAGE ( .BOTH. , #2544 ) ;
#2776 = MECHANICAL_DESIGN_GEOMETRIC_PRESENTATION_REPRESENTATION (  '', ( #2127 ), #3064 ) ;
#2777 = VERTEX_POINT ( 'NONE', #1315 ) ;
#2778 = DIRECTION ( 'NONE',  ( 0.000000000000000000, 0.000000000000000000, 1.000000000000000000 ) ) ;
#2779 = VERTEX_POINT ( 'NONE', #2058 ) ;
#2780 = CARTESIAN_POINT ( 'NONE',  ( -2.189999999999999947, 5.599999999999999645, 0.2999999999999999889 ) ) ;
#2781 = LINE ( 'NONE', #905, #2652 ) ;
#2782 =( LENGTH_UNIT ( ) NAMED_UNIT ( * ) SI_UNIT ( .MILLI., .METRE. ) );
#2783 = EDGE_CURVE ( 'NONE', #816, #1911, #2356, .T. ) ;
#2784 = VECTOR ( 'NONE', #56, 1000.000000000000000 ) ;
#2785 = DIRECTION ( 'NONE',  ( 0.000000000000000000, 1.000000000000000000, 0.000000000000000000 ) ) ;
#2786 = ORIENTED_EDGE ( 'NONE', *, *, #2104, .T. ) ;
#2787 = UNCERTAINTY_MEASURE_WITH_UNIT (LENGTH_MEASURE( 1.000000000000000082E-05 ), #1378, 'distance_accuracy_value', 'NONE');
#2788 = PLANE ( 'NONE',  #1014 ) ;
#2789 = VERTEX_POINT ( 'NONE', #1796 ) ;
#2790 = STYLED_ITEM ( 'NONE', ( #941 ), #654 ) ;
#2791 = CARTESIAN_POINT ( 'NONE',  ( 0.3499999999999999778, 5.599999999999999645, -0.2000000000000000111 ) ) ;
#2792 = AXIS2_PLACEMENT_3D ( 'NONE', #2155, #2659, #2142 ) ;
#2793 = FILL_AREA_STYLE_COLOUR ( '', #2208 ) ;
#2794 = SURFACE_STYLE_FILL_AREA ( #2421 ) ;
#2795 = DIRECTION ( 'NONE',  ( 1.000000000000000000, 0.000000000000000000, 0.000000000000000000 ) ) ;
#2796 = FACE_OUTER_BOUND ( 'NONE', #2221, .T. ) ;
#2797 = AXIS2_PLACEMENT_3D ( 'NONE', #680, #2144, #934 ) ;
#2798 = DIRECTION ( 'NONE',  ( 0.000000000000000000, 0.000000000000000000, 1.000000000000000000 ) ) ;
#2799 = VECTOR ( 'NONE', #2936, 1000.000000000000000 ) ;
#2800 =( NAMED_UNIT ( * ) PLANE_ANGLE_UNIT ( ) SI_UNIT ( $, .RADIAN. ) );
#2801 = LINE ( 'NONE', #1417, #2164 ) ;
#2802 = EDGE_CURVE ( 'NONE', #14, #685, #1364, .T. ) ;
#2803 = FILL_AREA_STYLE ('',( #1077 ) ) ;
#2804 = UNCERTAINTY_MEASURE_WITH_UNIT (LENGTH_MEASURE( 1.000000000000000082E-05 ), #855, 'distance_accuracy_value', 'NONE');
#2805 = CARTESIAN_POINT ( 'NONE',  ( 2.000000000000000000, 3.474999999999999645, 3.399999999999999911 ) ) ;
#2806 = PRESENTATION_STYLE_ASSIGNMENT (( #1201 ) ) ;
#2807 = ORIENTED_EDGE ( 'NONE', *, *, #1787, .F. ) ;
#2808 = DIRECTION ( 'NONE',  ( 0.000000000000000000, 0.000000000000000000, 1.000000000000000000 ) ) ;
#2809 = DIRECTION ( 'NONE',  ( 1.000000000000000000, 0.000000000000000000, 0.000000000000000000 ) ) ;
#2810 = STYLED_ITEM ( 'NONE', ( #1063 ), #433 ) ;
#2811 = DIRECTION ( 'NONE',  ( -1.000000000000000000, 0.000000000000000000, 0.000000000000000000 ) ) ;
#2812 = FILL_AREA_STYLE_COLOUR ( '', #1164 ) ;
#2813 = VERTEX_POINT ( 'NONE', #821 ) ;
#2814 = PRESENTATION_LAYER_ASSIGNMENT (  '', '', ( #990 ) ) ;
#2815 = LINE ( 'NONE', #2384, #2458 ) ;
#2816 = EDGE_CURVE ( 'NONE', #2072, #2336, #1318, .T. ) ;
#2817 = DIRECTION ( 'NONE',  ( 0.000000000000000000, 0.000000000000000000, 1.000000000000000000 ) ) ;
#2818 = ORIENTED_EDGE ( 'NONE', *, *, #2970, .F. ) ;
#2819 = ORIENTED_EDGE ( 'NONE', *, *, #1501, .F. ) ;
#2820 = CARTESIAN_POINT ( 'NONE',  ( 1.999999999999999556, -0.8999559005533158684, 3.399862001316025228 ) ) ;
#2821 = DIRECTION ( 'NONE',  ( 0.7071067811865474617, 0.7071067811865474617, 0.000000000000000000 ) ) ;
#2822 = STYLED_ITEM ( 'NONE', ( #2806 ), #2190 ) ;
#2823 = LINE ( 'NONE', #2077, #1573 ) ;
#2824 = DIRECTION ( 'NONE',  ( 1.000000000000000000, 0.000000000000000000, 0.000000000000000000 ) ) ;
#2825 = ORIENTED_EDGE ( 'NONE', *, *, #1501, .T. ) ;
#2826 = LINE ( 'NONE', #749, #2189 ) ;
#2827 = VERTEX_POINT ( 'NONE', #97 ) ;
#2828 =( NAMED_UNIT ( * ) SI_UNIT ( $, .STERADIAN. ) SOLID_ANGLE_UNIT ( ) );
#2829 = DIRECTION ( 'NONE',  ( 0.000000000000000000, 0.000000000000000000, 1.000000000000000000 ) ) ;
#2830 = UNCERTAINTY_MEASURE_WITH_UNIT (LENGTH_MEASURE( 1.000000000000000082E-05 ), #2983, 'distance_accuracy_value', 'NONE');
#2831 = AXIS2_PLACEMENT_3D ( 'NONE', #2583, #1351, #2338 ) ;
#2832 = DIRECTION ( 'NONE',  ( 0.000000000000000000, 0.000000000000000000, 1.000000000000000000 ) ) ;
#2833 = CARTESIAN_POINT ( 'NONE',  ( -2.965000000000000302, 5.675000000000000711, -0.2000000000000000111 ) ) ;
#2834 = CARTESIAN_POINT ( 'NONE',  ( 2.500000000000000000, -3.474999999999999645, -1.399999999999999911 ) ) ;
#2835 = PRESENTATION_LAYER_ASSIGNMENT (  '', '', ( #2476 ) ) ;
#2836 = FACE_BOUND ( 'NONE', #352, .T. ) ;
#2837 = PRESENTATION_LAYER_ASSIGNMENT (  '', '', ( #1599 ) ) ;
#2838 = SURFACE_SIDE_STYLE ('',( #1029 ) ) ;
#2839 = DIRECTION ( 'NONE',  ( 0.000000000000000000, 0.000000000000000000, 1.000000000000000000 ) ) ;
#2840 = UNCERTAINTY_MEASURE_WITH_UNIT (LENGTH_MEASURE( 1.000000000000000082E-05 ), #2179, 'distance_accuracy_value', 'NONE');
#2841 = EDGE_CURVE ( 'NONE', #2986, #2813, #1523, .T. ) ;
#2842 = ORIENTED_EDGE ( 'NONE', *, *, #1234, .T. ) ;
#2843 = ADVANCED_FACE ( 'NONE', ( #2597 ), #3011, .T. ) ;
#2844 = LINE ( 'NONE', #1411, #1101 ) ;
#2845 = ORIENTED_EDGE ( 'NONE', *, *, #973, .T. ) ;
#2846 = STYLED_ITEM ( 'NONE', ( #565 ), #471 ) ;
#2847 = ORIENTED_EDGE ( 'NONE', *, *, #2783, .T. ) ;
#2848 = PRESENTATION_LAYER_ASSIGNMENT (  '', '', ( #324 ) ) ;
#2849 = VERTEX_POINT ( 'NONE', #2791 ) ;
#2850 = CARTESIAN_POINT ( 'NONE',  ( 0.000000000000000000, 0.000000000000000000, 0.000000000000000000 ) ) ;
#2851 = SURFACE_STYLE_USAGE ( .BOTH. , #2227 ) ;
#2852 =( GEOMETRIC_REPRESENTATION_CONTEXT ( 3 ) GLOBAL_UNCERTAINTY_ASSIGNED_CONTEXT ( ( #2278 ) ) GLOBAL_UNIT_ASSIGNED_CONTEXT ( ( #40, #2712, #1210 ) ) REPRESENTATION_CONTEXT ( 'NONE', 'WORKASPACE' ) );
#2853 = VERTEX_POINT ( 'NONE', #584 ) ;
#2854 = FACE_OUTER_BOUND ( 'NONE', #320, .T. ) ;
#2855 = ADVANCED_FACE ( 'NONE', ( #2015 ), #3014, .T. ) ;
#2856 =( NAMED_UNIT ( * ) PLANE_ANGLE_UNIT ( ) SI_UNIT ( $, .RADIAN. ) );
#2857 = ORIENTED_EDGE ( 'NONE', *, *, #1645, .T. ) ;
#2858 = CARTESIAN_POINT ( 'NONE',  ( -1.425900541593996040, -2.177448042830242958, 2.826113743546952328 ) ) ;
#2859 = SURFACE_STYLE_USAGE ( .BOTH. , #1705 ) ;
#2860 =( GEOMETRIC_REPRESENTATION_CONTEXT ( 3 ) GLOBAL_UNCERTAINTY_ASSIGNED_CONTEXT ( ( #1895 ) ) GLOBAL_UNIT_ASSIGNED_CONTEXT ( ( #2078, #2327, #3038 ) ) REPRESENTATION_CONTEXT ( 'NONE', 'WORKASPACE' ) );
#2861 = PLANE ( 'NONE',  #2648 ) ;
#2862 = LINE ( 'NONE', #195, #2245 ) ;
#2863 = EDGE_CURVE ( 'NONE', #685, #478, #1093, .T. ) ;
#2864 = DIRECTION ( 'NONE',  ( -1.000000000000000000, 0.000000000000000000, 0.000000000000000000 ) ) ;
#2865 = PLANE ( 'NONE',  #2375 ) ;
#2866 = ADVANCED_FACE ( 'NONE', ( #985 ), #175, .T. ) ;
#2867 = PRESENTATION_LAYER_ASSIGNMENT (  '', '', ( #1238 ) ) ;
#2868 = VECTOR ( 'NONE', #508, 1000.000000000000000 ) ;
#2869 = PLANE ( 'NONE',  #1686 ) ;
#2870 = CARTESIAN_POINT ( 'NONE',  ( 0.000000000000000000, 0.000000000000000000, -0.2000000000000000111 ) ) ;
#2871 = SURFACE_SIDE_STYLE ('',( #944 ) ) ;
#2872 = DIRECTION ( 'NONE',  ( 0.000000000000000000, 0.000000000000000000, 1.000000000000000000 ) ) ;
#2873 = VERTEX_POINT ( 'NONE', #2622 ) ;
#2874 = CIRCLE ( 'NONE', #162, 0.2000000000000000944 ) ;
#2875 = CARTESIAN_POINT ( 'NONE',  ( 0.3499999999999999778, 7.072000000000000064, -0.2000000000000000111 ) ) ;
#2876 = UNCERTAINTY_MEASURE_WITH_UNIT (LENGTH_MEASURE( 1.000000000000000082E-05 ), #57, 'distance_accuracy_value', 'NONE');
#2877 = LINE ( 'NONE', #2513, #310 ) ;
#2878 = ORIENTED_EDGE ( 'NONE', *, *, #1881, .F. ) ;
#2879 = DIRECTION ( 'NONE',  ( 0.000000000000000000, 0.000000000000000000, 1.000000000000000000 ) ) ;
#2880 = ORIENTED_EDGE ( 'NONE', *, *, #1816, .T. ) ;
#2881 = FILL_AREA_STYLE_COLOUR ( '', #3051 ) ;
#2882 =( GEOMETRIC_REPRESENTATION_CONTEXT ( 3 ) GLOBAL_UNCERTAINTY_ASSIGNED_CONTEXT ( ( #1568 ) ) GLOBAL_UNIT_ASSIGNED_CONTEXT ( ( #1457, #721, #2213 ) ) REPRESENTATION_CONTEXT ( 'NONE', 'WORKASPACE' ) );
#2883 = ORIENTED_EDGE ( 'NONE', *, *, #1266, .F. ) ;
#2884 = DIRECTION ( 'NONE',  ( 0.000000000000000000, 0.000000000000000000, 1.000000000000000000 ) ) ;
#2885 =( LENGTH_UNIT ( ) NAMED_UNIT ( * ) SI_UNIT ( .MILLI., .METRE. ) );
#2886 = CARTESIAN_POINT ( 'NONE',  ( -2.890000000000000124, 5.599999999999999645, -0.2000000000000000111 ) ) ;
#2887 = AXIS2_PLACEMENT_3D ( 'NONE', #294, #1018, #2483 ) ;
#2888 = PRESENTATION_STYLE_ASSIGNMENT (( #2465 ) ) ;
#2889 = PLANE ( 'NONE',  #2053 ) ;
#2890 = EDGE_LOOP ( 'NONE', ( #388, #190, #2614, #323 ) ) ;
#2891 = ADVANCED_FACE ( 'NONE', ( #2085 ), #2703, .T. ) ;
#2892 = CARTESIAN_POINT ( 'NONE',  ( -2.890000000000000124, 4.074999999999999289, -0.2000000000000000111 ) ) ;
#2893 = PRODUCT_DEFINITION_SHAPE ( 'NONE', 'NONE',  #1149 ) ;
#2894 =( GEOMETRIC_REPRESENTATION_CONTEXT ( 3 ) GLOBAL_UNCERTAINTY_ASSIGNED_CONTEXT ( ( #1656 ) ) GLOBAL_UNIT_ASSIGNED_CONTEXT ( ( #882, #1131, #2097 ) ) REPRESENTATION_CONTEXT ( 'NONE', 'WORKASPACE' ) );
#2895 = DIRECTION ( 'NONE',  ( 1.000000000000000000, 0.000000000000000000, 0.000000000000000000 ) ) ;
#2896 = PRESENTATION_STYLE_ASSIGNMENT (( #1346 ) ) ;
#2897 = ORIENTED_EDGE ( 'NONE', *, *, #658, .F. ) ;
#2898 = CARTESIAN_POINT ( 'NONE',  ( 2.890000000000000124, 4.275000000000000355, 0.2999999999999999889 ) ) ;
#2899 = FILL_AREA_STYLE_COLOUR ( '', #1934 ) ;
#2900 = CARTESIAN_POINT ( 'NONE',  ( 2.000000000000000000, 3.474999999999999645, 1.399999999999999911 ) ) ;
#2901 = STYLED_ITEM ( 'NONE', ( #2594 ), #2866 ) ;
#2902 = LINE ( 'NONE', #793, #487 ) ;
#2903 = CARTESIAN_POINT ( 'NONE',  ( 2.890000000000000124, 27.02500000000000213, -0.2000000000000000111 ) ) ;
#2904 = DIRECTION ( 'NONE',  ( 0.000000000000000000, 0.000000000000000000, 1.000000000000000000 ) ) ;
#2905 = EDGE_CURVE ( 'NONE', #2849, #1874, #1850, .T. ) ;
#2906 = PLANE ( 'NONE',  #337 ) ;
#2907 = SURFACE_STYLE_FILL_AREA ( #3101 ) ;
#2908 = CARTESIAN_POINT ( 'NONE',  ( -1.340142028243749506, -2.259911635534596286, 2.740077891313183578 ) ) ;
#2909 = PLANE ( 'NONE',  #693 ) ;
#2910 = LINE ( 'NONE', #889, #1160 ) ;
#2911 = CARTESIAN_POINT ( 'NONE',  ( 2.890000000000000124, 27.02500000000000213, 0.2999999999999999889 ) ) ;
#2912 = LINE ( 'NONE', #1465, #3069 ) ;
#2913 = CARTESIAN_POINT ( 'NONE',  ( -2.115000000000000213, 5.675000000000000711, 0.2999999999999999889 ) ) ;
#2914 = PRESENTATION_LAYER_ASSIGNMENT (  '', '', ( #630 ) ) ;
#2915 = FILL_AREA_STYLE_COLOUR ( '', #747 ) ;
#2916 = VECTOR ( 'NONE', #2244, 1000.000000000000000 ) ;
#2917 = DIRECTION ( 'NONE',  ( -1.000000000000000000, 0.000000000000000000, 0.000000000000000000 ) ) ;
#2918 = SURFACE_STYLE_FILL_AREA ( #129 ) ;
#2919 = AXIS2_PLACEMENT_3D ( 'NONE', #1837, #419, #645 ) ;
#2920 = LINE ( 'NONE', #1964, #1824 ) ;
#2921 = CARTESIAN_POINT ( 'NONE',  ( 2.689999999999999947, 4.275000000000000355, -0.2000000000000000111 ) ) ;
#2922 = SURFACE_STYLE_FILL_AREA ( #2156 ) ;
#2923 = CARTESIAN_POINT ( 'NONE',  ( 2.965000000000000302, 6.996999999999999886, -0.2000000000000000111 ) ) ;
#2924 = ORIENTED_EDGE ( 'NONE', *, *, #2292, .F. ) ;
#2925 = VECTOR ( 'NONE', #1165, 1000.000000000000000 ) ;
#2926 = UNCERTAINTY_MEASURE_WITH_UNIT (LENGTH_MEASURE( 1.000000000000000082E-05 ), #450, 'distance_accuracy_value', 'NONE');
#2927 =( NAMED_UNIT ( * ) PLANE_ANGLE_UNIT ( ) SI_UNIT ( $, .RADIAN. ) );
#2928 = DIRECTION ( 'NONE',  ( 0.000000000000000000, 0.000000000000000000, 1.000000000000000000 ) ) ;
#2929 = ORIENTED_EDGE ( 'NONE', *, *, #3006, .F. ) ;
#2930 =( NAMED_UNIT ( * ) SI_UNIT ( $, .STERADIAN. ) SOLID_ANGLE_UNIT ( ) );
#2931 =( NAMED_UNIT ( * ) PLANE_ANGLE_UNIT ( ) SI_UNIT ( $, .RADIAN. ) );
#2932 = ORIENTED_EDGE ( 'NONE', *, *, #837, .T. ) ;
#2933 = EDGE_CURVE ( 'NONE', #2275, #2020, #2392, .T. ) ;
#2934 = APPLICATION_PROTOCOL_DEFINITION ( 'draft international standard', 'automotive_design', 1998, #1241 ) ;
#2935 = DIRECTION ( 'NONE',  ( 0.000000000000000000, 1.000000000000000000, 0.000000000000000000 ) ) ;
#2936 = DIRECTION ( 'NONE',  ( -1.000000000000000000, 0.000000000000000000, 0.000000000000000000 ) ) ;
#2937 = DIRECTION ( 'NONE',  ( 0.000000000000000000, -1.000000000000000000, 0.000000000000000000 ) ) ;
#2938 = MECHANICAL_DESIGN_GEOMETRIC_PRESENTATION_REPRESENTATION (  '', ( #1678 ), #2237 ) ;
#2939 = EDGE_CURVE ( 'NONE', #840, #652, #2912, .T. ) ;
#2940 = CARTESIAN_POINT ( 'NONE',  ( -2.500000000000000000, -3.275000000000000355, -1.399999999999999911 ) ) ;
#2941 = DIRECTION ( 'NONE',  ( 0.000000000000000000, 0.000000000000000000, 1.000000000000000000 ) ) ;
#2942 = ORIENTED_EDGE ( 'NONE', *, *, #1666, .T. ) ;
#2943 = SURFACE_SIDE_STYLE ('',( #174 ) ) ;
#2944 = PRESENTATION_LAYER_ASSIGNMENT (  '', '', ( #1860 ) ) ;
#2945 = CARTESIAN_POINT ( 'NONE',  ( -2.890000000000000124, 4.074999999999999289, -0.2000000000000000111 ) ) ;
#2946 = ORIENTED_EDGE ( 'NONE', *, *, #504, .T. ) ;
#2947 = ORIENTED_EDGE ( 'NONE', *, *, #1220, .F. ) ;
#2948 = ADVANCED_BREP_SHAPE_REPRESENTATION ( 'VS1838B', ( #2711, #872 ), #158 ) ;
#2949 = FILL_AREA_STYLE_COLOUR ( '', #2123 ) ;
#2950 = LINE ( 'NONE', #239, #901 ) ;
#2951 = CARTESIAN_POINT ( 'NONE',  ( -1.195000000000000062, 3.474999999999999645, -0.2000000000000000111 ) ) ;
#2952 = VECTOR ( 'NONE', #2508, 1000.000000000000000 ) ;
#2953 = PRESENTATION_LAYER_ASSIGNMENT (  '', '', ( #261 ) ) ;
#2954 = VECTOR ( 'NONE', #1772, 1000.000000000000000 ) ;
#2955 = LINE ( 'NONE', #533, #2357 ) ;
#2956 = ORIENTED_EDGE ( 'NONE', *, *, #859, .T. ) ;
#2957 = LINE ( 'NONE', #656, #2323 ) ;
#2958 = VECTOR ( 'NONE', #764, 1000.000000000000000 ) ;
#2959 = EDGE_LOOP ( 'NONE', ( #431, #722, #3026, #1670 ) ) ;
#2960 = LINE ( 'NONE', #1232, #1405 ) ;
#2961 = CARTESIAN_POINT ( 'NONE',  ( -2.115000000000000213, 5.675000000000000711, 0.2999999999999999889 ) ) ;
#2962 = ORIENTED_EDGE ( 'NONE', *, *, #2905, .T. ) ;
#2963 = EDGE_CURVE ( 'NONE', #2423, #2571, #1167, .T. ) ;
#2964 = DIRECTION ( 'NONE',  ( 0.000000000000000000, 0.000000000000000000, -1.000000000000000000 ) ) ;
#2965 = ORIENTED_EDGE ( 'NONE', *, *, #311, .F. ) ;
#2966 = DIRECTION ( 'NONE',  ( 1.000000000000000000, 0.000000000000000000, 0.000000000000000000 ) ) ;
#2967 = VECTOR ( 'NONE', #440, 1000.000000000000000 ) ;
#2968 = ORIENTED_EDGE ( 'NONE', *, *, #1137, .T. ) ;
#2969 = MECHANICAL_DESIGN_GEOMETRIC_PRESENTATION_REPRESENTATION (  '', ( #324 ), #3004 ) ;
#2970 = EDGE_CURVE ( 'NONE', #3074, #1773, #1208, .T. ) ;
#2971 = STYLED_ITEM ( 'NONE', ( #1174 ), #2240 ) ;
#2972 = CARTESIAN_POINT ( 'NONE',  ( 0.000000000000000000, 0.000000000000000000, 3.399999999999999911 ) ) ;
#2973 = VECTOR ( 'NONE', #539, 1000.000000000000000 ) ;
#2974 = UNCERTAINTY_MEASURE_WITH_UNIT (LENGTH_MEASURE( 1.000000000000000082E-05 ), #2205, 'distance_accuracy_value', 'NONE');
#2975 = DIRECTION ( 'NONE',  ( 0.000000000000000000, -1.000000000000000000, 0.000000000000000000 ) ) ;
#2976 = AXIS2_PLACEMENT_3D ( 'NONE', #686, #1416, #1156 ) ;
#2977 = FILL_AREA_STYLE ('',( #1559 ) ) ;
#2978 =( NAMED_UNIT ( * ) PLANE_ANGLE_UNIT ( ) SI_UNIT ( $, .RADIAN. ) );
#2979 = PRESENTATION_STYLE_ASSIGNMENT (( #1489 ) ) ;
#2980 =( LENGTH_UNIT ( ) NAMED_UNIT ( * ) SI_UNIT ( .MILLI., .METRE. ) );
#2981 = DIRECTION ( 'NONE',  ( 0.000000000000000000, 0.000000000000000000, 1.000000000000000000 ) ) ;
#2982 = AXIS2_PLACEMENT_3D ( 'NONE', #595, #2298, #1287 ) ;
#2983 =( LENGTH_UNIT ( ) NAMED_UNIT ( * ) SI_UNIT ( .MILLI., .METRE. ) );
#2984 = CARTESIAN_POINT ( 'NONE',  ( 0.000000000000000000, -0.7750000000000000222, 1.399999999999999911 ) ) ;
#2985 =( NAMED_UNIT ( * ) PLANE_ANGLE_UNIT ( ) SI_UNIT ( $, .RADIAN. ) );
#2986 = VERTEX_POINT ( 'NONE', #1230 ) ;
#2987 = CARTESIAN_POINT ( 'NONE',  ( -2.965000000000000302, 5.675000000000000711, -0.2000000000000000111 ) ) ;
#2988 = MECHANICAL_DESIGN_GEOMETRIC_PRESENTATION_REPRESENTATION (  '', ( #2748 ), #2538 ) ;
#2989 =( NAMED_UNIT ( * ) SI_UNIT ( $, .STERADIAN. ) SOLID_ANGLE_UNIT ( ) );
#2990 = ORIENTED_EDGE ( 'NONE', *, *, #2003, .T. ) ;
#2991 = VECTOR ( 'NONE', #2185, 1000.000000000000000 ) ;
#2992 =( GEOMETRIC_REPRESENTATION_CONTEXT ( 3 ) GLOBAL_UNCERTAINTY_ASSIGNED_CONTEXT ( ( #1074 ) ) GLOBAL_UNIT_ASSIGNED_CONTEXT ( ( #660, #484, #3076 ) ) REPRESENTATION_CONTEXT ( 'NONE', 'WORKASPACE' ) );
#2993 = ORIENTED_EDGE ( 'NONE', *, *, #3062, .F. ) ;
#2994 = CARTESIAN_POINT ( 'NONE',  ( -1.195000000000000062, 4.774999999999999467, -0.2000000000000000111 ) ) ;
#2995 = SURFACE_SIDE_STYLE ('',( #304 ) ) ;
#2996 = ORIENTED_EDGE ( 'NONE', *, *, #2003, .F. ) ;
#2997 =( NAMED_UNIT ( * ) SI_UNIT ( $, .STERADIAN. ) SOLID_ANGLE_UNIT ( ) );
#2998 = CARTESIAN_POINT ( 'NONE',  ( 2.189999999999999947, 27.02500000000000213, -0.2000000000000000111 ) ) ;
#2999 = COLOUR_RGB ( '',0.2980392156862745057, 0.2980392156862745057, 0.2980392156862745057 ) ;
#3000 = MECHANICAL_DESIGN_GEOMETRIC_PRESENTATION_REPRESENTATION (  '', ( #185 ), #2589 ) ;
#3001 = SURFACE_STYLE_FILL_AREA ( #122 ) ;
#3002 = ORIENTED_EDGE ( 'NONE', *, *, #2642, .T. ) ;
#3003 = DIRECTION ( 'NONE',  ( 0.000000000000000000, 0.000000000000000000, 1.000000000000000000 ) ) ;
#3004 =( GEOMETRIC_REPRESENTATION_CONTEXT ( 3 ) GLOBAL_UNCERTAINTY_ASSIGNED_CONTEXT ( ( #655 ) ) GLOBAL_UNIT_ASSIGNED_CONTEXT ( ( #193, #1892, #448 ) ) REPRESENTATION_CONTEXT ( 'NONE', 'WORKASPACE' ) );
#3005 = ORIENTED_EDGE ( 'NONE', *, *, #142, .T. ) ;
#3006 = EDGE_CURVE ( 'NONE', #2813, #801, #865, .T. ) ;
#3007 = UNCERTAINTY_MEASURE_WITH_UNIT (LENGTH_MEASURE( 1.000000000000000082E-05 ), #897, 'distance_accuracy_value', 'NONE');
#3008 = STYLED_ITEM ( 'NONE', ( #1936 ), #2855 ) ;
#3009 = DIRECTION ( 'NONE',  ( 0.7071067811865969777, 0.7071067811864980568, 0.000000000000000000 ) ) ;
#3010 = COLOUR_RGB ( '',0.2980392156862745057, 0.2980392156862745057, 0.2980392156862745057 ) ;
#3011 = PLANE ( 'NONE',  #891 ) ;
#3012 = COLOUR_RGB ( '',1.000000000000000000, 1.000000000000000000, 1.000000000000000000 ) ;
#3013 = CARTESIAN_POINT ( 'NONE',  ( -2.000000000000000000, 3.474999999999999645, 1.399999999999999911 ) ) ;
#3014 = CYLINDRICAL_SURFACE ( 'NONE', #2797, 2.000000000000000000 ) ;
#3015 = CARTESIAN_POINT ( 'NONE',  ( 0.000000000000000000, 0.000000000000000000, -0.2000000000000000111 ) ) ;
#3016 = CARTESIAN_POINT ( 'NONE',  ( 2.115000000000000213, 6.996999999999999886, -0.2000000000000000111 ) ) ;
#3017 = ORIENTED_EDGE ( 'NONE', *, *, #91, .F. ) ;
#3018 = VECTOR ( 'NONE', #203, 1000.000000000000000 ) ;
#3019 = EDGE_CURVE ( 'NONE', #2099, #2777, #540, .T. ) ;
#3020 =( NAMED_UNIT ( * ) PLANE_ANGLE_UNIT ( ) SI_UNIT ( $, .RADIAN. ) );
#3021 = SURFACE_SIDE_STYLE ('',( #2004 ) ) ;
#3022 = ORIENTED_EDGE ( 'NONE', *, *, #2729, .T. ) ;
#3023 = COLOUR_RGB ( '',1.000000000000000000, 1.000000000000000000, 1.000000000000000000 ) ;
#3024 =( NAMED_UNIT ( * ) SI_UNIT ( $, .STERADIAN. ) SOLID_ANGLE_UNIT ( ) );
#3025 =( GEOMETRIC_REPRESENTATION_CONTEXT ( 3 ) GLOBAL_UNCERTAINTY_ASSIGNED_CONTEXT ( ( #3085 ) ) GLOBAL_UNIT_ASSIGNED_CONTEXT ( ( #1887, #690, #2411 ) ) REPRESENTATION_CONTEXT ( 'NONE', 'WORKASPACE' ) );
#3026 = ORIENTED_EDGE ( 'NONE', *, *, #2326, .F. ) ;
#3027 = COLOUR_RGB ( '',1.000000000000000000, 1.000000000000000000, 1.000000000000000000 ) ;
#3028 = ORIENTED_EDGE ( 'NONE', *, *, #1353, .T. ) ;
#3029 = VECTOR ( 'NONE', #844, 1000.000000000000000 ) ;
#3030 = ORIENTED_EDGE ( 'NONE', *, *, #1250, .T. ) ;
#3031 = CARTESIAN_POINT ( 'NONE',  ( 1.350000000000000089, 4.575000000000000178, -0.2000000000000000111 ) ) ;
#3032 = EDGE_CURVE ( 'NONE', #1422, #1916, #218, .T. ) ;
#3033 = CARTESIAN_POINT ( 'NONE',  ( 0.4249999999999999889, 6.996999999999999886, 0.2999999999999999889 ) ) ;
#3034 = VERTEX_POINT ( 'NONE', #2433 ) ;
#3035 =( NAMED_UNIT ( * ) PLANE_ANGLE_UNIT ( ) SI_UNIT ( $, .RADIAN. ) );
#3036 = MECHANICAL_DESIGN_GEOMETRIC_PRESENTATION_REPRESENTATION (  '', ( #1649 ), #1821 ) ;
#3037 = LINE ( 'NONE', #1484, #1082 ) ;
#3038 =( NAMED_UNIT ( * ) SI_UNIT ( $, .STERADIAN. ) SOLID_ANGLE_UNIT ( ) );
#3039 = CARTESIAN_POINT ( 'NONE',  ( 0.8424365993318826407, -2.589256453343888875, 2.241616019005792104 ) ) ;
#3040 = EDGE_CURVE ( 'NONE', #1951, #1446, #750, .T. ) ;
#3041 = FACE_OUTER_BOUND ( 'NONE', #3056, .T. ) ;
#3042 =( GEOMETRIC_REPRESENTATION_CONTEXT ( 3 ) GLOBAL_UNCERTAINTY_ASSIGNED_CONTEXT ( ( #2876 ) ) GLOBAL_UNIT_ASSIGNED_CONTEXT ( ( #57, #1482, #296 ) ) REPRESENTATION_CONTEXT ( 'NONE', 'WORKASPACE' ) );
#3043 = VECTOR ( 'NONE', #2808, 1000.000000000000000 ) ;
#3044 = CARTESIAN_POINT ( 'NONE',  ( -2.890000000000000124, 7.072000000000000064, 0.2999999999999999889 ) ) ;
#3045 = EDGE_LOOP ( 'NONE', ( #125, #2993, #2996, #1967 ) ) ;
#3046 = STYLED_ITEM ( 'NONE', ( #1725 ), #1464 ) ;
#3047 = EDGE_CURVE ( 'NONE', #1345, #583, #266, .T. ) ;
#3048 = UNCERTAINTY_MEASURE_WITH_UNIT (LENGTH_MEASURE( 1.000000000000000082E-05 ), #1275, 'distance_accuracy_value', 'NONE');
#3049 = FILL_AREA_STYLE ('',( #1085 ) ) ;
#3050 = ORIENTED_EDGE ( 'NONE', *, *, #2148, .F. ) ;
#3051 = COLOUR_RGB ( '',1.000000000000000000, 1.000000000000000000, 1.000000000000000000 ) ;
#3052 =( GEOMETRIC_REPRESENTATION_CONTEXT ( 3 ) GLOBAL_UNCERTAINTY_ASSIGNED_CONTEXT ( ( #1289 ) ) GLOBAL_UNIT_ASSIGNED_CONTEXT ( ( #438, #1158, #1835 ) ) REPRESENTATION_CONTEXT ( 'NONE', 'WORKASPACE' ) );
#3053 = EDGE_LOOP ( 'NONE', ( #2842, #543, #2135, #88 ) ) ;
#3054 = ADVANCED_FACE ( 'NONE', ( #1090 ), #2552, .T. ) ;
#3055 = LINE ( 'NONE', #2371, #2967 ) ;
#3056 = EDGE_LOOP ( 'NONE', ( #915, #2660, #2023, #1175 ) ) ;
#3057 = CARTESIAN_POINT ( 'NONE',  ( -1.895000000000000018, 4.074999999999999289, -0.2000000000000000111 ) ) ;
#3058 =( NAMED_UNIT ( * ) SI_UNIT ( $, .STERADIAN. ) SOLID_ANGLE_UNIT ( ) );
#3059 = VERTEX_POINT ( 'NONE', #2913 ) ;
#3060 = SURFACE_SIDE_STYLE ('',( #2324 ) ) ;
#3061 = AXIS2_PLACEMENT_3D ( 'NONE', #2834, #1098, #862 ) ;
#3062 = EDGE_CURVE ( 'NONE', #1335, #2419, #455, .T. ) ;
#3063 = ADVANCED_FACE ( 'NONE', ( #1743 ), #633, .T. ) ;
#3064 =( GEOMETRIC_REPRESENTATION_CONTEXT ( 3 ) GLOBAL_UNCERTAINTY_ASSIGNED_CONTEXT ( ( #201 ) ) GLOBAL_UNIT_ASSIGNED_CONTEXT ( ( #2308, #80, #2997 ) ) REPRESENTATION_CONTEXT ( 'NONE', 'WORKASPACE' ) );
#3065 =( NAMED_UNIT ( * ) PLANE_ANGLE_UNIT ( ) SI_UNIT ( $, .RADIAN. ) );
#3066 = CARTESIAN_POINT ( 'NONE',  ( 0.8759656874324317499, -2.573314424703731618, 2.275076483215849876 ) ) ;
#3067 = LINE ( 'NONE', #2580, #1478 ) ;
#3068 = DIRECTION ( 'NONE',  ( -1.000000000000000000, 0.000000000000000000, 0.000000000000000000 ) ) ;
#3069 = VECTOR ( 'NONE', #529, 1000.000000000000000 ) ;
#3070 = LINE ( 'NONE', #3016, #754 ) ;
#3071 = CARTESIAN_POINT ( 'NONE',  ( 2.250000000000000000, 4.074999999999999289, 0.2999999999999999889 ) ) ;
#3072 = VECTOR ( 'NONE', #1477, 1000.000000000000000 ) ;
#3073 = EDGE_CURVE ( 'NONE', #3082, #2336, #1514, .T. ) ;
#3074 = VERTEX_POINT ( 'NONE', #2898 ) ;
#3075 = PRESENTATION_STYLE_ASSIGNMENT (( #2454 ) ) ;
#3076 =( NAMED_UNIT ( * ) SI_UNIT ( $, .STERADIAN. ) SOLID_ANGLE_UNIT ( ) );
#3077 = LINE ( 'NONE', #1616, #3043 ) ;
#3078 = ORIENTED_EDGE ( 'NONE', *, *, #1410, .F. ) ;
#3079 = ORIENTED_EDGE ( 'NONE', *, *, #116, .T. ) ;
#3080 =( GEOMETRIC_REPRESENTATION_CONTEXT ( 3 ) GLOBAL_UNCERTAINTY_ASSIGNED_CONTEXT ( ( #2333 ) ) GLOBAL_UNIT_ASSIGNED_CONTEXT ( ( #1691, #2931, #1962 ) ) REPRESENTATION_CONTEXT ( 'NONE', 'WORKASPACE' ) );
#3081 = ADVANCED_FACE ( 'NONE', ( #629 ), #2, .T. ) ;
#3082 = VERTEX_POINT ( 'NONE', #1401 ) ;
#3083 = CARTESIAN_POINT ( 'NONE',  ( 2.115000000000000213, 6.996999999999999886, -0.2000000000000000111 ) ) ;
#3084 = CIRCLE ( 'NONE', #2592, 0.1999999999999996503 ) ;
#3085 = UNCERTAINTY_MEASURE_WITH_UNIT (LENGTH_MEASURE( 1.000000000000000082E-05 ), #1887, 'distance_accuracy_value', 'NONE');
#3086 = STYLED_ITEM ( 'NONE', ( #1343 ), #1430 ) ;
#3087 = SURFACE_STYLE_USAGE ( .BOTH. , #1191 ) ;
#3088 = EDGE_CURVE ( 'NONE', #2498, #2367, #1163, .T. ) ;
#3089 = CYLINDRICAL_SURFACE ( 'NONE', #2760, 0.2000000000000000944 ) ;
#3090 = AXIS2_PLACEMENT_3D ( 'NONE', #2019, #802, #1784 ) ;
#3091 = ORIENTED_EDGE ( 'NONE', *, *, #1941, .T. ) ;
#3092 = DIRECTION ( 'NONE',  ( -1.000000000000000000, 0.000000000000000000, 0.000000000000000000 ) ) ;
#3093 = VERTEX_POINT ( 'NONE', #2380 ) ;
#3094 = DIRECTION ( 'NONE',  ( 0.000000000000000000, 0.000000000000000000, 1.000000000000000000 ) ) ;
#3095 = EDGE_CURVE ( 'NONE', #1914, #2755, #2862, .T. ) ;
#3096 = CARTESIAN_POINT ( 'NONE',  ( 0.4249999999999999889, 5.675000000000000711, -0.2000000000000000111 ) ) ;
#3097 =( NAMED_UNIT ( * ) PLANE_ANGLE_UNIT ( ) SI_UNIT ( $, .RADIAN. ) );
#3098 = ADVANCED_FACE ( 'NONE', ( #2796, #375, #2836, #858 ), #2869, .T. ) ;
#3099 = STYLED_ITEM ( 'NONE', ( #1856 ), #244 ) ;
#3100 = FILL_AREA_STYLE ('',( #1694 ) ) ;
#3101 = FILL_AREA_STYLE ('',( #1626 ) ) ;
#3102 = CARTESIAN_POINT ( 'NONE',  ( 2.500000000000000000, 3.474999999999999645, -1.399999999999999911 ) ) ;
#3103 = DIRECTION ( 'NONE',  ( 0.000000000000000000, 0.000000000000000000, 1.000000000000000000 ) ) ;
#3104 =( GEOMETRIC_REPRESENTATION_CONTEXT ( 3 ) GLOBAL_UNCERTAINTY_ASSIGNED_CONTEXT ( ( #1771 ) ) GLOBAL_UNIT_ASSIGNED_CONTEXT ( ( #2203, #271, #1969 ) ) REPRESENTATION_CONTEXT ( 'NONE', 'WORKASPACE' ) );
#3105 = EDGE_CURVE ( 'NONE', #2496, #963, #411, .T. ) ;
#3106 =( NAMED_UNIT ( * ) PLANE_ANGLE_UNIT ( ) SI_UNIT ( $, .RADIAN. ) );
#3107 = PRESENTATION_STYLE_ASSIGNMENT (( #2025 ) ) ;
ENDSEC;
END-ISO-10303-21;
